solid OpenSCAD_Model
  facet normal 0.997853 0.0654873 0
    outer loop
      vertex -30.25 -34.25 21.4
      vertex -30.2757 -33.8584 2.4
      vertex -30.2757 -33.8584 21.4
    endloop
  endfacet
  facet normal 0.997853 0.0654873 0
    outer loop
      vertex -30.2757 -33.8584 2.4
      vertex -30.25 -34.25 21.4
      vertex -30.25 -34.25 2.4
    endloop
  endfacet
  facet normal -0.997853 0.0654873 0
    outer loop
      vertex -36.25 -34.25 2.4
      vertex -36.2243 -33.8584 21.4
      vertex -36.2243 -33.8584 2.4
    endloop
  endfacet
  facet normal -0.997853 0.0654873 0
    outer loop
      vertex -36.2243 -33.8584 21.4
      vertex -36.25 -34.25 2.4
      vertex -36.25 -34.25 21.4
    endloop
  endfacet
  facet normal 0.0654873 0.997853 -0
    outer loop
      vertex -32.8584 -31.2757 2.4
      vertex -33.25 -31.25 21.4
      vertex -32.8584 -31.2757 21.4
    endloop
  endfacet
  facet normal 0.0654873 0.997853 0
    outer loop
      vertex -33.25 -31.25 21.4
      vertex -32.8584 -31.2757 2.4
      vertex -33.25 -31.25 2.4
    endloop
  endfacet
  facet normal 0.751724 0.659478 0
    outer loop
      vertex -30.8699 -32.4237 21.4
      vertex -31.1287 -32.1287 2.4
      vertex -31.1287 -32.1287 21.4
    endloop
  endfacet
  facet normal 0.751724 0.659478 0
    outer loop
      vertex -31.1287 -32.1287 2.4
      vertex -30.8699 -32.4237 21.4
      vertex -30.8699 -32.4237 2.4
    endloop
  endfacet
  facet normal -0.659478 0.751724 0
    outer loop
      vertex -35.0763 -31.8699 2.4
      vertex -35.3713 -32.1287 21.4
      vertex -35.0763 -31.8699 21.4
    endloop
  endfacet
  facet normal -0.659478 0.751724 0
    outer loop
      vertex -35.3713 -32.1287 21.4
      vertex -35.0763 -31.8699 2.4
      vertex -35.3713 -32.1287 2.4
    endloop
  endfacet
  facet normal -0.321651 0.946858 0
    outer loop
      vertex -34.0265 -31.3522 2.4
      vertex -34.398 -31.4784 21.4
      vertex -34.0265 -31.3522 21.4
    endloop
  endfacet
  facet normal -0.321651 0.946858 0
    outer loop
      vertex -34.398 -31.4784 21.4
      vertex -34.0265 -31.3522 2.4
      vertex -34.398 -31.4784 2.4
    endloop
  endfacet
  facet normal 0.896961 0.44211 0
    outer loop
      vertex -30.4784 -33.102 21.4
      vertex -30.6519 -32.75 2.4
      vertex -30.6519 -32.75 21.4
    endloop
  endfacet
  facet normal 0.896961 0.44211 0
    outer loop
      vertex -30.6519 -32.75 2.4
      vertex -30.4784 -33.102 21.4
      vertex -30.4784 -33.102 2.4
    endloop
  endfacet
  facet normal 0.980815 0.19494 0
    outer loop
      vertex -30.2757 -33.8584 21.4
      vertex -30.3522 -33.4735 2.4
      vertex -30.3522 -33.4735 21.4
    endloop
  endfacet
  facet normal 0.980815 0.19494 0
    outer loop
      vertex -30.3522 -33.4735 2.4
      vertex -30.2757 -33.8584 21.4
      vertex -30.2757 -33.8584 2.4
    endloop
  endfacet
  facet normal 0.831501 0.555523 0
    outer loop
      vertex -30.6519 -32.75 21.4
      vertex -30.8699 -32.4237 2.4
      vertex -30.8699 -32.4237 21.4
    endloop
  endfacet
  facet normal 0.831501 0.555523 0
    outer loop
      vertex -30.8699 -32.4237 2.4
      vertex -30.6519 -32.75 21.4
      vertex -30.6519 -32.75 2.4
    endloop
  endfacet
  facet normal 0.44211 0.896961 -0
    outer loop
      vertex -31.75 -31.6519 2.4
      vertex -32.102 -31.4784 21.4
      vertex -31.75 -31.6519 21.4
    endloop
  endfacet
  facet normal 0.44211 0.896961 0
    outer loop
      vertex -32.102 -31.4784 21.4
      vertex -31.75 -31.6519 2.4
      vertex -32.102 -31.4784 2.4
    endloop
  endfacet
  facet normal 0.321651 0.946858 -0
    outer loop
      vertex -32.102 -31.4784 2.4
      vertex -32.4735 -31.3522 21.4
      vertex -32.102 -31.4784 21.4
    endloop
  endfacet
  facet normal 0.321651 0.946858 0
    outer loop
      vertex -32.4735 -31.3522 21.4
      vertex -32.102 -31.4784 2.4
      vertex -32.4735 -31.3522 2.4
    endloop
  endfacet
  facet normal 0.555523 0.831501 -0
    outer loop
      vertex -31.4237 -31.8699 2.4
      vertex -31.75 -31.6519 21.4
      vertex -31.4237 -31.8699 21.4
    endloop
  endfacet
  facet normal 0.555523 0.831501 0
    outer loop
      vertex -31.75 -31.6519 21.4
      vertex -31.4237 -31.8699 2.4
      vertex -31.75 -31.6519 2.4
    endloop
  endfacet
  facet normal -0.896961 0.44211 0
    outer loop
      vertex -36.0216 -33.102 2.4
      vertex -35.8481 -32.75 21.4
      vertex -35.8481 -32.75 2.4
    endloop
  endfacet
  facet normal -0.896961 0.44211 0
    outer loop
      vertex -35.8481 -32.75 21.4
      vertex -36.0216 -33.102 2.4
      vertex -36.0216 -33.102 21.4
    endloop
  endfacet
  facet normal -0.831501 0.555523 0
    outer loop
      vertex -35.8481 -32.75 2.4
      vertex -35.6301 -32.4237 21.4
      vertex -35.6301 -32.4237 2.4
    endloop
  endfacet
  facet normal -0.831501 0.555523 0
    outer loop
      vertex -35.6301 -32.4237 21.4
      vertex -35.8481 -32.75 2.4
      vertex -35.8481 -32.75 21.4
    endloop
  endfacet
  facet normal -0.946858 0.321651 0
    outer loop
      vertex -36.1478 -33.4735 2.4
      vertex -36.0216 -33.102 21.4
      vertex -36.0216 -33.102 2.4
    endloop
  endfacet
  facet normal -0.946858 0.321651 0
    outer loop
      vertex -36.0216 -33.102 21.4
      vertex -36.1478 -33.4735 2.4
      vertex -36.1478 -33.4735 21.4
    endloop
  endfacet
  facet normal -0.44211 0.896961 0
    outer loop
      vertex -34.398 -31.4784 2.4
      vertex -34.75 -31.6519 21.4
      vertex -34.398 -31.4784 21.4
    endloop
  endfacet
  facet normal -0.44211 0.896961 0
    outer loop
      vertex -34.75 -31.6519 21.4
      vertex -34.398 -31.4784 2.4
      vertex -34.75 -31.6519 2.4
    endloop
  endfacet
  facet normal -0.19494 0.980815 0
    outer loop
      vertex -33.6416 -31.2757 2.4
      vertex -34.0265 -31.3522 21.4
      vertex -33.6416 -31.2757 21.4
    endloop
  endfacet
  facet normal -0.19494 0.980815 0
    outer loop
      vertex -34.0265 -31.3522 21.4
      vertex -33.6416 -31.2757 2.4
      vertex -34.0265 -31.3522 2.4
    endloop
  endfacet
  facet normal 0.659478 -0.751724 0
    outer loop
      vertex -31.4237 -36.6301 2.4
      vertex -31.1287 -36.3713 21.4
      vertex -31.4237 -36.6301 21.4
    endloop
  endfacet
  facet normal 0.659478 -0.751724 0
    outer loop
      vertex -31.1287 -36.3713 21.4
      vertex -31.4237 -36.6301 2.4
      vertex -31.1287 -36.3713 2.4
    endloop
  endfacet
  facet normal 0.44211 -0.896961 0
    outer loop
      vertex -32.102 -37.0216 2.4
      vertex -31.75 -36.8481 21.4
      vertex -32.102 -37.0216 21.4
    endloop
  endfacet
  facet normal 0.44211 -0.896961 0
    outer loop
      vertex -31.75 -36.8481 21.4
      vertex -32.102 -37.0216 2.4
      vertex -31.75 -36.8481 2.4
    endloop
  endfacet
  facet normal 0.946858 -0.321651 0
    outer loop
      vertex -30.4784 -35.398 21.4
      vertex -30.3522 -35.0265 2.4
      vertex -30.3522 -35.0265 21.4
    endloop
  endfacet
  facet normal 0.946858 -0.321651 0
    outer loop
      vertex -30.3522 -35.0265 2.4
      vertex -30.4784 -35.398 21.4
      vertex -30.4784 -35.398 2.4
    endloop
  endfacet
  facet normal -0.44211 -0.896961 0
    outer loop
      vertex -34.75 -36.8481 2.4
      vertex -34.398 -37.0216 21.4
      vertex -34.75 -36.8481 21.4
    endloop
  endfacet
  facet normal -0.44211 -0.896961 -0
    outer loop
      vertex -34.398 -37.0216 21.4
      vertex -34.75 -36.8481 2.4
      vertex -34.398 -37.0216 2.4
    endloop
  endfacet
  facet normal -0.321651 -0.946858 0
    outer loop
      vertex -34.398 -37.0216 2.4
      vertex -34.0265 -37.1478 21.4
      vertex -34.398 -37.0216 21.4
    endloop
  endfacet
  facet normal -0.321651 -0.946858 -0
    outer loop
      vertex -34.0265 -37.1478 21.4
      vertex -34.398 -37.0216 2.4
      vertex -34.0265 -37.1478 2.4
    endloop
  endfacet
  facet normal -0.896961 -0.44211 0
    outer loop
      vertex -35.8481 -35.75 2.4
      vertex -36.0216 -35.398 21.4
      vertex -36.0216 -35.398 2.4
    endloop
  endfacet
  facet normal -0.896961 -0.44211 0
    outer loop
      vertex -36.0216 -35.398 21.4
      vertex -35.8481 -35.75 2.4
      vertex -35.8481 -35.75 21.4
    endloop
  endfacet
  facet normal -0.831501 -0.555523 0
    outer loop
      vertex -35.6301 -36.0763 2.4
      vertex -35.8481 -35.75 21.4
      vertex -35.8481 -35.75 2.4
    endloop
  endfacet
  facet normal -0.831501 -0.555523 0
    outer loop
      vertex -35.8481 -35.75 21.4
      vertex -35.6301 -36.0763 2.4
      vertex -35.6301 -36.0763 21.4
    endloop
  endfacet
  facet normal 0 0 -1
    outer loop
      vertex -30.2757 -34.6416 2.4
      vertex -30.2757 -33.8584 2.4
      vertex -30.25 -34.25 2.4
    endloop
  endfacet
  facet normal 0 0 -1
    outer loop
      vertex -30.3522 -35.0265 2.4
      vertex -30.2757 -33.8584 2.4
      vertex -30.2757 -34.6416 2.4
    endloop
  endfacet
  facet normal 0 0 -1
    outer loop
      vertex -30.3522 -35.0265 2.4
      vertex -30.3522 -33.4735 2.4
      vertex -30.2757 -33.8584 2.4
    endloop
  endfacet
  facet normal 0 0 -1
    outer loop
      vertex -30.4784 -35.398 2.4
      vertex -30.3522 -33.4735 2.4
      vertex -30.3522 -35.0265 2.4
    endloop
  endfacet
  facet normal 0 0 -1
    outer loop
      vertex -30.4784 -35.398 2.4
      vertex -30.4784 -33.102 2.4
      vertex -30.3522 -33.4735 2.4
    endloop
  endfacet
  facet normal 0 0 -1
    outer loop
      vertex -30.6519 -35.75 2.4
      vertex -30.4784 -33.102 2.4
      vertex -30.4784 -35.398 2.4
    endloop
  endfacet
  facet normal 0 0 -1
    outer loop
      vertex -30.6519 -35.75 2.4
      vertex -30.6519 -32.75 2.4
      vertex -30.4784 -33.102 2.4
    endloop
  endfacet
  facet normal 0 0 -1
    outer loop
      vertex -30.8699 -36.0763 2.4
      vertex -30.6519 -32.75 2.4
      vertex -30.6519 -35.75 2.4
    endloop
  endfacet
  facet normal 0 0 -1
    outer loop
      vertex -30.8699 -36.0763 2.4
      vertex -30.8699 -32.4237 2.4
      vertex -30.6519 -32.75 2.4
    endloop
  endfacet
  facet normal 0 0 -1
    outer loop
      vertex -31.1287 -36.3713 2.4
      vertex -30.8699 -32.4237 2.4
      vertex -30.8699 -36.0763 2.4
    endloop
  endfacet
  facet normal 0 0 -1
    outer loop
      vertex -31.1287 -36.3713 2.4
      vertex -31.1287 -32.1287 2.4
      vertex -30.8699 -32.4237 2.4
    endloop
  endfacet
  facet normal 0 0 -1
    outer loop
      vertex -31.4237 -36.6301 2.4
      vertex -31.1287 -32.1287 2.4
      vertex -31.1287 -36.3713 2.4
    endloop
  endfacet
  facet normal 0 0 -1
    outer loop
      vertex -31.4237 -36.6301 2.4
      vertex -31.4237 -31.8699 2.4
      vertex -31.1287 -32.1287 2.4
    endloop
  endfacet
  facet normal 0 0 -1
    outer loop
      vertex -31.75 -36.8481 2.4
      vertex -31.4237 -31.8699 2.4
      vertex -31.4237 -36.6301 2.4
    endloop
  endfacet
  facet normal 0 0 -1
    outer loop
      vertex -31.75 -36.8481 2.4
      vertex -31.75 -31.6519 2.4
      vertex -31.4237 -31.8699 2.4
    endloop
  endfacet
  facet normal 0 0 -1
    outer loop
      vertex -32.102 -37.0216 2.4
      vertex -31.75 -31.6519 2.4
      vertex -31.75 -36.8481 2.4
    endloop
  endfacet
  facet normal 0 0 -1
    outer loop
      vertex -32.102 -37.0216 2.4
      vertex -32.102 -31.4784 2.4
      vertex -31.75 -31.6519 2.4
    endloop
  endfacet
  facet normal 0 0 -1
    outer loop
      vertex -32.4735 -37.1478 2.4
      vertex -32.102 -31.4784 2.4
      vertex -32.102 -37.0216 2.4
    endloop
  endfacet
  facet normal 0 0 -1
    outer loop
      vertex -32.4735 -37.1478 2.4
      vertex -32.4735 -31.3522 2.4
      vertex -32.102 -31.4784 2.4
    endloop
  endfacet
  facet normal 0 0 -1
    outer loop
      vertex -32.8584 -37.2243 2.4
      vertex -32.4735 -31.3522 2.4
      vertex -32.4735 -37.1478 2.4
    endloop
  endfacet
  facet normal 0 0 -1
    outer loop
      vertex -32.8584 -37.2243 2.4
      vertex -32.8584 -31.2757 2.4
      vertex -32.4735 -31.3522 2.4
    endloop
  endfacet
  facet normal 0 0 -1
    outer loop
      vertex -33.25 -37.25 2.4
      vertex -32.8584 -31.2757 2.4
      vertex -32.8584 -37.2243 2.4
    endloop
  endfacet
  facet normal 0 0 -1
    outer loop
      vertex -33.25 -37.25 2.4
      vertex -33.25 -31.25 2.4
      vertex -32.8584 -31.2757 2.4
    endloop
  endfacet
  facet normal 0 0 -1
    outer loop
      vertex -33.6416 -37.2243 2.4
      vertex -33.25 -31.25 2.4
      vertex -33.25 -37.25 2.4
    endloop
  endfacet
  facet normal 0 0 -1
    outer loop
      vertex -33.6416 -37.2243 2.4
      vertex -33.6416 -31.2757 2.4
      vertex -33.25 -31.25 2.4
    endloop
  endfacet
  facet normal 0 0 -1
    outer loop
      vertex -34.0265 -37.1478 2.4
      vertex -33.6416 -31.2757 2.4
      vertex -33.6416 -37.2243 2.4
    endloop
  endfacet
  facet normal 0 0 -1
    outer loop
      vertex -34.0265 -37.1478 2.4
      vertex -34.0265 -31.3522 2.4
      vertex -33.6416 -31.2757 2.4
    endloop
  endfacet
  facet normal 0 0 -1
    outer loop
      vertex -34.398 -37.0216 2.4
      vertex -34.0265 -31.3522 2.4
      vertex -34.0265 -37.1478 2.4
    endloop
  endfacet
  facet normal 0 0 -1
    outer loop
      vertex -34.398 -37.0216 2.4
      vertex -34.398 -31.4784 2.4
      vertex -34.0265 -31.3522 2.4
    endloop
  endfacet
  facet normal 0 0 -1
    outer loop
      vertex -34.75 -36.8481 2.4
      vertex -34.398 -31.4784 2.4
      vertex -34.398 -37.0216 2.4
    endloop
  endfacet
  facet normal 0 0 -1
    outer loop
      vertex -34.75 -36.8481 2.4
      vertex -34.75 -31.6519 2.4
      vertex -34.398 -31.4784 2.4
    endloop
  endfacet
  facet normal 0 0 -1
    outer loop
      vertex -35.0763 -36.6301 2.4
      vertex -34.75 -31.6519 2.4
      vertex -34.75 -36.8481 2.4
    endloop
  endfacet
  facet normal 0 0 -1
    outer loop
      vertex -35.0763 -36.6301 2.4
      vertex -35.0763 -31.8699 2.4
      vertex -34.75 -31.6519 2.4
    endloop
  endfacet
  facet normal 0 0 -1
    outer loop
      vertex -35.3713 -36.3713 2.4
      vertex -35.0763 -31.8699 2.4
      vertex -35.0763 -36.6301 2.4
    endloop
  endfacet
  facet normal 0 0 -1
    outer loop
      vertex -35.3713 -36.3713 2.4
      vertex -35.3713 -32.1287 2.4
      vertex -35.0763 -31.8699 2.4
    endloop
  endfacet
  facet normal 0 0 -1
    outer loop
      vertex -35.6301 -36.0763 2.4
      vertex -35.3713 -32.1287 2.4
      vertex -35.3713 -36.3713 2.4
    endloop
  endfacet
  facet normal 0 0 -1
    outer loop
      vertex -35.6301 -36.0763 2.4
      vertex -35.6301 -32.4237 2.4
      vertex -35.3713 -32.1287 2.4
    endloop
  endfacet
  facet normal 0 0 -1
    outer loop
      vertex -35.8481 -35.75 2.4
      vertex -35.6301 -32.4237 2.4
      vertex -35.6301 -36.0763 2.4
    endloop
  endfacet
  facet normal 0 0 -1
    outer loop
      vertex -35.8481 -35.75 2.4
      vertex -35.8481 -32.75 2.4
      vertex -35.6301 -32.4237 2.4
    endloop
  endfacet
  facet normal 0 0 -1
    outer loop
      vertex -36.0216 -35.398 2.4
      vertex -35.8481 -32.75 2.4
      vertex -35.8481 -35.75 2.4
    endloop
  endfacet
  facet normal 0 0 -1
    outer loop
      vertex -36.0216 -35.398 2.4
      vertex -36.0216 -33.102 2.4
      vertex -35.8481 -32.75 2.4
    endloop
  endfacet
  facet normal 0 0 -1
    outer loop
      vertex -36.1478 -35.0265 2.4
      vertex -36.0216 -33.102 2.4
      vertex -36.0216 -35.398 2.4
    endloop
  endfacet
  facet normal 0 0 -1
    outer loop
      vertex -36.1478 -35.0265 2.4
      vertex -36.1478 -33.4735 2.4
      vertex -36.0216 -33.102 2.4
    endloop
  endfacet
  facet normal 0 0 -1
    outer loop
      vertex -36.2243 -34.6416 2.4
      vertex -36.1478 -33.4735 2.4
      vertex -36.1478 -35.0265 2.4
    endloop
  endfacet
  facet normal 0 0 -1
    outer loop
      vertex -36.2243 -34.6416 2.4
      vertex -36.2243 -33.8584 2.4
      vertex -36.1478 -33.4735 2.4
    endloop
  endfacet
  facet normal 0 -0 -1
    outer loop
      vertex -36.2243 -33.8584 2.4
      vertex -36.2243 -34.6416 2.4
      vertex -36.25 -34.25 2.4
    endloop
  endfacet
  facet normal 0.946858 0.321651 0
    outer loop
      vertex -30.3522 -33.4735 21.4
      vertex -30.4784 -33.102 2.4
      vertex -30.4784 -33.102 21.4
    endloop
  endfacet
  facet normal 0.946858 0.321651 0
    outer loop
      vertex -30.4784 -33.102 2.4
      vertex -30.3522 -33.4735 21.4
      vertex -30.3522 -33.4735 2.4
    endloop
  endfacet
  facet normal 0.19494 0.980815 -0
    outer loop
      vertex -32.4735 -31.3522 2.4
      vertex -32.8584 -31.2757 21.4
      vertex -32.4735 -31.3522 21.4
    endloop
  endfacet
  facet normal 0.19494 0.980815 0
    outer loop
      vertex -32.8584 -31.2757 21.4
      vertex -32.4735 -31.3522 2.4
      vertex -32.8584 -31.2757 2.4
    endloop
  endfacet
  facet normal 0.659478 0.751724 -0
    outer loop
      vertex -31.1287 -32.1287 2.4
      vertex -31.4237 -31.8699 21.4
      vertex -31.1287 -32.1287 21.4
    endloop
  endfacet
  facet normal 0.659478 0.751724 0
    outer loop
      vertex -31.4237 -31.8699 21.4
      vertex -31.1287 -32.1287 2.4
      vertex -31.4237 -31.8699 2.4
    endloop
  endfacet
  facet normal -0.980815 0.19494 0
    outer loop
      vertex -36.2243 -33.8584 2.4
      vertex -36.1478 -33.4735 21.4
      vertex -36.1478 -33.4735 2.4
    endloop
  endfacet
  facet normal -0.980815 0.19494 0
    outer loop
      vertex -36.1478 -33.4735 21.4
      vertex -36.2243 -33.8584 2.4
      vertex -36.2243 -33.8584 21.4
    endloop
  endfacet
  facet normal 0 0 1
    outer loop
      vertex -31.85 -34.25 21.4
      vertex -30.25 -34.25 21.4
      vertex -30.2757 -33.8584 21.4
    endloop
  endfacet
  facet normal 0 0 1
    outer loop
      vertex -31.862 -34.0673 21.4
      vertex -30.2757 -33.8584 21.4
      vertex -30.3522 -33.4735 21.4
    endloop
  endfacet
  facet normal 0 0 1
    outer loop
      vertex -30.25 -34.25 21.4
      vertex -31.85 -34.25 21.4
      vertex -30.2757 -34.6416 21.4
    endloop
  endfacet
  facet normal 0 0 1
    outer loop
      vertex -31.8977 -33.8877 21.4
      vertex -30.3522 -33.4735 21.4
      vertex -30.4784 -33.102 21.4
    endloop
  endfacet
  facet normal -0 0 1
    outer loop
      vertex -31.862 -34.4327 21.4
      vertex -30.2757 -34.6416 21.4
      vertex -31.85 -34.25 21.4
    endloop
  endfacet
  facet normal 0 0 1
    outer loop
      vertex -31.9566 -33.7142 21.4
      vertex -30.4784 -33.102 21.4
      vertex -30.6519 -32.75 21.4
    endloop
  endfacet
  facet normal 0 0 1
    outer loop
      vertex -30.2757 -34.6416 21.4
      vertex -31.862 -34.4327 21.4
      vertex -30.3522 -35.0265 21.4
    endloop
  endfacet
  facet normal 0 0 1
    outer loop
      vertex -32.0376 -33.55 21.4
      vertex -30.6519 -32.75 21.4
      vertex -30.8699 -32.4237 21.4
    endloop
  endfacet
  facet normal -0 0 1
    outer loop
      vertex -31.8977 -34.6123 21.4
      vertex -30.3522 -35.0265 21.4
      vertex -31.862 -34.4327 21.4
    endloop
  endfacet
  facet normal 0 0 1
    outer loop
      vertex -32.1393 -33.3977 21.4
      vertex -30.8699 -32.4237 21.4
      vertex -31.1287 -32.1287 21.4
    endloop
  endfacet
  facet normal 0 0 1
    outer loop
      vertex -30.3522 -35.0265 21.4
      vertex -31.8977 -34.6123 21.4
      vertex -30.4784 -35.398 21.4
    endloop
  endfacet
  facet normal 0 0 1
    outer loop
      vertex -32.2601 -33.2601 21.4
      vertex -31.1287 -32.1287 21.4
      vertex -31.4237 -31.8699 21.4
    endloop
  endfacet
  facet normal -0 0 1
    outer loop
      vertex -31.9566 -34.7858 21.4
      vertex -30.4784 -35.398 21.4
      vertex -31.8977 -34.6123 21.4
    endloop
  endfacet
  facet normal 0 0 1
    outer loop
      vertex -32.3977 -33.1393 21.4
      vertex -31.4237 -31.8699 21.4
      vertex -31.75 -31.6519 21.4
    endloop
  endfacet
  facet normal 0 0 1
    outer loop
      vertex -30.4784 -35.398 21.4
      vertex -31.9566 -34.7858 21.4
      vertex -30.6519 -35.75 21.4
    endloop
  endfacet
  facet normal -0 0 1
    outer loop
      vertex -32.0376 -34.95 21.4
      vertex -30.6519 -35.75 21.4
      vertex -31.9566 -34.7858 21.4
    endloop
  endfacet
  facet normal 0 0 1
    outer loop
      vertex -30.2757 -33.8584 21.4
      vertex -31.862 -34.0673 21.4
      vertex -31.85 -34.25 21.4
    endloop
  endfacet
  facet normal 0 0 1
    outer loop
      vertex -30.3522 -33.4735 21.4
      vertex -31.8977 -33.8877 21.4
      vertex -31.862 -34.0673 21.4
    endloop
  endfacet
  facet normal 0 0 1
    outer loop
      vertex -30.4784 -33.102 21.4
      vertex -31.9566 -33.7142 21.4
      vertex -31.8977 -33.8877 21.4
    endloop
  endfacet
  facet normal 0 0 1
    outer loop
      vertex -30.6519 -32.75 21.4
      vertex -32.0376 -33.55 21.4
      vertex -31.9566 -33.7142 21.4
    endloop
  endfacet
  facet normal 0 0 1
    outer loop
      vertex -32.55 -33.0376 21.4
      vertex -31.75 -31.6519 21.4
      vertex -32.102 -31.4784 21.4
    endloop
  endfacet
  facet normal 0 0 1
    outer loop
      vertex -30.8699 -32.4237 21.4
      vertex -32.1393 -33.3977 21.4
      vertex -32.0376 -33.55 21.4
    endloop
  endfacet
  facet normal 0 0 1
    outer loop
      vertex -31.1287 -32.1287 21.4
      vertex -32.2601 -33.2601 21.4
      vertex -32.1393 -33.3977 21.4
    endloop
  endfacet
  facet normal 0 0 1
    outer loop
      vertex -31.4237 -31.8699 21.4
      vertex -32.3977 -33.1393 21.4
      vertex -32.2601 -33.2601 21.4
    endloop
  endfacet
  facet normal 0 0 1
    outer loop
      vertex -32.7142 -32.9566 21.4
      vertex -32.102 -31.4784 21.4
      vertex -32.4735 -31.3522 21.4
    endloop
  endfacet
  facet normal 0 0 1
    outer loop
      vertex -31.75 -31.6519 21.4
      vertex -32.55 -33.0376 21.4
      vertex -32.3977 -33.1393 21.4
    endloop
  endfacet
  facet normal 0 0 1
    outer loop
      vertex -32.102 -31.4784 21.4
      vertex -32.7142 -32.9566 21.4
      vertex -32.55 -33.0376 21.4
    endloop
  endfacet
  facet normal 0 0 1
    outer loop
      vertex -32.8877 -32.8977 21.4
      vertex -32.4735 -31.3522 21.4
      vertex -32.8584 -31.2757 21.4
    endloop
  endfacet
  facet normal 0 0 1
    outer loop
      vertex -32.4735 -31.3522 21.4
      vertex -32.8877 -32.8977 21.4
      vertex -32.7142 -32.9566 21.4
    endloop
  endfacet
  facet normal 0 0 1
    outer loop
      vertex -32.8584 -31.2757 21.4
      vertex -33.0673 -32.862 21.4
      vertex -32.8877 -32.8977 21.4
    endloop
  endfacet
  facet normal 0 0 1
    outer loop
      vertex -33.25 -31.25 21.4
      vertex -33.0673 -32.862 21.4
      vertex -32.8584 -31.2757 21.4
    endloop
  endfacet
  facet normal 0 0 1
    outer loop
      vertex -33.25 -31.25 21.4
      vertex -33.25 -32.85 21.4
      vertex -33.0673 -32.862 21.4
    endloop
  endfacet
  facet normal 0 0 1
    outer loop
      vertex -33.25 -31.25 21.4
      vertex -33.4327 -32.862 21.4
      vertex -33.25 -32.85 21.4
    endloop
  endfacet
  facet normal -0 0 1
    outer loop
      vertex -33.6416 -31.2757 21.4
      vertex -33.4327 -32.862 21.4
      vertex -33.25 -31.25 21.4
    endloop
  endfacet
  facet normal 0 0 1
    outer loop
      vertex -33.4327 -32.862 21.4
      vertex -33.6416 -31.2757 21.4
      vertex -33.6123 -32.8977 21.4
    endloop
  endfacet
  facet normal -0 0 1
    outer loop
      vertex -34.0265 -31.3522 21.4
      vertex -33.6123 -32.8977 21.4
      vertex -33.6416 -31.2757 21.4
    endloop
  endfacet
  facet normal 0 0 1
    outer loop
      vertex -33.6123 -32.8977 21.4
      vertex -34.0265 -31.3522 21.4
      vertex -33.7858 -32.9566 21.4
    endloop
  endfacet
  facet normal -0 0 1
    outer loop
      vertex -34.398 -31.4784 21.4
      vertex -33.7858 -32.9566 21.4
      vertex -34.0265 -31.3522 21.4
    endloop
  endfacet
  facet normal 0 0 1
    outer loop
      vertex -33.7858 -32.9566 21.4
      vertex -34.398 -31.4784 21.4
      vertex -33.95 -33.0376 21.4
    endloop
  endfacet
  facet normal -0 0 1
    outer loop
      vertex -34.75 -31.6519 21.4
      vertex -33.95 -33.0376 21.4
      vertex -34.398 -31.4784 21.4
    endloop
  endfacet
  facet normal 0 0 1
    outer loop
      vertex -33.95 -33.0376 21.4
      vertex -34.75 -31.6519 21.4
      vertex -34.1023 -33.1393 21.4
    endloop
  endfacet
  facet normal -0 0 1
    outer loop
      vertex -35.0763 -31.8699 21.4
      vertex -34.1023 -33.1393 21.4
      vertex -34.75 -31.6519 21.4
    endloop
  endfacet
  facet normal 0 0 1
    outer loop
      vertex -34.1023 -33.1393 21.4
      vertex -35.0763 -31.8699 21.4
      vertex -34.2399 -33.2601 21.4
    endloop
  endfacet
  facet normal -0 0 1
    outer loop
      vertex -35.3713 -32.1287 21.4
      vertex -34.2399 -33.2601 21.4
      vertex -35.0763 -31.8699 21.4
    endloop
  endfacet
  facet normal 0 0 1
    outer loop
      vertex -34.2399 -33.2601 21.4
      vertex -35.3713 -32.1287 21.4
      vertex -34.3607 -33.3977 21.4
    endloop
  endfacet
  facet normal -0 0 1
    outer loop
      vertex -35.6301 -32.4237 21.4
      vertex -34.3607 -33.3977 21.4
      vertex -35.3713 -32.1287 21.4
    endloop
  endfacet
  facet normal -0 0 1
    outer loop
      vertex -35.8481 -32.75 21.4
      vertex -34.4624 -33.55 21.4
      vertex -35.6301 -32.4237 21.4
    endloop
  endfacet
  facet normal 0 0 1
    outer loop
      vertex -34.3607 -33.3977 21.4
      vertex -35.6301 -32.4237 21.4
      vertex -34.4624 -33.55 21.4
    endloop
  endfacet
  facet normal 0 0 1
    outer loop
      vertex -30.6519 -35.75 21.4
      vertex -32.0376 -34.95 21.4
      vertex -30.8699 -36.0763 21.4
    endloop
  endfacet
  facet normal -0 0 1
    outer loop
      vertex -32.1393 -35.1023 21.4
      vertex -30.8699 -36.0763 21.4
      vertex -32.0376 -34.95 21.4
    endloop
  endfacet
  facet normal 0 0 1
    outer loop
      vertex -30.8699 -36.0763 21.4
      vertex -32.1393 -35.1023 21.4
      vertex -31.1287 -36.3713 21.4
    endloop
  endfacet
  facet normal -0 0 1
    outer loop
      vertex -32.2601 -35.2399 21.4
      vertex -31.1287 -36.3713 21.4
      vertex -32.1393 -35.1023 21.4
    endloop
  endfacet
  facet normal 0 0 1
    outer loop
      vertex -31.1287 -36.3713 21.4
      vertex -32.2601 -35.2399 21.4
      vertex -31.4237 -36.6301 21.4
    endloop
  endfacet
  facet normal -0 0 1
    outer loop
      vertex -32.3977 -35.3607 21.4
      vertex -31.4237 -36.6301 21.4
      vertex -32.2601 -35.2399 21.4
    endloop
  endfacet
  facet normal 0 0 1
    outer loop
      vertex -31.4237 -36.6301 21.4
      vertex -32.3977 -35.3607 21.4
      vertex -31.75 -36.8481 21.4
    endloop
  endfacet
  facet normal -0 0 1
    outer loop
      vertex -32.55 -35.4624 21.4
      vertex -31.75 -36.8481 21.4
      vertex -32.3977 -35.3607 21.4
    endloop
  endfacet
  facet normal 0 0 1
    outer loop
      vertex -31.75 -36.8481 21.4
      vertex -32.55 -35.4624 21.4
      vertex -32.102 -37.0216 21.4
    endloop
  endfacet
  facet normal -0 0 1
    outer loop
      vertex -32.7142 -35.5434 21.4
      vertex -32.102 -37.0216 21.4
      vertex -32.55 -35.4624 21.4
    endloop
  endfacet
  facet normal 0 0 1
    outer loop
      vertex -32.102 -37.0216 21.4
      vertex -32.7142 -35.5434 21.4
      vertex -32.4735 -37.1478 21.4
    endloop
  endfacet
  facet normal -0 0 1
    outer loop
      vertex -32.8877 -35.6023 21.4
      vertex -32.4735 -37.1478 21.4
      vertex -32.7142 -35.5434 21.4
    endloop
  endfacet
  facet normal 0 0 1
    outer loop
      vertex -32.4735 -37.1478 21.4
      vertex -32.8877 -35.6023 21.4
      vertex -32.8584 -37.2243 21.4
    endloop
  endfacet
  facet normal -0 0 1
    outer loop
      vertex -33.0673 -35.638 21.4
      vertex -32.8584 -37.2243 21.4
      vertex -32.8877 -35.6023 21.4
    endloop
  endfacet
  facet normal -0 0 1
    outer loop
      vertex -33.25 -35.65 21.4
      vertex -32.8584 -37.2243 21.4
      vertex -33.0673 -35.638 21.4
    endloop
  endfacet
  facet normal 0 0 1
    outer loop
      vertex -33.25 -35.65 21.4
      vertex -33.25 -37.25 21.4
      vertex -32.8584 -37.2243 21.4
    endloop
  endfacet
  facet normal 0 0 1
    outer loop
      vertex -33.4327 -35.638 21.4
      vertex -33.25 -37.25 21.4
      vertex -33.25 -35.65 21.4
    endloop
  endfacet
  facet normal 0 0 1
    outer loop
      vertex -33.6416 -37.2243 21.4
      vertex -33.4327 -35.638 21.4
      vertex -33.6123 -35.6023 21.4
    endloop
  endfacet
  facet normal 0 0 1
    outer loop
      vertex -33.4327 -35.638 21.4
      vertex -33.6416 -37.2243 21.4
      vertex -33.25 -37.25 21.4
    endloop
  endfacet
  facet normal 0 0 1
    outer loop
      vertex -34.0265 -37.1478 21.4
      vertex -33.6123 -35.6023 21.4
      vertex -33.7858 -35.5434 21.4
    endloop
  endfacet
  facet normal 0 0 1
    outer loop
      vertex -34.398 -37.0216 21.4
      vertex -33.7858 -35.5434 21.4
      vertex -33.95 -35.4624 21.4
    endloop
  endfacet
  facet normal 0 0 1
    outer loop
      vertex -33.6123 -35.6023 21.4
      vertex -34.0265 -37.1478 21.4
      vertex -33.6416 -37.2243 21.4
    endloop
  endfacet
  facet normal 0 0 1
    outer loop
      vertex -34.75 -36.8481 21.4
      vertex -33.95 -35.4624 21.4
      vertex -34.1023 -35.3607 21.4
    endloop
  endfacet
  facet normal 0 0 1
    outer loop
      vertex -35.0763 -36.6301 21.4
      vertex -34.1023 -35.3607 21.4
      vertex -34.2399 -35.2399 21.4
    endloop
  endfacet
  facet normal 0 0 1
    outer loop
      vertex -35.3713 -36.3713 21.4
      vertex -34.2399 -35.2399 21.4
      vertex -34.3607 -35.1023 21.4
    endloop
  endfacet
  facet normal 0 0 1
    outer loop
      vertex -33.7858 -35.5434 21.4
      vertex -34.398 -37.0216 21.4
      vertex -34.0265 -37.1478 21.4
    endloop
  endfacet
  facet normal 0 0 1
    outer loop
      vertex -35.6301 -36.0763 21.4
      vertex -34.3607 -35.1023 21.4
      vertex -34.4624 -34.95 21.4
    endloop
  endfacet
  facet normal 0 0 1
    outer loop
      vertex -35.8481 -35.75 21.4
      vertex -34.4624 -34.95 21.4
      vertex -34.5434 -34.7858 21.4
    endloop
  endfacet
  facet normal 0 0 1
    outer loop
      vertex -36.0216 -35.398 21.4
      vertex -34.5434 -34.7858 21.4
      vertex -34.6023 -34.6123 21.4
    endloop
  endfacet
  facet normal 0 0 1
    outer loop
      vertex -36.1478 -35.0265 21.4
      vertex -34.6023 -34.6123 21.4
      vertex -34.638 -34.4327 21.4
    endloop
  endfacet
  facet normal 0 0 1
    outer loop
      vertex -33.95 -35.4624 21.4
      vertex -34.75 -36.8481 21.4
      vertex -34.398 -37.0216 21.4
    endloop
  endfacet
  facet normal 0 0 1
    outer loop
      vertex -36.2243 -34.6416 21.4
      vertex -34.638 -34.4327 21.4
      vertex -34.65 -34.25 21.4
    endloop
  endfacet
  facet normal 0 0 1
    outer loop
      vertex -34.4624 -33.55 21.4
      vertex -35.8481 -32.75 21.4
      vertex -34.5434 -33.7142 21.4
    endloop
  endfacet
  facet normal -0 0 1
    outer loop
      vertex -36.0216 -33.102 21.4
      vertex -34.5434 -33.7142 21.4
      vertex -35.8481 -32.75 21.4
    endloop
  endfacet
  facet normal 0 0 1
    outer loop
      vertex -34.1023 -35.3607 21.4
      vertex -35.0763 -36.6301 21.4
      vertex -34.75 -36.8481 21.4
    endloop
  endfacet
  facet normal 0 0 1
    outer loop
      vertex -34.5434 -33.7142 21.4
      vertex -36.0216 -33.102 21.4
      vertex -34.6023 -33.8877 21.4
    endloop
  endfacet
  facet normal 0 0 1
    outer loop
      vertex -34.2399 -35.2399 21.4
      vertex -35.3713 -36.3713 21.4
      vertex -35.0763 -36.6301 21.4
    endloop
  endfacet
  facet normal -0 0 1
    outer loop
      vertex -36.1478 -33.4735 21.4
      vertex -34.6023 -33.8877 21.4
      vertex -36.0216 -33.102 21.4
    endloop
  endfacet
  facet normal 0 0 1
    outer loop
      vertex -34.3607 -35.1023 21.4
      vertex -35.6301 -36.0763 21.4
      vertex -35.3713 -36.3713 21.4
    endloop
  endfacet
  facet normal 0 0 1
    outer loop
      vertex -34.6023 -33.8877 21.4
      vertex -36.1478 -33.4735 21.4
      vertex -34.638 -34.0673 21.4
    endloop
  endfacet
  facet normal 0 0 1
    outer loop
      vertex -34.4624 -34.95 21.4
      vertex -35.8481 -35.75 21.4
      vertex -35.6301 -36.0763 21.4
    endloop
  endfacet
  facet normal -0 0 1
    outer loop
      vertex -36.2243 -33.8584 21.4
      vertex -34.638 -34.0673 21.4
      vertex -36.1478 -33.4735 21.4
    endloop
  endfacet
  facet normal 0 0 1
    outer loop
      vertex -34.5434 -34.7858 21.4
      vertex -36.0216 -35.398 21.4
      vertex -35.8481 -35.75 21.4
    endloop
  endfacet
  facet normal 0 0 1
    outer loop
      vertex -34.638 -34.0673 21.4
      vertex -36.2243 -33.8584 21.4
      vertex -34.65 -34.25 21.4
    endloop
  endfacet
  facet normal 0 0 1
    outer loop
      vertex -34.6023 -34.6123 21.4
      vertex -36.1478 -35.0265 21.4
      vertex -36.0216 -35.398 21.4
    endloop
  endfacet
  facet normal 0 0 1
    outer loop
      vertex -36.25 -34.25 21.4
      vertex -34.65 -34.25 21.4
      vertex -36.2243 -33.8584 21.4
    endloop
  endfacet
  facet normal 0 0 1
    outer loop
      vertex -34.638 -34.4327 21.4
      vertex -36.2243 -34.6416 21.4
      vertex -36.1478 -35.0265 21.4
    endloop
  endfacet
  facet normal 0 0 1
    outer loop
      vertex -34.65 -34.25 21.4
      vertex -36.25 -34.25 21.4
      vertex -36.2243 -34.6416 21.4
    endloop
  endfacet
  facet normal -0.0654873 0.997853 0
    outer loop
      vertex -33.25 -31.25 2.4
      vertex -33.6416 -31.2757 21.4
      vertex -33.25 -31.25 21.4
    endloop
  endfacet
  facet normal -0.0654873 0.997853 0
    outer loop
      vertex -33.6416 -31.2757 21.4
      vertex -33.25 -31.25 2.4
      vertex -33.6416 -31.2757 2.4
    endloop
  endfacet
  facet normal 0.997853 -0.0654873 0
    outer loop
      vertex -30.2757 -34.6416 21.4
      vertex -30.25 -34.25 2.4
      vertex -30.25 -34.25 21.4
    endloop
  endfacet
  facet normal 0.997853 -0.0654873 0
    outer loop
      vertex -30.25 -34.25 2.4
      vertex -30.2757 -34.6416 21.4
      vertex -30.2757 -34.6416 2.4
    endloop
  endfacet
  facet normal 0.0654873 -0.997853 0
    outer loop
      vertex -33.25 -37.25 2.4
      vertex -32.8584 -37.2243 21.4
      vertex -33.25 -37.25 21.4
    endloop
  endfacet
  facet normal 0.0654873 -0.997853 0
    outer loop
      vertex -32.8584 -37.2243 21.4
      vertex -33.25 -37.25 2.4
      vertex -32.8584 -37.2243 2.4
    endloop
  endfacet
  facet normal 0.321651 -0.946858 0
    outer loop
      vertex -32.4735 -37.1478 2.4
      vertex -32.102 -37.0216 21.4
      vertex -32.4735 -37.1478 21.4
    endloop
  endfacet
  facet normal 0.321651 -0.946858 0
    outer loop
      vertex -32.102 -37.0216 21.4
      vertex -32.4735 -37.1478 2.4
      vertex -32.102 -37.0216 2.4
    endloop
  endfacet
  facet normal 0.555523 -0.831501 0
    outer loop
      vertex -31.75 -36.8481 2.4
      vertex -31.4237 -36.6301 21.4
      vertex -31.75 -36.8481 21.4
    endloop
  endfacet
  facet normal 0.555523 -0.831501 0
    outer loop
      vertex -31.4237 -36.6301 21.4
      vertex -31.75 -36.8481 2.4
      vertex -31.4237 -36.6301 2.4
    endloop
  endfacet
  facet normal 0.896961 -0.44211 0
    outer loop
      vertex -30.6519 -35.75 21.4
      vertex -30.4784 -35.398 2.4
      vertex -30.4784 -35.398 21.4
    endloop
  endfacet
  facet normal 0.896961 -0.44211 0
    outer loop
      vertex -30.4784 -35.398 2.4
      vertex -30.6519 -35.75 21.4
      vertex -30.6519 -35.75 2.4
    endloop
  endfacet
  facet normal 0.751724 -0.659478 0
    outer loop
      vertex -31.1287 -36.3713 21.4
      vertex -30.8699 -36.0763 2.4
      vertex -30.8699 -36.0763 21.4
    endloop
  endfacet
  facet normal 0.751724 -0.659478 0
    outer loop
      vertex -30.8699 -36.0763 2.4
      vertex -31.1287 -36.3713 21.4
      vertex -31.1287 -36.3713 2.4
    endloop
  endfacet
  facet normal 0.831501 -0.555523 0
    outer loop
      vertex -30.8699 -36.0763 21.4
      vertex -30.6519 -35.75 2.4
      vertex -30.6519 -35.75 21.4
    endloop
  endfacet
  facet normal 0.831501 -0.555523 0
    outer loop
      vertex -30.6519 -35.75 2.4
      vertex -30.8699 -36.0763 21.4
      vertex -30.8699 -36.0763 2.4
    endloop
  endfacet
  facet normal -0.659478 -0.751724 0
    outer loop
      vertex -35.3713 -36.3713 2.4
      vertex -35.0763 -36.6301 21.4
      vertex -35.3713 -36.3713 21.4
    endloop
  endfacet
  facet normal -0.659478 -0.751724 -0
    outer loop
      vertex -35.0763 -36.6301 21.4
      vertex -35.3713 -36.3713 2.4
      vertex -35.0763 -36.6301 2.4
    endloop
  endfacet
  facet normal -0.555523 -0.831501 0
    outer loop
      vertex -35.0763 -36.6301 2.4
      vertex -34.75 -36.8481 21.4
      vertex -35.0763 -36.6301 21.4
    endloop
  endfacet
  facet normal -0.555523 -0.831501 -0
    outer loop
      vertex -34.75 -36.8481 21.4
      vertex -35.0763 -36.6301 2.4
      vertex -34.75 -36.8481 2.4
    endloop
  endfacet
  facet normal -0.19494 -0.980815 0
    outer loop
      vertex -34.0265 -37.1478 2.4
      vertex -33.6416 -37.2243 21.4
      vertex -34.0265 -37.1478 21.4
    endloop
  endfacet
  facet normal -0.19494 -0.980815 -0
    outer loop
      vertex -33.6416 -37.2243 21.4
      vertex -34.0265 -37.1478 2.4
      vertex -33.6416 -37.2243 2.4
    endloop
  endfacet
  facet normal -0.751724 -0.659478 0
    outer loop
      vertex -35.3713 -36.3713 2.4
      vertex -35.6301 -36.0763 21.4
      vertex -35.6301 -36.0763 2.4
    endloop
  endfacet
  facet normal -0.751724 -0.659478 0
    outer loop
      vertex -35.6301 -36.0763 21.4
      vertex -35.3713 -36.3713 2.4
      vertex -35.3713 -36.3713 21.4
    endloop
  endfacet
  facet normal -0.946858 -0.321651 0
    outer loop
      vertex -36.0216 -35.398 2.4
      vertex -36.1478 -35.0265 21.4
      vertex -36.1478 -35.0265 2.4
    endloop
  endfacet
  facet normal -0.946858 -0.321651 0
    outer loop
      vertex -36.1478 -35.0265 21.4
      vertex -36.0216 -35.398 2.4
      vertex -36.0216 -35.398 21.4
    endloop
  endfacet
  facet normal -0.997853 -0.0654873 0
    outer loop
      vertex -36.2243 -34.6416 2.4
      vertex -36.25 -34.25 21.4
      vertex -36.25 -34.25 2.4
    endloop
  endfacet
  facet normal -0.997853 -0.0654873 0
    outer loop
      vertex -36.25 -34.25 21.4
      vertex -36.2243 -34.6416 2.4
      vertex -36.2243 -34.6416 21.4
    endloop
  endfacet
  facet normal -0.751724 0.659478 0
    outer loop
      vertex -35.6301 -32.4237 2.4
      vertex -35.3713 -32.1287 21.4
      vertex -35.3713 -32.1287 2.4
    endloop
  endfacet
  facet normal -0.751724 0.659478 0
    outer loop
      vertex -35.3713 -32.1287 21.4
      vertex -35.6301 -32.4237 2.4
      vertex -35.6301 -32.4237 21.4
    endloop
  endfacet
  facet normal -0.555523 0.831501 0
    outer loop
      vertex -34.75 -31.6519 2.4
      vertex -35.0763 -31.8699 21.4
      vertex -34.75 -31.6519 21.4
    endloop
  endfacet
  facet normal -0.555523 0.831501 0
    outer loop
      vertex -35.0763 -31.8699 21.4
      vertex -34.75 -31.6519 2.4
      vertex -35.0763 -31.8699 2.4
    endloop
  endfacet
  facet normal 0.19494 -0.980815 0
    outer loop
      vertex -32.8584 -37.2243 2.4
      vertex -32.4735 -37.1478 21.4
      vertex -32.8584 -37.2243 21.4
    endloop
  endfacet
  facet normal 0.19494 -0.980815 0
    outer loop
      vertex -32.4735 -37.1478 21.4
      vertex -32.8584 -37.2243 2.4
      vertex -32.4735 -37.1478 2.4
    endloop
  endfacet
  facet normal 0.980815 -0.19494 0
    outer loop
      vertex -30.3522 -35.0265 21.4
      vertex -30.2757 -34.6416 2.4
      vertex -30.2757 -34.6416 21.4
    endloop
  endfacet
  facet normal 0.980815 -0.19494 0
    outer loop
      vertex -30.2757 -34.6416 2.4
      vertex -30.3522 -35.0265 21.4
      vertex -30.3522 -35.0265 2.4
    endloop
  endfacet
  facet normal -0.0654873 -0.997853 0
    outer loop
      vertex -33.6416 -37.2243 2.4
      vertex -33.25 -37.25 21.4
      vertex -33.6416 -37.2243 21.4
    endloop
  endfacet
  facet normal -0.0654873 -0.997853 -0
    outer loop
      vertex -33.25 -37.25 21.4
      vertex -33.6416 -37.2243 2.4
      vertex -33.25 -37.25 2.4
    endloop
  endfacet
  facet normal -0.980815 -0.19494 0
    outer loop
      vertex -36.1478 -35.0265 2.4
      vertex -36.2243 -34.6416 21.4
      vertex -36.2243 -34.6416 2.4
    endloop
  endfacet
  facet normal -0.980815 -0.19494 0
    outer loop
      vertex -36.2243 -34.6416 21.4
      vertex -36.1478 -35.0265 2.4
      vertex -36.1478 -35.0265 21.4
    endloop
  endfacet
  facet normal 0.99785 0.0655402 0
    outer loop
      vertex -31.85 -34.25 23.6
      vertex -31.862 -34.0673 21.4
      vertex -31.862 -34.0673 23.6
    endloop
  endfacet
  facet normal 0.99785 0.0655402 0
    outer loop
      vertex -31.862 -34.0673 21.4
      vertex -31.85 -34.25 23.6
      vertex -31.85 -34.25 21.4
    endloop
  endfacet
  facet normal -0.99785 0.0655402 0
    outer loop
      vertex -34.65 -34.25 21.4
      vertex -34.638 -34.0673 23.6
      vertex -34.638 -34.0673 21.4
    endloop
  endfacet
  facet normal -0.99785 0.0655402 0
    outer loop
      vertex -34.638 -34.0673 23.6
      vertex -34.65 -34.25 21.4
      vertex -34.65 -34.25 23.6
    endloop
  endfacet
  facet normal 0.0655402 0.99785 -0
    outer loop
      vertex -33.0673 -32.862 21.4
      vertex -33.25 -32.85 23.6
      vertex -33.0673 -32.862 23.6
    endloop
  endfacet
  facet normal 0.0655402 0.99785 0
    outer loop
      vertex -33.25 -32.85 23.6
      vertex -33.0673 -32.862 21.4
      vertex -33.25 -32.85 21.4
    endloop
  endfacet
  facet normal 0.751493 0.659741 0
    outer loop
      vertex -32.1393 -33.3977 23.6
      vertex -32.2601 -33.2601 21.4
      vertex -32.2601 -33.2601 23.6
    endloop
  endfacet
  facet normal 0.751493 0.659741 0
    outer loop
      vertex -32.2601 -33.2601 21.4
      vertex -32.1393 -33.3977 23.6
      vertex -32.1393 -33.3977 21.4
    endloop
  endfacet
  facet normal -0.659741 0.751493 0
    outer loop
      vertex -34.1023 -33.1393 21.4
      vertex -34.2399 -33.2601 23.6
      vertex -34.1023 -33.1393 23.6
    endloop
  endfacet
  facet normal -0.659741 0.751493 0
    outer loop
      vertex -34.2399 -33.2601 23.6
      vertex -34.1023 -33.1393 21.4
      vertex -34.2399 -33.2601 21.4
    endloop
  endfacet
  facet normal -0.321462 0.946922 0
    outer loop
      vertex -33.6123 -32.8977 21.4
      vertex -33.7858 -32.9566 23.6
      vertex -33.6123 -32.8977 23.6
    endloop
  endfacet
  facet normal -0.321462 0.946922 0
    outer loop
      vertex -33.7858 -32.9566 23.6
      vertex -33.6123 -32.8977 21.4
      vertex -33.7858 -32.9566 21.4
    endloop
  endfacet
  facet normal 0.946922 0.321462 0
    outer loop
      vertex -31.8977 -33.8877 23.6
      vertex -31.9566 -33.7142 21.4
      vertex -31.9566 -33.7142 23.6
    endloop
  endfacet
  facet normal 0.946922 0.321462 0
    outer loop
      vertex -31.9566 -33.7142 21.4
      vertex -31.8977 -33.8877 23.6
      vertex -31.8977 -33.8877 21.4
    endloop
  endfacet
  facet normal 0.980811 0.194961 0
    outer loop
      vertex -31.862 -34.0673 23.6
      vertex -31.8977 -33.8877 21.4
      vertex -31.8977 -33.8877 23.6
    endloop
  endfacet
  facet normal 0.980811 0.194961 0
    outer loop
      vertex -31.8977 -33.8877 21.4
      vertex -31.862 -34.0673 23.6
      vertex -31.862 -34.0673 21.4
    endloop
  endfacet
  facet normal 0.896817 0.442401 0
    outer loop
      vertex -31.9566 -33.7142 23.6
      vertex -32.0376 -33.55 21.4
      vertex -32.0376 -33.55 23.6
    endloop
  endfacet
  facet normal 0.896817 0.442401 0
    outer loop
      vertex -32.0376 -33.55 21.4
      vertex -31.9566 -33.7142 23.6
      vertex -31.9566 -33.7142 21.4
    endloop
  endfacet
  facet normal 0.442401 0.896817 -0
    outer loop
      vertex -32.55 -33.0376 21.4
      vertex -32.7142 -32.9566 23.6
      vertex -32.55 -33.0376 23.6
    endloop
  endfacet
  facet normal 0.442401 0.896817 0
    outer loop
      vertex -32.7142 -32.9566 23.6
      vertex -32.55 -33.0376 21.4
      vertex -32.7142 -32.9566 21.4
    endloop
  endfacet
  facet normal 0.321462 0.946922 -0
    outer loop
      vertex -32.7142 -32.9566 21.4
      vertex -32.8877 -32.8977 23.6
      vertex -32.7142 -32.9566 23.6
    endloop
  endfacet
  facet normal 0.321462 0.946922 0
    outer loop
      vertex -32.8877 -32.8977 23.6
      vertex -32.7142 -32.9566 21.4
      vertex -32.8877 -32.8977 21.4
    endloop
  endfacet
  facet normal 0.55533 0.83163 -0
    outer loop
      vertex -32.3977 -33.1393 21.4
      vertex -32.55 -33.0376 23.6
      vertex -32.3977 -33.1393 23.6
    endloop
  endfacet
  facet normal 0.55533 0.83163 0
    outer loop
      vertex -32.55 -33.0376 23.6
      vertex -32.3977 -33.1393 21.4
      vertex -32.55 -33.0376 21.4
    endloop
  endfacet
  facet normal -0.896817 0.442401 0
    outer loop
      vertex -34.5434 -33.7142 21.4
      vertex -34.4624 -33.55 23.6
      vertex -34.4624 -33.55 21.4
    endloop
  endfacet
  facet normal -0.896817 0.442401 0
    outer loop
      vertex -34.4624 -33.55 23.6
      vertex -34.5434 -33.7142 21.4
      vertex -34.5434 -33.7142 23.6
    endloop
  endfacet
  facet normal -0.83163 0.55533 0
    outer loop
      vertex -34.4624 -33.55 21.4
      vertex -34.3607 -33.3977 23.6
      vertex -34.3607 -33.3977 21.4
    endloop
  endfacet
  facet normal -0.83163 0.55533 0
    outer loop
      vertex -34.3607 -33.3977 23.6
      vertex -34.4624 -33.55 21.4
      vertex -34.4624 -33.55 23.6
    endloop
  endfacet
  facet normal -0.946922 0.321462 0
    outer loop
      vertex -34.6023 -33.8877 21.4
      vertex -34.5434 -33.7142 23.6
      vertex -34.5434 -33.7142 21.4
    endloop
  endfacet
  facet normal -0.946922 0.321462 0
    outer loop
      vertex -34.5434 -33.7142 23.6
      vertex -34.6023 -33.8877 21.4
      vertex -34.6023 -33.8877 23.6
    endloop
  endfacet
  facet normal -0.442401 0.896817 0
    outer loop
      vertex -33.7858 -32.9566 21.4
      vertex -33.95 -33.0376 23.6
      vertex -33.7858 -32.9566 23.6
    endloop
  endfacet
  facet normal -0.442401 0.896817 0
    outer loop
      vertex -33.95 -33.0376 23.6
      vertex -33.7858 -32.9566 21.4
      vertex -33.95 -33.0376 21.4
    endloop
  endfacet
  facet normal -0.194961 0.980811 0
    outer loop
      vertex -33.4327 -32.862 21.4
      vertex -33.6123 -32.8977 23.6
      vertex -33.4327 -32.862 23.6
    endloop
  endfacet
  facet normal -0.194961 0.980811 0
    outer loop
      vertex -33.6123 -32.8977 23.6
      vertex -33.4327 -32.862 21.4
      vertex -33.6123 -32.8977 21.4
    endloop
  endfacet
  facet normal 0.659741 -0.751493 0
    outer loop
      vertex -32.3977 -35.3607 21.4
      vertex -32.2601 -35.2399 23.6
      vertex -32.3977 -35.3607 23.6
    endloop
  endfacet
  facet normal 0.659741 -0.751493 0
    outer loop
      vertex -32.2601 -35.2399 23.6
      vertex -32.3977 -35.3607 21.4
      vertex -32.2601 -35.2399 21.4
    endloop
  endfacet
  facet normal 0.442401 -0.896817 0
    outer loop
      vertex -32.7142 -35.5434 21.4
      vertex -32.55 -35.4624 23.6
      vertex -32.7142 -35.5434 23.6
    endloop
  endfacet
  facet normal 0.442401 -0.896817 0
    outer loop
      vertex -32.55 -35.4624 23.6
      vertex -32.7142 -35.5434 21.4
      vertex -32.55 -35.4624 21.4
    endloop
  endfacet
  facet normal 0.896817 -0.442401 0
    outer loop
      vertex -32.0376 -34.95 23.6
      vertex -31.9566 -34.7858 21.4
      vertex -31.9566 -34.7858 23.6
    endloop
  endfacet
  facet normal 0.896817 -0.442401 0
    outer loop
      vertex -31.9566 -34.7858 21.4
      vertex -32.0376 -34.95 23.6
      vertex -32.0376 -34.95 21.4
    endloop
  endfacet
  facet normal 0.980811 -0.194961 0
    outer loop
      vertex -31.8977 -34.6123 23.6
      vertex -31.862 -34.4327 21.4
      vertex -31.862 -34.4327 23.6
    endloop
  endfacet
  facet normal 0.980811 -0.194961 0
    outer loop
      vertex -31.862 -34.4327 21.4
      vertex -31.8977 -34.6123 23.6
      vertex -31.8977 -34.6123 21.4
    endloop
  endfacet
  facet normal -0.442401 -0.896817 0
    outer loop
      vertex -33.95 -35.4624 21.4
      vertex -33.7858 -35.5434 23.6
      vertex -33.95 -35.4624 23.6
    endloop
  endfacet
  facet normal -0.442401 -0.896817 -0
    outer loop
      vertex -33.7858 -35.5434 23.6
      vertex -33.95 -35.4624 21.4
      vertex -33.7858 -35.5434 21.4
    endloop
  endfacet
  facet normal -0.321462 -0.946922 0
    outer loop
      vertex -33.7858 -35.5434 21.4
      vertex -33.6123 -35.6023 23.6
      vertex -33.7858 -35.5434 23.6
    endloop
  endfacet
  facet normal -0.321462 -0.946922 -0
    outer loop
      vertex -33.6123 -35.6023 23.6
      vertex -33.7858 -35.5434 21.4
      vertex -33.6123 -35.6023 21.4
    endloop
  endfacet
  facet normal -0.896817 -0.442401 0
    outer loop
      vertex -34.4624 -34.95 21.4
      vertex -34.5434 -34.7858 23.6
      vertex -34.5434 -34.7858 21.4
    endloop
  endfacet
  facet normal -0.896817 -0.442401 0
    outer loop
      vertex -34.5434 -34.7858 23.6
      vertex -34.4624 -34.95 21.4
      vertex -34.4624 -34.95 23.6
    endloop
  endfacet
  facet normal -0.83163 -0.55533 0
    outer loop
      vertex -34.3607 -35.1023 21.4
      vertex -34.4624 -34.95 23.6
      vertex -34.4624 -34.95 21.4
    endloop
  endfacet
  facet normal -0.83163 -0.55533 0
    outer loop
      vertex -34.4624 -34.95 23.6
      vertex -34.3607 -35.1023 21.4
      vertex -34.3607 -35.1023 23.6
    endloop
  endfacet
  facet normal 0.83163 0.55533 0
    outer loop
      vertex -32.0376 -33.55 23.6
      vertex -32.1393 -33.3977 21.4
      vertex -32.1393 -33.3977 23.6
    endloop
  endfacet
  facet normal 0.83163 0.55533 0
    outer loop
      vertex -32.1393 -33.3977 21.4
      vertex -32.0376 -33.55 23.6
      vertex -32.0376 -33.55 21.4
    endloop
  endfacet
  facet normal 0.194961 0.980811 -0
    outer loop
      vertex -32.8877 -32.8977 21.4
      vertex -33.0673 -32.862 23.6
      vertex -32.8877 -32.8977 23.6
    endloop
  endfacet
  facet normal 0.194961 0.980811 0
    outer loop
      vertex -33.0673 -32.862 23.6
      vertex -32.8877 -32.8977 21.4
      vertex -33.0673 -32.862 21.4
    endloop
  endfacet
  facet normal 0.659741 0.751493 -0
    outer loop
      vertex -32.2601 -33.2601 21.4
      vertex -32.3977 -33.1393 23.6
      vertex -32.2601 -33.2601 23.6
    endloop
  endfacet
  facet normal 0.659741 0.751493 0
    outer loop
      vertex -32.3977 -33.1393 23.6
      vertex -32.2601 -33.2601 21.4
      vertex -32.3977 -33.1393 21.4
    endloop
  endfacet
  facet normal -0.751493 0.659741 0
    outer loop
      vertex -34.3607 -33.3977 21.4
      vertex -34.2399 -33.2601 23.6
      vertex -34.2399 -33.2601 21.4
    endloop
  endfacet
  facet normal -0.751493 0.659741 0
    outer loop
      vertex -34.2399 -33.2601 23.6
      vertex -34.3607 -33.3977 21.4
      vertex -34.3607 -33.3977 23.6
    endloop
  endfacet
  facet normal -0.980811 0.194961 0
    outer loop
      vertex -34.638 -34.0673 21.4
      vertex -34.6023 -33.8877 23.6
      vertex -34.6023 -33.8877 21.4
    endloop
  endfacet
  facet normal -0.980811 0.194961 0
    outer loop
      vertex -34.6023 -33.8877 23.6
      vertex -34.638 -34.0673 21.4
      vertex -34.638 -34.0673 23.6
    endloop
  endfacet
  facet normal 0 0 1
    outer loop
      vertex -31.862 -34.0673 23.6
      vertex -31.862 -34.4327 23.6
      vertex -31.85 -34.25 23.6
    endloop
  endfacet
  facet normal 0 0 1
    outer loop
      vertex -31.8977 -33.8877 23.6
      vertex -31.862 -34.4327 23.6
      vertex -31.862 -34.0673 23.6
    endloop
  endfacet
  facet normal 0 0 1
    outer loop
      vertex -31.8977 -33.8877 23.6
      vertex -31.8977 -34.6123 23.6
      vertex -31.862 -34.4327 23.6
    endloop
  endfacet
  facet normal 0 0 1
    outer loop
      vertex -31.9566 -33.7142 23.6
      vertex -31.8977 -34.6123 23.6
      vertex -31.8977 -33.8877 23.6
    endloop
  endfacet
  facet normal 0 0 1
    outer loop
      vertex -31.9566 -33.7142 23.6
      vertex -31.9566 -34.7858 23.6
      vertex -31.8977 -34.6123 23.6
    endloop
  endfacet
  facet normal 0 0 1
    outer loop
      vertex -32.0376 -33.55 23.6
      vertex -31.9566 -34.7858 23.6
      vertex -31.9566 -33.7142 23.6
    endloop
  endfacet
  facet normal 0 0 1
    outer loop
      vertex -32.0376 -33.55 23.6
      vertex -32.0376 -34.95 23.6
      vertex -31.9566 -34.7858 23.6
    endloop
  endfacet
  facet normal 0 0 1
    outer loop
      vertex -32.1393 -33.3977 23.6
      vertex -32.0376 -34.95 23.6
      vertex -32.0376 -33.55 23.6
    endloop
  endfacet
  facet normal 0 0 1
    outer loop
      vertex -32.1393 -33.3977 23.6
      vertex -32.1393 -35.1023 23.6
      vertex -32.0376 -34.95 23.6
    endloop
  endfacet
  facet normal 0 0 1
    outer loop
      vertex -32.2601 -33.2601 23.6
      vertex -32.1393 -35.1023 23.6
      vertex -32.1393 -33.3977 23.6
    endloop
  endfacet
  facet normal 0 0 1
    outer loop
      vertex -32.2601 -33.2601 23.6
      vertex -32.2601 -35.2399 23.6
      vertex -32.1393 -35.1023 23.6
    endloop
  endfacet
  facet normal 0 0 1
    outer loop
      vertex -32.3977 -33.1393 23.6
      vertex -32.2601 -35.2399 23.6
      vertex -32.2601 -33.2601 23.6
    endloop
  endfacet
  facet normal 0 0 1
    outer loop
      vertex -32.3977 -33.1393 23.6
      vertex -32.3977 -35.3607 23.6
      vertex -32.2601 -35.2399 23.6
    endloop
  endfacet
  facet normal 0 0 1
    outer loop
      vertex -32.55 -33.0376 23.6
      vertex -32.3977 -35.3607 23.6
      vertex -32.3977 -33.1393 23.6
    endloop
  endfacet
  facet normal 0 0 1
    outer loop
      vertex -32.55 -33.0376 23.6
      vertex -32.55 -35.4624 23.6
      vertex -32.3977 -35.3607 23.6
    endloop
  endfacet
  facet normal 0 0 1
    outer loop
      vertex -32.7142 -32.9566 23.6
      vertex -32.55 -35.4624 23.6
      vertex -32.55 -33.0376 23.6
    endloop
  endfacet
  facet normal 0 0 1
    outer loop
      vertex -32.7142 -32.9566 23.6
      vertex -32.7142 -35.5434 23.6
      vertex -32.55 -35.4624 23.6
    endloop
  endfacet
  facet normal 0 0 1
    outer loop
      vertex -32.8877 -32.8977 23.6
      vertex -32.7142 -35.5434 23.6
      vertex -32.7142 -32.9566 23.6
    endloop
  endfacet
  facet normal 0 0 1
    outer loop
      vertex -32.8877 -32.8977 23.6
      vertex -32.8877 -35.6023 23.6
      vertex -32.7142 -35.5434 23.6
    endloop
  endfacet
  facet normal 0 0 1
    outer loop
      vertex -33.0673 -32.862 23.6
      vertex -32.8877 -35.6023 23.6
      vertex -32.8877 -32.8977 23.6
    endloop
  endfacet
  facet normal 0 0 1
    outer loop
      vertex -33.0673 -32.862 23.6
      vertex -33.0673 -35.638 23.6
      vertex -32.8877 -35.6023 23.6
    endloop
  endfacet
  facet normal 0 0 1
    outer loop
      vertex -33.25 -32.85 23.6
      vertex -33.0673 -35.638 23.6
      vertex -33.0673 -32.862 23.6
    endloop
  endfacet
  facet normal 0 0 1
    outer loop
      vertex -33.25 -32.85 23.6
      vertex -33.25 -35.65 23.6
      vertex -33.0673 -35.638 23.6
    endloop
  endfacet
  facet normal -0 0 1
    outer loop
      vertex -33.4327 -32.862 23.6
      vertex -33.25 -35.65 23.6
      vertex -33.25 -32.85 23.6
    endloop
  endfacet
  facet normal 0 0 1
    outer loop
      vertex -33.4327 -32.862 23.6
      vertex -33.4327 -35.638 23.6
      vertex -33.25 -35.65 23.6
    endloop
  endfacet
  facet normal -0 0 1
    outer loop
      vertex -33.6123 -32.8977 23.6
      vertex -33.4327 -35.638 23.6
      vertex -33.4327 -32.862 23.6
    endloop
  endfacet
  facet normal 0 0 1
    outer loop
      vertex -33.6123 -32.8977 23.6
      vertex -33.6123 -35.6023 23.6
      vertex -33.4327 -35.638 23.6
    endloop
  endfacet
  facet normal -0 0 1
    outer loop
      vertex -33.7858 -32.9566 23.6
      vertex -33.6123 -35.6023 23.6
      vertex -33.6123 -32.8977 23.6
    endloop
  endfacet
  facet normal 0 0 1
    outer loop
      vertex -33.7858 -32.9566 23.6
      vertex -33.7858 -35.5434 23.6
      vertex -33.6123 -35.6023 23.6
    endloop
  endfacet
  facet normal -0 0 1
    outer loop
      vertex -33.95 -33.0376 23.6
      vertex -33.7858 -35.5434 23.6
      vertex -33.7858 -32.9566 23.6
    endloop
  endfacet
  facet normal 0 0 1
    outer loop
      vertex -33.95 -33.0376 23.6
      vertex -33.95 -35.4624 23.6
      vertex -33.7858 -35.5434 23.6
    endloop
  endfacet
  facet normal -0 0 1
    outer loop
      vertex -34.1023 -33.1393 23.6
      vertex -33.95 -35.4624 23.6
      vertex -33.95 -33.0376 23.6
    endloop
  endfacet
  facet normal 0 0 1
    outer loop
      vertex -34.1023 -33.1393 23.6
      vertex -34.1023 -35.3607 23.6
      vertex -33.95 -35.4624 23.6
    endloop
  endfacet
  facet normal -0 0 1
    outer loop
      vertex -34.2399 -33.2601 23.6
      vertex -34.1023 -35.3607 23.6
      vertex -34.1023 -33.1393 23.6
    endloop
  endfacet
  facet normal 0 0 1
    outer loop
      vertex -34.2399 -33.2601 23.6
      vertex -34.2399 -35.2399 23.6
      vertex -34.1023 -35.3607 23.6
    endloop
  endfacet
  facet normal -0 0 1
    outer loop
      vertex -34.3607 -33.3977 23.6
      vertex -34.2399 -35.2399 23.6
      vertex -34.2399 -33.2601 23.6
    endloop
  endfacet
  facet normal 0 0 1
    outer loop
      vertex -34.3607 -33.3977 23.6
      vertex -34.3607 -35.1023 23.6
      vertex -34.2399 -35.2399 23.6
    endloop
  endfacet
  facet normal -0 0 1
    outer loop
      vertex -34.4624 -33.55 23.6
      vertex -34.3607 -35.1023 23.6
      vertex -34.3607 -33.3977 23.6
    endloop
  endfacet
  facet normal 0 0 1
    outer loop
      vertex -34.4624 -33.55 23.6
      vertex -34.4624 -34.95 23.6
      vertex -34.3607 -35.1023 23.6
    endloop
  endfacet
  facet normal -0 0 1
    outer loop
      vertex -34.5434 -33.7142 23.6
      vertex -34.4624 -34.95 23.6
      vertex -34.4624 -33.55 23.6
    endloop
  endfacet
  facet normal 0 0 1
    outer loop
      vertex -34.5434 -33.7142 23.6
      vertex -34.5434 -34.7858 23.6
      vertex -34.4624 -34.95 23.6
    endloop
  endfacet
  facet normal -0 0 1
    outer loop
      vertex -34.6023 -33.8877 23.6
      vertex -34.5434 -34.7858 23.6
      vertex -34.5434 -33.7142 23.6
    endloop
  endfacet
  facet normal 0 0 1
    outer loop
      vertex -34.6023 -33.8877 23.6
      vertex -34.6023 -34.6123 23.6
      vertex -34.5434 -34.7858 23.6
    endloop
  endfacet
  facet normal -0 0 1
    outer loop
      vertex -34.638 -34.0673 23.6
      vertex -34.6023 -34.6123 23.6
      vertex -34.6023 -33.8877 23.6
    endloop
  endfacet
  facet normal 0 0 1
    outer loop
      vertex -34.638 -34.0673 23.6
      vertex -34.638 -34.4327 23.6
      vertex -34.6023 -34.6123 23.6
    endloop
  endfacet
  facet normal 0 -0 1
    outer loop
      vertex -34.638 -34.4327 23.6
      vertex -34.638 -34.0673 23.6
      vertex -34.65 -34.25 23.6
    endloop
  endfacet
  facet normal -0.55533 0.83163 0
    outer loop
      vertex -33.95 -33.0376 21.4
      vertex -34.1023 -33.1393 23.6
      vertex -33.95 -33.0376 23.6
    endloop
  endfacet
  facet normal -0.55533 0.83163 0
    outer loop
      vertex -34.1023 -33.1393 23.6
      vertex -33.95 -33.0376 21.4
      vertex -34.1023 -33.1393 21.4
    endloop
  endfacet
  facet normal -0.0655402 0.99785 0
    outer loop
      vertex -33.25 -32.85 21.4
      vertex -33.4327 -32.862 23.6
      vertex -33.25 -32.85 23.6
    endloop
  endfacet
  facet normal -0.0655402 0.99785 0
    outer loop
      vertex -33.4327 -32.862 23.6
      vertex -33.25 -32.85 21.4
      vertex -33.4327 -32.862 21.4
    endloop
  endfacet
  facet normal 0.0655402 -0.99785 0
    outer loop
      vertex -33.25 -35.65 21.4
      vertex -33.0673 -35.638 23.6
      vertex -33.25 -35.65 23.6
    endloop
  endfacet
  facet normal 0.0655402 -0.99785 0
    outer loop
      vertex -33.0673 -35.638 23.6
      vertex -33.25 -35.65 21.4
      vertex -33.0673 -35.638 21.4
    endloop
  endfacet
  facet normal 0.321462 -0.946922 0
    outer loop
      vertex -32.8877 -35.6023 21.4
      vertex -32.7142 -35.5434 23.6
      vertex -32.8877 -35.6023 23.6
    endloop
  endfacet
  facet normal 0.321462 -0.946922 0
    outer loop
      vertex -32.7142 -35.5434 23.6
      vertex -32.8877 -35.6023 21.4
      vertex -32.7142 -35.5434 21.4
    endloop
  endfacet
  facet normal 0.55533 -0.83163 0
    outer loop
      vertex -32.55 -35.4624 21.4
      vertex -32.3977 -35.3607 23.6
      vertex -32.55 -35.4624 23.6
    endloop
  endfacet
  facet normal 0.55533 -0.83163 0
    outer loop
      vertex -32.3977 -35.3607 23.6
      vertex -32.55 -35.4624 21.4
      vertex -32.3977 -35.3607 21.4
    endloop
  endfacet
  facet normal 0.751493 -0.659741 0
    outer loop
      vertex -32.2601 -35.2399 23.6
      vertex -32.1393 -35.1023 21.4
      vertex -32.1393 -35.1023 23.6
    endloop
  endfacet
  facet normal 0.751493 -0.659741 0
    outer loop
      vertex -32.1393 -35.1023 21.4
      vertex -32.2601 -35.2399 23.6
      vertex -32.2601 -35.2399 21.4
    endloop
  endfacet
  facet normal 0.83163 -0.55533 0
    outer loop
      vertex -32.1393 -35.1023 23.6
      vertex -32.0376 -34.95 21.4
      vertex -32.0376 -34.95 23.6
    endloop
  endfacet
  facet normal 0.83163 -0.55533 0
    outer loop
      vertex -32.0376 -34.95 21.4
      vertex -32.1393 -35.1023 23.6
      vertex -32.1393 -35.1023 21.4
    endloop
  endfacet
  facet normal -0.659741 -0.751493 0
    outer loop
      vertex -34.2399 -35.2399 21.4
      vertex -34.1023 -35.3607 23.6
      vertex -34.2399 -35.2399 23.6
    endloop
  endfacet
  facet normal -0.659741 -0.751493 -0
    outer loop
      vertex -34.1023 -35.3607 23.6
      vertex -34.2399 -35.2399 21.4
      vertex -34.1023 -35.3607 21.4
    endloop
  endfacet
  facet normal -0.55533 -0.83163 0
    outer loop
      vertex -34.1023 -35.3607 21.4
      vertex -33.95 -35.4624 23.6
      vertex -34.1023 -35.3607 23.6
    endloop
  endfacet
  facet normal -0.55533 -0.83163 -0
    outer loop
      vertex -33.95 -35.4624 23.6
      vertex -34.1023 -35.3607 21.4
      vertex -33.95 -35.4624 21.4
    endloop
  endfacet
  facet normal -0.194961 -0.980811 0
    outer loop
      vertex -33.6123 -35.6023 21.4
      vertex -33.4327 -35.638 23.6
      vertex -33.6123 -35.6023 23.6
    endloop
  endfacet
  facet normal -0.194961 -0.980811 -0
    outer loop
      vertex -33.4327 -35.638 23.6
      vertex -33.6123 -35.6023 21.4
      vertex -33.4327 -35.638 21.4
    endloop
  endfacet
  facet normal -0.751493 -0.659741 0
    outer loop
      vertex -34.2399 -35.2399 21.4
      vertex -34.3607 -35.1023 23.6
      vertex -34.3607 -35.1023 21.4
    endloop
  endfacet
  facet normal -0.751493 -0.659741 0
    outer loop
      vertex -34.3607 -35.1023 23.6
      vertex -34.2399 -35.2399 21.4
      vertex -34.2399 -35.2399 23.6
    endloop
  endfacet
  facet normal -0.946922 -0.321462 0
    outer loop
      vertex -34.5434 -34.7858 21.4
      vertex -34.6023 -34.6123 23.6
      vertex -34.6023 -34.6123 21.4
    endloop
  endfacet
  facet normal -0.946922 -0.321462 0
    outer loop
      vertex -34.6023 -34.6123 23.6
      vertex -34.5434 -34.7858 21.4
      vertex -34.5434 -34.7858 23.6
    endloop
  endfacet
  facet normal -0.99785 -0.0655402 0
    outer loop
      vertex -34.638 -34.4327 21.4
      vertex -34.65 -34.25 23.6
      vertex -34.65 -34.25 21.4
    endloop
  endfacet
  facet normal -0.99785 -0.0655402 0
    outer loop
      vertex -34.65 -34.25 23.6
      vertex -34.638 -34.4327 21.4
      vertex -34.638 -34.4327 23.6
    endloop
  endfacet
  facet normal 0.99785 -0.0655402 0
    outer loop
      vertex -31.862 -34.4327 23.6
      vertex -31.85 -34.25 21.4
      vertex -31.85 -34.25 23.6
    endloop
  endfacet
  facet normal 0.99785 -0.0655402 0
    outer loop
      vertex -31.85 -34.25 21.4
      vertex -31.862 -34.4327 23.6
      vertex -31.862 -34.4327 21.4
    endloop
  endfacet
  facet normal 0.194961 -0.980811 0
    outer loop
      vertex -33.0673 -35.638 21.4
      vertex -32.8877 -35.6023 23.6
      vertex -33.0673 -35.638 23.6
    endloop
  endfacet
  facet normal 0.194961 -0.980811 0
    outer loop
      vertex -32.8877 -35.6023 23.6
      vertex -33.0673 -35.638 21.4
      vertex -32.8877 -35.6023 21.4
    endloop
  endfacet
  facet normal 0.946922 -0.321462 0
    outer loop
      vertex -31.9566 -34.7858 23.6
      vertex -31.8977 -34.6123 21.4
      vertex -31.8977 -34.6123 23.6
    endloop
  endfacet
  facet normal 0.946922 -0.321462 0
    outer loop
      vertex -31.8977 -34.6123 21.4
      vertex -31.9566 -34.7858 23.6
      vertex -31.9566 -34.7858 21.4
    endloop
  endfacet
  facet normal -0.0655402 -0.99785 0
    outer loop
      vertex -33.4327 -35.638 21.4
      vertex -33.25 -35.65 23.6
      vertex -33.4327 -35.638 23.6
    endloop
  endfacet
  facet normal -0.0655402 -0.99785 -0
    outer loop
      vertex -33.25 -35.65 23.6
      vertex -33.4327 -35.638 21.4
      vertex -33.25 -35.65 21.4
    endloop
  endfacet
  facet normal -0.980811 -0.194961 0
    outer loop
      vertex -34.6023 -34.6123 21.4
      vertex -34.638 -34.4327 23.6
      vertex -34.638 -34.4327 21.4
    endloop
  endfacet
  facet normal -0.980811 -0.194961 0
    outer loop
      vertex -34.638 -34.4327 23.6
      vertex -34.6023 -34.6123 21.4
      vertex -34.6023 -34.6123 23.6
    endloop
  endfacet
  facet normal 0.997853 0.0654873 0
    outer loop
      vertex -30.25 34.25 21.4
      vertex -30.2757 34.6416 2.4
      vertex -30.2757 34.6416 21.4
    endloop
  endfacet
  facet normal 0.997853 0.0654873 0
    outer loop
      vertex -30.2757 34.6416 2.4
      vertex -30.25 34.25 21.4
      vertex -30.25 34.25 2.4
    endloop
  endfacet
  facet normal -0.997853 0.0654873 0
    outer loop
      vertex -36.25 34.25 2.4
      vertex -36.2243 34.6416 21.4
      vertex -36.2243 34.6416 2.4
    endloop
  endfacet
  facet normal -0.997853 0.0654873 0
    outer loop
      vertex -36.2243 34.6416 21.4
      vertex -36.25 34.25 2.4
      vertex -36.25 34.25 21.4
    endloop
  endfacet
  facet normal 0.0654873 0.997853 -0
    outer loop
      vertex -32.8584 37.2243 2.4
      vertex -33.25 37.25 21.4
      vertex -32.8584 37.2243 21.4
    endloop
  endfacet
  facet normal 0.0654873 0.997853 0
    outer loop
      vertex -33.25 37.25 21.4
      vertex -32.8584 37.2243 2.4
      vertex -33.25 37.25 2.4
    endloop
  endfacet
  facet normal -0.0654873 -0.997853 0
    outer loop
      vertex -33.6416 31.2757 2.4
      vertex -33.25 31.25 21.4
      vertex -33.6416 31.2757 21.4
    endloop
  endfacet
  facet normal -0.0654873 -0.997853 -0
    outer loop
      vertex -33.25 31.25 21.4
      vertex -33.6416 31.2757 2.4
      vertex -33.25 31.25 2.4
    endloop
  endfacet
  facet normal 0.751724 0.659478 0
    outer loop
      vertex -30.8699 36.0763 21.4
      vertex -31.1287 36.3713 2.4
      vertex -31.1287 36.3713 21.4
    endloop
  endfacet
  facet normal 0.751724 0.659478 0
    outer loop
      vertex -31.1287 36.3713 2.4
      vertex -30.8699 36.0763 21.4
      vertex -30.8699 36.0763 2.4
    endloop
  endfacet
  facet normal -0.659478 0.751724 0
    outer loop
      vertex -35.0763 36.6301 2.4
      vertex -35.3713 36.3713 21.4
      vertex -35.0763 36.6301 21.4
    endloop
  endfacet
  facet normal -0.659478 0.751724 0
    outer loop
      vertex -35.3713 36.3713 21.4
      vertex -35.0763 36.6301 2.4
      vertex -35.3713 36.3713 2.4
    endloop
  endfacet
  facet normal -0.321651 0.946858 0
    outer loop
      vertex -34.0265 37.1478 2.4
      vertex -34.398 37.0216 21.4
      vertex -34.0265 37.1478 21.4
    endloop
  endfacet
  facet normal -0.321651 0.946858 0
    outer loop
      vertex -34.398 37.0216 21.4
      vertex -34.0265 37.1478 2.4
      vertex -34.398 37.0216 2.4
    endloop
  endfacet
  facet normal 0.896961 0.44211 0
    outer loop
      vertex -30.4784 35.398 21.4
      vertex -30.6519 35.75 2.4
      vertex -30.6519 35.75 21.4
    endloop
  endfacet
  facet normal 0.896961 0.44211 0
    outer loop
      vertex -30.6519 35.75 2.4
      vertex -30.4784 35.398 21.4
      vertex -30.4784 35.398 2.4
    endloop
  endfacet
  facet normal 0.980815 0.19494 0
    outer loop
      vertex -30.2757 34.6416 21.4
      vertex -30.3522 35.0265 2.4
      vertex -30.3522 35.0265 21.4
    endloop
  endfacet
  facet normal 0.980815 0.19494 0
    outer loop
      vertex -30.3522 35.0265 2.4
      vertex -30.2757 34.6416 21.4
      vertex -30.2757 34.6416 2.4
    endloop
  endfacet
  facet normal 0.831501 0.555523 0
    outer loop
      vertex -30.6519 35.75 21.4
      vertex -30.8699 36.0763 2.4
      vertex -30.8699 36.0763 21.4
    endloop
  endfacet
  facet normal 0.831501 0.555523 0
    outer loop
      vertex -30.8699 36.0763 2.4
      vertex -30.6519 35.75 21.4
      vertex -30.6519 35.75 2.4
    endloop
  endfacet
  facet normal 0.44211 0.896961 -0
    outer loop
      vertex -31.75 36.8481 2.4
      vertex -32.102 37.0216 21.4
      vertex -31.75 36.8481 21.4
    endloop
  endfacet
  facet normal 0.44211 0.896961 0
    outer loop
      vertex -32.102 37.0216 21.4
      vertex -31.75 36.8481 2.4
      vertex -32.102 37.0216 2.4
    endloop
  endfacet
  facet normal 0.321651 0.946858 -0
    outer loop
      vertex -32.102 37.0216 2.4
      vertex -32.4735 37.1478 21.4
      vertex -32.102 37.0216 21.4
    endloop
  endfacet
  facet normal 0.321651 0.946858 0
    outer loop
      vertex -32.4735 37.1478 21.4
      vertex -32.102 37.0216 2.4
      vertex -32.4735 37.1478 2.4
    endloop
  endfacet
  facet normal 0.555523 0.831501 -0
    outer loop
      vertex -31.4237 36.6301 2.4
      vertex -31.75 36.8481 21.4
      vertex -31.4237 36.6301 21.4
    endloop
  endfacet
  facet normal 0.555523 0.831501 0
    outer loop
      vertex -31.75 36.8481 21.4
      vertex -31.4237 36.6301 2.4
      vertex -31.75 36.8481 2.4
    endloop
  endfacet
  facet normal -0.896961 0.44211 0
    outer loop
      vertex -36.0216 35.398 2.4
      vertex -35.8481 35.75 21.4
      vertex -35.8481 35.75 2.4
    endloop
  endfacet
  facet normal -0.896961 0.44211 0
    outer loop
      vertex -35.8481 35.75 21.4
      vertex -36.0216 35.398 2.4
      vertex -36.0216 35.398 21.4
    endloop
  endfacet
  facet normal -0.831501 0.555523 0
    outer loop
      vertex -35.8481 35.75 2.4
      vertex -35.6301 36.0763 21.4
      vertex -35.6301 36.0763 2.4
    endloop
  endfacet
  facet normal -0.831501 0.555523 0
    outer loop
      vertex -35.6301 36.0763 21.4
      vertex -35.8481 35.75 2.4
      vertex -35.8481 35.75 21.4
    endloop
  endfacet
  facet normal -0.946858 0.321651 0
    outer loop
      vertex -36.1478 35.0265 2.4
      vertex -36.0216 35.398 21.4
      vertex -36.0216 35.398 2.4
    endloop
  endfacet
  facet normal -0.946858 0.321651 0
    outer loop
      vertex -36.0216 35.398 21.4
      vertex -36.1478 35.0265 2.4
      vertex -36.1478 35.0265 21.4
    endloop
  endfacet
  facet normal -0.44211 0.896961 0
    outer loop
      vertex -34.398 37.0216 2.4
      vertex -34.75 36.8481 21.4
      vertex -34.398 37.0216 21.4
    endloop
  endfacet
  facet normal -0.44211 0.896961 0
    outer loop
      vertex -34.75 36.8481 21.4
      vertex -34.398 37.0216 2.4
      vertex -34.75 36.8481 2.4
    endloop
  endfacet
  facet normal -0.19494 0.980815 0
    outer loop
      vertex -33.6416 37.2243 2.4
      vertex -34.0265 37.1478 21.4
      vertex -33.6416 37.2243 21.4
    endloop
  endfacet
  facet normal -0.19494 0.980815 0
    outer loop
      vertex -34.0265 37.1478 21.4
      vertex -33.6416 37.2243 2.4
      vertex -34.0265 37.1478 2.4
    endloop
  endfacet
  facet normal 0.659478 -0.751724 0
    outer loop
      vertex -31.4237 31.8699 2.4
      vertex -31.1287 32.1287 21.4
      vertex -31.4237 31.8699 21.4
    endloop
  endfacet
  facet normal 0.659478 -0.751724 0
    outer loop
      vertex -31.1287 32.1287 21.4
      vertex -31.4237 31.8699 2.4
      vertex -31.1287 32.1287 2.4
    endloop
  endfacet
  facet normal 0.44211 -0.896961 0
    outer loop
      vertex -32.102 31.4784 2.4
      vertex -31.75 31.6519 21.4
      vertex -32.102 31.4784 21.4
    endloop
  endfacet
  facet normal 0.44211 -0.896961 0
    outer loop
      vertex -31.75 31.6519 21.4
      vertex -32.102 31.4784 2.4
      vertex -31.75 31.6519 2.4
    endloop
  endfacet
  facet normal 0.946858 -0.321651 0
    outer loop
      vertex -30.4784 33.102 21.4
      vertex -30.3522 33.4735 2.4
      vertex -30.3522 33.4735 21.4
    endloop
  endfacet
  facet normal 0.946858 -0.321651 0
    outer loop
      vertex -30.3522 33.4735 2.4
      vertex -30.4784 33.102 21.4
      vertex -30.4784 33.102 2.4
    endloop
  endfacet
  facet normal -0.44211 -0.896961 0
    outer loop
      vertex -34.75 31.6519 2.4
      vertex -34.398 31.4784 21.4
      vertex -34.75 31.6519 21.4
    endloop
  endfacet
  facet normal -0.44211 -0.896961 -0
    outer loop
      vertex -34.398 31.4784 21.4
      vertex -34.75 31.6519 2.4
      vertex -34.398 31.4784 2.4
    endloop
  endfacet
  facet normal -0.321651 -0.946858 0
    outer loop
      vertex -34.398 31.4784 2.4
      vertex -34.0265 31.3522 21.4
      vertex -34.398 31.4784 21.4
    endloop
  endfacet
  facet normal -0.321651 -0.946858 -0
    outer loop
      vertex -34.0265 31.3522 21.4
      vertex -34.398 31.4784 2.4
      vertex -34.0265 31.3522 2.4
    endloop
  endfacet
  facet normal -0.896961 -0.44211 0
    outer loop
      vertex -35.8481 32.75 2.4
      vertex -36.0216 33.102 21.4
      vertex -36.0216 33.102 2.4
    endloop
  endfacet
  facet normal -0.896961 -0.44211 0
    outer loop
      vertex -36.0216 33.102 21.4
      vertex -35.8481 32.75 2.4
      vertex -35.8481 32.75 21.4
    endloop
  endfacet
  facet normal -0.831501 -0.555523 0
    outer loop
      vertex -35.6301 32.4237 2.4
      vertex -35.8481 32.75 21.4
      vertex -35.8481 32.75 2.4
    endloop
  endfacet
  facet normal -0.831501 -0.555523 0
    outer loop
      vertex -35.8481 32.75 21.4
      vertex -35.6301 32.4237 2.4
      vertex -35.6301 32.4237 21.4
    endloop
  endfacet
  facet normal 0 0 -1
    outer loop
      vertex -30.2757 33.8584 2.4
      vertex -30.2757 34.6416 2.4
      vertex -30.25 34.25 2.4
    endloop
  endfacet
  facet normal 0 0 -1
    outer loop
      vertex -30.3522 33.4735 2.4
      vertex -30.2757 34.6416 2.4
      vertex -30.2757 33.8584 2.4
    endloop
  endfacet
  facet normal 0 0 -1
    outer loop
      vertex -30.3522 33.4735 2.4
      vertex -30.3522 35.0265 2.4
      vertex -30.2757 34.6416 2.4
    endloop
  endfacet
  facet normal 0 0 -1
    outer loop
      vertex -30.4784 33.102 2.4
      vertex -30.3522 35.0265 2.4
      vertex -30.3522 33.4735 2.4
    endloop
  endfacet
  facet normal 0 0 -1
    outer loop
      vertex -30.4784 33.102 2.4
      vertex -30.4784 35.398 2.4
      vertex -30.3522 35.0265 2.4
    endloop
  endfacet
  facet normal 0 0 -1
    outer loop
      vertex -30.6519 32.75 2.4
      vertex -30.4784 35.398 2.4
      vertex -30.4784 33.102 2.4
    endloop
  endfacet
  facet normal 0 0 -1
    outer loop
      vertex -30.6519 32.75 2.4
      vertex -30.6519 35.75 2.4
      vertex -30.4784 35.398 2.4
    endloop
  endfacet
  facet normal 0 0 -1
    outer loop
      vertex -30.8699 32.4237 2.4
      vertex -30.6519 35.75 2.4
      vertex -30.6519 32.75 2.4
    endloop
  endfacet
  facet normal 0 0 -1
    outer loop
      vertex -30.8699 32.4237 2.4
      vertex -30.8699 36.0763 2.4
      vertex -30.6519 35.75 2.4
    endloop
  endfacet
  facet normal 0 0 -1
    outer loop
      vertex -31.1287 32.1287 2.4
      vertex -30.8699 36.0763 2.4
      vertex -30.8699 32.4237 2.4
    endloop
  endfacet
  facet normal 0 0 -1
    outer loop
      vertex -31.1287 32.1287 2.4
      vertex -31.1287 36.3713 2.4
      vertex -30.8699 36.0763 2.4
    endloop
  endfacet
  facet normal 0 0 -1
    outer loop
      vertex -31.4237 31.8699 2.4
      vertex -31.1287 36.3713 2.4
      vertex -31.1287 32.1287 2.4
    endloop
  endfacet
  facet normal 0 0 -1
    outer loop
      vertex -31.4237 31.8699 2.4
      vertex -31.4237 36.6301 2.4
      vertex -31.1287 36.3713 2.4
    endloop
  endfacet
  facet normal 0 0 -1
    outer loop
      vertex -31.75 31.6519 2.4
      vertex -31.4237 36.6301 2.4
      vertex -31.4237 31.8699 2.4
    endloop
  endfacet
  facet normal 0 0 -1
    outer loop
      vertex -31.75 31.6519 2.4
      vertex -31.75 36.8481 2.4
      vertex -31.4237 36.6301 2.4
    endloop
  endfacet
  facet normal 0 0 -1
    outer loop
      vertex -32.102 31.4784 2.4
      vertex -31.75 36.8481 2.4
      vertex -31.75 31.6519 2.4
    endloop
  endfacet
  facet normal 0 0 -1
    outer loop
      vertex -32.102 31.4784 2.4
      vertex -32.102 37.0216 2.4
      vertex -31.75 36.8481 2.4
    endloop
  endfacet
  facet normal 0 0 -1
    outer loop
      vertex -32.4735 31.3522 2.4
      vertex -32.102 37.0216 2.4
      vertex -32.102 31.4784 2.4
    endloop
  endfacet
  facet normal 0 0 -1
    outer loop
      vertex -32.4735 31.3522 2.4
      vertex -32.4735 37.1478 2.4
      vertex -32.102 37.0216 2.4
    endloop
  endfacet
  facet normal 0 0 -1
    outer loop
      vertex -32.8584 31.2757 2.4
      vertex -32.4735 37.1478 2.4
      vertex -32.4735 31.3522 2.4
    endloop
  endfacet
  facet normal 0 0 -1
    outer loop
      vertex -32.8584 31.2757 2.4
      vertex -32.8584 37.2243 2.4
      vertex -32.4735 37.1478 2.4
    endloop
  endfacet
  facet normal 0 0 -1
    outer loop
      vertex -33.25 31.25 2.4
      vertex -32.8584 37.2243 2.4
      vertex -32.8584 31.2757 2.4
    endloop
  endfacet
  facet normal 0 0 -1
    outer loop
      vertex -33.25 31.25 2.4
      vertex -33.25 37.25 2.4
      vertex -32.8584 37.2243 2.4
    endloop
  endfacet
  facet normal 0 0 -1
    outer loop
      vertex -33.6416 31.2757 2.4
      vertex -33.25 37.25 2.4
      vertex -33.25 31.25 2.4
    endloop
  endfacet
  facet normal 0 0 -1
    outer loop
      vertex -33.6416 31.2757 2.4
      vertex -33.6416 37.2243 2.4
      vertex -33.25 37.25 2.4
    endloop
  endfacet
  facet normal 0 0 -1
    outer loop
      vertex -34.0265 31.3522 2.4
      vertex -33.6416 37.2243 2.4
      vertex -33.6416 31.2757 2.4
    endloop
  endfacet
  facet normal 0 0 -1
    outer loop
      vertex -34.0265 31.3522 2.4
      vertex -34.0265 37.1478 2.4
      vertex -33.6416 37.2243 2.4
    endloop
  endfacet
  facet normal 0 0 -1
    outer loop
      vertex -34.398 31.4784 2.4
      vertex -34.0265 37.1478 2.4
      vertex -34.0265 31.3522 2.4
    endloop
  endfacet
  facet normal 0 0 -1
    outer loop
      vertex -34.398 31.4784 2.4
      vertex -34.398 37.0216 2.4
      vertex -34.0265 37.1478 2.4
    endloop
  endfacet
  facet normal 0 0 -1
    outer loop
      vertex -34.75 31.6519 2.4
      vertex -34.398 37.0216 2.4
      vertex -34.398 31.4784 2.4
    endloop
  endfacet
  facet normal 0 0 -1
    outer loop
      vertex -34.75 31.6519 2.4
      vertex -34.75 36.8481 2.4
      vertex -34.398 37.0216 2.4
    endloop
  endfacet
  facet normal 0 0 -1
    outer loop
      vertex -35.0763 31.8699 2.4
      vertex -34.75 36.8481 2.4
      vertex -34.75 31.6519 2.4
    endloop
  endfacet
  facet normal 0 0 -1
    outer loop
      vertex -35.0763 31.8699 2.4
      vertex -35.0763 36.6301 2.4
      vertex -34.75 36.8481 2.4
    endloop
  endfacet
  facet normal 0 0 -1
    outer loop
      vertex -35.3713 32.1287 2.4
      vertex -35.0763 36.6301 2.4
      vertex -35.0763 31.8699 2.4
    endloop
  endfacet
  facet normal 0 0 -1
    outer loop
      vertex -35.3713 32.1287 2.4
      vertex -35.3713 36.3713 2.4
      vertex -35.0763 36.6301 2.4
    endloop
  endfacet
  facet normal 0 0 -1
    outer loop
      vertex -35.6301 32.4237 2.4
      vertex -35.3713 36.3713 2.4
      vertex -35.3713 32.1287 2.4
    endloop
  endfacet
  facet normal 0 0 -1
    outer loop
      vertex -35.6301 32.4237 2.4
      vertex -35.6301 36.0763 2.4
      vertex -35.3713 36.3713 2.4
    endloop
  endfacet
  facet normal 0 0 -1
    outer loop
      vertex -35.8481 32.75 2.4
      vertex -35.6301 36.0763 2.4
      vertex -35.6301 32.4237 2.4
    endloop
  endfacet
  facet normal 0 0 -1
    outer loop
      vertex -35.8481 32.75 2.4
      vertex -35.8481 35.75 2.4
      vertex -35.6301 36.0763 2.4
    endloop
  endfacet
  facet normal 0 0 -1
    outer loop
      vertex -36.0216 33.102 2.4
      vertex -35.8481 35.75 2.4
      vertex -35.8481 32.75 2.4
    endloop
  endfacet
  facet normal 0 0 -1
    outer loop
      vertex -36.0216 33.102 2.4
      vertex -36.0216 35.398 2.4
      vertex -35.8481 35.75 2.4
    endloop
  endfacet
  facet normal 0 0 -1
    outer loop
      vertex -36.1478 33.4735 2.4
      vertex -36.0216 35.398 2.4
      vertex -36.0216 33.102 2.4
    endloop
  endfacet
  facet normal 0 0 -1
    outer loop
      vertex -36.1478 33.4735 2.4
      vertex -36.1478 35.0265 2.4
      vertex -36.0216 35.398 2.4
    endloop
  endfacet
  facet normal 0 0 -1
    outer loop
      vertex -36.2243 33.8584 2.4
      vertex -36.1478 35.0265 2.4
      vertex -36.1478 33.4735 2.4
    endloop
  endfacet
  facet normal 0 0 -1
    outer loop
      vertex -36.2243 33.8584 2.4
      vertex -36.2243 34.6416 2.4
      vertex -36.1478 35.0265 2.4
    endloop
  endfacet
  facet normal 0 -0 -1
    outer loop
      vertex -36.2243 34.6416 2.4
      vertex -36.2243 33.8584 2.4
      vertex -36.25 34.25 2.4
    endloop
  endfacet
  facet normal 0.946858 0.321651 0
    outer loop
      vertex -30.3522 35.0265 21.4
      vertex -30.4784 35.398 2.4
      vertex -30.4784 35.398 21.4
    endloop
  endfacet
  facet normal 0.946858 0.321651 0
    outer loop
      vertex -30.4784 35.398 2.4
      vertex -30.3522 35.0265 21.4
      vertex -30.3522 35.0265 2.4
    endloop
  endfacet
  facet normal 0.19494 0.980815 -0
    outer loop
      vertex -32.4735 37.1478 2.4
      vertex -32.8584 37.2243 21.4
      vertex -32.4735 37.1478 21.4
    endloop
  endfacet
  facet normal 0.19494 0.980815 0
    outer loop
      vertex -32.8584 37.2243 21.4
      vertex -32.4735 37.1478 2.4
      vertex -32.8584 37.2243 2.4
    endloop
  endfacet
  facet normal 0.659478 0.751724 -0
    outer loop
      vertex -31.1287 36.3713 2.4
      vertex -31.4237 36.6301 21.4
      vertex -31.1287 36.3713 21.4
    endloop
  endfacet
  facet normal 0.659478 0.751724 0
    outer loop
      vertex -31.4237 36.6301 21.4
      vertex -31.1287 36.3713 2.4
      vertex -31.4237 36.6301 2.4
    endloop
  endfacet
  facet normal -0.980815 0.19494 0
    outer loop
      vertex -36.2243 34.6416 2.4
      vertex -36.1478 35.0265 21.4
      vertex -36.1478 35.0265 2.4
    endloop
  endfacet
  facet normal -0.980815 0.19494 0
    outer loop
      vertex -36.1478 35.0265 21.4
      vertex -36.2243 34.6416 2.4
      vertex -36.2243 34.6416 21.4
    endloop
  endfacet
  facet normal -0.555523 0.831501 0
    outer loop
      vertex -34.75 36.8481 2.4
      vertex -35.0763 36.6301 21.4
      vertex -34.75 36.8481 21.4
    endloop
  endfacet
  facet normal -0.555523 0.831501 0
    outer loop
      vertex -35.0763 36.6301 21.4
      vertex -34.75 36.8481 2.4
      vertex -35.0763 36.6301 2.4
    endloop
  endfacet
  facet normal -0.0654873 0.997853 0
    outer loop
      vertex -33.25 37.25 2.4
      vertex -33.6416 37.2243 21.4
      vertex -33.25 37.25 21.4
    endloop
  endfacet
  facet normal -0.0654873 0.997853 0
    outer loop
      vertex -33.6416 37.2243 21.4
      vertex -33.25 37.25 2.4
      vertex -33.6416 37.2243 2.4
    endloop
  endfacet
  facet normal 0.0654873 -0.997853 0
    outer loop
      vertex -33.25 31.25 2.4
      vertex -32.8584 31.2757 21.4
      vertex -33.25 31.25 21.4
    endloop
  endfacet
  facet normal 0.0654873 -0.997853 0
    outer loop
      vertex -32.8584 31.2757 21.4
      vertex -33.25 31.25 2.4
      vertex -32.8584 31.2757 2.4
    endloop
  endfacet
  facet normal 0.321651 -0.946858 0
    outer loop
      vertex -32.4735 31.3522 2.4
      vertex -32.102 31.4784 21.4
      vertex -32.4735 31.3522 21.4
    endloop
  endfacet
  facet normal 0.321651 -0.946858 0
    outer loop
      vertex -32.102 31.4784 21.4
      vertex -32.4735 31.3522 2.4
      vertex -32.102 31.4784 2.4
    endloop
  endfacet
  facet normal 0.555523 -0.831501 0
    outer loop
      vertex -31.75 31.6519 2.4
      vertex -31.4237 31.8699 21.4
      vertex -31.75 31.6519 21.4
    endloop
  endfacet
  facet normal 0.555523 -0.831501 0
    outer loop
      vertex -31.4237 31.8699 21.4
      vertex -31.75 31.6519 2.4
      vertex -31.4237 31.8699 2.4
    endloop
  endfacet
  facet normal 0.896961 -0.44211 0
    outer loop
      vertex -30.6519 32.75 21.4
      vertex -30.4784 33.102 2.4
      vertex -30.4784 33.102 21.4
    endloop
  endfacet
  facet normal 0.896961 -0.44211 0
    outer loop
      vertex -30.4784 33.102 2.4
      vertex -30.6519 32.75 21.4
      vertex -30.6519 32.75 2.4
    endloop
  endfacet
  facet normal 0.751724 -0.659478 0
    outer loop
      vertex -31.1287 32.1287 21.4
      vertex -30.8699 32.4237 2.4
      vertex -30.8699 32.4237 21.4
    endloop
  endfacet
  facet normal 0.751724 -0.659478 0
    outer loop
      vertex -30.8699 32.4237 2.4
      vertex -31.1287 32.1287 21.4
      vertex -31.1287 32.1287 2.4
    endloop
  endfacet
  facet normal 0.831501 -0.555523 0
    outer loop
      vertex -30.8699 32.4237 21.4
      vertex -30.6519 32.75 2.4
      vertex -30.6519 32.75 21.4
    endloop
  endfacet
  facet normal 0.831501 -0.555523 0
    outer loop
      vertex -30.6519 32.75 2.4
      vertex -30.8699 32.4237 21.4
      vertex -30.8699 32.4237 2.4
    endloop
  endfacet
  facet normal -0.659478 -0.751724 0
    outer loop
      vertex -35.3713 32.1287 2.4
      vertex -35.0763 31.8699 21.4
      vertex -35.3713 32.1287 21.4
    endloop
  endfacet
  facet normal -0.659478 -0.751724 -0
    outer loop
      vertex -35.0763 31.8699 21.4
      vertex -35.3713 32.1287 2.4
      vertex -35.0763 31.8699 2.4
    endloop
  endfacet
  facet normal -0.555523 -0.831501 0
    outer loop
      vertex -35.0763 31.8699 2.4
      vertex -34.75 31.6519 21.4
      vertex -35.0763 31.8699 21.4
    endloop
  endfacet
  facet normal -0.555523 -0.831501 -0
    outer loop
      vertex -34.75 31.6519 21.4
      vertex -35.0763 31.8699 2.4
      vertex -34.75 31.6519 2.4
    endloop
  endfacet
  facet normal -0.19494 -0.980815 0
    outer loop
      vertex -34.0265 31.3522 2.4
      vertex -33.6416 31.2757 21.4
      vertex -34.0265 31.3522 21.4
    endloop
  endfacet
  facet normal -0.19494 -0.980815 -0
    outer loop
      vertex -33.6416 31.2757 21.4
      vertex -34.0265 31.3522 2.4
      vertex -33.6416 31.2757 2.4
    endloop
  endfacet
  facet normal -0.751724 -0.659478 0
    outer loop
      vertex -35.3713 32.1287 2.4
      vertex -35.6301 32.4237 21.4
      vertex -35.6301 32.4237 2.4
    endloop
  endfacet
  facet normal -0.751724 -0.659478 0
    outer loop
      vertex -35.6301 32.4237 21.4
      vertex -35.3713 32.1287 2.4
      vertex -35.3713 32.1287 21.4
    endloop
  endfacet
  facet normal -0.946858 -0.321651 0
    outer loop
      vertex -36.0216 33.102 2.4
      vertex -36.1478 33.4735 21.4
      vertex -36.1478 33.4735 2.4
    endloop
  endfacet
  facet normal -0.946858 -0.321651 0
    outer loop
      vertex -36.1478 33.4735 21.4
      vertex -36.0216 33.102 2.4
      vertex -36.0216 33.102 21.4
    endloop
  endfacet
  facet normal -0.997853 -0.0654873 0
    outer loop
      vertex -36.2243 33.8584 2.4
      vertex -36.25 34.25 21.4
      vertex -36.25 34.25 2.4
    endloop
  endfacet
  facet normal -0.997853 -0.0654873 0
    outer loop
      vertex -36.25 34.25 21.4
      vertex -36.2243 33.8584 2.4
      vertex -36.2243 33.8584 21.4
    endloop
  endfacet
  facet normal -0.751724 0.659478 0
    outer loop
      vertex -35.6301 36.0763 2.4
      vertex -35.3713 36.3713 21.4
      vertex -35.3713 36.3713 2.4
    endloop
  endfacet
  facet normal -0.751724 0.659478 0
    outer loop
      vertex -35.3713 36.3713 21.4
      vertex -35.6301 36.0763 2.4
      vertex -35.6301 36.0763 21.4
    endloop
  endfacet
  facet normal 0.19494 -0.980815 0
    outer loop
      vertex -32.8584 31.2757 2.4
      vertex -32.4735 31.3522 21.4
      vertex -32.8584 31.2757 21.4
    endloop
  endfacet
  facet normal 0.19494 -0.980815 0
    outer loop
      vertex -32.4735 31.3522 21.4
      vertex -32.8584 31.2757 2.4
      vertex -32.4735 31.3522 2.4
    endloop
  endfacet
  facet normal 0.980815 -0.19494 0
    outer loop
      vertex -30.3522 33.4735 21.4
      vertex -30.2757 33.8584 2.4
      vertex -30.2757 33.8584 21.4
    endloop
  endfacet
  facet normal 0.980815 -0.19494 0
    outer loop
      vertex -30.2757 33.8584 2.4
      vertex -30.3522 33.4735 21.4
      vertex -30.3522 33.4735 2.4
    endloop
  endfacet
  facet normal 0.997853 -0.0654873 0
    outer loop
      vertex -30.2757 33.8584 21.4
      vertex -30.25 34.25 2.4
      vertex -30.25 34.25 21.4
    endloop
  endfacet
  facet normal 0.997853 -0.0654873 0
    outer loop
      vertex -30.25 34.25 2.4
      vertex -30.2757 33.8584 21.4
      vertex -30.2757 33.8584 2.4
    endloop
  endfacet
  facet normal -0.980815 -0.19494 0
    outer loop
      vertex -36.1478 33.4735 2.4
      vertex -36.2243 33.8584 21.4
      vertex -36.2243 33.8584 2.4
    endloop
  endfacet
  facet normal -0.980815 -0.19494 0
    outer loop
      vertex -36.2243 33.8584 21.4
      vertex -36.1478 33.4735 2.4
      vertex -36.1478 33.4735 21.4
    endloop
  endfacet
  facet normal 0 0 1
    outer loop
      vertex -31.85 34.25 21.4
      vertex -30.25 34.25 21.4
      vertex -30.2757 34.6416 21.4
    endloop
  endfacet
  facet normal 0 0 1
    outer loop
      vertex -31.862 34.4327 21.4
      vertex -30.2757 34.6416 21.4
      vertex -30.3522 35.0265 21.4
    endloop
  endfacet
  facet normal 0 0 1
    outer loop
      vertex -30.25 34.25 21.4
      vertex -31.85 34.25 21.4
      vertex -30.2757 33.8584 21.4
    endloop
  endfacet
  facet normal 0 0 1
    outer loop
      vertex -31.8977 34.6123 21.4
      vertex -30.3522 35.0265 21.4
      vertex -30.4784 35.398 21.4
    endloop
  endfacet
  facet normal -0 0 1
    outer loop
      vertex -31.862 34.0673 21.4
      vertex -30.2757 33.8584 21.4
      vertex -31.85 34.25 21.4
    endloop
  endfacet
  facet normal 0 0 1
    outer loop
      vertex -31.9566 34.7858 21.4
      vertex -30.4784 35.398 21.4
      vertex -30.6519 35.75 21.4
    endloop
  endfacet
  facet normal 0 0 1
    outer loop
      vertex -30.2757 33.8584 21.4
      vertex -31.862 34.0673 21.4
      vertex -30.3522 33.4735 21.4
    endloop
  endfacet
  facet normal 0 0 1
    outer loop
      vertex -32.0376 34.95 21.4
      vertex -30.6519 35.75 21.4
      vertex -30.8699 36.0763 21.4
    endloop
  endfacet
  facet normal -0 0 1
    outer loop
      vertex -31.8977 33.8877 21.4
      vertex -30.3522 33.4735 21.4
      vertex -31.862 34.0673 21.4
    endloop
  endfacet
  facet normal 0 0 1
    outer loop
      vertex -32.1393 35.1023 21.4
      vertex -30.8699 36.0763 21.4
      vertex -31.1287 36.3713 21.4
    endloop
  endfacet
  facet normal 0 0 1
    outer loop
      vertex -30.3522 33.4735 21.4
      vertex -31.8977 33.8877 21.4
      vertex -30.4784 33.102 21.4
    endloop
  endfacet
  facet normal 0 0 1
    outer loop
      vertex -32.2601 35.2399 21.4
      vertex -31.1287 36.3713 21.4
      vertex -31.4237 36.6301 21.4
    endloop
  endfacet
  facet normal -0 0 1
    outer loop
      vertex -31.9566 33.7142 21.4
      vertex -30.4784 33.102 21.4
      vertex -31.8977 33.8877 21.4
    endloop
  endfacet
  facet normal 0 0 1
    outer loop
      vertex -32.3977 35.3607 21.4
      vertex -31.4237 36.6301 21.4
      vertex -31.75 36.8481 21.4
    endloop
  endfacet
  facet normal 0 0 1
    outer loop
      vertex -30.4784 33.102 21.4
      vertex -31.9566 33.7142 21.4
      vertex -30.6519 32.75 21.4
    endloop
  endfacet
  facet normal -0 0 1
    outer loop
      vertex -32.0376 33.55 21.4
      vertex -30.6519 32.75 21.4
      vertex -31.9566 33.7142 21.4
    endloop
  endfacet
  facet normal 0 0 1
    outer loop
      vertex -30.2757 34.6416 21.4
      vertex -31.862 34.4327 21.4
      vertex -31.85 34.25 21.4
    endloop
  endfacet
  facet normal 0 0 1
    outer loop
      vertex -30.3522 35.0265 21.4
      vertex -31.8977 34.6123 21.4
      vertex -31.862 34.4327 21.4
    endloop
  endfacet
  facet normal 0 0 1
    outer loop
      vertex -30.4784 35.398 21.4
      vertex -31.9566 34.7858 21.4
      vertex -31.8977 34.6123 21.4
    endloop
  endfacet
  facet normal 0 0 1
    outer loop
      vertex -30.6519 35.75 21.4
      vertex -32.0376 34.95 21.4
      vertex -31.9566 34.7858 21.4
    endloop
  endfacet
  facet normal 0 0 1
    outer loop
      vertex -32.55 35.4624 21.4
      vertex -31.75 36.8481 21.4
      vertex -32.102 37.0216 21.4
    endloop
  endfacet
  facet normal 0 0 1
    outer loop
      vertex -30.8699 36.0763 21.4
      vertex -32.1393 35.1023 21.4
      vertex -32.0376 34.95 21.4
    endloop
  endfacet
  facet normal 0 0 1
    outer loop
      vertex -31.1287 36.3713 21.4
      vertex -32.2601 35.2399 21.4
      vertex -32.1393 35.1023 21.4
    endloop
  endfacet
  facet normal 0 0 1
    outer loop
      vertex -31.4237 36.6301 21.4
      vertex -32.3977 35.3607 21.4
      vertex -32.2601 35.2399 21.4
    endloop
  endfacet
  facet normal 0 0 1
    outer loop
      vertex -32.7142 35.5434 21.4
      vertex -32.102 37.0216 21.4
      vertex -32.4735 37.1478 21.4
    endloop
  endfacet
  facet normal 0 0 1
    outer loop
      vertex -31.75 36.8481 21.4
      vertex -32.55 35.4624 21.4
      vertex -32.3977 35.3607 21.4
    endloop
  endfacet
  facet normal 0 0 1
    outer loop
      vertex -32.102 37.0216 21.4
      vertex -32.7142 35.5434 21.4
      vertex -32.55 35.4624 21.4
    endloop
  endfacet
  facet normal 0 0 1
    outer loop
      vertex -32.8877 35.6023 21.4
      vertex -32.4735 37.1478 21.4
      vertex -32.8584 37.2243 21.4
    endloop
  endfacet
  facet normal 0 0 1
    outer loop
      vertex -32.4735 37.1478 21.4
      vertex -32.8877 35.6023 21.4
      vertex -32.7142 35.5434 21.4
    endloop
  endfacet
  facet normal 0 0 1
    outer loop
      vertex -32.8584 37.2243 21.4
      vertex -33.0673 35.638 21.4
      vertex -32.8877 35.6023 21.4
    endloop
  endfacet
  facet normal 0 0 1
    outer loop
      vertex -33.25 37.25 21.4
      vertex -33.0673 35.638 21.4
      vertex -32.8584 37.2243 21.4
    endloop
  endfacet
  facet normal 0 0 1
    outer loop
      vertex -33.25 37.25 21.4
      vertex -33.25 35.65 21.4
      vertex -33.0673 35.638 21.4
    endloop
  endfacet
  facet normal 0 0 1
    outer loop
      vertex -33.25 37.25 21.4
      vertex -33.4327 35.638 21.4
      vertex -33.25 35.65 21.4
    endloop
  endfacet
  facet normal -0 0 1
    outer loop
      vertex -33.6416 37.2243 21.4
      vertex -33.4327 35.638 21.4
      vertex -33.25 37.25 21.4
    endloop
  endfacet
  facet normal 0 0 1
    outer loop
      vertex -33.4327 35.638 21.4
      vertex -33.6416 37.2243 21.4
      vertex -33.6123 35.6023 21.4
    endloop
  endfacet
  facet normal -0 0 1
    outer loop
      vertex -34.0265 37.1478 21.4
      vertex -33.6123 35.6023 21.4
      vertex -33.6416 37.2243 21.4
    endloop
  endfacet
  facet normal 0 0 1
    outer loop
      vertex -33.6123 35.6023 21.4
      vertex -34.0265 37.1478 21.4
      vertex -33.7858 35.5434 21.4
    endloop
  endfacet
  facet normal -0 0 1
    outer loop
      vertex -34.398 37.0216 21.4
      vertex -33.7858 35.5434 21.4
      vertex -34.0265 37.1478 21.4
    endloop
  endfacet
  facet normal 0 0 1
    outer loop
      vertex -33.7858 35.5434 21.4
      vertex -34.398 37.0216 21.4
      vertex -33.95 35.4624 21.4
    endloop
  endfacet
  facet normal -0 0 1
    outer loop
      vertex -34.75 36.8481 21.4
      vertex -33.95 35.4624 21.4
      vertex -34.398 37.0216 21.4
    endloop
  endfacet
  facet normal 0 0 1
    outer loop
      vertex -33.95 35.4624 21.4
      vertex -34.75 36.8481 21.4
      vertex -34.1023 35.3607 21.4
    endloop
  endfacet
  facet normal -0 0 1
    outer loop
      vertex -35.0763 36.6301 21.4
      vertex -34.1023 35.3607 21.4
      vertex -34.75 36.8481 21.4
    endloop
  endfacet
  facet normal 0 0 1
    outer loop
      vertex -34.1023 35.3607 21.4
      vertex -35.0763 36.6301 21.4
      vertex -34.2399 35.2399 21.4
    endloop
  endfacet
  facet normal -0 0 1
    outer loop
      vertex -35.3713 36.3713 21.4
      vertex -34.2399 35.2399 21.4
      vertex -35.0763 36.6301 21.4
    endloop
  endfacet
  facet normal 0 0 1
    outer loop
      vertex -34.2399 35.2399 21.4
      vertex -35.3713 36.3713 21.4
      vertex -34.3607 35.1023 21.4
    endloop
  endfacet
  facet normal -0 0 1
    outer loop
      vertex -35.6301 36.0763 21.4
      vertex -34.3607 35.1023 21.4
      vertex -35.3713 36.3713 21.4
    endloop
  endfacet
  facet normal -0 0 1
    outer loop
      vertex -35.8481 35.75 21.4
      vertex -34.4624 34.95 21.4
      vertex -35.6301 36.0763 21.4
    endloop
  endfacet
  facet normal 0 0 1
    outer loop
      vertex -34.3607 35.1023 21.4
      vertex -35.6301 36.0763 21.4
      vertex -34.4624 34.95 21.4
    endloop
  endfacet
  facet normal 0 0 1
    outer loop
      vertex -30.6519 32.75 21.4
      vertex -32.0376 33.55 21.4
      vertex -30.8699 32.4237 21.4
    endloop
  endfacet
  facet normal -0 0 1
    outer loop
      vertex -32.1393 33.3977 21.4
      vertex -30.8699 32.4237 21.4
      vertex -32.0376 33.55 21.4
    endloop
  endfacet
  facet normal 0 0 1
    outer loop
      vertex -30.8699 32.4237 21.4
      vertex -32.1393 33.3977 21.4
      vertex -31.1287 32.1287 21.4
    endloop
  endfacet
  facet normal -0 0 1
    outer loop
      vertex -32.2601 33.2601 21.4
      vertex -31.1287 32.1287 21.4
      vertex -32.1393 33.3977 21.4
    endloop
  endfacet
  facet normal 0 0 1
    outer loop
      vertex -31.1287 32.1287 21.4
      vertex -32.2601 33.2601 21.4
      vertex -31.4237 31.8699 21.4
    endloop
  endfacet
  facet normal -0 0 1
    outer loop
      vertex -32.3977 33.1393 21.4
      vertex -31.4237 31.8699 21.4
      vertex -32.2601 33.2601 21.4
    endloop
  endfacet
  facet normal 0 0 1
    outer loop
      vertex -31.4237 31.8699 21.4
      vertex -32.3977 33.1393 21.4
      vertex -31.75 31.6519 21.4
    endloop
  endfacet
  facet normal -0 0 1
    outer loop
      vertex -32.55 33.0376 21.4
      vertex -31.75 31.6519 21.4
      vertex -32.3977 33.1393 21.4
    endloop
  endfacet
  facet normal 0 0 1
    outer loop
      vertex -31.75 31.6519 21.4
      vertex -32.55 33.0376 21.4
      vertex -32.102 31.4784 21.4
    endloop
  endfacet
  facet normal -0 0 1
    outer loop
      vertex -32.7142 32.9566 21.4
      vertex -32.102 31.4784 21.4
      vertex -32.55 33.0376 21.4
    endloop
  endfacet
  facet normal 0 0 1
    outer loop
      vertex -32.102 31.4784 21.4
      vertex -32.7142 32.9566 21.4
      vertex -32.4735 31.3522 21.4
    endloop
  endfacet
  facet normal -0 0 1
    outer loop
      vertex -32.8877 32.8977 21.4
      vertex -32.4735 31.3522 21.4
      vertex -32.7142 32.9566 21.4
    endloop
  endfacet
  facet normal 0 0 1
    outer loop
      vertex -32.4735 31.3522 21.4
      vertex -32.8877 32.8977 21.4
      vertex -32.8584 31.2757 21.4
    endloop
  endfacet
  facet normal -0 0 1
    outer loop
      vertex -33.0673 32.862 21.4
      vertex -32.8584 31.2757 21.4
      vertex -32.8877 32.8977 21.4
    endloop
  endfacet
  facet normal -0 0 1
    outer loop
      vertex -33.25 32.85 21.4
      vertex -32.8584 31.2757 21.4
      vertex -33.0673 32.862 21.4
    endloop
  endfacet
  facet normal 0 0 1
    outer loop
      vertex -33.25 32.85 21.4
      vertex -33.25 31.25 21.4
      vertex -32.8584 31.2757 21.4
    endloop
  endfacet
  facet normal 0 0 1
    outer loop
      vertex -33.4327 32.862 21.4
      vertex -33.25 31.25 21.4
      vertex -33.25 32.85 21.4
    endloop
  endfacet
  facet normal 0 0 1
    outer loop
      vertex -33.6416 31.2757 21.4
      vertex -33.4327 32.862 21.4
      vertex -33.6123 32.8977 21.4
    endloop
  endfacet
  facet normal 0 0 1
    outer loop
      vertex -33.4327 32.862 21.4
      vertex -33.6416 31.2757 21.4
      vertex -33.25 31.25 21.4
    endloop
  endfacet
  facet normal 0 0 1
    outer loop
      vertex -34.0265 31.3522 21.4
      vertex -33.6123 32.8977 21.4
      vertex -33.7858 32.9566 21.4
    endloop
  endfacet
  facet normal 0 0 1
    outer loop
      vertex -34.398 31.4784 21.4
      vertex -33.7858 32.9566 21.4
      vertex -33.95 33.0376 21.4
    endloop
  endfacet
  facet normal 0 0 1
    outer loop
      vertex -33.6123 32.8977 21.4
      vertex -34.0265 31.3522 21.4
      vertex -33.6416 31.2757 21.4
    endloop
  endfacet
  facet normal 0 0 1
    outer loop
      vertex -34.75 31.6519 21.4
      vertex -33.95 33.0376 21.4
      vertex -34.1023 33.1393 21.4
    endloop
  endfacet
  facet normal 0 0 1
    outer loop
      vertex -35.0763 31.8699 21.4
      vertex -34.1023 33.1393 21.4
      vertex -34.2399 33.2601 21.4
    endloop
  endfacet
  facet normal 0 0 1
    outer loop
      vertex -35.3713 32.1287 21.4
      vertex -34.2399 33.2601 21.4
      vertex -34.3607 33.3977 21.4
    endloop
  endfacet
  facet normal 0 0 1
    outer loop
      vertex -33.7858 32.9566 21.4
      vertex -34.398 31.4784 21.4
      vertex -34.0265 31.3522 21.4
    endloop
  endfacet
  facet normal 0 0 1
    outer loop
      vertex -35.6301 32.4237 21.4
      vertex -34.3607 33.3977 21.4
      vertex -34.4624 33.55 21.4
    endloop
  endfacet
  facet normal 0 0 1
    outer loop
      vertex -35.8481 32.75 21.4
      vertex -34.4624 33.55 21.4
      vertex -34.5434 33.7142 21.4
    endloop
  endfacet
  facet normal 0 0 1
    outer loop
      vertex -36.0216 33.102 21.4
      vertex -34.5434 33.7142 21.4
      vertex -34.6023 33.8877 21.4
    endloop
  endfacet
  facet normal 0 0 1
    outer loop
      vertex -36.1478 33.4735 21.4
      vertex -34.6023 33.8877 21.4
      vertex -34.638 34.0673 21.4
    endloop
  endfacet
  facet normal 0 0 1
    outer loop
      vertex -33.95 33.0376 21.4
      vertex -34.75 31.6519 21.4
      vertex -34.398 31.4784 21.4
    endloop
  endfacet
  facet normal 0 0 1
    outer loop
      vertex -36.2243 33.8584 21.4
      vertex -34.638 34.0673 21.4
      vertex -34.65 34.25 21.4
    endloop
  endfacet
  facet normal 0 0 1
    outer loop
      vertex -34.4624 34.95 21.4
      vertex -35.8481 35.75 21.4
      vertex -34.5434 34.7858 21.4
    endloop
  endfacet
  facet normal -0 0 1
    outer loop
      vertex -36.0216 35.398 21.4
      vertex -34.5434 34.7858 21.4
      vertex -35.8481 35.75 21.4
    endloop
  endfacet
  facet normal 0 0 1
    outer loop
      vertex -34.1023 33.1393 21.4
      vertex -35.0763 31.8699 21.4
      vertex -34.75 31.6519 21.4
    endloop
  endfacet
  facet normal 0 0 1
    outer loop
      vertex -34.5434 34.7858 21.4
      vertex -36.0216 35.398 21.4
      vertex -34.6023 34.6123 21.4
    endloop
  endfacet
  facet normal 0 0 1
    outer loop
      vertex -34.2399 33.2601 21.4
      vertex -35.3713 32.1287 21.4
      vertex -35.0763 31.8699 21.4
    endloop
  endfacet
  facet normal -0 0 1
    outer loop
      vertex -36.1478 35.0265 21.4
      vertex -34.6023 34.6123 21.4
      vertex -36.0216 35.398 21.4
    endloop
  endfacet
  facet normal 0 0 1
    outer loop
      vertex -34.3607 33.3977 21.4
      vertex -35.6301 32.4237 21.4
      vertex -35.3713 32.1287 21.4
    endloop
  endfacet
  facet normal 0 0 1
    outer loop
      vertex -34.6023 34.6123 21.4
      vertex -36.1478 35.0265 21.4
      vertex -34.638 34.4327 21.4
    endloop
  endfacet
  facet normal 0 0 1
    outer loop
      vertex -34.4624 33.55 21.4
      vertex -35.8481 32.75 21.4
      vertex -35.6301 32.4237 21.4
    endloop
  endfacet
  facet normal -0 0 1
    outer loop
      vertex -36.2243 34.6416 21.4
      vertex -34.638 34.4327 21.4
      vertex -36.1478 35.0265 21.4
    endloop
  endfacet
  facet normal 0 0 1
    outer loop
      vertex -34.5434 33.7142 21.4
      vertex -36.0216 33.102 21.4
      vertex -35.8481 32.75 21.4
    endloop
  endfacet
  facet normal 0 0 1
    outer loop
      vertex -34.638 34.4327 21.4
      vertex -36.2243 34.6416 21.4
      vertex -34.65 34.25 21.4
    endloop
  endfacet
  facet normal 0 0 1
    outer loop
      vertex -34.6023 33.8877 21.4
      vertex -36.1478 33.4735 21.4
      vertex -36.0216 33.102 21.4
    endloop
  endfacet
  facet normal 0 0 1
    outer loop
      vertex -36.25 34.25 21.4
      vertex -34.65 34.25 21.4
      vertex -36.2243 34.6416 21.4
    endloop
  endfacet
  facet normal 0 0 1
    outer loop
      vertex -34.638 34.0673 21.4
      vertex -36.2243 33.8584 21.4
      vertex -36.1478 33.4735 21.4
    endloop
  endfacet
  facet normal 0 0 1
    outer loop
      vertex -34.65 34.25 21.4
      vertex -36.25 34.25 21.4
      vertex -36.2243 33.8584 21.4
    endloop
  endfacet
  facet normal 0.659741 0.751493 -0
    outer loop
      vertex -32.2601 35.2399 21.4
      vertex -32.3977 35.3607 23.6
      vertex -32.2601 35.2399 23.6
    endloop
  endfacet
  facet normal 0.659741 0.751493 0
    outer loop
      vertex -32.3977 35.3607 23.6
      vertex -32.2601 35.2399 21.4
      vertex -32.3977 35.3607 21.4
    endloop
  endfacet
  facet normal -0.946922 0.321462 0
    outer loop
      vertex -34.6023 34.6123 21.4
      vertex -34.5434 34.7858 23.6
      vertex -34.5434 34.7858 21.4
    endloop
  endfacet
  facet normal -0.946922 0.321462 0
    outer loop
      vertex -34.5434 34.7858 23.6
      vertex -34.6023 34.6123 21.4
      vertex -34.6023 34.6123 23.6
    endloop
  endfacet
  facet normal 0.980811 -0.194961 0
    outer loop
      vertex -31.8977 33.8877 23.6
      vertex -31.862 34.0673 21.4
      vertex -31.862 34.0673 23.6
    endloop
  endfacet
  facet normal 0.980811 -0.194961 0
    outer loop
      vertex -31.862 34.0673 21.4
      vertex -31.8977 33.8877 23.6
      vertex -31.8977 33.8877 21.4
    endloop
  endfacet
  facet normal -0.321462 -0.946922 0
    outer loop
      vertex -33.7858 32.9566 21.4
      vertex -33.6123 32.8977 23.6
      vertex -33.7858 32.9566 23.6
    endloop
  endfacet
  facet normal -0.321462 -0.946922 -0
    outer loop
      vertex -33.6123 32.8977 23.6
      vertex -33.7858 32.9566 21.4
      vertex -33.6123 32.8977 21.4
    endloop
  endfacet
  facet normal -0.321462 0.946922 0
    outer loop
      vertex -33.6123 35.6023 21.4
      vertex -33.7858 35.5434 23.6
      vertex -33.6123 35.6023 23.6
    endloop
  endfacet
  facet normal -0.321462 0.946922 0
    outer loop
      vertex -33.7858 35.5434 23.6
      vertex -33.6123 35.6023 21.4
      vertex -33.7858 35.5434 21.4
    endloop
  endfacet
  facet normal -0.896817 0.442401 0
    outer loop
      vertex -34.5434 34.7858 21.4
      vertex -34.4624 34.95 23.6
      vertex -34.4624 34.95 21.4
    endloop
  endfacet
  facet normal -0.896817 0.442401 0
    outer loop
      vertex -34.4624 34.95 23.6
      vertex -34.5434 34.7858 21.4
      vertex -34.5434 34.7858 23.6
    endloop
  endfacet
  facet normal 0.980811 0.194961 0
    outer loop
      vertex -31.862 34.4327 23.6
      vertex -31.8977 34.6123 21.4
      vertex -31.8977 34.6123 23.6
    endloop
  endfacet
  facet normal 0.980811 0.194961 0
    outer loop
      vertex -31.8977 34.6123 21.4
      vertex -31.862 34.4327 23.6
      vertex -31.862 34.4327 21.4
    endloop
  endfacet
  facet normal 0.946922 0.321462 0
    outer loop
      vertex -31.8977 34.6123 23.6
      vertex -31.9566 34.7858 21.4
      vertex -31.9566 34.7858 23.6
    endloop
  endfacet
  facet normal 0.946922 0.321462 0
    outer loop
      vertex -31.9566 34.7858 21.4
      vertex -31.8977 34.6123 23.6
      vertex -31.8977 34.6123 21.4
    endloop
  endfacet
  facet normal 0.896817 0.442401 0
    outer loop
      vertex -31.9566 34.7858 23.6
      vertex -32.0376 34.95 21.4
      vertex -32.0376 34.95 23.6
    endloop
  endfacet
  facet normal 0.896817 0.442401 0
    outer loop
      vertex -32.0376 34.95 21.4
      vertex -31.9566 34.7858 23.6
      vertex -31.9566 34.7858 21.4
    endloop
  endfacet
  facet normal 0.442401 0.896817 -0
    outer loop
      vertex -32.55 35.4624 21.4
      vertex -32.7142 35.5434 23.6
      vertex -32.55 35.4624 23.6
    endloop
  endfacet
  facet normal 0.442401 0.896817 0
    outer loop
      vertex -32.7142 35.5434 23.6
      vertex -32.55 35.4624 21.4
      vertex -32.7142 35.5434 21.4
    endloop
  endfacet
  facet normal 0.321462 0.946922 -0
    outer loop
      vertex -32.7142 35.5434 21.4
      vertex -32.8877 35.6023 23.6
      vertex -32.7142 35.5434 23.6
    endloop
  endfacet
  facet normal 0.321462 0.946922 0
    outer loop
      vertex -32.8877 35.6023 23.6
      vertex -32.7142 35.5434 21.4
      vertex -32.8877 35.6023 21.4
    endloop
  endfacet
  facet normal -0.751493 0.659741 0
    outer loop
      vertex -34.3607 35.1023 21.4
      vertex -34.2399 35.2399 23.6
      vertex -34.2399 35.2399 21.4
    endloop
  endfacet
  facet normal -0.751493 0.659741 0
    outer loop
      vertex -34.2399 35.2399 23.6
      vertex -34.3607 35.1023 21.4
      vertex -34.3607 35.1023 23.6
    endloop
  endfacet
  facet normal -0.442401 0.896817 0
    outer loop
      vertex -33.7858 35.5434 21.4
      vertex -33.95 35.4624 23.6
      vertex -33.7858 35.5434 23.6
    endloop
  endfacet
  facet normal -0.442401 0.896817 0
    outer loop
      vertex -33.95 35.4624 23.6
      vertex -33.7858 35.5434 21.4
      vertex -33.95 35.4624 21.4
    endloop
  endfacet
  facet normal -0.194961 0.980811 0
    outer loop
      vertex -33.4327 35.638 21.4
      vertex -33.6123 35.6023 23.6
      vertex -33.4327 35.638 23.6
    endloop
  endfacet
  facet normal -0.194961 0.980811 0
    outer loop
      vertex -33.6123 35.6023 23.6
      vertex -33.4327 35.638 21.4
      vertex -33.6123 35.6023 21.4
    endloop
  endfacet
  facet normal 0.99785 0.0655402 0
    outer loop
      vertex -31.85 34.25 23.6
      vertex -31.862 34.4327 21.4
      vertex -31.862 34.4327 23.6
    endloop
  endfacet
  facet normal 0.99785 0.0655402 0
    outer loop
      vertex -31.862 34.4327 21.4
      vertex -31.85 34.25 23.6
      vertex -31.85 34.25 21.4
    endloop
  endfacet
  facet normal 0.946922 -0.321462 0
    outer loop
      vertex -31.9566 33.7142 23.6
      vertex -31.8977 33.8877 21.4
      vertex -31.8977 33.8877 23.6
    endloop
  endfacet
  facet normal 0.946922 -0.321462 0
    outer loop
      vertex -31.8977 33.8877 21.4
      vertex -31.9566 33.7142 23.6
      vertex -31.9566 33.7142 21.4
    endloop
  endfacet
  facet normal 0.321462 -0.946922 0
    outer loop
      vertex -32.8877 32.8977 21.4
      vertex -32.7142 32.9566 23.6
      vertex -32.8877 32.8977 23.6
    endloop
  endfacet
  facet normal 0.321462 -0.946922 0
    outer loop
      vertex -32.7142 32.9566 23.6
      vertex -32.8877 32.8977 21.4
      vertex -32.7142 32.9566 21.4
    endloop
  endfacet
  facet normal 0.442401 -0.896817 0
    outer loop
      vertex -32.7142 32.9566 21.4
      vertex -32.55 33.0376 23.6
      vertex -32.7142 32.9566 23.6
    endloop
  endfacet
  facet normal 0.442401 -0.896817 0
    outer loop
      vertex -32.55 33.0376 23.6
      vertex -32.7142 32.9566 21.4
      vertex -32.55 33.0376 21.4
    endloop
  endfacet
  facet normal -0.194961 -0.980811 0
    outer loop
      vertex -33.6123 32.8977 21.4
      vertex -33.4327 32.862 23.6
      vertex -33.6123 32.8977 23.6
    endloop
  endfacet
  facet normal -0.194961 -0.980811 -0
    outer loop
      vertex -33.4327 32.862 23.6
      vertex -33.6123 32.8977 21.4
      vertex -33.4327 32.862 21.4
    endloop
  endfacet
  facet normal -0.659741 -0.751493 0
    outer loop
      vertex -34.2399 33.2601 21.4
      vertex -34.1023 33.1393 23.6
      vertex -34.2399 33.2601 23.6
    endloop
  endfacet
  facet normal -0.659741 -0.751493 -0
    outer loop
      vertex -34.1023 33.1393 23.6
      vertex -34.2399 33.2601 21.4
      vertex -34.1023 33.1393 21.4
    endloop
  endfacet
  facet normal -0.896817 -0.442401 0
    outer loop
      vertex -34.4624 33.55 21.4
      vertex -34.5434 33.7142 23.6
      vertex -34.5434 33.7142 21.4
    endloop
  endfacet
  facet normal -0.896817 -0.442401 0
    outer loop
      vertex -34.5434 33.7142 23.6
      vertex -34.4624 33.55 21.4
      vertex -34.4624 33.55 23.6
    endloop
  endfacet
  facet normal -0.980811 -0.194961 0
    outer loop
      vertex -34.6023 33.8877 21.4
      vertex -34.638 34.0673 23.6
      vertex -34.638 34.0673 21.4
    endloop
  endfacet
  facet normal -0.980811 -0.194961 0
    outer loop
      vertex -34.638 34.0673 23.6
      vertex -34.6023 33.8877 21.4
      vertex -34.6023 33.8877 23.6
    endloop
  endfacet
  facet normal 0.83163 0.55533 0
    outer loop
      vertex -32.0376 34.95 23.6
      vertex -32.1393 35.1023 21.4
      vertex -32.1393 35.1023 23.6
    endloop
  endfacet
  facet normal 0.83163 0.55533 0
    outer loop
      vertex -32.1393 35.1023 21.4
      vertex -32.0376 34.95 23.6
      vertex -32.0376 34.95 21.4
    endloop
  endfacet
  facet normal 0.751493 0.659741 0
    outer loop
      vertex -32.1393 35.1023 23.6
      vertex -32.2601 35.2399 21.4
      vertex -32.2601 35.2399 23.6
    endloop
  endfacet
  facet normal 0.751493 0.659741 0
    outer loop
      vertex -32.2601 35.2399 21.4
      vertex -32.1393 35.1023 23.6
      vertex -32.1393 35.1023 21.4
    endloop
  endfacet
  facet normal 0.55533 0.83163 -0
    outer loop
      vertex -32.3977 35.3607 21.4
      vertex -32.55 35.4624 23.6
      vertex -32.3977 35.3607 23.6
    endloop
  endfacet
  facet normal 0.55533 0.83163 0
    outer loop
      vertex -32.55 35.4624 23.6
      vertex -32.3977 35.3607 21.4
      vertex -32.55 35.4624 21.4
    endloop
  endfacet
  facet normal 0.0655402 0.99785 -0
    outer loop
      vertex -33.0673 35.638 21.4
      vertex -33.25 35.65 23.6
      vertex -33.0673 35.638 23.6
    endloop
  endfacet
  facet normal 0.0655402 0.99785 0
    outer loop
      vertex -33.25 35.65 23.6
      vertex -33.0673 35.638 21.4
      vertex -33.25 35.65 21.4
    endloop
  endfacet
  facet normal -0.99785 0.0655402 0
    outer loop
      vertex -34.65 34.25 21.4
      vertex -34.638 34.4327 23.6
      vertex -34.638 34.4327 21.4
    endloop
  endfacet
  facet normal -0.99785 0.0655402 0
    outer loop
      vertex -34.638 34.4327 23.6
      vertex -34.65 34.25 21.4
      vertex -34.65 34.25 23.6
    endloop
  endfacet
  facet normal -0.83163 0.55533 0
    outer loop
      vertex -34.4624 34.95 21.4
      vertex -34.3607 35.1023 23.6
      vertex -34.3607 35.1023 21.4
    endloop
  endfacet
  facet normal -0.83163 0.55533 0
    outer loop
      vertex -34.3607 35.1023 23.6
      vertex -34.4624 34.95 21.4
      vertex -34.4624 34.95 23.6
    endloop
  endfacet
  facet normal -0.0655402 0.99785 0
    outer loop
      vertex -33.25 35.65 21.4
      vertex -33.4327 35.638 23.6
      vertex -33.25 35.65 23.6
    endloop
  endfacet
  facet normal -0.0655402 0.99785 0
    outer loop
      vertex -33.4327 35.638 23.6
      vertex -33.25 35.65 21.4
      vertex -33.4327 35.638 21.4
    endloop
  endfacet
  facet normal -0.55533 0.83163 0
    outer loop
      vertex -33.95 35.4624 21.4
      vertex -34.1023 35.3607 23.6
      vertex -33.95 35.4624 23.6
    endloop
  endfacet
  facet normal -0.55533 0.83163 0
    outer loop
      vertex -34.1023 35.3607 23.6
      vertex -33.95 35.4624 21.4
      vertex -34.1023 35.3607 21.4
    endloop
  endfacet
  facet normal -0.659741 0.751493 0
    outer loop
      vertex -34.1023 35.3607 21.4
      vertex -34.2399 35.2399 23.6
      vertex -34.1023 35.3607 23.6
    endloop
  endfacet
  facet normal -0.659741 0.751493 0
    outer loop
      vertex -34.2399 35.2399 23.6
      vertex -34.1023 35.3607 21.4
      vertex -34.2399 35.2399 21.4
    endloop
  endfacet
  facet normal 0.99785 -0.0655402 0
    outer loop
      vertex -31.862 34.0673 23.6
      vertex -31.85 34.25 21.4
      vertex -31.85 34.25 23.6
    endloop
  endfacet
  facet normal 0.99785 -0.0655402 0
    outer loop
      vertex -31.85 34.25 21.4
      vertex -31.862 34.0673 23.6
      vertex -31.862 34.0673 21.4
    endloop
  endfacet
  facet normal 0.0655402 -0.99785 0
    outer loop
      vertex -33.25 32.85 21.4
      vertex -33.0673 32.862 23.6
      vertex -33.25 32.85 23.6
    endloop
  endfacet
  facet normal 0.0655402 -0.99785 0
    outer loop
      vertex -33.0673 32.862 23.6
      vertex -33.25 32.85 21.4
      vertex -33.0673 32.862 21.4
    endloop
  endfacet
  facet normal 0.751493 -0.659741 0
    outer loop
      vertex -32.2601 33.2601 23.6
      vertex -32.1393 33.3977 21.4
      vertex -32.1393 33.3977 23.6
    endloop
  endfacet
  facet normal 0.751493 -0.659741 0
    outer loop
      vertex -32.1393 33.3977 21.4
      vertex -32.2601 33.2601 23.6
      vertex -32.2601 33.2601 21.4
    endloop
  endfacet
  facet normal 0.896817 -0.442401 0
    outer loop
      vertex -32.0376 33.55 23.6
      vertex -31.9566 33.7142 21.4
      vertex -31.9566 33.7142 23.6
    endloop
  endfacet
  facet normal 0.896817 -0.442401 0
    outer loop
      vertex -31.9566 33.7142 21.4
      vertex -32.0376 33.55 23.6
      vertex -32.0376 33.55 21.4
    endloop
  endfacet
  facet normal 0.194961 -0.980811 0
    outer loop
      vertex -33.0673 32.862 21.4
      vertex -32.8877 32.8977 23.6
      vertex -33.0673 32.862 23.6
    endloop
  endfacet
  facet normal 0.194961 -0.980811 0
    outer loop
      vertex -32.8877 32.8977 23.6
      vertex -33.0673 32.862 21.4
      vertex -32.8877 32.8977 21.4
    endloop
  endfacet
  facet normal 0.659741 -0.751493 0
    outer loop
      vertex -32.3977 33.1393 21.4
      vertex -32.2601 33.2601 23.6
      vertex -32.3977 33.1393 23.6
    endloop
  endfacet
  facet normal 0.659741 -0.751493 0
    outer loop
      vertex -32.2601 33.2601 23.6
      vertex -32.3977 33.1393 21.4
      vertex -32.2601 33.2601 21.4
    endloop
  endfacet
  facet normal 0.55533 -0.83163 0
    outer loop
      vertex -32.55 33.0376 21.4
      vertex -32.3977 33.1393 23.6
      vertex -32.55 33.0376 23.6
    endloop
  endfacet
  facet normal 0.55533 -0.83163 0
    outer loop
      vertex -32.3977 33.1393 23.6
      vertex -32.55 33.0376 21.4
      vertex -32.3977 33.1393 21.4
    endloop
  endfacet
  facet normal -0.0655402 -0.99785 0
    outer loop
      vertex -33.4327 32.862 21.4
      vertex -33.25 32.85 23.6
      vertex -33.4327 32.862 23.6
    endloop
  endfacet
  facet normal -0.0655402 -0.99785 -0
    outer loop
      vertex -33.25 32.85 23.6
      vertex -33.4327 32.862 21.4
      vertex -33.25 32.85 21.4
    endloop
  endfacet
  facet normal -0.442401 -0.896817 0
    outer loop
      vertex -33.95 33.0376 21.4
      vertex -33.7858 32.9566 23.6
      vertex -33.95 33.0376 23.6
    endloop
  endfacet
  facet normal -0.442401 -0.896817 -0
    outer loop
      vertex -33.7858 32.9566 23.6
      vertex -33.95 33.0376 21.4
      vertex -33.7858 32.9566 21.4
    endloop
  endfacet
  facet normal -0.946922 -0.321462 0
    outer loop
      vertex -34.5434 33.7142 21.4
      vertex -34.6023 33.8877 23.6
      vertex -34.6023 33.8877 21.4
    endloop
  endfacet
  facet normal -0.946922 -0.321462 0
    outer loop
      vertex -34.6023 33.8877 23.6
      vertex -34.5434 33.7142 21.4
      vertex -34.5434 33.7142 23.6
    endloop
  endfacet
  facet normal -0.99785 -0.0655402 0
    outer loop
      vertex -34.638 34.0673 21.4
      vertex -34.65 34.25 23.6
      vertex -34.65 34.25 21.4
    endloop
  endfacet
  facet normal -0.99785 -0.0655402 0
    outer loop
      vertex -34.65 34.25 23.6
      vertex -34.638 34.0673 21.4
      vertex -34.638 34.0673 23.6
    endloop
  endfacet
  facet normal -0.83163 -0.55533 0
    outer loop
      vertex -34.3607 33.3977 21.4
      vertex -34.4624 33.55 23.6
      vertex -34.4624 33.55 21.4
    endloop
  endfacet
  facet normal -0.83163 -0.55533 0
    outer loop
      vertex -34.4624 33.55 23.6
      vertex -34.3607 33.3977 21.4
      vertex -34.3607 33.3977 23.6
    endloop
  endfacet
  facet normal -0.751493 -0.659741 0
    outer loop
      vertex -34.2399 33.2601 21.4
      vertex -34.3607 33.3977 23.6
      vertex -34.3607 33.3977 21.4
    endloop
  endfacet
  facet normal -0.751493 -0.659741 0
    outer loop
      vertex -34.3607 33.3977 23.6
      vertex -34.2399 33.2601 21.4
      vertex -34.2399 33.2601 23.6
    endloop
  endfacet
  facet normal 0.194961 0.980811 -0
    outer loop
      vertex -32.8877 35.6023 21.4
      vertex -33.0673 35.638 23.6
      vertex -32.8877 35.6023 23.6
    endloop
  endfacet
  facet normal 0.194961 0.980811 0
    outer loop
      vertex -33.0673 35.638 23.6
      vertex -32.8877 35.6023 21.4
      vertex -33.0673 35.638 21.4
    endloop
  endfacet
  facet normal 0 0 1
    outer loop
      vertex -31.862 34.4327 23.6
      vertex -31.862 34.0673 23.6
      vertex -31.85 34.25 23.6
    endloop
  endfacet
  facet normal 0 0 1
    outer loop
      vertex -31.8977 34.6123 23.6
      vertex -31.862 34.0673 23.6
      vertex -31.862 34.4327 23.6
    endloop
  endfacet
  facet normal 0 0 1
    outer loop
      vertex -31.8977 34.6123 23.6
      vertex -31.8977 33.8877 23.6
      vertex -31.862 34.0673 23.6
    endloop
  endfacet
  facet normal 0 0 1
    outer loop
      vertex -31.9566 34.7858 23.6
      vertex -31.8977 33.8877 23.6
      vertex -31.8977 34.6123 23.6
    endloop
  endfacet
  facet normal 0 0 1
    outer loop
      vertex -31.9566 34.7858 23.6
      vertex -31.9566 33.7142 23.6
      vertex -31.8977 33.8877 23.6
    endloop
  endfacet
  facet normal 0 0 1
    outer loop
      vertex -32.0376 34.95 23.6
      vertex -31.9566 33.7142 23.6
      vertex -31.9566 34.7858 23.6
    endloop
  endfacet
  facet normal 0 0 1
    outer loop
      vertex -32.0376 34.95 23.6
      vertex -32.0376 33.55 23.6
      vertex -31.9566 33.7142 23.6
    endloop
  endfacet
  facet normal 0 0 1
    outer loop
      vertex -32.1393 35.1023 23.6
      vertex -32.0376 33.55 23.6
      vertex -32.0376 34.95 23.6
    endloop
  endfacet
  facet normal 0 0 1
    outer loop
      vertex -32.1393 35.1023 23.6
      vertex -32.1393 33.3977 23.6
      vertex -32.0376 33.55 23.6
    endloop
  endfacet
  facet normal 0 0 1
    outer loop
      vertex -32.2601 35.2399 23.6
      vertex -32.1393 33.3977 23.6
      vertex -32.1393 35.1023 23.6
    endloop
  endfacet
  facet normal 0 0 1
    outer loop
      vertex -32.2601 35.2399 23.6
      vertex -32.2601 33.2601 23.6
      vertex -32.1393 33.3977 23.6
    endloop
  endfacet
  facet normal 0 0 1
    outer loop
      vertex -32.3977 35.3607 23.6
      vertex -32.2601 33.2601 23.6
      vertex -32.2601 35.2399 23.6
    endloop
  endfacet
  facet normal 0 0 1
    outer loop
      vertex -32.3977 35.3607 23.6
      vertex -32.3977 33.1393 23.6
      vertex -32.2601 33.2601 23.6
    endloop
  endfacet
  facet normal 0 0 1
    outer loop
      vertex -32.55 35.4624 23.6
      vertex -32.3977 33.1393 23.6
      vertex -32.3977 35.3607 23.6
    endloop
  endfacet
  facet normal 0 0 1
    outer loop
      vertex -32.55 35.4624 23.6
      vertex -32.55 33.0376 23.6
      vertex -32.3977 33.1393 23.6
    endloop
  endfacet
  facet normal 0 0 1
    outer loop
      vertex -32.7142 35.5434 23.6
      vertex -32.55 33.0376 23.6
      vertex -32.55 35.4624 23.6
    endloop
  endfacet
  facet normal 0 0 1
    outer loop
      vertex -32.7142 35.5434 23.6
      vertex -32.7142 32.9566 23.6
      vertex -32.55 33.0376 23.6
    endloop
  endfacet
  facet normal 0 0 1
    outer loop
      vertex -32.8877 35.6023 23.6
      vertex -32.7142 32.9566 23.6
      vertex -32.7142 35.5434 23.6
    endloop
  endfacet
  facet normal 0 0 1
    outer loop
      vertex -32.8877 35.6023 23.6
      vertex -32.8877 32.8977 23.6
      vertex -32.7142 32.9566 23.6
    endloop
  endfacet
  facet normal 0 0 1
    outer loop
      vertex -33.0673 35.638 23.6
      vertex -32.8877 32.8977 23.6
      vertex -32.8877 35.6023 23.6
    endloop
  endfacet
  facet normal 0 0 1
    outer loop
      vertex -33.0673 35.638 23.6
      vertex -33.0673 32.862 23.6
      vertex -32.8877 32.8977 23.6
    endloop
  endfacet
  facet normal 0 0 1
    outer loop
      vertex -33.25 35.65 23.6
      vertex -33.0673 32.862 23.6
      vertex -33.0673 35.638 23.6
    endloop
  endfacet
  facet normal 0 0 1
    outer loop
      vertex -33.25 35.65 23.6
      vertex -33.25 32.85 23.6
      vertex -33.0673 32.862 23.6
    endloop
  endfacet
  facet normal -0 0 1
    outer loop
      vertex -33.4327 35.638 23.6
      vertex -33.25 32.85 23.6
      vertex -33.25 35.65 23.6
    endloop
  endfacet
  facet normal 0 0 1
    outer loop
      vertex -33.4327 35.638 23.6
      vertex -33.4327 32.862 23.6
      vertex -33.25 32.85 23.6
    endloop
  endfacet
  facet normal -0 0 1
    outer loop
      vertex -33.6123 35.6023 23.6
      vertex -33.4327 32.862 23.6
      vertex -33.4327 35.638 23.6
    endloop
  endfacet
  facet normal 0 0 1
    outer loop
      vertex -33.6123 35.6023 23.6
      vertex -33.6123 32.8977 23.6
      vertex -33.4327 32.862 23.6
    endloop
  endfacet
  facet normal -0 0 1
    outer loop
      vertex -33.7858 35.5434 23.6
      vertex -33.6123 32.8977 23.6
      vertex -33.6123 35.6023 23.6
    endloop
  endfacet
  facet normal 0 0 1
    outer loop
      vertex -33.7858 35.5434 23.6
      vertex -33.7858 32.9566 23.6
      vertex -33.6123 32.8977 23.6
    endloop
  endfacet
  facet normal -0 0 1
    outer loop
      vertex -33.95 35.4624 23.6
      vertex -33.7858 32.9566 23.6
      vertex -33.7858 35.5434 23.6
    endloop
  endfacet
  facet normal 0 0 1
    outer loop
      vertex -33.95 35.4624 23.6
      vertex -33.95 33.0376 23.6
      vertex -33.7858 32.9566 23.6
    endloop
  endfacet
  facet normal -0 0 1
    outer loop
      vertex -34.1023 35.3607 23.6
      vertex -33.95 33.0376 23.6
      vertex -33.95 35.4624 23.6
    endloop
  endfacet
  facet normal 0 0 1
    outer loop
      vertex -34.1023 35.3607 23.6
      vertex -34.1023 33.1393 23.6
      vertex -33.95 33.0376 23.6
    endloop
  endfacet
  facet normal -0 0 1
    outer loop
      vertex -34.2399 35.2399 23.6
      vertex -34.1023 33.1393 23.6
      vertex -34.1023 35.3607 23.6
    endloop
  endfacet
  facet normal 0 0 1
    outer loop
      vertex -34.2399 35.2399 23.6
      vertex -34.2399 33.2601 23.6
      vertex -34.1023 33.1393 23.6
    endloop
  endfacet
  facet normal -0 0 1
    outer loop
      vertex -34.3607 35.1023 23.6
      vertex -34.2399 33.2601 23.6
      vertex -34.2399 35.2399 23.6
    endloop
  endfacet
  facet normal 0 0 1
    outer loop
      vertex -34.3607 35.1023 23.6
      vertex -34.3607 33.3977 23.6
      vertex -34.2399 33.2601 23.6
    endloop
  endfacet
  facet normal -0 0 1
    outer loop
      vertex -34.4624 34.95 23.6
      vertex -34.3607 33.3977 23.6
      vertex -34.3607 35.1023 23.6
    endloop
  endfacet
  facet normal 0 0 1
    outer loop
      vertex -34.4624 34.95 23.6
      vertex -34.4624 33.55 23.6
      vertex -34.3607 33.3977 23.6
    endloop
  endfacet
  facet normal -0 0 1
    outer loop
      vertex -34.5434 34.7858 23.6
      vertex -34.4624 33.55 23.6
      vertex -34.4624 34.95 23.6
    endloop
  endfacet
  facet normal 0 0 1
    outer loop
      vertex -34.5434 34.7858 23.6
      vertex -34.5434 33.7142 23.6
      vertex -34.4624 33.55 23.6
    endloop
  endfacet
  facet normal -0 0 1
    outer loop
      vertex -34.6023 34.6123 23.6
      vertex -34.5434 33.7142 23.6
      vertex -34.5434 34.7858 23.6
    endloop
  endfacet
  facet normal 0 0 1
    outer loop
      vertex -34.6023 34.6123 23.6
      vertex -34.6023 33.8877 23.6
      vertex -34.5434 33.7142 23.6
    endloop
  endfacet
  facet normal -0 0 1
    outer loop
      vertex -34.638 34.4327 23.6
      vertex -34.6023 33.8877 23.6
      vertex -34.6023 34.6123 23.6
    endloop
  endfacet
  facet normal 0 0 1
    outer loop
      vertex -34.638 34.4327 23.6
      vertex -34.638 34.0673 23.6
      vertex -34.6023 33.8877 23.6
    endloop
  endfacet
  facet normal 0 -0 1
    outer loop
      vertex -34.638 34.0673 23.6
      vertex -34.638 34.4327 23.6
      vertex -34.65 34.25 23.6
    endloop
  endfacet
  facet normal -0.980811 0.194961 0
    outer loop
      vertex -34.638 34.4327 21.4
      vertex -34.6023 34.6123 23.6
      vertex -34.6023 34.6123 21.4
    endloop
  endfacet
  facet normal -0.980811 0.194961 0
    outer loop
      vertex -34.6023 34.6123 23.6
      vertex -34.638 34.4327 21.4
      vertex -34.638 34.4327 23.6
    endloop
  endfacet
  facet normal 0.83163 -0.55533 0
    outer loop
      vertex -32.1393 33.3977 23.6
      vertex -32.0376 33.55 21.4
      vertex -32.0376 33.55 23.6
    endloop
  endfacet
  facet normal 0.83163 -0.55533 0
    outer loop
      vertex -32.0376 33.55 21.4
      vertex -32.1393 33.3977 23.6
      vertex -32.1393 33.3977 21.4
    endloop
  endfacet
  facet normal -0.55533 -0.83163 0
    outer loop
      vertex -34.1023 33.1393 21.4
      vertex -33.95 33.0376 23.6
      vertex -34.1023 33.1393 23.6
    endloop
  endfacet
  facet normal -0.55533 -0.83163 -0
    outer loop
      vertex -33.95 33.0376 23.6
      vertex -34.1023 33.1393 21.4
      vertex -33.95 33.0376 21.4
    endloop
  endfacet
  facet normal 0.659478 0.751724 -0
    outer loop
      vertex 35.3713 -32.1287 2.4
      vertex 35.0763 -31.8699 21.4
      vertex 35.3713 -32.1287 21.4
    endloop
  endfacet
  facet normal 0.659478 0.751724 0
    outer loop
      vertex 35.0763 -31.8699 21.4
      vertex 35.3713 -32.1287 2.4
      vertex 35.0763 -31.8699 2.4
    endloop
  endfacet
  facet normal -0.321651 -0.946858 0
    outer loop
      vertex 32.102 -37.0216 2.4
      vertex 32.4735 -37.1478 21.4
      vertex 32.102 -37.0216 21.4
    endloop
  endfacet
  facet normal -0.321651 -0.946858 -0
    outer loop
      vertex 32.4735 -37.1478 21.4
      vertex 32.102 -37.0216 2.4
      vertex 32.4735 -37.1478 2.4
    endloop
  endfacet
  facet normal -0.321651 0.946858 0
    outer loop
      vertex 32.4735 -31.3522 2.4
      vertex 32.102 -31.4784 21.4
      vertex 32.4735 -31.3522 21.4
    endloop
  endfacet
  facet normal -0.321651 0.946858 0
    outer loop
      vertex 32.102 -31.4784 21.4
      vertex 32.4735 -31.3522 2.4
      vertex 32.102 -31.4784 2.4
    endloop
  endfacet
  facet normal -0.896961 0.44211 0
    outer loop
      vertex 30.4784 -33.102 2.4
      vertex 30.6519 -32.75 21.4
      vertex 30.6519 -32.75 2.4
    endloop
  endfacet
  facet normal -0.896961 0.44211 0
    outer loop
      vertex 30.6519 -32.75 21.4
      vertex 30.4784 -33.102 2.4
      vertex 30.4784 -33.102 21.4
    endloop
  endfacet
  facet normal 0.896961 0.44211 0
    outer loop
      vertex 36.0216 -33.102 21.4
      vertex 35.8481 -32.75 2.4
      vertex 35.8481 -32.75 21.4
    endloop
  endfacet
  facet normal 0.896961 0.44211 0
    outer loop
      vertex 35.8481 -32.75 2.4
      vertex 36.0216 -33.102 21.4
      vertex 36.0216 -33.102 2.4
    endloop
  endfacet
  facet normal 0.980815 0.19494 0
    outer loop
      vertex 36.2243 -33.8584 21.4
      vertex 36.1478 -33.4735 2.4
      vertex 36.1478 -33.4735 21.4
    endloop
  endfacet
  facet normal 0.980815 0.19494 0
    outer loop
      vertex 36.1478 -33.4735 2.4
      vertex 36.2243 -33.8584 21.4
      vertex 36.2243 -33.8584 2.4
    endloop
  endfacet
  facet normal 0.831501 0.555523 0
    outer loop
      vertex 35.8481 -32.75 21.4
      vertex 35.6301 -32.4237 2.4
      vertex 35.6301 -32.4237 21.4
    endloop
  endfacet
  facet normal 0.831501 0.555523 0
    outer loop
      vertex 35.6301 -32.4237 2.4
      vertex 35.8481 -32.75 21.4
      vertex 35.8481 -32.75 2.4
    endloop
  endfacet
  facet normal 0.751724 0.659478 0
    outer loop
      vertex 35.6301 -32.4237 21.4
      vertex 35.3713 -32.1287 2.4
      vertex 35.3713 -32.1287 21.4
    endloop
  endfacet
  facet normal 0.751724 0.659478 0
    outer loop
      vertex 35.3713 -32.1287 2.4
      vertex 35.6301 -32.4237 21.4
      vertex 35.6301 -32.4237 2.4
    endloop
  endfacet
  facet normal 0.44211 0.896961 -0
    outer loop
      vertex 34.75 -31.6519 2.4
      vertex 34.398 -31.4784 21.4
      vertex 34.75 -31.6519 21.4
    endloop
  endfacet
  facet normal 0.44211 0.896961 0
    outer loop
      vertex 34.398 -31.4784 21.4
      vertex 34.75 -31.6519 2.4
      vertex 34.398 -31.4784 2.4
    endloop
  endfacet
  facet normal 0.19494 0.980815 -0
    outer loop
      vertex 34.0265 -31.3522 2.4
      vertex 33.6416 -31.2757 21.4
      vertex 34.0265 -31.3522 21.4
    endloop
  endfacet
  facet normal 0.19494 0.980815 0
    outer loop
      vertex 33.6416 -31.2757 21.4
      vertex 34.0265 -31.3522 2.4
      vertex 33.6416 -31.2757 2.4
    endloop
  endfacet
  facet normal -0.980815 0.19494 0
    outer loop
      vertex 30.2757 -33.8584 2.4
      vertex 30.3522 -33.4735 21.4
      vertex 30.3522 -33.4735 2.4
    endloop
  endfacet
  facet normal -0.980815 0.19494 0
    outer loop
      vertex 30.3522 -33.4735 21.4
      vertex 30.2757 -33.8584 2.4
      vertex 30.2757 -33.8584 21.4
    endloop
  endfacet
  facet normal -0.751724 0.659478 0
    outer loop
      vertex 30.8699 -32.4237 2.4
      vertex 31.1287 -32.1287 21.4
      vertex 31.1287 -32.1287 2.4
    endloop
  endfacet
  facet normal -0.751724 0.659478 0
    outer loop
      vertex 31.1287 -32.1287 21.4
      vertex 30.8699 -32.4237 2.4
      vertex 30.8699 -32.4237 21.4
    endloop
  endfacet
  facet normal -0.44211 0.896961 0
    outer loop
      vertex 32.102 -31.4784 2.4
      vertex 31.75 -31.6519 21.4
      vertex 32.102 -31.4784 21.4
    endloop
  endfacet
  facet normal -0.44211 0.896961 0
    outer loop
      vertex 31.75 -31.6519 21.4
      vertex 32.102 -31.4784 2.4
      vertex 31.75 -31.6519 2.4
    endloop
  endfacet
  facet normal -0.19494 0.980815 0
    outer loop
      vertex 32.8584 -31.2757 2.4
      vertex 32.4735 -31.3522 21.4
      vertex 32.8584 -31.2757 21.4
    endloop
  endfacet
  facet normal -0.19494 0.980815 0
    outer loop
      vertex 32.4735 -31.3522 21.4
      vertex 32.8584 -31.2757 2.4
      vertex 32.4735 -31.3522 2.4
    endloop
  endfacet
  facet normal 0.997853 -0.0654873 0
    outer loop
      vertex 36.2243 -34.6416 21.4
      vertex 36.25 -34.25 2.4
      vertex 36.25 -34.25 21.4
    endloop
  endfacet
  facet normal 0.997853 -0.0654873 0
    outer loop
      vertex 36.25 -34.25 2.4
      vertex 36.2243 -34.6416 21.4
      vertex 36.2243 -34.6416 2.4
    endloop
  endfacet
  facet normal 0.321651 -0.946858 0
    outer loop
      vertex 34.0265 -37.1478 2.4
      vertex 34.398 -37.0216 21.4
      vertex 34.0265 -37.1478 21.4
    endloop
  endfacet
  facet normal 0.321651 -0.946858 0
    outer loop
      vertex 34.398 -37.0216 21.4
      vertex 34.0265 -37.1478 2.4
      vertex 34.398 -37.0216 2.4
    endloop
  endfacet
  facet normal 0.44211 -0.896961 0
    outer loop
      vertex 34.398 -37.0216 2.4
      vertex 34.75 -36.8481 21.4
      vertex 34.398 -37.0216 21.4
    endloop
  endfacet
  facet normal 0.44211 -0.896961 0
    outer loop
      vertex 34.75 -36.8481 21.4
      vertex 34.398 -37.0216 2.4
      vertex 34.75 -36.8481 2.4
    endloop
  endfacet
  facet normal 0.751724 -0.659478 0
    outer loop
      vertex 35.3713 -36.3713 21.4
      vertex 35.6301 -36.0763 2.4
      vertex 35.6301 -36.0763 21.4
    endloop
  endfacet
  facet normal 0.751724 -0.659478 0
    outer loop
      vertex 35.6301 -36.0763 2.4
      vertex 35.3713 -36.3713 21.4
      vertex 35.3713 -36.3713 2.4
    endloop
  endfacet
  facet normal -0.19494 -0.980815 0
    outer loop
      vertex 32.4735 -37.1478 2.4
      vertex 32.8584 -37.2243 21.4
      vertex 32.4735 -37.1478 21.4
    endloop
  endfacet
  facet normal -0.19494 -0.980815 -0
    outer loop
      vertex 32.8584 -37.2243 21.4
      vertex 32.4735 -37.1478 2.4
      vertex 32.8584 -37.2243 2.4
    endloop
  endfacet
  facet normal -0.659478 -0.751724 0
    outer loop
      vertex 31.1287 -36.3713 2.4
      vertex 31.4237 -36.6301 21.4
      vertex 31.1287 -36.3713 21.4
    endloop
  endfacet
  facet normal -0.659478 -0.751724 -0
    outer loop
      vertex 31.4237 -36.6301 21.4
      vertex 31.1287 -36.3713 2.4
      vertex 31.4237 -36.6301 2.4
    endloop
  endfacet
  facet normal -0.896961 -0.44211 0
    outer loop
      vertex 30.6519 -35.75 2.4
      vertex 30.4784 -35.398 21.4
      vertex 30.4784 -35.398 2.4
    endloop
  endfacet
  facet normal -0.896961 -0.44211 0
    outer loop
      vertex 30.4784 -35.398 21.4
      vertex 30.6519 -35.75 2.4
      vertex 30.6519 -35.75 21.4
    endloop
  endfacet
  facet normal -0.980815 -0.19494 0
    outer loop
      vertex 30.3522 -35.0265 2.4
      vertex 30.2757 -34.6416 21.4
      vertex 30.2757 -34.6416 2.4
    endloop
  endfacet
  facet normal -0.980815 -0.19494 0
    outer loop
      vertex 30.2757 -34.6416 21.4
      vertex 30.3522 -35.0265 2.4
      vertex 30.3522 -35.0265 21.4
    endloop
  endfacet
  facet normal 0 0 -1
    outer loop
      vertex 36.2243 -34.6416 2.4
      vertex 36.2243 -33.8584 2.4
      vertex 36.25 -34.25 2.4
    endloop
  endfacet
  facet normal 0 0 -1
    outer loop
      vertex 36.1478 -35.0265 2.4
      vertex 36.2243 -33.8584 2.4
      vertex 36.2243 -34.6416 2.4
    endloop
  endfacet
  facet normal 0 0 -1
    outer loop
      vertex 36.1478 -35.0265 2.4
      vertex 36.1478 -33.4735 2.4
      vertex 36.2243 -33.8584 2.4
    endloop
  endfacet
  facet normal 0 0 -1
    outer loop
      vertex 36.0216 -35.398 2.4
      vertex 36.1478 -33.4735 2.4
      vertex 36.1478 -35.0265 2.4
    endloop
  endfacet
  facet normal 0 0 -1
    outer loop
      vertex 36.0216 -35.398 2.4
      vertex 36.0216 -33.102 2.4
      vertex 36.1478 -33.4735 2.4
    endloop
  endfacet
  facet normal 0 0 -1
    outer loop
      vertex 35.8481 -35.75 2.4
      vertex 36.0216 -33.102 2.4
      vertex 36.0216 -35.398 2.4
    endloop
  endfacet
  facet normal 0 0 -1
    outer loop
      vertex 35.8481 -35.75 2.4
      vertex 35.8481 -32.75 2.4
      vertex 36.0216 -33.102 2.4
    endloop
  endfacet
  facet normal 0 0 -1
    outer loop
      vertex 35.6301 -36.0763 2.4
      vertex 35.8481 -32.75 2.4
      vertex 35.8481 -35.75 2.4
    endloop
  endfacet
  facet normal 0 0 -1
    outer loop
      vertex 35.6301 -36.0763 2.4
      vertex 35.6301 -32.4237 2.4
      vertex 35.8481 -32.75 2.4
    endloop
  endfacet
  facet normal 0 0 -1
    outer loop
      vertex 35.3713 -36.3713 2.4
      vertex 35.6301 -32.4237 2.4
      vertex 35.6301 -36.0763 2.4
    endloop
  endfacet
  facet normal 0 0 -1
    outer loop
      vertex 35.3713 -36.3713 2.4
      vertex 35.3713 -32.1287 2.4
      vertex 35.6301 -32.4237 2.4
    endloop
  endfacet
  facet normal 0 0 -1
    outer loop
      vertex 35.0763 -36.6301 2.4
      vertex 35.3713 -32.1287 2.4
      vertex 35.3713 -36.3713 2.4
    endloop
  endfacet
  facet normal 0 0 -1
    outer loop
      vertex 35.0763 -36.6301 2.4
      vertex 35.0763 -31.8699 2.4
      vertex 35.3713 -32.1287 2.4
    endloop
  endfacet
  facet normal 0 0 -1
    outer loop
      vertex 34.75 -36.8481 2.4
      vertex 35.0763 -31.8699 2.4
      vertex 35.0763 -36.6301 2.4
    endloop
  endfacet
  facet normal 0 0 -1
    outer loop
      vertex 34.75 -36.8481 2.4
      vertex 34.75 -31.6519 2.4
      vertex 35.0763 -31.8699 2.4
    endloop
  endfacet
  facet normal 0 0 -1
    outer loop
      vertex 34.398 -37.0216 2.4
      vertex 34.75 -31.6519 2.4
      vertex 34.75 -36.8481 2.4
    endloop
  endfacet
  facet normal 0 0 -1
    outer loop
      vertex 34.398 -37.0216 2.4
      vertex 34.398 -31.4784 2.4
      vertex 34.75 -31.6519 2.4
    endloop
  endfacet
  facet normal 0 0 -1
    outer loop
      vertex 34.0265 -37.1478 2.4
      vertex 34.398 -31.4784 2.4
      vertex 34.398 -37.0216 2.4
    endloop
  endfacet
  facet normal 0 0 -1
    outer loop
      vertex 34.0265 -37.1478 2.4
      vertex 34.0265 -31.3522 2.4
      vertex 34.398 -31.4784 2.4
    endloop
  endfacet
  facet normal 0 0 -1
    outer loop
      vertex 33.6416 -37.2243 2.4
      vertex 34.0265 -31.3522 2.4
      vertex 34.0265 -37.1478 2.4
    endloop
  endfacet
  facet normal 0 0 -1
    outer loop
      vertex 33.6416 -37.2243 2.4
      vertex 33.6416 -31.2757 2.4
      vertex 34.0265 -31.3522 2.4
    endloop
  endfacet
  facet normal 0 0 -1
    outer loop
      vertex 33.25 -37.25 2.4
      vertex 33.6416 -31.2757 2.4
      vertex 33.6416 -37.2243 2.4
    endloop
  endfacet
  facet normal 0 0 -1
    outer loop
      vertex 33.25 -37.25 2.4
      vertex 33.25 -31.25 2.4
      vertex 33.6416 -31.2757 2.4
    endloop
  endfacet
  facet normal 0 0 -1
    outer loop
      vertex 32.8584 -37.2243 2.4
      vertex 33.25 -31.25 2.4
      vertex 33.25 -37.25 2.4
    endloop
  endfacet
  facet normal 0 0 -1
    outer loop
      vertex 32.8584 -37.2243 2.4
      vertex 32.8584 -31.2757 2.4
      vertex 33.25 -31.25 2.4
    endloop
  endfacet
  facet normal 0 0 -1
    outer loop
      vertex 32.4735 -37.1478 2.4
      vertex 32.8584 -31.2757 2.4
      vertex 32.8584 -37.2243 2.4
    endloop
  endfacet
  facet normal 0 0 -1
    outer loop
      vertex 32.4735 -37.1478 2.4
      vertex 32.4735 -31.3522 2.4
      vertex 32.8584 -31.2757 2.4
    endloop
  endfacet
  facet normal 0 0 -1
    outer loop
      vertex 32.102 -37.0216 2.4
      vertex 32.4735 -31.3522 2.4
      vertex 32.4735 -37.1478 2.4
    endloop
  endfacet
  facet normal 0 0 -1
    outer loop
      vertex 32.102 -37.0216 2.4
      vertex 32.102 -31.4784 2.4
      vertex 32.4735 -31.3522 2.4
    endloop
  endfacet
  facet normal 0 0 -1
    outer loop
      vertex 31.75 -36.8481 2.4
      vertex 32.102 -31.4784 2.4
      vertex 32.102 -37.0216 2.4
    endloop
  endfacet
  facet normal 0 0 -1
    outer loop
      vertex 31.75 -36.8481 2.4
      vertex 31.75 -31.6519 2.4
      vertex 32.102 -31.4784 2.4
    endloop
  endfacet
  facet normal 0 0 -1
    outer loop
      vertex 31.4237 -36.6301 2.4
      vertex 31.75 -31.6519 2.4
      vertex 31.75 -36.8481 2.4
    endloop
  endfacet
  facet normal 0 0 -1
    outer loop
      vertex 31.4237 -36.6301 2.4
      vertex 31.4237 -31.8699 2.4
      vertex 31.75 -31.6519 2.4
    endloop
  endfacet
  facet normal 0 0 -1
    outer loop
      vertex 31.1287 -36.3713 2.4
      vertex 31.4237 -31.8699 2.4
      vertex 31.4237 -36.6301 2.4
    endloop
  endfacet
  facet normal 0 0 -1
    outer loop
      vertex 31.1287 -36.3713 2.4
      vertex 31.1287 -32.1287 2.4
      vertex 31.4237 -31.8699 2.4
    endloop
  endfacet
  facet normal 0 0 -1
    outer loop
      vertex 30.8699 -36.0763 2.4
      vertex 31.1287 -32.1287 2.4
      vertex 31.1287 -36.3713 2.4
    endloop
  endfacet
  facet normal 0 0 -1
    outer loop
      vertex 30.8699 -36.0763 2.4
      vertex 30.8699 -32.4237 2.4
      vertex 31.1287 -32.1287 2.4
    endloop
  endfacet
  facet normal 0 0 -1
    outer loop
      vertex 30.6519 -35.75 2.4
      vertex 30.8699 -32.4237 2.4
      vertex 30.8699 -36.0763 2.4
    endloop
  endfacet
  facet normal 0 0 -1
    outer loop
      vertex 30.6519 -35.75 2.4
      vertex 30.6519 -32.75 2.4
      vertex 30.8699 -32.4237 2.4
    endloop
  endfacet
  facet normal 0 0 -1
    outer loop
      vertex 30.4784 -35.398 2.4
      vertex 30.6519 -32.75 2.4
      vertex 30.6519 -35.75 2.4
    endloop
  endfacet
  facet normal 0 0 -1
    outer loop
      vertex 30.4784 -35.398 2.4
      vertex 30.4784 -33.102 2.4
      vertex 30.6519 -32.75 2.4
    endloop
  endfacet
  facet normal 0 0 -1
    outer loop
      vertex 30.3522 -35.0265 2.4
      vertex 30.4784 -33.102 2.4
      vertex 30.4784 -35.398 2.4
    endloop
  endfacet
  facet normal 0 0 -1
    outer loop
      vertex 30.3522 -35.0265 2.4
      vertex 30.3522 -33.4735 2.4
      vertex 30.4784 -33.102 2.4
    endloop
  endfacet
  facet normal 0 0 -1
    outer loop
      vertex 30.2757 -34.6416 2.4
      vertex 30.3522 -33.4735 2.4
      vertex 30.3522 -35.0265 2.4
    endloop
  endfacet
  facet normal 0 0 -1
    outer loop
      vertex 30.2757 -34.6416 2.4
      vertex 30.2757 -33.8584 2.4
      vertex 30.3522 -33.4735 2.4
    endloop
  endfacet
  facet normal 0 -0 -1
    outer loop
      vertex 30.2757 -33.8584 2.4
      vertex 30.2757 -34.6416 2.4
      vertex 30.25 -34.25 2.4
    endloop
  endfacet
  facet normal 0.946858 0.321651 0
    outer loop
      vertex 36.1478 -33.4735 21.4
      vertex 36.0216 -33.102 2.4
      vertex 36.0216 -33.102 21.4
    endloop
  endfacet
  facet normal 0.946858 0.321651 0
    outer loop
      vertex 36.0216 -33.102 2.4
      vertex 36.1478 -33.4735 21.4
      vertex 36.1478 -33.4735 2.4
    endloop
  endfacet
  facet normal 0.555523 0.831501 -0
    outer loop
      vertex 35.0763 -31.8699 2.4
      vertex 34.75 -31.6519 21.4
      vertex 35.0763 -31.8699 21.4
    endloop
  endfacet
  facet normal 0.555523 0.831501 0
    outer loop
      vertex 34.75 -31.6519 21.4
      vertex 35.0763 -31.8699 2.4
      vertex 34.75 -31.6519 2.4
    endloop
  endfacet
  facet normal 0.0654873 0.997853 -0
    outer loop
      vertex 33.6416 -31.2757 2.4
      vertex 33.25 -31.25 21.4
      vertex 33.6416 -31.2757 21.4
    endloop
  endfacet
  facet normal 0.0654873 0.997853 0
    outer loop
      vertex 33.25 -31.25 21.4
      vertex 33.6416 -31.2757 2.4
      vertex 33.25 -31.25 2.4
    endloop
  endfacet
  facet normal 0.321651 0.946858 -0
    outer loop
      vertex 34.398 -31.4784 2.4
      vertex 34.0265 -31.3522 21.4
      vertex 34.398 -31.4784 21.4
    endloop
  endfacet
  facet normal 0.321651 0.946858 0
    outer loop
      vertex 34.0265 -31.3522 21.4
      vertex 34.398 -31.4784 2.4
      vertex 34.0265 -31.3522 2.4
    endloop
  endfacet
  facet normal -0.997853 0.0654873 0
    outer loop
      vertex 30.25 -34.25 2.4
      vertex 30.2757 -33.8584 21.4
      vertex 30.2757 -33.8584 2.4
    endloop
  endfacet
  facet normal -0.997853 0.0654873 0
    outer loop
      vertex 30.2757 -33.8584 21.4
      vertex 30.25 -34.25 2.4
      vertex 30.25 -34.25 21.4
    endloop
  endfacet
  facet normal -0.946858 0.321651 0
    outer loop
      vertex 30.3522 -33.4735 2.4
      vertex 30.4784 -33.102 21.4
      vertex 30.4784 -33.102 2.4
    endloop
  endfacet
  facet normal -0.946858 0.321651 0
    outer loop
      vertex 30.4784 -33.102 21.4
      vertex 30.3522 -33.4735 2.4
      vertex 30.3522 -33.4735 21.4
    endloop
  endfacet
  facet normal -0.831501 0.555523 0
    outer loop
      vertex 30.6519 -32.75 2.4
      vertex 30.8699 -32.4237 21.4
      vertex 30.8699 -32.4237 2.4
    endloop
  endfacet
  facet normal -0.831501 0.555523 0
    outer loop
      vertex 30.8699 -32.4237 21.4
      vertex 30.6519 -32.75 2.4
      vertex 30.6519 -32.75 21.4
    endloop
  endfacet
  facet normal -0.0654873 0.997853 0
    outer loop
      vertex 33.25 -31.25 2.4
      vertex 32.8584 -31.2757 21.4
      vertex 33.25 -31.25 21.4
    endloop
  endfacet
  facet normal -0.0654873 0.997853 0
    outer loop
      vertex 32.8584 -31.2757 21.4
      vertex 33.25 -31.25 2.4
      vertex 32.8584 -31.2757 2.4
    endloop
  endfacet
  facet normal -0.555523 0.831501 0
    outer loop
      vertex 31.75 -31.6519 2.4
      vertex 31.4237 -31.8699 21.4
      vertex 31.75 -31.6519 21.4
    endloop
  endfacet
  facet normal -0.555523 0.831501 0
    outer loop
      vertex 31.4237 -31.8699 21.4
      vertex 31.75 -31.6519 2.4
      vertex 31.4237 -31.8699 2.4
    endloop
  endfacet
  facet normal -0.659478 0.751724 0
    outer loop
      vertex 31.4237 -31.8699 2.4
      vertex 31.1287 -32.1287 21.4
      vertex 31.4237 -31.8699 21.4
    endloop
  endfacet
  facet normal -0.659478 0.751724 0
    outer loop
      vertex 31.1287 -32.1287 21.4
      vertex 31.4237 -31.8699 2.4
      vertex 31.1287 -32.1287 2.4
    endloop
  endfacet
  facet normal 0.997853 0.0654873 0
    outer loop
      vertex 36.25 -34.25 21.4
      vertex 36.2243 -33.8584 2.4
      vertex 36.2243 -33.8584 21.4
    endloop
  endfacet
  facet normal 0.997853 0.0654873 0
    outer loop
      vertex 36.2243 -33.8584 2.4
      vertex 36.25 -34.25 21.4
      vertex 36.25 -34.25 2.4
    endloop
  endfacet
  facet normal 0.0654873 -0.997853 0
    outer loop
      vertex 33.25 -37.25 2.4
      vertex 33.6416 -37.2243 21.4
      vertex 33.25 -37.25 21.4
    endloop
  endfacet
  facet normal 0.0654873 -0.997853 0
    outer loop
      vertex 33.6416 -37.2243 21.4
      vertex 33.25 -37.25 2.4
      vertex 33.6416 -37.2243 2.4
    endloop
  endfacet
  facet normal 0.946858 -0.321651 0
    outer loop
      vertex 36.0216 -35.398 21.4
      vertex 36.1478 -35.0265 2.4
      vertex 36.1478 -35.0265 21.4
    endloop
  endfacet
  facet normal 0.946858 -0.321651 0
    outer loop
      vertex 36.1478 -35.0265 2.4
      vertex 36.0216 -35.398 21.4
      vertex 36.0216 -35.398 2.4
    endloop
  endfacet
  facet normal 0.19494 -0.980815 0
    outer loop
      vertex 33.6416 -37.2243 2.4
      vertex 34.0265 -37.1478 21.4
      vertex 33.6416 -37.2243 21.4
    endloop
  endfacet
  facet normal 0.19494 -0.980815 0
    outer loop
      vertex 34.0265 -37.1478 21.4
      vertex 33.6416 -37.2243 2.4
      vertex 34.0265 -37.1478 2.4
    endloop
  endfacet
  facet normal 0.555523 -0.831501 0
    outer loop
      vertex 34.75 -36.8481 2.4
      vertex 35.0763 -36.6301 21.4
      vertex 34.75 -36.8481 21.4
    endloop
  endfacet
  facet normal 0.555523 -0.831501 0
    outer loop
      vertex 35.0763 -36.6301 21.4
      vertex 34.75 -36.8481 2.4
      vertex 35.0763 -36.6301 2.4
    endloop
  endfacet
  facet normal 0.896961 -0.44211 0
    outer loop
      vertex 35.8481 -35.75 21.4
      vertex 36.0216 -35.398 2.4
      vertex 36.0216 -35.398 21.4
    endloop
  endfacet
  facet normal 0.896961 -0.44211 0
    outer loop
      vertex 36.0216 -35.398 2.4
      vertex 35.8481 -35.75 21.4
      vertex 35.8481 -35.75 2.4
    endloop
  endfacet
  facet normal -0.0654873 -0.997853 0
    outer loop
      vertex 32.8584 -37.2243 2.4
      vertex 33.25 -37.25 21.4
      vertex 32.8584 -37.2243 21.4
    endloop
  endfacet
  facet normal -0.0654873 -0.997853 -0
    outer loop
      vertex 33.25 -37.25 21.4
      vertex 32.8584 -37.2243 2.4
      vertex 33.25 -37.25 2.4
    endloop
  endfacet
  facet normal -0.44211 -0.896961 0
    outer loop
      vertex 31.75 -36.8481 2.4
      vertex 32.102 -37.0216 21.4
      vertex 31.75 -36.8481 21.4
    endloop
  endfacet
  facet normal -0.44211 -0.896961 -0
    outer loop
      vertex 32.102 -37.0216 21.4
      vertex 31.75 -36.8481 2.4
      vertex 32.102 -37.0216 2.4
    endloop
  endfacet
  facet normal -0.946858 -0.321651 0
    outer loop
      vertex 30.4784 -35.398 2.4
      vertex 30.3522 -35.0265 21.4
      vertex 30.3522 -35.0265 2.4
    endloop
  endfacet
  facet normal -0.946858 -0.321651 0
    outer loop
      vertex 30.3522 -35.0265 21.4
      vertex 30.4784 -35.398 2.4
      vertex 30.4784 -35.398 21.4
    endloop
  endfacet
  facet normal -0.997853 -0.0654873 0
    outer loop
      vertex 30.2757 -34.6416 2.4
      vertex 30.25 -34.25 21.4
      vertex 30.25 -34.25 2.4
    endloop
  endfacet
  facet normal -0.997853 -0.0654873 0
    outer loop
      vertex 30.25 -34.25 21.4
      vertex 30.2757 -34.6416 2.4
      vertex 30.2757 -34.6416 21.4
    endloop
  endfacet
  facet normal -0.831501 -0.555523 0
    outer loop
      vertex 30.8699 -36.0763 2.4
      vertex 30.6519 -35.75 21.4
      vertex 30.6519 -35.75 2.4
    endloop
  endfacet
  facet normal -0.831501 -0.555523 0
    outer loop
      vertex 30.6519 -35.75 21.4
      vertex 30.8699 -36.0763 2.4
      vertex 30.8699 -36.0763 21.4
    endloop
  endfacet
  facet normal 0 0 1
    outer loop
      vertex 34.65 -34.25 21.4
      vertex 36.25 -34.25 21.4
      vertex 36.2243 -33.8584 21.4
    endloop
  endfacet
  facet normal 0 0 1
    outer loop
      vertex 34.638 -34.0673 21.4
      vertex 36.2243 -33.8584 21.4
      vertex 36.1478 -33.4735 21.4
    endloop
  endfacet
  facet normal 0 0 1
    outer loop
      vertex 36.25 -34.25 21.4
      vertex 34.65 -34.25 21.4
      vertex 36.2243 -34.6416 21.4
    endloop
  endfacet
  facet normal 0 0 1
    outer loop
      vertex 34.6023 -33.8877 21.4
      vertex 36.1478 -33.4735 21.4
      vertex 36.0216 -33.102 21.4
    endloop
  endfacet
  facet normal -0 0 1
    outer loop
      vertex 34.638 -34.4327 21.4
      vertex 36.2243 -34.6416 21.4
      vertex 34.65 -34.25 21.4
    endloop
  endfacet
  facet normal 0 0 1
    outer loop
      vertex 34.5434 -33.7142 21.4
      vertex 36.0216 -33.102 21.4
      vertex 35.8481 -32.75 21.4
    endloop
  endfacet
  facet normal 0 0 1
    outer loop
      vertex 36.2243 -34.6416 21.4
      vertex 34.638 -34.4327 21.4
      vertex 36.1478 -35.0265 21.4
    endloop
  endfacet
  facet normal 0 0 1
    outer loop
      vertex 34.4624 -33.55 21.4
      vertex 35.8481 -32.75 21.4
      vertex 35.6301 -32.4237 21.4
    endloop
  endfacet
  facet normal -0 0 1
    outer loop
      vertex 34.6023 -34.6123 21.4
      vertex 36.1478 -35.0265 21.4
      vertex 34.638 -34.4327 21.4
    endloop
  endfacet
  facet normal 0 0 1
    outer loop
      vertex 34.3607 -33.3977 21.4
      vertex 35.6301 -32.4237 21.4
      vertex 35.3713 -32.1287 21.4
    endloop
  endfacet
  facet normal 0 0 1
    outer loop
      vertex 36.1478 -35.0265 21.4
      vertex 34.6023 -34.6123 21.4
      vertex 36.0216 -35.398 21.4
    endloop
  endfacet
  facet normal 0 0 1
    outer loop
      vertex 34.2399 -33.2601 21.4
      vertex 35.3713 -32.1287 21.4
      vertex 35.0763 -31.8699 21.4
    endloop
  endfacet
  facet normal -0 0 1
    outer loop
      vertex 34.5434 -34.7858 21.4
      vertex 36.0216 -35.398 21.4
      vertex 34.6023 -34.6123 21.4
    endloop
  endfacet
  facet normal 0 0 1
    outer loop
      vertex 34.1023 -33.1393 21.4
      vertex 35.0763 -31.8699 21.4
      vertex 34.75 -31.6519 21.4
    endloop
  endfacet
  facet normal 0 0 1
    outer loop
      vertex 36.0216 -35.398 21.4
      vertex 34.5434 -34.7858 21.4
      vertex 35.8481 -35.75 21.4
    endloop
  endfacet
  facet normal -0 0 1
    outer loop
      vertex 34.4624 -34.95 21.4
      vertex 35.8481 -35.75 21.4
      vertex 34.5434 -34.7858 21.4
    endloop
  endfacet
  facet normal 0 0 1
    outer loop
      vertex 36.2243 -33.8584 21.4
      vertex 34.638 -34.0673 21.4
      vertex 34.65 -34.25 21.4
    endloop
  endfacet
  facet normal 0 0 1
    outer loop
      vertex 36.1478 -33.4735 21.4
      vertex 34.6023 -33.8877 21.4
      vertex 34.638 -34.0673 21.4
    endloop
  endfacet
  facet normal 0 0 1
    outer loop
      vertex 36.0216 -33.102 21.4
      vertex 34.5434 -33.7142 21.4
      vertex 34.6023 -33.8877 21.4
    endloop
  endfacet
  facet normal 0 0 1
    outer loop
      vertex 35.8481 -32.75 21.4
      vertex 34.4624 -33.55 21.4
      vertex 34.5434 -33.7142 21.4
    endloop
  endfacet
  facet normal 0 0 1
    outer loop
      vertex 33.95 -33.0376 21.4
      vertex 34.75 -31.6519 21.4
      vertex 34.398 -31.4784 21.4
    endloop
  endfacet
  facet normal 0 0 1
    outer loop
      vertex 35.6301 -32.4237 21.4
      vertex 34.3607 -33.3977 21.4
      vertex 34.4624 -33.55 21.4
    endloop
  endfacet
  facet normal 0 0 1
    outer loop
      vertex 35.3713 -32.1287 21.4
      vertex 34.2399 -33.2601 21.4
      vertex 34.3607 -33.3977 21.4
    endloop
  endfacet
  facet normal 0 0 1
    outer loop
      vertex 35.0763 -31.8699 21.4
      vertex 34.1023 -33.1393 21.4
      vertex 34.2399 -33.2601 21.4
    endloop
  endfacet
  facet normal 0 0 1
    outer loop
      vertex 33.7858 -32.9566 21.4
      vertex 34.398 -31.4784 21.4
      vertex 34.0265 -31.3522 21.4
    endloop
  endfacet
  facet normal 0 0 1
    outer loop
      vertex 34.75 -31.6519 21.4
      vertex 33.95 -33.0376 21.4
      vertex 34.1023 -33.1393 21.4
    endloop
  endfacet
  facet normal 0 0 1
    outer loop
      vertex 34.398 -31.4784 21.4
      vertex 33.7858 -32.9566 21.4
      vertex 33.95 -33.0376 21.4
    endloop
  endfacet
  facet normal 0 0 1
    outer loop
      vertex 33.6123 -32.8977 21.4
      vertex 34.0265 -31.3522 21.4
      vertex 33.6416 -31.2757 21.4
    endloop
  endfacet
  facet normal 0 0 1
    outer loop
      vertex 34.0265 -31.3522 21.4
      vertex 33.6123 -32.8977 21.4
      vertex 33.7858 -32.9566 21.4
    endloop
  endfacet
  facet normal 0 0 1
    outer loop
      vertex 33.6416 -31.2757 21.4
      vertex 33.4327 -32.862 21.4
      vertex 33.6123 -32.8977 21.4
    endloop
  endfacet
  facet normal 0 0 1
    outer loop
      vertex 33.25 -31.25 21.4
      vertex 33.4327 -32.862 21.4
      vertex 33.6416 -31.2757 21.4
    endloop
  endfacet
  facet normal 0 0 1
    outer loop
      vertex 33.25 -31.25 21.4
      vertex 33.25 -32.85 21.4
      vertex 33.4327 -32.862 21.4
    endloop
  endfacet
  facet normal 0 0 1
    outer loop
      vertex 33.25 -31.25 21.4
      vertex 33.0673 -32.862 21.4
      vertex 33.25 -32.85 21.4
    endloop
  endfacet
  facet normal -0 0 1
    outer loop
      vertex 32.8584 -31.2757 21.4
      vertex 33.0673 -32.862 21.4
      vertex 33.25 -31.25 21.4
    endloop
  endfacet
  facet normal 0 0 1
    outer loop
      vertex 33.0673 -32.862 21.4
      vertex 32.8584 -31.2757 21.4
      vertex 32.8877 -32.8977 21.4
    endloop
  endfacet
  facet normal -0 0 1
    outer loop
      vertex 32.4735 -31.3522 21.4
      vertex 32.8877 -32.8977 21.4
      vertex 32.8584 -31.2757 21.4
    endloop
  endfacet
  facet normal 0 0 1
    outer loop
      vertex 32.8877 -32.8977 21.4
      vertex 32.4735 -31.3522 21.4
      vertex 32.7142 -32.9566 21.4
    endloop
  endfacet
  facet normal -0 0 1
    outer loop
      vertex 32.102 -31.4784 21.4
      vertex 32.7142 -32.9566 21.4
      vertex 32.4735 -31.3522 21.4
    endloop
  endfacet
  facet normal 0 0 1
    outer loop
      vertex 32.7142 -32.9566 21.4
      vertex 32.102 -31.4784 21.4
      vertex 32.55 -33.0376 21.4
    endloop
  endfacet
  facet normal -0 0 1
    outer loop
      vertex 31.75 -31.6519 21.4
      vertex 32.55 -33.0376 21.4
      vertex 32.102 -31.4784 21.4
    endloop
  endfacet
  facet normal 0 0 1
    outer loop
      vertex 32.55 -33.0376 21.4
      vertex 31.75 -31.6519 21.4
      vertex 32.3977 -33.1393 21.4
    endloop
  endfacet
  facet normal -0 0 1
    outer loop
      vertex 31.4237 -31.8699 21.4
      vertex 32.3977 -33.1393 21.4
      vertex 31.75 -31.6519 21.4
    endloop
  endfacet
  facet normal 0 0 1
    outer loop
      vertex 32.3977 -33.1393 21.4
      vertex 31.4237 -31.8699 21.4
      vertex 32.2601 -33.2601 21.4
    endloop
  endfacet
  facet normal -0 0 1
    outer loop
      vertex 31.1287 -32.1287 21.4
      vertex 32.2601 -33.2601 21.4
      vertex 31.4237 -31.8699 21.4
    endloop
  endfacet
  facet normal 0 0 1
    outer loop
      vertex 32.2601 -33.2601 21.4
      vertex 31.1287 -32.1287 21.4
      vertex 32.1393 -33.3977 21.4
    endloop
  endfacet
  facet normal -0 0 1
    outer loop
      vertex 30.8699 -32.4237 21.4
      vertex 32.1393 -33.3977 21.4
      vertex 31.1287 -32.1287 21.4
    endloop
  endfacet
  facet normal -0 0 1
    outer loop
      vertex 30.6519 -32.75 21.4
      vertex 32.0376 -33.55 21.4
      vertex 30.8699 -32.4237 21.4
    endloop
  endfacet
  facet normal 0 0 1
    outer loop
      vertex 32.1393 -33.3977 21.4
      vertex 30.8699 -32.4237 21.4
      vertex 32.0376 -33.55 21.4
    endloop
  endfacet
  facet normal 0 0 1
    outer loop
      vertex 35.8481 -35.75 21.4
      vertex 34.4624 -34.95 21.4
      vertex 35.6301 -36.0763 21.4
    endloop
  endfacet
  facet normal -0 0 1
    outer loop
      vertex 34.3607 -35.1023 21.4
      vertex 35.6301 -36.0763 21.4
      vertex 34.4624 -34.95 21.4
    endloop
  endfacet
  facet normal 0 0 1
    outer loop
      vertex 35.6301 -36.0763 21.4
      vertex 34.3607 -35.1023 21.4
      vertex 35.3713 -36.3713 21.4
    endloop
  endfacet
  facet normal -0 0 1
    outer loop
      vertex 34.2399 -35.2399 21.4
      vertex 35.3713 -36.3713 21.4
      vertex 34.3607 -35.1023 21.4
    endloop
  endfacet
  facet normal 0 0 1
    outer loop
      vertex 35.3713 -36.3713 21.4
      vertex 34.2399 -35.2399 21.4
      vertex 35.0763 -36.6301 21.4
    endloop
  endfacet
  facet normal -0 0 1
    outer loop
      vertex 34.1023 -35.3607 21.4
      vertex 35.0763 -36.6301 21.4
      vertex 34.2399 -35.2399 21.4
    endloop
  endfacet
  facet normal 0 0 1
    outer loop
      vertex 35.0763 -36.6301 21.4
      vertex 34.1023 -35.3607 21.4
      vertex 34.75 -36.8481 21.4
    endloop
  endfacet
  facet normal -0 0 1
    outer loop
      vertex 33.95 -35.4624 21.4
      vertex 34.75 -36.8481 21.4
      vertex 34.1023 -35.3607 21.4
    endloop
  endfacet
  facet normal 0 0 1
    outer loop
      vertex 34.75 -36.8481 21.4
      vertex 33.95 -35.4624 21.4
      vertex 34.398 -37.0216 21.4
    endloop
  endfacet
  facet normal -0 0 1
    outer loop
      vertex 33.7858 -35.5434 21.4
      vertex 34.398 -37.0216 21.4
      vertex 33.95 -35.4624 21.4
    endloop
  endfacet
  facet normal 0 0 1
    outer loop
      vertex 34.398 -37.0216 21.4
      vertex 33.7858 -35.5434 21.4
      vertex 34.0265 -37.1478 21.4
    endloop
  endfacet
  facet normal -0 0 1
    outer loop
      vertex 33.6123 -35.6023 21.4
      vertex 34.0265 -37.1478 21.4
      vertex 33.7858 -35.5434 21.4
    endloop
  endfacet
  facet normal 0 0 1
    outer loop
      vertex 34.0265 -37.1478 21.4
      vertex 33.6123 -35.6023 21.4
      vertex 33.6416 -37.2243 21.4
    endloop
  endfacet
  facet normal -0 0 1
    outer loop
      vertex 33.4327 -35.638 21.4
      vertex 33.6416 -37.2243 21.4
      vertex 33.6123 -35.6023 21.4
    endloop
  endfacet
  facet normal -0 0 1
    outer loop
      vertex 33.25 -35.65 21.4
      vertex 33.6416 -37.2243 21.4
      vertex 33.4327 -35.638 21.4
    endloop
  endfacet
  facet normal 0 0 1
    outer loop
      vertex 33.25 -35.65 21.4
      vertex 33.25 -37.25 21.4
      vertex 33.6416 -37.2243 21.4
    endloop
  endfacet
  facet normal 0 0 1
    outer loop
      vertex 33.0673 -35.638 21.4
      vertex 33.25 -37.25 21.4
      vertex 33.25 -35.65 21.4
    endloop
  endfacet
  facet normal 0 0 1
    outer loop
      vertex 32.8584 -37.2243 21.4
      vertex 33.0673 -35.638 21.4
      vertex 32.8877 -35.6023 21.4
    endloop
  endfacet
  facet normal 0 0 1
    outer loop
      vertex 33.0673 -35.638 21.4
      vertex 32.8584 -37.2243 21.4
      vertex 33.25 -37.25 21.4
    endloop
  endfacet
  facet normal 0 0 1
    outer loop
      vertex 32.4735 -37.1478 21.4
      vertex 32.8877 -35.6023 21.4
      vertex 32.7142 -35.5434 21.4
    endloop
  endfacet
  facet normal 0 0 1
    outer loop
      vertex 32.102 -37.0216 21.4
      vertex 32.7142 -35.5434 21.4
      vertex 32.55 -35.4624 21.4
    endloop
  endfacet
  facet normal 0 0 1
    outer loop
      vertex 32.8877 -35.6023 21.4
      vertex 32.4735 -37.1478 21.4
      vertex 32.8584 -37.2243 21.4
    endloop
  endfacet
  facet normal 0 0 1
    outer loop
      vertex 31.75 -36.8481 21.4
      vertex 32.55 -35.4624 21.4
      vertex 32.3977 -35.3607 21.4
    endloop
  endfacet
  facet normal 0 0 1
    outer loop
      vertex 31.4237 -36.6301 21.4
      vertex 32.3977 -35.3607 21.4
      vertex 32.2601 -35.2399 21.4
    endloop
  endfacet
  facet normal 0 0 1
    outer loop
      vertex 31.1287 -36.3713 21.4
      vertex 32.2601 -35.2399 21.4
      vertex 32.1393 -35.1023 21.4
    endloop
  endfacet
  facet normal 0 0 1
    outer loop
      vertex 32.7142 -35.5434 21.4
      vertex 32.102 -37.0216 21.4
      vertex 32.4735 -37.1478 21.4
    endloop
  endfacet
  facet normal 0 0 1
    outer loop
      vertex 30.8699 -36.0763 21.4
      vertex 32.1393 -35.1023 21.4
      vertex 32.0376 -34.95 21.4
    endloop
  endfacet
  facet normal 0 0 1
    outer loop
      vertex 30.6519 -35.75 21.4
      vertex 32.0376 -34.95 21.4
      vertex 31.9566 -34.7858 21.4
    endloop
  endfacet
  facet normal 0 0 1
    outer loop
      vertex 30.4784 -35.398 21.4
      vertex 31.9566 -34.7858 21.4
      vertex 31.8977 -34.6123 21.4
    endloop
  endfacet
  facet normal 0 0 1
    outer loop
      vertex 30.3522 -35.0265 21.4
      vertex 31.8977 -34.6123 21.4
      vertex 31.862 -34.4327 21.4
    endloop
  endfacet
  facet normal 0 0 1
    outer loop
      vertex 32.55 -35.4624 21.4
      vertex 31.75 -36.8481 21.4
      vertex 32.102 -37.0216 21.4
    endloop
  endfacet
  facet normal 0 0 1
    outer loop
      vertex 30.2757 -34.6416 21.4
      vertex 31.862 -34.4327 21.4
      vertex 31.85 -34.25 21.4
    endloop
  endfacet
  facet normal 0 0 1
    outer loop
      vertex 32.0376 -33.55 21.4
      vertex 30.6519 -32.75 21.4
      vertex 31.9566 -33.7142 21.4
    endloop
  endfacet
  facet normal -0 0 1
    outer loop
      vertex 30.4784 -33.102 21.4
      vertex 31.9566 -33.7142 21.4
      vertex 30.6519 -32.75 21.4
    endloop
  endfacet
  facet normal 0 0 1
    outer loop
      vertex 32.3977 -35.3607 21.4
      vertex 31.4237 -36.6301 21.4
      vertex 31.75 -36.8481 21.4
    endloop
  endfacet
  facet normal 0 0 1
    outer loop
      vertex 31.9566 -33.7142 21.4
      vertex 30.4784 -33.102 21.4
      vertex 31.8977 -33.8877 21.4
    endloop
  endfacet
  facet normal 0 0 1
    outer loop
      vertex 32.2601 -35.2399 21.4
      vertex 31.1287 -36.3713 21.4
      vertex 31.4237 -36.6301 21.4
    endloop
  endfacet
  facet normal -0 0 1
    outer loop
      vertex 30.3522 -33.4735 21.4
      vertex 31.8977 -33.8877 21.4
      vertex 30.4784 -33.102 21.4
    endloop
  endfacet
  facet normal 0 0 1
    outer loop
      vertex 32.1393 -35.1023 21.4
      vertex 30.8699 -36.0763 21.4
      vertex 31.1287 -36.3713 21.4
    endloop
  endfacet
  facet normal 0 0 1
    outer loop
      vertex 31.8977 -33.8877 21.4
      vertex 30.3522 -33.4735 21.4
      vertex 31.862 -34.0673 21.4
    endloop
  endfacet
  facet normal 0 0 1
    outer loop
      vertex 32.0376 -34.95 21.4
      vertex 30.6519 -35.75 21.4
      vertex 30.8699 -36.0763 21.4
    endloop
  endfacet
  facet normal -0 0 1
    outer loop
      vertex 30.2757 -33.8584 21.4
      vertex 31.862 -34.0673 21.4
      vertex 30.3522 -33.4735 21.4
    endloop
  endfacet
  facet normal 0 0 1
    outer loop
      vertex 31.9566 -34.7858 21.4
      vertex 30.4784 -35.398 21.4
      vertex 30.6519 -35.75 21.4
    endloop
  endfacet
  facet normal 0 0 1
    outer loop
      vertex 31.862 -34.0673 21.4
      vertex 30.2757 -33.8584 21.4
      vertex 31.85 -34.25 21.4
    endloop
  endfacet
  facet normal 0 0 1
    outer loop
      vertex 31.8977 -34.6123 21.4
      vertex 30.3522 -35.0265 21.4
      vertex 30.4784 -35.398 21.4
    endloop
  endfacet
  facet normal 0 0 1
    outer loop
      vertex 30.25 -34.25 21.4
      vertex 31.85 -34.25 21.4
      vertex 30.2757 -33.8584 21.4
    endloop
  endfacet
  facet normal 0 0 1
    outer loop
      vertex 31.862 -34.4327 21.4
      vertex 30.2757 -34.6416 21.4
      vertex 30.3522 -35.0265 21.4
    endloop
  endfacet
  facet normal 0 0 1
    outer loop
      vertex 31.85 -34.25 21.4
      vertex 30.25 -34.25 21.4
      vertex 30.2757 -34.6416 21.4
    endloop
  endfacet
  facet normal 0.980815 -0.19494 0
    outer loop
      vertex 36.1478 -35.0265 21.4
      vertex 36.2243 -34.6416 2.4
      vertex 36.2243 -34.6416 21.4
    endloop
  endfacet
  facet normal 0.980815 -0.19494 0
    outer loop
      vertex 36.2243 -34.6416 2.4
      vertex 36.1478 -35.0265 21.4
      vertex 36.1478 -35.0265 2.4
    endloop
  endfacet
  facet normal 0.659478 -0.751724 0
    outer loop
      vertex 35.0763 -36.6301 2.4
      vertex 35.3713 -36.3713 21.4
      vertex 35.0763 -36.6301 21.4
    endloop
  endfacet
  facet normal 0.659478 -0.751724 0
    outer loop
      vertex 35.3713 -36.3713 21.4
      vertex 35.0763 -36.6301 2.4
      vertex 35.3713 -36.3713 2.4
    endloop
  endfacet
  facet normal 0.831501 -0.555523 0
    outer loop
      vertex 35.6301 -36.0763 21.4
      vertex 35.8481 -35.75 2.4
      vertex 35.8481 -35.75 21.4
    endloop
  endfacet
  facet normal 0.831501 -0.555523 0
    outer loop
      vertex 35.8481 -35.75 2.4
      vertex 35.6301 -36.0763 21.4
      vertex 35.6301 -36.0763 2.4
    endloop
  endfacet
  facet normal -0.555523 -0.831501 0
    outer loop
      vertex 31.4237 -36.6301 2.4
      vertex 31.75 -36.8481 21.4
      vertex 31.4237 -36.6301 21.4
    endloop
  endfacet
  facet normal -0.555523 -0.831501 -0
    outer loop
      vertex 31.75 -36.8481 21.4
      vertex 31.4237 -36.6301 2.4
      vertex 31.75 -36.8481 2.4
    endloop
  endfacet
  facet normal -0.751724 -0.659478 0
    outer loop
      vertex 31.1287 -36.3713 2.4
      vertex 30.8699 -36.0763 21.4
      vertex 30.8699 -36.0763 2.4
    endloop
  endfacet
  facet normal -0.751724 -0.659478 0
    outer loop
      vertex 30.8699 -36.0763 21.4
      vertex 31.1287 -36.3713 2.4
      vertex 31.1287 -36.3713 21.4
    endloop
  endfacet
  facet normal 0.659741 0.751493 -0
    outer loop
      vertex 34.2399 -33.2601 21.4
      vertex 34.1023 -33.1393 23.6
      vertex 34.2399 -33.2601 23.6
    endloop
  endfacet
  facet normal 0.659741 0.751493 0
    outer loop
      vertex 34.1023 -33.1393 23.6
      vertex 34.2399 -33.2601 21.4
      vertex 34.1023 -33.1393 21.4
    endloop
  endfacet
  facet normal -0.946922 0.321462 0
    outer loop
      vertex 31.8977 -33.8877 21.4
      vertex 31.9566 -33.7142 23.6
      vertex 31.9566 -33.7142 21.4
    endloop
  endfacet
  facet normal -0.946922 0.321462 0
    outer loop
      vertex 31.9566 -33.7142 23.6
      vertex 31.8977 -33.8877 21.4
      vertex 31.8977 -33.8877 23.6
    endloop
  endfacet
  facet normal 0.980811 -0.194961 0
    outer loop
      vertex 34.6023 -34.6123 23.6
      vertex 34.638 -34.4327 21.4
      vertex 34.638 -34.4327 23.6
    endloop
  endfacet
  facet normal 0.980811 -0.194961 0
    outer loop
      vertex 34.638 -34.4327 21.4
      vertex 34.6023 -34.6123 23.6
      vertex 34.6023 -34.6123 21.4
    endloop
  endfacet
  facet normal -0.321462 -0.946922 0
    outer loop
      vertex 32.7142 -35.5434 21.4
      vertex 32.8877 -35.6023 23.6
      vertex 32.7142 -35.5434 23.6
    endloop
  endfacet
  facet normal -0.321462 -0.946922 -0
    outer loop
      vertex 32.8877 -35.6023 23.6
      vertex 32.7142 -35.5434 21.4
      vertex 32.8877 -35.6023 21.4
    endloop
  endfacet
  facet normal -0.321462 0.946922 0
    outer loop
      vertex 32.8877 -32.8977 21.4
      vertex 32.7142 -32.9566 23.6
      vertex 32.8877 -32.8977 23.6
    endloop
  endfacet
  facet normal -0.321462 0.946922 0
    outer loop
      vertex 32.7142 -32.9566 23.6
      vertex 32.8877 -32.8977 21.4
      vertex 32.7142 -32.9566 21.4
    endloop
  endfacet
  facet normal -0.896817 0.442401 0
    outer loop
      vertex 31.9566 -33.7142 21.4
      vertex 32.0376 -33.55 23.6
      vertex 32.0376 -33.55 21.4
    endloop
  endfacet
  facet normal -0.896817 0.442401 0
    outer loop
      vertex 32.0376 -33.55 23.6
      vertex 31.9566 -33.7142 21.4
      vertex 31.9566 -33.7142 23.6
    endloop
  endfacet
  facet normal 0.946922 0.321462 0
    outer loop
      vertex 34.6023 -33.8877 23.6
      vertex 34.5434 -33.7142 21.4
      vertex 34.5434 -33.7142 23.6
    endloop
  endfacet
  facet normal 0.946922 0.321462 0
    outer loop
      vertex 34.5434 -33.7142 21.4
      vertex 34.6023 -33.8877 23.6
      vertex 34.6023 -33.8877 21.4
    endloop
  endfacet
  facet normal 0.896817 0.442401 0
    outer loop
      vertex 34.5434 -33.7142 23.6
      vertex 34.4624 -33.55 21.4
      vertex 34.4624 -33.55 23.6
    endloop
  endfacet
  facet normal 0.896817 0.442401 0
    outer loop
      vertex 34.4624 -33.55 21.4
      vertex 34.5434 -33.7142 23.6
      vertex 34.5434 -33.7142 21.4
    endloop
  endfacet
  facet normal 0.442401 0.896817 -0
    outer loop
      vertex 33.95 -33.0376 21.4
      vertex 33.7858 -32.9566 23.6
      vertex 33.95 -33.0376 23.6
    endloop
  endfacet
  facet normal 0.442401 0.896817 0
    outer loop
      vertex 33.7858 -32.9566 23.6
      vertex 33.95 -33.0376 21.4
      vertex 33.7858 -32.9566 21.4
    endloop
  endfacet
  facet normal 0.194961 0.980811 -0
    outer loop
      vertex 33.6123 -32.8977 21.4
      vertex 33.4327 -32.862 23.6
      vertex 33.6123 -32.8977 23.6
    endloop
  endfacet
  facet normal 0.194961 0.980811 0
    outer loop
      vertex 33.4327 -32.862 23.6
      vertex 33.6123 -32.8977 21.4
      vertex 33.4327 -32.862 21.4
    endloop
  endfacet
  facet normal -0.980811 0.194961 0
    outer loop
      vertex 31.862 -34.0673 21.4
      vertex 31.8977 -33.8877 23.6
      vertex 31.8977 -33.8877 21.4
    endloop
  endfacet
  facet normal -0.980811 0.194961 0
    outer loop
      vertex 31.8977 -33.8877 23.6
      vertex 31.862 -34.0673 21.4
      vertex 31.862 -34.0673 23.6
    endloop
  endfacet
  facet normal -0.751493 0.659741 0
    outer loop
      vertex 32.1393 -33.3977 21.4
      vertex 32.2601 -33.2601 23.6
      vertex 32.2601 -33.2601 21.4
    endloop
  endfacet
  facet normal -0.751493 0.659741 0
    outer loop
      vertex 32.2601 -33.2601 23.6
      vertex 32.1393 -33.3977 21.4
      vertex 32.1393 -33.3977 23.6
    endloop
  endfacet
  facet normal -0.442401 0.896817 0
    outer loop
      vertex 32.7142 -32.9566 21.4
      vertex 32.55 -33.0376 23.6
      vertex 32.7142 -32.9566 23.6
    endloop
  endfacet
  facet normal -0.442401 0.896817 0
    outer loop
      vertex 32.55 -33.0376 23.6
      vertex 32.7142 -32.9566 21.4
      vertex 32.55 -33.0376 21.4
    endloop
  endfacet
  facet normal -0.194961 0.980811 0
    outer loop
      vertex 33.0673 -32.862 21.4
      vertex 32.8877 -32.8977 23.6
      vertex 33.0673 -32.862 23.6
    endloop
  endfacet
  facet normal -0.194961 0.980811 0
    outer loop
      vertex 32.8877 -32.8977 23.6
      vertex 33.0673 -32.862 21.4
      vertex 32.8877 -32.8977 21.4
    endloop
  endfacet
  facet normal 0.99785 0.0655402 0
    outer loop
      vertex 34.65 -34.25 23.6
      vertex 34.638 -34.0673 21.4
      vertex 34.638 -34.0673 23.6
    endloop
  endfacet
  facet normal 0.99785 0.0655402 0
    outer loop
      vertex 34.638 -34.0673 21.4
      vertex 34.65 -34.25 23.6
      vertex 34.65 -34.25 21.4
    endloop
  endfacet
  facet normal 0.946922 -0.321462 0
    outer loop
      vertex 34.5434 -34.7858 23.6
      vertex 34.6023 -34.6123 21.4
      vertex 34.6023 -34.6123 23.6
    endloop
  endfacet
  facet normal 0.946922 -0.321462 0
    outer loop
      vertex 34.6023 -34.6123 21.4
      vertex 34.5434 -34.7858 23.6
      vertex 34.5434 -34.7858 21.4
    endloop
  endfacet
  facet normal 0.321462 -0.946922 0
    outer loop
      vertex 33.6123 -35.6023 21.4
      vertex 33.7858 -35.5434 23.6
      vertex 33.6123 -35.6023 23.6
    endloop
  endfacet
  facet normal 0.321462 -0.946922 0
    outer loop
      vertex 33.7858 -35.5434 23.6
      vertex 33.6123 -35.6023 21.4
      vertex 33.7858 -35.5434 21.4
    endloop
  endfacet
  facet normal 0.442401 -0.896817 0
    outer loop
      vertex 33.7858 -35.5434 21.4
      vertex 33.95 -35.4624 23.6
      vertex 33.7858 -35.5434 23.6
    endloop
  endfacet
  facet normal 0.442401 -0.896817 0
    outer loop
      vertex 33.95 -35.4624 23.6
      vertex 33.7858 -35.5434 21.4
      vertex 33.95 -35.4624 21.4
    endloop
  endfacet
  facet normal -0.194961 -0.980811 0
    outer loop
      vertex 32.8877 -35.6023 21.4
      vertex 33.0673 -35.638 23.6
      vertex 32.8877 -35.6023 23.6
    endloop
  endfacet
  facet normal -0.194961 -0.980811 -0
    outer loop
      vertex 33.0673 -35.638 23.6
      vertex 32.8877 -35.6023 21.4
      vertex 33.0673 -35.638 21.4
    endloop
  endfacet
  facet normal -0.659741 -0.751493 0
    outer loop
      vertex 32.2601 -35.2399 21.4
      vertex 32.3977 -35.3607 23.6
      vertex 32.2601 -35.2399 23.6
    endloop
  endfacet
  facet normal -0.659741 -0.751493 -0
    outer loop
      vertex 32.3977 -35.3607 23.6
      vertex 32.2601 -35.2399 21.4
      vertex 32.3977 -35.3607 21.4
    endloop
  endfacet
  facet normal -0.896817 -0.442401 0
    outer loop
      vertex 32.0376 -34.95 21.4
      vertex 31.9566 -34.7858 23.6
      vertex 31.9566 -34.7858 21.4
    endloop
  endfacet
  facet normal -0.896817 -0.442401 0
    outer loop
      vertex 31.9566 -34.7858 23.6
      vertex 32.0376 -34.95 21.4
      vertex 32.0376 -34.95 23.6
    endloop
  endfacet
  facet normal 0.980811 0.194961 0
    outer loop
      vertex 34.638 -34.0673 23.6
      vertex 34.6023 -33.8877 21.4
      vertex 34.6023 -33.8877 23.6
    endloop
  endfacet
  facet normal 0.980811 0.194961 0
    outer loop
      vertex 34.6023 -33.8877 21.4
      vertex 34.638 -34.0673 23.6
      vertex 34.638 -34.0673 21.4
    endloop
  endfacet
  facet normal 0.83163 0.55533 0
    outer loop
      vertex 34.4624 -33.55 23.6
      vertex 34.3607 -33.3977 21.4
      vertex 34.3607 -33.3977 23.6
    endloop
  endfacet
  facet normal 0.83163 0.55533 0
    outer loop
      vertex 34.3607 -33.3977 21.4
      vertex 34.4624 -33.55 23.6
      vertex 34.4624 -33.55 21.4
    endloop
  endfacet
  facet normal 0.751493 0.659741 0
    outer loop
      vertex 34.3607 -33.3977 23.6
      vertex 34.2399 -33.2601 21.4
      vertex 34.2399 -33.2601 23.6
    endloop
  endfacet
  facet normal 0.751493 0.659741 0
    outer loop
      vertex 34.2399 -33.2601 21.4
      vertex 34.3607 -33.3977 23.6
      vertex 34.3607 -33.3977 21.4
    endloop
  endfacet
  facet normal 0.55533 0.83163 -0
    outer loop
      vertex 34.1023 -33.1393 21.4
      vertex 33.95 -33.0376 23.6
      vertex 34.1023 -33.1393 23.6
    endloop
  endfacet
  facet normal 0.55533 0.83163 0
    outer loop
      vertex 33.95 -33.0376 23.6
      vertex 34.1023 -33.1393 21.4
      vertex 33.95 -33.0376 21.4
    endloop
  endfacet
  facet normal 0.0655402 0.99785 -0
    outer loop
      vertex 33.4327 -32.862 21.4
      vertex 33.25 -32.85 23.6
      vertex 33.4327 -32.862 23.6
    endloop
  endfacet
  facet normal 0.0655402 0.99785 0
    outer loop
      vertex 33.25 -32.85 23.6
      vertex 33.4327 -32.862 21.4
      vertex 33.25 -32.85 21.4
    endloop
  endfacet
  facet normal 0.321462 0.946922 -0
    outer loop
      vertex 33.7858 -32.9566 21.4
      vertex 33.6123 -32.8977 23.6
      vertex 33.7858 -32.9566 23.6
    endloop
  endfacet
  facet normal 0.321462 0.946922 0
    outer loop
      vertex 33.6123 -32.8977 23.6
      vertex 33.7858 -32.9566 21.4
      vertex 33.6123 -32.8977 21.4
    endloop
  endfacet
  facet normal -0.99785 0.0655402 0
    outer loop
      vertex 31.85 -34.25 21.4
      vertex 31.862 -34.0673 23.6
      vertex 31.862 -34.0673 21.4
    endloop
  endfacet
  facet normal -0.99785 0.0655402 0
    outer loop
      vertex 31.862 -34.0673 23.6
      vertex 31.85 -34.25 21.4
      vertex 31.85 -34.25 23.6
    endloop
  endfacet
  facet normal 0 0 1
    outer loop
      vertex 34.638 -34.0673 23.6
      vertex 34.638 -34.4327 23.6
      vertex 34.65 -34.25 23.6
    endloop
  endfacet
  facet normal 0 0 1
    outer loop
      vertex 34.6023 -33.8877 23.6
      vertex 34.638 -34.4327 23.6
      vertex 34.638 -34.0673 23.6
    endloop
  endfacet
  facet normal 0 0 1
    outer loop
      vertex 34.6023 -33.8877 23.6
      vertex 34.6023 -34.6123 23.6
      vertex 34.638 -34.4327 23.6
    endloop
  endfacet
  facet normal 0 0 1
    outer loop
      vertex 34.5434 -33.7142 23.6
      vertex 34.6023 -34.6123 23.6
      vertex 34.6023 -33.8877 23.6
    endloop
  endfacet
  facet normal 0 0 1
    outer loop
      vertex 34.5434 -33.7142 23.6
      vertex 34.5434 -34.7858 23.6
      vertex 34.6023 -34.6123 23.6
    endloop
  endfacet
  facet normal 0 0 1
    outer loop
      vertex 34.4624 -33.55 23.6
      vertex 34.5434 -34.7858 23.6
      vertex 34.5434 -33.7142 23.6
    endloop
  endfacet
  facet normal 0 0 1
    outer loop
      vertex 34.4624 -33.55 23.6
      vertex 34.4624 -34.95 23.6
      vertex 34.5434 -34.7858 23.6
    endloop
  endfacet
  facet normal 0 0 1
    outer loop
      vertex 34.3607 -33.3977 23.6
      vertex 34.4624 -34.95 23.6
      vertex 34.4624 -33.55 23.6
    endloop
  endfacet
  facet normal 0 0 1
    outer loop
      vertex 34.3607 -33.3977 23.6
      vertex 34.3607 -35.1023 23.6
      vertex 34.4624 -34.95 23.6
    endloop
  endfacet
  facet normal 0 0 1
    outer loop
      vertex 34.2399 -33.2601 23.6
      vertex 34.3607 -35.1023 23.6
      vertex 34.3607 -33.3977 23.6
    endloop
  endfacet
  facet normal 0 0 1
    outer loop
      vertex 34.2399 -33.2601 23.6
      vertex 34.2399 -35.2399 23.6
      vertex 34.3607 -35.1023 23.6
    endloop
  endfacet
  facet normal 0 0 1
    outer loop
      vertex 34.1023 -33.1393 23.6
      vertex 34.2399 -35.2399 23.6
      vertex 34.2399 -33.2601 23.6
    endloop
  endfacet
  facet normal 0 0 1
    outer loop
      vertex 34.1023 -33.1393 23.6
      vertex 34.1023 -35.3607 23.6
      vertex 34.2399 -35.2399 23.6
    endloop
  endfacet
  facet normal 0 0 1
    outer loop
      vertex 33.95 -33.0376 23.6
      vertex 34.1023 -35.3607 23.6
      vertex 34.1023 -33.1393 23.6
    endloop
  endfacet
  facet normal 0 0 1
    outer loop
      vertex 33.95 -33.0376 23.6
      vertex 33.95 -35.4624 23.6
      vertex 34.1023 -35.3607 23.6
    endloop
  endfacet
  facet normal 0 0 1
    outer loop
      vertex 33.7858 -32.9566 23.6
      vertex 33.95 -35.4624 23.6
      vertex 33.95 -33.0376 23.6
    endloop
  endfacet
  facet normal 0 0 1
    outer loop
      vertex 33.7858 -32.9566 23.6
      vertex 33.7858 -35.5434 23.6
      vertex 33.95 -35.4624 23.6
    endloop
  endfacet
  facet normal 0 0 1
    outer loop
      vertex 33.6123 -32.8977 23.6
      vertex 33.7858 -35.5434 23.6
      vertex 33.7858 -32.9566 23.6
    endloop
  endfacet
  facet normal 0 0 1
    outer loop
      vertex 33.6123 -32.8977 23.6
      vertex 33.6123 -35.6023 23.6
      vertex 33.7858 -35.5434 23.6
    endloop
  endfacet
  facet normal 0 0 1
    outer loop
      vertex 33.4327 -32.862 23.6
      vertex 33.6123 -35.6023 23.6
      vertex 33.6123 -32.8977 23.6
    endloop
  endfacet
  facet normal 0 0 1
    outer loop
      vertex 33.4327 -32.862 23.6
      vertex 33.4327 -35.638 23.6
      vertex 33.6123 -35.6023 23.6
    endloop
  endfacet
  facet normal 0 0 1
    outer loop
      vertex 33.25 -32.85 23.6
      vertex 33.4327 -35.638 23.6
      vertex 33.4327 -32.862 23.6
    endloop
  endfacet
  facet normal 0 0 1
    outer loop
      vertex 33.25 -32.85 23.6
      vertex 33.25 -35.65 23.6
      vertex 33.4327 -35.638 23.6
    endloop
  endfacet
  facet normal -0 0 1
    outer loop
      vertex 33.0673 -32.862 23.6
      vertex 33.25 -35.65 23.6
      vertex 33.25 -32.85 23.6
    endloop
  endfacet
  facet normal 0 0 1
    outer loop
      vertex 33.0673 -32.862 23.6
      vertex 33.0673 -35.638 23.6
      vertex 33.25 -35.65 23.6
    endloop
  endfacet
  facet normal -0 0 1
    outer loop
      vertex 32.8877 -32.8977 23.6
      vertex 33.0673 -35.638 23.6
      vertex 33.0673 -32.862 23.6
    endloop
  endfacet
  facet normal 0 0 1
    outer loop
      vertex 32.8877 -32.8977 23.6
      vertex 32.8877 -35.6023 23.6
      vertex 33.0673 -35.638 23.6
    endloop
  endfacet
  facet normal -0 0 1
    outer loop
      vertex 32.7142 -32.9566 23.6
      vertex 32.8877 -35.6023 23.6
      vertex 32.8877 -32.8977 23.6
    endloop
  endfacet
  facet normal 0 0 1
    outer loop
      vertex 32.7142 -32.9566 23.6
      vertex 32.7142 -35.5434 23.6
      vertex 32.8877 -35.6023 23.6
    endloop
  endfacet
  facet normal -0 0 1
    outer loop
      vertex 32.55 -33.0376 23.6
      vertex 32.7142 -35.5434 23.6
      vertex 32.7142 -32.9566 23.6
    endloop
  endfacet
  facet normal 0 0 1
    outer loop
      vertex 32.55 -33.0376 23.6
      vertex 32.55 -35.4624 23.6
      vertex 32.7142 -35.5434 23.6
    endloop
  endfacet
  facet normal -0 0 1
    outer loop
      vertex 32.3977 -33.1393 23.6
      vertex 32.55 -35.4624 23.6
      vertex 32.55 -33.0376 23.6
    endloop
  endfacet
  facet normal 0 0 1
    outer loop
      vertex 32.3977 -33.1393 23.6
      vertex 32.3977 -35.3607 23.6
      vertex 32.55 -35.4624 23.6
    endloop
  endfacet
  facet normal -0 0 1
    outer loop
      vertex 32.2601 -33.2601 23.6
      vertex 32.3977 -35.3607 23.6
      vertex 32.3977 -33.1393 23.6
    endloop
  endfacet
  facet normal 0 0 1
    outer loop
      vertex 32.2601 -33.2601 23.6
      vertex 32.2601 -35.2399 23.6
      vertex 32.3977 -35.3607 23.6
    endloop
  endfacet
  facet normal -0 0 1
    outer loop
      vertex 32.1393 -33.3977 23.6
      vertex 32.2601 -35.2399 23.6
      vertex 32.2601 -33.2601 23.6
    endloop
  endfacet
  facet normal 0 0 1
    outer loop
      vertex 32.1393 -33.3977 23.6
      vertex 32.1393 -35.1023 23.6
      vertex 32.2601 -35.2399 23.6
    endloop
  endfacet
  facet normal -0 0 1
    outer loop
      vertex 32.0376 -33.55 23.6
      vertex 32.1393 -35.1023 23.6
      vertex 32.1393 -33.3977 23.6
    endloop
  endfacet
  facet normal 0 0 1
    outer loop
      vertex 32.0376 -33.55 23.6
      vertex 32.0376 -34.95 23.6
      vertex 32.1393 -35.1023 23.6
    endloop
  endfacet
  facet normal -0 0 1
    outer loop
      vertex 31.9566 -33.7142 23.6
      vertex 32.0376 -34.95 23.6
      vertex 32.0376 -33.55 23.6
    endloop
  endfacet
  facet normal 0 0 1
    outer loop
      vertex 31.9566 -33.7142 23.6
      vertex 31.9566 -34.7858 23.6
      vertex 32.0376 -34.95 23.6
    endloop
  endfacet
  facet normal -0 0 1
    outer loop
      vertex 31.8977 -33.8877 23.6
      vertex 31.9566 -34.7858 23.6
      vertex 31.9566 -33.7142 23.6
    endloop
  endfacet
  facet normal 0 0 1
    outer loop
      vertex 31.8977 -33.8877 23.6
      vertex 31.8977 -34.6123 23.6
      vertex 31.9566 -34.7858 23.6
    endloop
  endfacet
  facet normal -0 0 1
    outer loop
      vertex 31.862 -34.0673 23.6
      vertex 31.8977 -34.6123 23.6
      vertex 31.8977 -33.8877 23.6
    endloop
  endfacet
  facet normal 0 0 1
    outer loop
      vertex 31.862 -34.0673 23.6
      vertex 31.862 -34.4327 23.6
      vertex 31.8977 -34.6123 23.6
    endloop
  endfacet
  facet normal 0 -0 1
    outer loop
      vertex 31.862 -34.4327 23.6
      vertex 31.862 -34.0673 23.6
      vertex 31.85 -34.25 23.6
    endloop
  endfacet
  facet normal -0.83163 0.55533 0
    outer loop
      vertex 32.0376 -33.55 21.4
      vertex 32.1393 -33.3977 23.6
      vertex 32.1393 -33.3977 21.4
    endloop
  endfacet
  facet normal -0.83163 0.55533 0
    outer loop
      vertex 32.1393 -33.3977 23.6
      vertex 32.0376 -33.55 21.4
      vertex 32.0376 -33.55 23.6
    endloop
  endfacet
  facet normal -0.0655402 0.99785 0
    outer loop
      vertex 33.25 -32.85 21.4
      vertex 33.0673 -32.862 23.6
      vertex 33.25 -32.85 23.6
    endloop
  endfacet
  facet normal -0.0655402 0.99785 0
    outer loop
      vertex 33.0673 -32.862 23.6
      vertex 33.25 -32.85 21.4
      vertex 33.0673 -32.862 21.4
    endloop
  endfacet
  facet normal -0.55533 0.83163 0
    outer loop
      vertex 32.55 -33.0376 21.4
      vertex 32.3977 -33.1393 23.6
      vertex 32.55 -33.0376 23.6
    endloop
  endfacet
  facet normal -0.55533 0.83163 0
    outer loop
      vertex 32.3977 -33.1393 23.6
      vertex 32.55 -33.0376 21.4
      vertex 32.3977 -33.1393 21.4
    endloop
  endfacet
  facet normal -0.659741 0.751493 0
    outer loop
      vertex 32.3977 -33.1393 21.4
      vertex 32.2601 -33.2601 23.6
      vertex 32.3977 -33.1393 23.6
    endloop
  endfacet
  facet normal -0.659741 0.751493 0
    outer loop
      vertex 32.2601 -33.2601 23.6
      vertex 32.3977 -33.1393 21.4
      vertex 32.2601 -33.2601 21.4
    endloop
  endfacet
  facet normal 0.99785 -0.0655402 0
    outer loop
      vertex 34.638 -34.4327 23.6
      vertex 34.65 -34.25 21.4
      vertex 34.65 -34.25 23.6
    endloop
  endfacet
  facet normal 0.99785 -0.0655402 0
    outer loop
      vertex 34.65 -34.25 21.4
      vertex 34.638 -34.4327 23.6
      vertex 34.638 -34.4327 21.4
    endloop
  endfacet
  facet normal 0.0655402 -0.99785 0
    outer loop
      vertex 33.25 -35.65 21.4
      vertex 33.4327 -35.638 23.6
      vertex 33.25 -35.65 23.6
    endloop
  endfacet
  facet normal 0.0655402 -0.99785 0
    outer loop
      vertex 33.4327 -35.638 23.6
      vertex 33.25 -35.65 21.4
      vertex 33.4327 -35.638 21.4
    endloop
  endfacet
  facet normal 0.896817 -0.442401 0
    outer loop
      vertex 34.4624 -34.95 23.6
      vertex 34.5434 -34.7858 21.4
      vertex 34.5434 -34.7858 23.6
    endloop
  endfacet
  facet normal 0.896817 -0.442401 0
    outer loop
      vertex 34.5434 -34.7858 21.4
      vertex 34.4624 -34.95 23.6
      vertex 34.4624 -34.95 21.4
    endloop
  endfacet
  facet normal 0.659741 -0.751493 0
    outer loop
      vertex 34.1023 -35.3607 21.4
      vertex 34.2399 -35.2399 23.6
      vertex 34.1023 -35.3607 23.6
    endloop
  endfacet
  facet normal 0.659741 -0.751493 0
    outer loop
      vertex 34.2399 -35.2399 23.6
      vertex 34.1023 -35.3607 21.4
      vertex 34.2399 -35.2399 21.4
    endloop
  endfacet
  facet normal 0.55533 -0.83163 0
    outer loop
      vertex 33.95 -35.4624 21.4
      vertex 34.1023 -35.3607 23.6
      vertex 33.95 -35.4624 23.6
    endloop
  endfacet
  facet normal 0.55533 -0.83163 0
    outer loop
      vertex 34.1023 -35.3607 23.6
      vertex 33.95 -35.4624 21.4
      vertex 34.1023 -35.3607 21.4
    endloop
  endfacet
  facet normal -0.0655402 -0.99785 0
    outer loop
      vertex 33.0673 -35.638 21.4
      vertex 33.25 -35.65 23.6
      vertex 33.0673 -35.638 23.6
    endloop
  endfacet
  facet normal -0.0655402 -0.99785 -0
    outer loop
      vertex 33.25 -35.65 23.6
      vertex 33.0673 -35.638 21.4
      vertex 33.25 -35.65 21.4
    endloop
  endfacet
  facet normal -0.442401 -0.896817 0
    outer loop
      vertex 32.55 -35.4624 21.4
      vertex 32.7142 -35.5434 23.6
      vertex 32.55 -35.4624 23.6
    endloop
  endfacet
  facet normal -0.442401 -0.896817 -0
    outer loop
      vertex 32.7142 -35.5434 23.6
      vertex 32.55 -35.4624 21.4
      vertex 32.7142 -35.5434 21.4
    endloop
  endfacet
  facet normal -0.946922 -0.321462 0
    outer loop
      vertex 31.9566 -34.7858 21.4
      vertex 31.8977 -34.6123 23.6
      vertex 31.8977 -34.6123 21.4
    endloop
  endfacet
  facet normal -0.946922 -0.321462 0
    outer loop
      vertex 31.8977 -34.6123 23.6
      vertex 31.9566 -34.7858 21.4
      vertex 31.9566 -34.7858 23.6
    endloop
  endfacet
  facet normal -0.99785 -0.0655402 0
    outer loop
      vertex 31.862 -34.4327 21.4
      vertex 31.85 -34.25 23.6
      vertex 31.85 -34.25 21.4
    endloop
  endfacet
  facet normal -0.99785 -0.0655402 0
    outer loop
      vertex 31.85 -34.25 23.6
      vertex 31.862 -34.4327 21.4
      vertex 31.862 -34.4327 23.6
    endloop
  endfacet
  facet normal -0.83163 -0.55533 0
    outer loop
      vertex 32.1393 -35.1023 21.4
      vertex 32.0376 -34.95 23.6
      vertex 32.0376 -34.95 21.4
    endloop
  endfacet
  facet normal -0.83163 -0.55533 0
    outer loop
      vertex 32.0376 -34.95 23.6
      vertex 32.1393 -35.1023 21.4
      vertex 32.1393 -35.1023 23.6
    endloop
  endfacet
  facet normal -0.751493 -0.659741 0
    outer loop
      vertex 32.2601 -35.2399 21.4
      vertex 32.1393 -35.1023 23.6
      vertex 32.1393 -35.1023 21.4
    endloop
  endfacet
  facet normal -0.751493 -0.659741 0
    outer loop
      vertex 32.1393 -35.1023 23.6
      vertex 32.2601 -35.2399 21.4
      vertex 32.2601 -35.2399 23.6
    endloop
  endfacet
  facet normal 0.194961 -0.980811 0
    outer loop
      vertex 33.4327 -35.638 21.4
      vertex 33.6123 -35.6023 23.6
      vertex 33.4327 -35.638 23.6
    endloop
  endfacet
  facet normal 0.194961 -0.980811 0
    outer loop
      vertex 33.6123 -35.6023 23.6
      vertex 33.4327 -35.638 21.4
      vertex 33.6123 -35.6023 21.4
    endloop
  endfacet
  facet normal -0.55533 -0.83163 0
    outer loop
      vertex 32.3977 -35.3607 21.4
      vertex 32.55 -35.4624 23.6
      vertex 32.3977 -35.3607 23.6
    endloop
  endfacet
  facet normal -0.55533 -0.83163 -0
    outer loop
      vertex 32.55 -35.4624 23.6
      vertex 32.3977 -35.3607 21.4
      vertex 32.55 -35.4624 21.4
    endloop
  endfacet
  facet normal -0.980811 -0.194961 0
    outer loop
      vertex 31.8977 -34.6123 21.4
      vertex 31.862 -34.4327 23.6
      vertex 31.862 -34.4327 21.4
    endloop
  endfacet
  facet normal -0.980811 -0.194961 0
    outer loop
      vertex 31.862 -34.4327 23.6
      vertex 31.8977 -34.6123 21.4
      vertex 31.8977 -34.6123 23.6
    endloop
  endfacet
  facet normal 0.83163 -0.55533 0
    outer loop
      vertex 34.3607 -35.1023 23.6
      vertex 34.4624 -34.95 21.4
      vertex 34.4624 -34.95 23.6
    endloop
  endfacet
  facet normal 0.83163 -0.55533 0
    outer loop
      vertex 34.4624 -34.95 21.4
      vertex 34.3607 -35.1023 23.6
      vertex 34.3607 -35.1023 21.4
    endloop
  endfacet
  facet normal 0.751493 -0.659741 0
    outer loop
      vertex 34.2399 -35.2399 23.6
      vertex 34.3607 -35.1023 21.4
      vertex 34.3607 -35.1023 23.6
    endloop
  endfacet
  facet normal 0.751493 -0.659741 0
    outer loop
      vertex 34.3607 -35.1023 21.4
      vertex 34.2399 -35.2399 23.6
      vertex 34.2399 -35.2399 21.4
    endloop
  endfacet
  facet normal 0.659478 0.751724 -0
    outer loop
      vertex 35.3713 36.3713 2.4
      vertex 35.0763 36.6301 21.4
      vertex 35.3713 36.3713 21.4
    endloop
  endfacet
  facet normal 0.659478 0.751724 0
    outer loop
      vertex 35.0763 36.6301 21.4
      vertex 35.3713 36.3713 2.4
      vertex 35.0763 36.6301 2.4
    endloop
  endfacet
  facet normal -0.321651 -0.946858 0
    outer loop
      vertex 32.102 31.4784 2.4
      vertex 32.4735 31.3522 21.4
      vertex 32.102 31.4784 21.4
    endloop
  endfacet
  facet normal -0.321651 -0.946858 -0
    outer loop
      vertex 32.4735 31.3522 21.4
      vertex 32.102 31.4784 2.4
      vertex 32.4735 31.3522 2.4
    endloop
  endfacet
  facet normal -0.321651 0.946858 0
    outer loop
      vertex 32.4735 37.1478 2.4
      vertex 32.102 37.0216 21.4
      vertex 32.4735 37.1478 21.4
    endloop
  endfacet
  facet normal -0.321651 0.946858 0
    outer loop
      vertex 32.102 37.0216 21.4
      vertex 32.4735 37.1478 2.4
      vertex 32.102 37.0216 2.4
    endloop
  endfacet
  facet normal -0.896961 0.44211 0
    outer loop
      vertex 30.4784 35.398 2.4
      vertex 30.6519 35.75 21.4
      vertex 30.6519 35.75 2.4
    endloop
  endfacet
  facet normal -0.896961 0.44211 0
    outer loop
      vertex 30.6519 35.75 21.4
      vertex 30.4784 35.398 2.4
      vertex 30.4784 35.398 21.4
    endloop
  endfacet
  facet normal 0.896961 0.44211 0
    outer loop
      vertex 36.0216 35.398 21.4
      vertex 35.8481 35.75 2.4
      vertex 35.8481 35.75 21.4
    endloop
  endfacet
  facet normal 0.896961 0.44211 0
    outer loop
      vertex 35.8481 35.75 2.4
      vertex 36.0216 35.398 21.4
      vertex 36.0216 35.398 2.4
    endloop
  endfacet
  facet normal 0.980815 0.19494 0
    outer loop
      vertex 36.2243 34.6416 21.4
      vertex 36.1478 35.0265 2.4
      vertex 36.1478 35.0265 21.4
    endloop
  endfacet
  facet normal 0.980815 0.19494 0
    outer loop
      vertex 36.1478 35.0265 2.4
      vertex 36.2243 34.6416 21.4
      vertex 36.2243 34.6416 2.4
    endloop
  endfacet
  facet normal 0.831501 0.555523 0
    outer loop
      vertex 35.8481 35.75 21.4
      vertex 35.6301 36.0763 2.4
      vertex 35.6301 36.0763 21.4
    endloop
  endfacet
  facet normal 0.831501 0.555523 0
    outer loop
      vertex 35.6301 36.0763 2.4
      vertex 35.8481 35.75 21.4
      vertex 35.8481 35.75 2.4
    endloop
  endfacet
  facet normal 0.751724 0.659478 0
    outer loop
      vertex 35.6301 36.0763 21.4
      vertex 35.3713 36.3713 2.4
      vertex 35.3713 36.3713 21.4
    endloop
  endfacet
  facet normal 0.751724 0.659478 0
    outer loop
      vertex 35.3713 36.3713 2.4
      vertex 35.6301 36.0763 21.4
      vertex 35.6301 36.0763 2.4
    endloop
  endfacet
  facet normal 0.44211 0.896961 -0
    outer loop
      vertex 34.75 36.8481 2.4
      vertex 34.398 37.0216 21.4
      vertex 34.75 36.8481 21.4
    endloop
  endfacet
  facet normal 0.44211 0.896961 0
    outer loop
      vertex 34.398 37.0216 21.4
      vertex 34.75 36.8481 2.4
      vertex 34.398 37.0216 2.4
    endloop
  endfacet
  facet normal 0.321651 0.946858 -0
    outer loop
      vertex 34.398 37.0216 2.4
      vertex 34.0265 37.1478 21.4
      vertex 34.398 37.0216 21.4
    endloop
  endfacet
  facet normal 0.321651 0.946858 0
    outer loop
      vertex 34.0265 37.1478 21.4
      vertex 34.398 37.0216 2.4
      vertex 34.0265 37.1478 2.4
    endloop
  endfacet
  facet normal 0.19494 0.980815 -0
    outer loop
      vertex 34.0265 37.1478 2.4
      vertex 33.6416 37.2243 21.4
      vertex 34.0265 37.1478 21.4
    endloop
  endfacet
  facet normal 0.19494 0.980815 0
    outer loop
      vertex 33.6416 37.2243 21.4
      vertex 34.0265 37.1478 2.4
      vertex 33.6416 37.2243 2.4
    endloop
  endfacet
  facet normal -0.980815 0.19494 0
    outer loop
      vertex 30.2757 34.6416 2.4
      vertex 30.3522 35.0265 21.4
      vertex 30.3522 35.0265 2.4
    endloop
  endfacet
  facet normal -0.980815 0.19494 0
    outer loop
      vertex 30.3522 35.0265 21.4
      vertex 30.2757 34.6416 2.4
      vertex 30.2757 34.6416 21.4
    endloop
  endfacet
  facet normal -0.751724 0.659478 0
    outer loop
      vertex 30.8699 36.0763 2.4
      vertex 31.1287 36.3713 21.4
      vertex 31.1287 36.3713 2.4
    endloop
  endfacet
  facet normal -0.751724 0.659478 0
    outer loop
      vertex 31.1287 36.3713 21.4
      vertex 30.8699 36.0763 2.4
      vertex 30.8699 36.0763 21.4
    endloop
  endfacet
  facet normal -0.44211 0.896961 0
    outer loop
      vertex 32.102 37.0216 2.4
      vertex 31.75 36.8481 21.4
      vertex 32.102 37.0216 21.4
    endloop
  endfacet
  facet normal -0.44211 0.896961 0
    outer loop
      vertex 31.75 36.8481 21.4
      vertex 32.102 37.0216 2.4
      vertex 31.75 36.8481 2.4
    endloop
  endfacet
  facet normal -0.19494 0.980815 0
    outer loop
      vertex 32.8584 37.2243 2.4
      vertex 32.4735 37.1478 21.4
      vertex 32.8584 37.2243 21.4
    endloop
  endfacet
  facet normal -0.19494 0.980815 0
    outer loop
      vertex 32.4735 37.1478 21.4
      vertex 32.8584 37.2243 2.4
      vertex 32.4735 37.1478 2.4
    endloop
  endfacet
  facet normal 0.997853 -0.0654873 0
    outer loop
      vertex 36.2243 33.8584 21.4
      vertex 36.25 34.25 2.4
      vertex 36.25 34.25 21.4
    endloop
  endfacet
  facet normal 0.997853 -0.0654873 0
    outer loop
      vertex 36.25 34.25 2.4
      vertex 36.2243 33.8584 21.4
      vertex 36.2243 33.8584 2.4
    endloop
  endfacet
  facet normal 0.321651 -0.946858 0
    outer loop
      vertex 34.0265 31.3522 2.4
      vertex 34.398 31.4784 21.4
      vertex 34.0265 31.3522 21.4
    endloop
  endfacet
  facet normal 0.321651 -0.946858 0
    outer loop
      vertex 34.398 31.4784 21.4
      vertex 34.0265 31.3522 2.4
      vertex 34.398 31.4784 2.4
    endloop
  endfacet
  facet normal 0.44211 -0.896961 0
    outer loop
      vertex 34.398 31.4784 2.4
      vertex 34.75 31.6519 21.4
      vertex 34.398 31.4784 21.4
    endloop
  endfacet
  facet normal 0.44211 -0.896961 0
    outer loop
      vertex 34.75 31.6519 21.4
      vertex 34.398 31.4784 2.4
      vertex 34.75 31.6519 2.4
    endloop
  endfacet
  facet normal 0.751724 -0.659478 0
    outer loop
      vertex 35.3713 32.1287 21.4
      vertex 35.6301 32.4237 2.4
      vertex 35.6301 32.4237 21.4
    endloop
  endfacet
  facet normal 0.751724 -0.659478 0
    outer loop
      vertex 35.6301 32.4237 2.4
      vertex 35.3713 32.1287 21.4
      vertex 35.3713 32.1287 2.4
    endloop
  endfacet
  facet normal -0.19494 -0.980815 0
    outer loop
      vertex 32.4735 31.3522 2.4
      vertex 32.8584 31.2757 21.4
      vertex 32.4735 31.3522 21.4
    endloop
  endfacet
  facet normal -0.19494 -0.980815 -0
    outer loop
      vertex 32.8584 31.2757 21.4
      vertex 32.4735 31.3522 2.4
      vertex 32.8584 31.2757 2.4
    endloop
  endfacet
  facet normal -0.659478 -0.751724 0
    outer loop
      vertex 31.1287 32.1287 2.4
      vertex 31.4237 31.8699 21.4
      vertex 31.1287 32.1287 21.4
    endloop
  endfacet
  facet normal -0.659478 -0.751724 -0
    outer loop
      vertex 31.4237 31.8699 21.4
      vertex 31.1287 32.1287 2.4
      vertex 31.4237 31.8699 2.4
    endloop
  endfacet
  facet normal -0.896961 -0.44211 0
    outer loop
      vertex 30.6519 32.75 2.4
      vertex 30.4784 33.102 21.4
      vertex 30.4784 33.102 2.4
    endloop
  endfacet
  facet normal -0.896961 -0.44211 0
    outer loop
      vertex 30.4784 33.102 21.4
      vertex 30.6519 32.75 2.4
      vertex 30.6519 32.75 21.4
    endloop
  endfacet
  facet normal 0 0 -1
    outer loop
      vertex 36.2243 33.8584 2.4
      vertex 36.2243 34.6416 2.4
      vertex 36.25 34.25 2.4
    endloop
  endfacet
  facet normal 0 0 -1
    outer loop
      vertex 36.1478 33.4735 2.4
      vertex 36.2243 34.6416 2.4
      vertex 36.2243 33.8584 2.4
    endloop
  endfacet
  facet normal 0 0 -1
    outer loop
      vertex 36.1478 33.4735 2.4
      vertex 36.1478 35.0265 2.4
      vertex 36.2243 34.6416 2.4
    endloop
  endfacet
  facet normal 0 0 -1
    outer loop
      vertex 36.0216 33.102 2.4
      vertex 36.1478 35.0265 2.4
      vertex 36.1478 33.4735 2.4
    endloop
  endfacet
  facet normal 0 0 -1
    outer loop
      vertex 36.0216 33.102 2.4
      vertex 36.0216 35.398 2.4
      vertex 36.1478 35.0265 2.4
    endloop
  endfacet
  facet normal 0 0 -1
    outer loop
      vertex 35.8481 32.75 2.4
      vertex 36.0216 35.398 2.4
      vertex 36.0216 33.102 2.4
    endloop
  endfacet
  facet normal 0 0 -1
    outer loop
      vertex 35.8481 32.75 2.4
      vertex 35.8481 35.75 2.4
      vertex 36.0216 35.398 2.4
    endloop
  endfacet
  facet normal 0 0 -1
    outer loop
      vertex 35.6301 32.4237 2.4
      vertex 35.8481 35.75 2.4
      vertex 35.8481 32.75 2.4
    endloop
  endfacet
  facet normal 0 0 -1
    outer loop
      vertex 35.6301 32.4237 2.4
      vertex 35.6301 36.0763 2.4
      vertex 35.8481 35.75 2.4
    endloop
  endfacet
  facet normal 0 0 -1
    outer loop
      vertex 35.3713 32.1287 2.4
      vertex 35.6301 36.0763 2.4
      vertex 35.6301 32.4237 2.4
    endloop
  endfacet
  facet normal 0 0 -1
    outer loop
      vertex 35.3713 32.1287 2.4
      vertex 35.3713 36.3713 2.4
      vertex 35.6301 36.0763 2.4
    endloop
  endfacet
  facet normal 0 0 -1
    outer loop
      vertex 35.0763 31.8699 2.4
      vertex 35.3713 36.3713 2.4
      vertex 35.3713 32.1287 2.4
    endloop
  endfacet
  facet normal 0 0 -1
    outer loop
      vertex 35.0763 31.8699 2.4
      vertex 35.0763 36.6301 2.4
      vertex 35.3713 36.3713 2.4
    endloop
  endfacet
  facet normal 0 0 -1
    outer loop
      vertex 34.75 31.6519 2.4
      vertex 35.0763 36.6301 2.4
      vertex 35.0763 31.8699 2.4
    endloop
  endfacet
  facet normal 0 0 -1
    outer loop
      vertex 34.75 31.6519 2.4
      vertex 34.75 36.8481 2.4
      vertex 35.0763 36.6301 2.4
    endloop
  endfacet
  facet normal 0 0 -1
    outer loop
      vertex 34.398 31.4784 2.4
      vertex 34.75 36.8481 2.4
      vertex 34.75 31.6519 2.4
    endloop
  endfacet
  facet normal 0 0 -1
    outer loop
      vertex 34.398 31.4784 2.4
      vertex 34.398 37.0216 2.4
      vertex 34.75 36.8481 2.4
    endloop
  endfacet
  facet normal 0 0 -1
    outer loop
      vertex 34.0265 31.3522 2.4
      vertex 34.398 37.0216 2.4
      vertex 34.398 31.4784 2.4
    endloop
  endfacet
  facet normal 0 0 -1
    outer loop
      vertex 34.0265 31.3522 2.4
      vertex 34.0265 37.1478 2.4
      vertex 34.398 37.0216 2.4
    endloop
  endfacet
  facet normal 0 0 -1
    outer loop
      vertex 33.6416 31.2757 2.4
      vertex 34.0265 37.1478 2.4
      vertex 34.0265 31.3522 2.4
    endloop
  endfacet
  facet normal 0 0 -1
    outer loop
      vertex 33.6416 31.2757 2.4
      vertex 33.6416 37.2243 2.4
      vertex 34.0265 37.1478 2.4
    endloop
  endfacet
  facet normal 0 0 -1
    outer loop
      vertex 33.25 31.25 2.4
      vertex 33.6416 37.2243 2.4
      vertex 33.6416 31.2757 2.4
    endloop
  endfacet
  facet normal 0 0 -1
    outer loop
      vertex 33.25 31.25 2.4
      vertex 33.25 37.25 2.4
      vertex 33.6416 37.2243 2.4
    endloop
  endfacet
  facet normal 0 0 -1
    outer loop
      vertex 32.8584 31.2757 2.4
      vertex 33.25 37.25 2.4
      vertex 33.25 31.25 2.4
    endloop
  endfacet
  facet normal 0 0 -1
    outer loop
      vertex 32.8584 31.2757 2.4
      vertex 32.8584 37.2243 2.4
      vertex 33.25 37.25 2.4
    endloop
  endfacet
  facet normal 0 0 -1
    outer loop
      vertex 32.4735 31.3522 2.4
      vertex 32.8584 37.2243 2.4
      vertex 32.8584 31.2757 2.4
    endloop
  endfacet
  facet normal 0 0 -1
    outer loop
      vertex 32.4735 31.3522 2.4
      vertex 32.4735 37.1478 2.4
      vertex 32.8584 37.2243 2.4
    endloop
  endfacet
  facet normal 0 0 -1
    outer loop
      vertex 32.102 31.4784 2.4
      vertex 32.4735 37.1478 2.4
      vertex 32.4735 31.3522 2.4
    endloop
  endfacet
  facet normal 0 0 -1
    outer loop
      vertex 32.102 31.4784 2.4
      vertex 32.102 37.0216 2.4
      vertex 32.4735 37.1478 2.4
    endloop
  endfacet
  facet normal 0 0 -1
    outer loop
      vertex 31.75 31.6519 2.4
      vertex 32.102 37.0216 2.4
      vertex 32.102 31.4784 2.4
    endloop
  endfacet
  facet normal 0 0 -1
    outer loop
      vertex 31.75 31.6519 2.4
      vertex 31.75 36.8481 2.4
      vertex 32.102 37.0216 2.4
    endloop
  endfacet
  facet normal 0 0 -1
    outer loop
      vertex 31.4237 31.8699 2.4
      vertex 31.75 36.8481 2.4
      vertex 31.75 31.6519 2.4
    endloop
  endfacet
  facet normal 0 0 -1
    outer loop
      vertex 31.4237 31.8699 2.4
      vertex 31.4237 36.6301 2.4
      vertex 31.75 36.8481 2.4
    endloop
  endfacet
  facet normal 0 0 -1
    outer loop
      vertex 31.1287 32.1287 2.4
      vertex 31.4237 36.6301 2.4
      vertex 31.4237 31.8699 2.4
    endloop
  endfacet
  facet normal 0 0 -1
    outer loop
      vertex 31.1287 32.1287 2.4
      vertex 31.1287 36.3713 2.4
      vertex 31.4237 36.6301 2.4
    endloop
  endfacet
  facet normal 0 0 -1
    outer loop
      vertex 30.8699 32.4237 2.4
      vertex 31.1287 36.3713 2.4
      vertex 31.1287 32.1287 2.4
    endloop
  endfacet
  facet normal 0 0 -1
    outer loop
      vertex 30.8699 32.4237 2.4
      vertex 30.8699 36.0763 2.4
      vertex 31.1287 36.3713 2.4
    endloop
  endfacet
  facet normal 0 0 -1
    outer loop
      vertex 30.6519 32.75 2.4
      vertex 30.8699 36.0763 2.4
      vertex 30.8699 32.4237 2.4
    endloop
  endfacet
  facet normal 0 0 -1
    outer loop
      vertex 30.6519 32.75 2.4
      vertex 30.6519 35.75 2.4
      vertex 30.8699 36.0763 2.4
    endloop
  endfacet
  facet normal 0 0 -1
    outer loop
      vertex 30.4784 33.102 2.4
      vertex 30.6519 35.75 2.4
      vertex 30.6519 32.75 2.4
    endloop
  endfacet
  facet normal 0 0 -1
    outer loop
      vertex 30.4784 33.102 2.4
      vertex 30.4784 35.398 2.4
      vertex 30.6519 35.75 2.4
    endloop
  endfacet
  facet normal 0 0 -1
    outer loop
      vertex 30.3522 33.4735 2.4
      vertex 30.4784 35.398 2.4
      vertex 30.4784 33.102 2.4
    endloop
  endfacet
  facet normal 0 0 -1
    outer loop
      vertex 30.3522 33.4735 2.4
      vertex 30.3522 35.0265 2.4
      vertex 30.4784 35.398 2.4
    endloop
  endfacet
  facet normal 0 0 -1
    outer loop
      vertex 30.2757 33.8584 2.4
      vertex 30.3522 35.0265 2.4
      vertex 30.3522 33.4735 2.4
    endloop
  endfacet
  facet normal 0 0 -1
    outer loop
      vertex 30.2757 33.8584 2.4
      vertex 30.2757 34.6416 2.4
      vertex 30.3522 35.0265 2.4
    endloop
  endfacet
  facet normal 0 -0 -1
    outer loop
      vertex 30.2757 34.6416 2.4
      vertex 30.2757 33.8584 2.4
      vertex 30.25 34.25 2.4
    endloop
  endfacet
  facet normal 0.946858 0.321651 0
    outer loop
      vertex 36.1478 35.0265 21.4
      vertex 36.0216 35.398 2.4
      vertex 36.0216 35.398 21.4
    endloop
  endfacet
  facet normal 0.946858 0.321651 0
    outer loop
      vertex 36.0216 35.398 2.4
      vertex 36.1478 35.0265 21.4
      vertex 36.1478 35.0265 2.4
    endloop
  endfacet
  facet normal 0.555523 0.831501 -0
    outer loop
      vertex 35.0763 36.6301 2.4
      vertex 34.75 36.8481 21.4
      vertex 35.0763 36.6301 21.4
    endloop
  endfacet
  facet normal 0.555523 0.831501 0
    outer loop
      vertex 34.75 36.8481 21.4
      vertex 35.0763 36.6301 2.4
      vertex 34.75 36.8481 2.4
    endloop
  endfacet
  facet normal 0.0654873 0.997853 -0
    outer loop
      vertex 33.6416 37.2243 2.4
      vertex 33.25 37.25 21.4
      vertex 33.6416 37.2243 21.4
    endloop
  endfacet
  facet normal 0.0654873 0.997853 0
    outer loop
      vertex 33.25 37.25 21.4
      vertex 33.6416 37.2243 2.4
      vertex 33.25 37.25 2.4
    endloop
  endfacet
  facet normal -0.997853 0.0654873 0
    outer loop
      vertex 30.25 34.25 2.4
      vertex 30.2757 34.6416 21.4
      vertex 30.2757 34.6416 2.4
    endloop
  endfacet
  facet normal -0.997853 0.0654873 0
    outer loop
      vertex 30.2757 34.6416 21.4
      vertex 30.25 34.25 2.4
      vertex 30.25 34.25 21.4
    endloop
  endfacet
  facet normal 0 0 1
    outer loop
      vertex 34.65 34.25 21.4
      vertex 36.25 34.25 21.4
      vertex 36.2243 34.6416 21.4
    endloop
  endfacet
  facet normal 0 0 1
    outer loop
      vertex 34.638 34.4327 21.4
      vertex 36.2243 34.6416 21.4
      vertex 36.1478 35.0265 21.4
    endloop
  endfacet
  facet normal 0 0 1
    outer loop
      vertex 36.25 34.25 21.4
      vertex 34.65 34.25 21.4
      vertex 36.2243 33.8584 21.4
    endloop
  endfacet
  facet normal 0 0 1
    outer loop
      vertex 34.6023 34.6123 21.4
      vertex 36.1478 35.0265 21.4
      vertex 36.0216 35.398 21.4
    endloop
  endfacet
  facet normal -0 0 1
    outer loop
      vertex 34.638 34.0673 21.4
      vertex 36.2243 33.8584 21.4
      vertex 34.65 34.25 21.4
    endloop
  endfacet
  facet normal 0 0 1
    outer loop
      vertex 34.5434 34.7858 21.4
      vertex 36.0216 35.398 21.4
      vertex 35.8481 35.75 21.4
    endloop
  endfacet
  facet normal 0 0 1
    outer loop
      vertex 36.2243 33.8584 21.4
      vertex 34.638 34.0673 21.4
      vertex 36.1478 33.4735 21.4
    endloop
  endfacet
  facet normal 0 0 1
    outer loop
      vertex 34.4624 34.95 21.4
      vertex 35.8481 35.75 21.4
      vertex 35.6301 36.0763 21.4
    endloop
  endfacet
  facet normal -0 0 1
    outer loop
      vertex 34.6023 33.8877 21.4
      vertex 36.1478 33.4735 21.4
      vertex 34.638 34.0673 21.4
    endloop
  endfacet
  facet normal 0 0 1
    outer loop
      vertex 34.3607 35.1023 21.4
      vertex 35.6301 36.0763 21.4
      vertex 35.3713 36.3713 21.4
    endloop
  endfacet
  facet normal 0 0 1
    outer loop
      vertex 36.1478 33.4735 21.4
      vertex 34.6023 33.8877 21.4
      vertex 36.0216 33.102 21.4
    endloop
  endfacet
  facet normal 0 0 1
    outer loop
      vertex 34.2399 35.2399 21.4
      vertex 35.3713 36.3713 21.4
      vertex 35.0763 36.6301 21.4
    endloop
  endfacet
  facet normal -0 0 1
    outer loop
      vertex 34.5434 33.7142 21.4
      vertex 36.0216 33.102 21.4
      vertex 34.6023 33.8877 21.4
    endloop
  endfacet
  facet normal 0 0 1
    outer loop
      vertex 34.1023 35.3607 21.4
      vertex 35.0763 36.6301 21.4
      vertex 34.75 36.8481 21.4
    endloop
  endfacet
  facet normal 0 0 1
    outer loop
      vertex 36.0216 33.102 21.4
      vertex 34.5434 33.7142 21.4
      vertex 35.8481 32.75 21.4
    endloop
  endfacet
  facet normal -0 0 1
    outer loop
      vertex 34.4624 33.55 21.4
      vertex 35.8481 32.75 21.4
      vertex 34.5434 33.7142 21.4
    endloop
  endfacet
  facet normal 0 0 1
    outer loop
      vertex 36.2243 34.6416 21.4
      vertex 34.638 34.4327 21.4
      vertex 34.65 34.25 21.4
    endloop
  endfacet
  facet normal 0 0 1
    outer loop
      vertex 36.1478 35.0265 21.4
      vertex 34.6023 34.6123 21.4
      vertex 34.638 34.4327 21.4
    endloop
  endfacet
  facet normal 0 0 1
    outer loop
      vertex 36.0216 35.398 21.4
      vertex 34.5434 34.7858 21.4
      vertex 34.6023 34.6123 21.4
    endloop
  endfacet
  facet normal 0 0 1
    outer loop
      vertex 35.8481 35.75 21.4
      vertex 34.4624 34.95 21.4
      vertex 34.5434 34.7858 21.4
    endloop
  endfacet
  facet normal 0 0 1
    outer loop
      vertex 33.95 35.4624 21.4
      vertex 34.75 36.8481 21.4
      vertex 34.398 37.0216 21.4
    endloop
  endfacet
  facet normal 0 0 1
    outer loop
      vertex 35.6301 36.0763 21.4
      vertex 34.3607 35.1023 21.4
      vertex 34.4624 34.95 21.4
    endloop
  endfacet
  facet normal 0 0 1
    outer loop
      vertex 35.3713 36.3713 21.4
      vertex 34.2399 35.2399 21.4
      vertex 34.3607 35.1023 21.4
    endloop
  endfacet
  facet normal 0 0 1
    outer loop
      vertex 35.0763 36.6301 21.4
      vertex 34.1023 35.3607 21.4
      vertex 34.2399 35.2399 21.4
    endloop
  endfacet
  facet normal 0 0 1
    outer loop
      vertex 33.7858 35.5434 21.4
      vertex 34.398 37.0216 21.4
      vertex 34.0265 37.1478 21.4
    endloop
  endfacet
  facet normal 0 0 1
    outer loop
      vertex 34.75 36.8481 21.4
      vertex 33.95 35.4624 21.4
      vertex 34.1023 35.3607 21.4
    endloop
  endfacet
  facet normal 0 0 1
    outer loop
      vertex 34.398 37.0216 21.4
      vertex 33.7858 35.5434 21.4
      vertex 33.95 35.4624 21.4
    endloop
  endfacet
  facet normal 0 0 1
    outer loop
      vertex 33.6123 35.6023 21.4
      vertex 34.0265 37.1478 21.4
      vertex 33.6416 37.2243 21.4
    endloop
  endfacet
  facet normal 0 0 1
    outer loop
      vertex 34.0265 37.1478 21.4
      vertex 33.6123 35.6023 21.4
      vertex 33.7858 35.5434 21.4
    endloop
  endfacet
  facet normal 0 0 1
    outer loop
      vertex 33.6416 37.2243 21.4
      vertex 33.4327 35.638 21.4
      vertex 33.6123 35.6023 21.4
    endloop
  endfacet
  facet normal 0 0 1
    outer loop
      vertex 33.25 37.25 21.4
      vertex 33.4327 35.638 21.4
      vertex 33.6416 37.2243 21.4
    endloop
  endfacet
  facet normal 0 0 1
    outer loop
      vertex 33.25 37.25 21.4
      vertex 33.25 35.65 21.4
      vertex 33.4327 35.638 21.4
    endloop
  endfacet
  facet normal 0 0 1
    outer loop
      vertex 33.25 37.25 21.4
      vertex 33.0673 35.638 21.4
      vertex 33.25 35.65 21.4
    endloop
  endfacet
  facet normal -0 0 1
    outer loop
      vertex 32.8584 37.2243 21.4
      vertex 33.0673 35.638 21.4
      vertex 33.25 37.25 21.4
    endloop
  endfacet
  facet normal 0 0 1
    outer loop
      vertex 33.0673 35.638 21.4
      vertex 32.8584 37.2243 21.4
      vertex 32.8877 35.6023 21.4
    endloop
  endfacet
  facet normal -0 0 1
    outer loop
      vertex 32.4735 37.1478 21.4
      vertex 32.8877 35.6023 21.4
      vertex 32.8584 37.2243 21.4
    endloop
  endfacet
  facet normal 0 0 1
    outer loop
      vertex 32.8877 35.6023 21.4
      vertex 32.4735 37.1478 21.4
      vertex 32.7142 35.5434 21.4
    endloop
  endfacet
  facet normal -0 0 1
    outer loop
      vertex 32.102 37.0216 21.4
      vertex 32.7142 35.5434 21.4
      vertex 32.4735 37.1478 21.4
    endloop
  endfacet
  facet normal 0 0 1
    outer loop
      vertex 32.7142 35.5434 21.4
      vertex 32.102 37.0216 21.4
      vertex 32.55 35.4624 21.4
    endloop
  endfacet
  facet normal -0 0 1
    outer loop
      vertex 31.75 36.8481 21.4
      vertex 32.55 35.4624 21.4
      vertex 32.102 37.0216 21.4
    endloop
  endfacet
  facet normal 0 0 1
    outer loop
      vertex 32.55 35.4624 21.4
      vertex 31.75 36.8481 21.4
      vertex 32.3977 35.3607 21.4
    endloop
  endfacet
  facet normal -0 0 1
    outer loop
      vertex 31.4237 36.6301 21.4
      vertex 32.3977 35.3607 21.4
      vertex 31.75 36.8481 21.4
    endloop
  endfacet
  facet normal 0 0 1
    outer loop
      vertex 32.3977 35.3607 21.4
      vertex 31.4237 36.6301 21.4
      vertex 32.2601 35.2399 21.4
    endloop
  endfacet
  facet normal -0 0 1
    outer loop
      vertex 31.1287 36.3713 21.4
      vertex 32.2601 35.2399 21.4
      vertex 31.4237 36.6301 21.4
    endloop
  endfacet
  facet normal 0 0 1
    outer loop
      vertex 32.2601 35.2399 21.4
      vertex 31.1287 36.3713 21.4
      vertex 32.1393 35.1023 21.4
    endloop
  endfacet
  facet normal -0 0 1
    outer loop
      vertex 30.8699 36.0763 21.4
      vertex 32.1393 35.1023 21.4
      vertex 31.1287 36.3713 21.4
    endloop
  endfacet
  facet normal -0 0 1
    outer loop
      vertex 30.6519 35.75 21.4
      vertex 32.0376 34.95 21.4
      vertex 30.8699 36.0763 21.4
    endloop
  endfacet
  facet normal 0 0 1
    outer loop
      vertex 32.1393 35.1023 21.4
      vertex 30.8699 36.0763 21.4
      vertex 32.0376 34.95 21.4
    endloop
  endfacet
  facet normal 0 0 1
    outer loop
      vertex 35.8481 32.75 21.4
      vertex 34.4624 33.55 21.4
      vertex 35.6301 32.4237 21.4
    endloop
  endfacet
  facet normal -0 0 1
    outer loop
      vertex 34.3607 33.3977 21.4
      vertex 35.6301 32.4237 21.4
      vertex 34.4624 33.55 21.4
    endloop
  endfacet
  facet normal 0 0 1
    outer loop
      vertex 35.6301 32.4237 21.4
      vertex 34.3607 33.3977 21.4
      vertex 35.3713 32.1287 21.4
    endloop
  endfacet
  facet normal -0 0 1
    outer loop
      vertex 34.2399 33.2601 21.4
      vertex 35.3713 32.1287 21.4
      vertex 34.3607 33.3977 21.4
    endloop
  endfacet
  facet normal 0 0 1
    outer loop
      vertex 35.3713 32.1287 21.4
      vertex 34.2399 33.2601 21.4
      vertex 35.0763 31.8699 21.4
    endloop
  endfacet
  facet normal -0 0 1
    outer loop
      vertex 34.1023 33.1393 21.4
      vertex 35.0763 31.8699 21.4
      vertex 34.2399 33.2601 21.4
    endloop
  endfacet
  facet normal 0 0 1
    outer loop
      vertex 35.0763 31.8699 21.4
      vertex 34.1023 33.1393 21.4
      vertex 34.75 31.6519 21.4
    endloop
  endfacet
  facet normal -0 0 1
    outer loop
      vertex 33.95 33.0376 21.4
      vertex 34.75 31.6519 21.4
      vertex 34.1023 33.1393 21.4
    endloop
  endfacet
  facet normal 0 0 1
    outer loop
      vertex 34.75 31.6519 21.4
      vertex 33.95 33.0376 21.4
      vertex 34.398 31.4784 21.4
    endloop
  endfacet
  facet normal -0 0 1
    outer loop
      vertex 33.7858 32.9566 21.4
      vertex 34.398 31.4784 21.4
      vertex 33.95 33.0376 21.4
    endloop
  endfacet
  facet normal 0 0 1
    outer loop
      vertex 34.398 31.4784 21.4
      vertex 33.7858 32.9566 21.4
      vertex 34.0265 31.3522 21.4
    endloop
  endfacet
  facet normal -0 0 1
    outer loop
      vertex 33.6123 32.8977 21.4
      vertex 34.0265 31.3522 21.4
      vertex 33.7858 32.9566 21.4
    endloop
  endfacet
  facet normal 0 0 1
    outer loop
      vertex 34.0265 31.3522 21.4
      vertex 33.6123 32.8977 21.4
      vertex 33.6416 31.2757 21.4
    endloop
  endfacet
  facet normal -0 0 1
    outer loop
      vertex 33.4327 32.862 21.4
      vertex 33.6416 31.2757 21.4
      vertex 33.6123 32.8977 21.4
    endloop
  endfacet
  facet normal -0 0 1
    outer loop
      vertex 33.25 32.85 21.4
      vertex 33.6416 31.2757 21.4
      vertex 33.4327 32.862 21.4
    endloop
  endfacet
  facet normal 0 0 1
    outer loop
      vertex 33.25 32.85 21.4
      vertex 33.25 31.25 21.4
      vertex 33.6416 31.2757 21.4
    endloop
  endfacet
  facet normal 0 0 1
    outer loop
      vertex 33.0673 32.862 21.4
      vertex 33.25 31.25 21.4
      vertex 33.25 32.85 21.4
    endloop
  endfacet
  facet normal 0 0 1
    outer loop
      vertex 32.8584 31.2757 21.4
      vertex 33.0673 32.862 21.4
      vertex 32.8877 32.8977 21.4
    endloop
  endfacet
  facet normal 0 0 1
    outer loop
      vertex 33.0673 32.862 21.4
      vertex 32.8584 31.2757 21.4
      vertex 33.25 31.25 21.4
    endloop
  endfacet
  facet normal 0 0 1
    outer loop
      vertex 32.4735 31.3522 21.4
      vertex 32.8877 32.8977 21.4
      vertex 32.7142 32.9566 21.4
    endloop
  endfacet
  facet normal 0 0 1
    outer loop
      vertex 32.102 31.4784 21.4
      vertex 32.7142 32.9566 21.4
      vertex 32.55 33.0376 21.4
    endloop
  endfacet
  facet normal 0 0 1
    outer loop
      vertex 32.8877 32.8977 21.4
      vertex 32.4735 31.3522 21.4
      vertex 32.8584 31.2757 21.4
    endloop
  endfacet
  facet normal 0 0 1
    outer loop
      vertex 31.75 31.6519 21.4
      vertex 32.55 33.0376 21.4
      vertex 32.3977 33.1393 21.4
    endloop
  endfacet
  facet normal 0 0 1
    outer loop
      vertex 31.4237 31.8699 21.4
      vertex 32.3977 33.1393 21.4
      vertex 32.2601 33.2601 21.4
    endloop
  endfacet
  facet normal 0 0 1
    outer loop
      vertex 31.1287 32.1287 21.4
      vertex 32.2601 33.2601 21.4
      vertex 32.1393 33.3977 21.4
    endloop
  endfacet
  facet normal 0 0 1
    outer loop
      vertex 32.7142 32.9566 21.4
      vertex 32.102 31.4784 21.4
      vertex 32.4735 31.3522 21.4
    endloop
  endfacet
  facet normal 0 0 1
    outer loop
      vertex 30.8699 32.4237 21.4
      vertex 32.1393 33.3977 21.4
      vertex 32.0376 33.55 21.4
    endloop
  endfacet
  facet normal 0 0 1
    outer loop
      vertex 30.6519 32.75 21.4
      vertex 32.0376 33.55 21.4
      vertex 31.9566 33.7142 21.4
    endloop
  endfacet
  facet normal 0 0 1
    outer loop
      vertex 30.4784 33.102 21.4
      vertex 31.9566 33.7142 21.4
      vertex 31.8977 33.8877 21.4
    endloop
  endfacet
  facet normal 0 0 1
    outer loop
      vertex 30.3522 33.4735 21.4
      vertex 31.8977 33.8877 21.4
      vertex 31.862 34.0673 21.4
    endloop
  endfacet
  facet normal 0 0 1
    outer loop
      vertex 32.55 33.0376 21.4
      vertex 31.75 31.6519 21.4
      vertex 32.102 31.4784 21.4
    endloop
  endfacet
  facet normal 0 0 1
    outer loop
      vertex 30.2757 33.8584 21.4
      vertex 31.862 34.0673 21.4
      vertex 31.85 34.25 21.4
    endloop
  endfacet
  facet normal 0 0 1
    outer loop
      vertex 32.0376 34.95 21.4
      vertex 30.6519 35.75 21.4
      vertex 31.9566 34.7858 21.4
    endloop
  endfacet
  facet normal -0 0 1
    outer loop
      vertex 30.4784 35.398 21.4
      vertex 31.9566 34.7858 21.4
      vertex 30.6519 35.75 21.4
    endloop
  endfacet
  facet normal 0 0 1
    outer loop
      vertex 32.3977 33.1393 21.4
      vertex 31.4237 31.8699 21.4
      vertex 31.75 31.6519 21.4
    endloop
  endfacet
  facet normal 0 0 1
    outer loop
      vertex 31.9566 34.7858 21.4
      vertex 30.4784 35.398 21.4
      vertex 31.8977 34.6123 21.4
    endloop
  endfacet
  facet normal 0 0 1
    outer loop
      vertex 32.2601 33.2601 21.4
      vertex 31.1287 32.1287 21.4
      vertex 31.4237 31.8699 21.4
    endloop
  endfacet
  facet normal -0 0 1
    outer loop
      vertex 30.3522 35.0265 21.4
      vertex 31.8977 34.6123 21.4
      vertex 30.4784 35.398 21.4
    endloop
  endfacet
  facet normal 0 0 1
    outer loop
      vertex 32.1393 33.3977 21.4
      vertex 30.8699 32.4237 21.4
      vertex 31.1287 32.1287 21.4
    endloop
  endfacet
  facet normal 0 0 1
    outer loop
      vertex 31.8977 34.6123 21.4
      vertex 30.3522 35.0265 21.4
      vertex 31.862 34.4327 21.4
    endloop
  endfacet
  facet normal 0 0 1
    outer loop
      vertex 32.0376 33.55 21.4
      vertex 30.6519 32.75 21.4
      vertex 30.8699 32.4237 21.4
    endloop
  endfacet
  facet normal -0 0 1
    outer loop
      vertex 30.2757 34.6416 21.4
      vertex 31.862 34.4327 21.4
      vertex 30.3522 35.0265 21.4
    endloop
  endfacet
  facet normal 0 0 1
    outer loop
      vertex 31.9566 33.7142 21.4
      vertex 30.4784 33.102 21.4
      vertex 30.6519 32.75 21.4
    endloop
  endfacet
  facet normal 0 0 1
    outer loop
      vertex 31.862 34.4327 21.4
      vertex 30.2757 34.6416 21.4
      vertex 31.85 34.25 21.4
    endloop
  endfacet
  facet normal 0 0 1
    outer loop
      vertex 31.8977 33.8877 21.4
      vertex 30.3522 33.4735 21.4
      vertex 30.4784 33.102 21.4
    endloop
  endfacet
  facet normal 0 0 1
    outer loop
      vertex 30.25 34.25 21.4
      vertex 31.85 34.25 21.4
      vertex 30.2757 34.6416 21.4
    endloop
  endfacet
  facet normal 0 0 1
    outer loop
      vertex 31.862 34.0673 21.4
      vertex 30.2757 33.8584 21.4
      vertex 30.3522 33.4735 21.4
    endloop
  endfacet
  facet normal 0 0 1
    outer loop
      vertex 31.85 34.25 21.4
      vertex 30.25 34.25 21.4
      vertex 30.2757 33.8584 21.4
    endloop
  endfacet
  facet normal -0.946858 0.321651 0
    outer loop
      vertex 30.3522 35.0265 2.4
      vertex 30.4784 35.398 21.4
      vertex 30.4784 35.398 2.4
    endloop
  endfacet
  facet normal -0.946858 0.321651 0
    outer loop
      vertex 30.4784 35.398 21.4
      vertex 30.3522 35.0265 2.4
      vertex 30.3522 35.0265 21.4
    endloop
  endfacet
  facet normal -0.831501 0.555523 0
    outer loop
      vertex 30.6519 35.75 2.4
      vertex 30.8699 36.0763 21.4
      vertex 30.8699 36.0763 2.4
    endloop
  endfacet
  facet normal -0.831501 0.555523 0
    outer loop
      vertex 30.8699 36.0763 21.4
      vertex 30.6519 35.75 2.4
      vertex 30.6519 35.75 21.4
    endloop
  endfacet
  facet normal -0.0654873 0.997853 0
    outer loop
      vertex 33.25 37.25 2.4
      vertex 32.8584 37.2243 21.4
      vertex 33.25 37.25 21.4
    endloop
  endfacet
  facet normal -0.0654873 0.997853 0
    outer loop
      vertex 32.8584 37.2243 21.4
      vertex 33.25 37.25 2.4
      vertex 32.8584 37.2243 2.4
    endloop
  endfacet
  facet normal -0.555523 0.831501 0
    outer loop
      vertex 31.75 36.8481 2.4
      vertex 31.4237 36.6301 21.4
      vertex 31.75 36.8481 21.4
    endloop
  endfacet
  facet normal -0.555523 0.831501 0
    outer loop
      vertex 31.4237 36.6301 21.4
      vertex 31.75 36.8481 2.4
      vertex 31.4237 36.6301 2.4
    endloop
  endfacet
  facet normal -0.659478 0.751724 0
    outer loop
      vertex 31.4237 36.6301 2.4
      vertex 31.1287 36.3713 21.4
      vertex 31.4237 36.6301 21.4
    endloop
  endfacet
  facet normal -0.659478 0.751724 0
    outer loop
      vertex 31.1287 36.3713 21.4
      vertex 31.4237 36.6301 2.4
      vertex 31.1287 36.3713 2.4
    endloop
  endfacet
  facet normal 0.997853 0.0654873 0
    outer loop
      vertex 36.25 34.25 21.4
      vertex 36.2243 34.6416 2.4
      vertex 36.2243 34.6416 21.4
    endloop
  endfacet
  facet normal 0.997853 0.0654873 0
    outer loop
      vertex 36.2243 34.6416 2.4
      vertex 36.25 34.25 21.4
      vertex 36.25 34.25 2.4
    endloop
  endfacet
  facet normal 0.0654873 -0.997853 0
    outer loop
      vertex 33.25 31.25 2.4
      vertex 33.6416 31.2757 21.4
      vertex 33.25 31.25 21.4
    endloop
  endfacet
  facet normal 0.0654873 -0.997853 0
    outer loop
      vertex 33.6416 31.2757 21.4
      vertex 33.25 31.25 2.4
      vertex 33.6416 31.2757 2.4
    endloop
  endfacet
  facet normal 0.946858 -0.321651 0
    outer loop
      vertex 36.0216 33.102 21.4
      vertex 36.1478 33.4735 2.4
      vertex 36.1478 33.4735 21.4
    endloop
  endfacet
  facet normal 0.946858 -0.321651 0
    outer loop
      vertex 36.1478 33.4735 2.4
      vertex 36.0216 33.102 21.4
      vertex 36.0216 33.102 2.4
    endloop
  endfacet
  facet normal 0.555523 -0.831501 0
    outer loop
      vertex 34.75 31.6519 2.4
      vertex 35.0763 31.8699 21.4
      vertex 34.75 31.6519 21.4
    endloop
  endfacet
  facet normal 0.555523 -0.831501 0
    outer loop
      vertex 35.0763 31.8699 21.4
      vertex 34.75 31.6519 2.4
      vertex 35.0763 31.8699 2.4
    endloop
  endfacet
  facet normal 0.896961 -0.44211 0
    outer loop
      vertex 35.8481 32.75 21.4
      vertex 36.0216 33.102 2.4
      vertex 36.0216 33.102 21.4
    endloop
  endfacet
  facet normal 0.896961 -0.44211 0
    outer loop
      vertex 36.0216 33.102 2.4
      vertex 35.8481 32.75 21.4
      vertex 35.8481 32.75 2.4
    endloop
  endfacet
  facet normal -0.44211 -0.896961 0
    outer loop
      vertex 31.75 31.6519 2.4
      vertex 32.102 31.4784 21.4
      vertex 31.75 31.6519 21.4
    endloop
  endfacet
  facet normal -0.44211 -0.896961 -0
    outer loop
      vertex 32.102 31.4784 21.4
      vertex 31.75 31.6519 2.4
      vertex 32.102 31.4784 2.4
    endloop
  endfacet
  facet normal -0.946858 -0.321651 0
    outer loop
      vertex 30.4784 33.102 2.4
      vertex 30.3522 33.4735 21.4
      vertex 30.3522 33.4735 2.4
    endloop
  endfacet
  facet normal -0.946858 -0.321651 0
    outer loop
      vertex 30.3522 33.4735 21.4
      vertex 30.4784 33.102 2.4
      vertex 30.4784 33.102 21.4
    endloop
  endfacet
  facet normal -0.997853 -0.0654873 0
    outer loop
      vertex 30.2757 33.8584 2.4
      vertex 30.25 34.25 21.4
      vertex 30.25 34.25 2.4
    endloop
  endfacet
  facet normal -0.997853 -0.0654873 0
    outer loop
      vertex 30.25 34.25 21.4
      vertex 30.2757 33.8584 2.4
      vertex 30.2757 33.8584 21.4
    endloop
  endfacet
  facet normal -0.831501 -0.555523 0
    outer loop
      vertex 30.8699 32.4237 2.4
      vertex 30.6519 32.75 21.4
      vertex 30.6519 32.75 2.4
    endloop
  endfacet
  facet normal -0.831501 -0.555523 0
    outer loop
      vertex 30.6519 32.75 21.4
      vertex 30.8699 32.4237 2.4
      vertex 30.8699 32.4237 21.4
    endloop
  endfacet
  facet normal 0.980815 -0.19494 0
    outer loop
      vertex 36.1478 33.4735 21.4
      vertex 36.2243 33.8584 2.4
      vertex 36.2243 33.8584 21.4
    endloop
  endfacet
  facet normal 0.980815 -0.19494 0
    outer loop
      vertex 36.2243 33.8584 2.4
      vertex 36.1478 33.4735 21.4
      vertex 36.1478 33.4735 2.4
    endloop
  endfacet
  facet normal 0.19494 -0.980815 0
    outer loop
      vertex 33.6416 31.2757 2.4
      vertex 34.0265 31.3522 21.4
      vertex 33.6416 31.2757 21.4
    endloop
  endfacet
  facet normal 0.19494 -0.980815 0
    outer loop
      vertex 34.0265 31.3522 21.4
      vertex 33.6416 31.2757 2.4
      vertex 34.0265 31.3522 2.4
    endloop
  endfacet
  facet normal 0.659478 -0.751724 0
    outer loop
      vertex 35.0763 31.8699 2.4
      vertex 35.3713 32.1287 21.4
      vertex 35.0763 31.8699 21.4
    endloop
  endfacet
  facet normal 0.659478 -0.751724 0
    outer loop
      vertex 35.3713 32.1287 21.4
      vertex 35.0763 31.8699 2.4
      vertex 35.3713 32.1287 2.4
    endloop
  endfacet
  facet normal 0.831501 -0.555523 0
    outer loop
      vertex 35.6301 32.4237 21.4
      vertex 35.8481 32.75 2.4
      vertex 35.8481 32.75 21.4
    endloop
  endfacet
  facet normal 0.831501 -0.555523 0
    outer loop
      vertex 35.8481 32.75 2.4
      vertex 35.6301 32.4237 21.4
      vertex 35.6301 32.4237 2.4
    endloop
  endfacet
  facet normal -0.0654873 -0.997853 0
    outer loop
      vertex 32.8584 31.2757 2.4
      vertex 33.25 31.25 21.4
      vertex 32.8584 31.2757 21.4
    endloop
  endfacet
  facet normal -0.0654873 -0.997853 -0
    outer loop
      vertex 33.25 31.25 21.4
      vertex 32.8584 31.2757 2.4
      vertex 33.25 31.25 2.4
    endloop
  endfacet
  facet normal -0.555523 -0.831501 0
    outer loop
      vertex 31.4237 31.8699 2.4
      vertex 31.75 31.6519 21.4
      vertex 31.4237 31.8699 21.4
    endloop
  endfacet
  facet normal -0.555523 -0.831501 -0
    outer loop
      vertex 31.75 31.6519 21.4
      vertex 31.4237 31.8699 2.4
      vertex 31.75 31.6519 2.4
    endloop
  endfacet
  facet normal -0.980815 -0.19494 0
    outer loop
      vertex 30.3522 33.4735 2.4
      vertex 30.2757 33.8584 21.4
      vertex 30.2757 33.8584 2.4
    endloop
  endfacet
  facet normal -0.980815 -0.19494 0
    outer loop
      vertex 30.2757 33.8584 21.4
      vertex 30.3522 33.4735 2.4
      vertex 30.3522 33.4735 21.4
    endloop
  endfacet
  facet normal -0.751724 -0.659478 0
    outer loop
      vertex 31.1287 32.1287 2.4
      vertex 30.8699 32.4237 21.4
      vertex 30.8699 32.4237 2.4
    endloop
  endfacet
  facet normal -0.751724 -0.659478 0
    outer loop
      vertex 30.8699 32.4237 21.4
      vertex 31.1287 32.1287 2.4
      vertex 31.1287 32.1287 21.4
    endloop
  endfacet
  facet normal 0.99785 0.0655402 0
    outer loop
      vertex 34.65 34.25 23.6
      vertex 34.638 34.4327 21.4
      vertex 34.638 34.4327 23.6
    endloop
  endfacet
  facet normal 0.99785 0.0655402 0
    outer loop
      vertex 34.638 34.4327 21.4
      vertex 34.65 34.25 23.6
      vertex 34.65 34.25 21.4
    endloop
  endfacet
  facet normal -0.99785 0.0655402 0
    outer loop
      vertex 31.85 34.25 21.4
      vertex 31.862 34.4327 23.6
      vertex 31.862 34.4327 21.4
    endloop
  endfacet
  facet normal -0.99785 0.0655402 0
    outer loop
      vertex 31.862 34.4327 23.6
      vertex 31.85 34.25 21.4
      vertex 31.85 34.25 23.6
    endloop
  endfacet
  facet normal 0.0655402 0.99785 -0
    outer loop
      vertex 33.4327 35.638 21.4
      vertex 33.25 35.65 23.6
      vertex 33.4327 35.638 23.6
    endloop
  endfacet
  facet normal 0.0655402 0.99785 0
    outer loop
      vertex 33.25 35.65 23.6
      vertex 33.4327 35.638 21.4
      vertex 33.25 35.65 21.4
    endloop
  endfacet
  facet normal -0.0655402 -0.99785 0
    outer loop
      vertex 33.0673 32.862 21.4
      vertex 33.25 32.85 23.6
      vertex 33.0673 32.862 23.6
    endloop
  endfacet
  facet normal -0.0655402 -0.99785 -0
    outer loop
      vertex 33.25 32.85 23.6
      vertex 33.0673 32.862 21.4
      vertex 33.25 32.85 21.4
    endloop
  endfacet
  facet normal 0.751493 0.659741 0
    outer loop
      vertex 34.3607 35.1023 23.6
      vertex 34.2399 35.2399 21.4
      vertex 34.2399 35.2399 23.6
    endloop
  endfacet
  facet normal 0.751493 0.659741 0
    outer loop
      vertex 34.2399 35.2399 21.4
      vertex 34.3607 35.1023 23.6
      vertex 34.3607 35.1023 21.4
    endloop
  endfacet
  facet normal -0.659741 0.751493 0
    outer loop
      vertex 32.3977 35.3607 21.4
      vertex 32.2601 35.2399 23.6
      vertex 32.3977 35.3607 23.6
    endloop
  endfacet
  facet normal -0.659741 0.751493 0
    outer loop
      vertex 32.2601 35.2399 23.6
      vertex 32.3977 35.3607 21.4
      vertex 32.2601 35.2399 21.4
    endloop
  endfacet
  facet normal -0.321462 0.946922 0
    outer loop
      vertex 32.8877 35.6023 21.4
      vertex 32.7142 35.5434 23.6
      vertex 32.8877 35.6023 23.6
    endloop
  endfacet
  facet normal -0.321462 0.946922 0
    outer loop
      vertex 32.7142 35.5434 23.6
      vertex 32.8877 35.6023 21.4
      vertex 32.7142 35.5434 21.4
    endloop
  endfacet
  facet normal 0.946922 0.321462 0
    outer loop
      vertex 34.6023 34.6123 23.6
      vertex 34.5434 34.7858 21.4
      vertex 34.5434 34.7858 23.6
    endloop
  endfacet
  facet normal 0.946922 0.321462 0
    outer loop
      vertex 34.5434 34.7858 21.4
      vertex 34.6023 34.6123 23.6
      vertex 34.6023 34.6123 21.4
    endloop
  endfacet
  facet normal 0.980811 0.194961 0
    outer loop
      vertex 34.638 34.4327 23.6
      vertex 34.6023 34.6123 21.4
      vertex 34.6023 34.6123 23.6
    endloop
  endfacet
  facet normal 0.980811 0.194961 0
    outer loop
      vertex 34.6023 34.6123 21.4
      vertex 34.638 34.4327 23.6
      vertex 34.638 34.4327 21.4
    endloop
  endfacet
  facet normal 0.896817 0.442401 0
    outer loop
      vertex 34.5434 34.7858 23.6
      vertex 34.4624 34.95 21.4
      vertex 34.4624 34.95 23.6
    endloop
  endfacet
  facet normal 0.896817 0.442401 0
    outer loop
      vertex 34.4624 34.95 21.4
      vertex 34.5434 34.7858 23.6
      vertex 34.5434 34.7858 21.4
    endloop
  endfacet
  facet normal 0.442401 0.896817 -0
    outer loop
      vertex 33.95 35.4624 21.4
      vertex 33.7858 35.5434 23.6
      vertex 33.95 35.4624 23.6
    endloop
  endfacet
  facet normal 0.442401 0.896817 0
    outer loop
      vertex 33.7858 35.5434 23.6
      vertex 33.95 35.4624 21.4
      vertex 33.7858 35.5434 21.4
    endloop
  endfacet
  facet normal 0.321462 0.946922 -0
    outer loop
      vertex 33.7858 35.5434 21.4
      vertex 33.6123 35.6023 23.6
      vertex 33.7858 35.5434 23.6
    endloop
  endfacet
  facet normal 0.321462 0.946922 0
    outer loop
      vertex 33.6123 35.6023 23.6
      vertex 33.7858 35.5434 21.4
      vertex 33.6123 35.6023 21.4
    endloop
  endfacet
  facet normal 0.55533 0.83163 -0
    outer loop
      vertex 34.1023 35.3607 21.4
      vertex 33.95 35.4624 23.6
      vertex 34.1023 35.3607 23.6
    endloop
  endfacet
  facet normal 0.55533 0.83163 0
    outer loop
      vertex 33.95 35.4624 23.6
      vertex 34.1023 35.3607 21.4
      vertex 33.95 35.4624 21.4
    endloop
  endfacet
  facet normal -0.896817 0.442401 0
    outer loop
      vertex 31.9566 34.7858 21.4
      vertex 32.0376 34.95 23.6
      vertex 32.0376 34.95 21.4
    endloop
  endfacet
  facet normal -0.896817 0.442401 0
    outer loop
      vertex 32.0376 34.95 23.6
      vertex 31.9566 34.7858 21.4
      vertex 31.9566 34.7858 23.6
    endloop
  endfacet
  facet normal -0.83163 0.55533 0
    outer loop
      vertex 32.0376 34.95 21.4
      vertex 32.1393 35.1023 23.6
      vertex 32.1393 35.1023 21.4
    endloop
  endfacet
  facet normal -0.83163 0.55533 0
    outer loop
      vertex 32.1393 35.1023 23.6
      vertex 32.0376 34.95 21.4
      vertex 32.0376 34.95 23.6
    endloop
  endfacet
  facet normal -0.946922 0.321462 0
    outer loop
      vertex 31.8977 34.6123 21.4
      vertex 31.9566 34.7858 23.6
      vertex 31.9566 34.7858 21.4
    endloop
  endfacet
  facet normal -0.946922 0.321462 0
    outer loop
      vertex 31.9566 34.7858 23.6
      vertex 31.8977 34.6123 21.4
      vertex 31.8977 34.6123 23.6
    endloop
  endfacet
  facet normal -0.442401 0.896817 0
    outer loop
      vertex 32.7142 35.5434 21.4
      vertex 32.55 35.4624 23.6
      vertex 32.7142 35.5434 23.6
    endloop
  endfacet
  facet normal -0.442401 0.896817 0
    outer loop
      vertex 32.55 35.4624 23.6
      vertex 32.7142 35.5434 21.4
      vertex 32.55 35.4624 21.4
    endloop
  endfacet
  facet normal -0.194961 0.980811 0
    outer loop
      vertex 33.0673 35.638 21.4
      vertex 32.8877 35.6023 23.6
      vertex 33.0673 35.638 23.6
    endloop
  endfacet
  facet normal -0.194961 0.980811 0
    outer loop
      vertex 32.8877 35.6023 23.6
      vertex 33.0673 35.638 21.4
      vertex 32.8877 35.6023 21.4
    endloop
  endfacet
  facet normal 0.659741 -0.751493 0
    outer loop
      vertex 34.1023 33.1393 21.4
      vertex 34.2399 33.2601 23.6
      vertex 34.1023 33.1393 23.6
    endloop
  endfacet
  facet normal 0.659741 -0.751493 0
    outer loop
      vertex 34.2399 33.2601 23.6
      vertex 34.1023 33.1393 21.4
      vertex 34.2399 33.2601 21.4
    endloop
  endfacet
  facet normal 0.442401 -0.896817 0
    outer loop
      vertex 33.7858 32.9566 21.4
      vertex 33.95 33.0376 23.6
      vertex 33.7858 32.9566 23.6
    endloop
  endfacet
  facet normal 0.442401 -0.896817 0
    outer loop
      vertex 33.95 33.0376 23.6
      vertex 33.7858 32.9566 21.4
      vertex 33.95 33.0376 21.4
    endloop
  endfacet
  facet normal 0.896817 -0.442401 0
    outer loop
      vertex 34.4624 33.55 23.6
      vertex 34.5434 33.7142 21.4
      vertex 34.5434 33.7142 23.6
    endloop
  endfacet
  facet normal 0.896817 -0.442401 0
    outer loop
      vertex 34.5434 33.7142 21.4
      vertex 34.4624 33.55 23.6
      vertex 34.4624 33.55 21.4
    endloop
  endfacet
  facet normal 0.980811 -0.194961 0
    outer loop
      vertex 34.6023 33.8877 23.6
      vertex 34.638 34.0673 21.4
      vertex 34.638 34.0673 23.6
    endloop
  endfacet
  facet normal 0.980811 -0.194961 0
    outer loop
      vertex 34.638 34.0673 21.4
      vertex 34.6023 33.8877 23.6
      vertex 34.6023 33.8877 21.4
    endloop
  endfacet
  facet normal -0.442401 -0.896817 0
    outer loop
      vertex 32.55 33.0376 21.4
      vertex 32.7142 32.9566 23.6
      vertex 32.55 33.0376 23.6
    endloop
  endfacet
  facet normal -0.442401 -0.896817 -0
    outer loop
      vertex 32.7142 32.9566 23.6
      vertex 32.55 33.0376 21.4
      vertex 32.7142 32.9566 21.4
    endloop
  endfacet
  facet normal -0.321462 -0.946922 0
    outer loop
      vertex 32.7142 32.9566 21.4
      vertex 32.8877 32.8977 23.6
      vertex 32.7142 32.9566 23.6
    endloop
  endfacet
  facet normal -0.321462 -0.946922 -0
    outer loop
      vertex 32.8877 32.8977 23.6
      vertex 32.7142 32.9566 21.4
      vertex 32.8877 32.8977 21.4
    endloop
  endfacet
  facet normal -0.896817 -0.442401 0
    outer loop
      vertex 32.0376 33.55 21.4
      vertex 31.9566 33.7142 23.6
      vertex 31.9566 33.7142 21.4
    endloop
  endfacet
  facet normal -0.896817 -0.442401 0
    outer loop
      vertex 31.9566 33.7142 23.6
      vertex 32.0376 33.55 21.4
      vertex 32.0376 33.55 23.6
    endloop
  endfacet
  facet normal -0.83163 -0.55533 0
    outer loop
      vertex 32.1393 33.3977 21.4
      vertex 32.0376 33.55 23.6
      vertex 32.0376 33.55 21.4
    endloop
  endfacet
  facet normal -0.83163 -0.55533 0
    outer loop
      vertex 32.0376 33.55 23.6
      vertex 32.1393 33.3977 21.4
      vertex 32.1393 33.3977 23.6
    endloop
  endfacet
  facet normal 0.83163 0.55533 0
    outer loop
      vertex 34.4624 34.95 23.6
      vertex 34.3607 35.1023 21.4
      vertex 34.3607 35.1023 23.6
    endloop
  endfacet
  facet normal 0.83163 0.55533 0
    outer loop
      vertex 34.3607 35.1023 21.4
      vertex 34.4624 34.95 23.6
      vertex 34.4624 34.95 21.4
    endloop
  endfacet
  facet normal 0.194961 0.980811 -0
    outer loop
      vertex 33.6123 35.6023 21.4
      vertex 33.4327 35.638 23.6
      vertex 33.6123 35.6023 23.6
    endloop
  endfacet
  facet normal 0.194961 0.980811 0
    outer loop
      vertex 33.4327 35.638 23.6
      vertex 33.6123 35.6023 21.4
      vertex 33.4327 35.638 21.4
    endloop
  endfacet
  facet normal 0.659741 0.751493 -0
    outer loop
      vertex 34.2399 35.2399 21.4
      vertex 34.1023 35.3607 23.6
      vertex 34.2399 35.2399 23.6
    endloop
  endfacet
  facet normal 0.659741 0.751493 0
    outer loop
      vertex 34.1023 35.3607 23.6
      vertex 34.2399 35.2399 21.4
      vertex 34.1023 35.3607 21.4
    endloop
  endfacet
  facet normal -0.751493 0.659741 0
    outer loop
      vertex 32.1393 35.1023 21.4
      vertex 32.2601 35.2399 23.6
      vertex 32.2601 35.2399 21.4
    endloop
  endfacet
  facet normal -0.751493 0.659741 0
    outer loop
      vertex 32.2601 35.2399 23.6
      vertex 32.1393 35.1023 21.4
      vertex 32.1393 35.1023 23.6
    endloop
  endfacet
  facet normal -0.980811 0.194961 0
    outer loop
      vertex 31.862 34.4327 21.4
      vertex 31.8977 34.6123 23.6
      vertex 31.8977 34.6123 21.4
    endloop
  endfacet
  facet normal -0.980811 0.194961 0
    outer loop
      vertex 31.8977 34.6123 23.6
      vertex 31.862 34.4327 21.4
      vertex 31.862 34.4327 23.6
    endloop
  endfacet
  facet normal 0 0 1
    outer loop
      vertex 34.638 34.4327 23.6
      vertex 34.638 34.0673 23.6
      vertex 34.65 34.25 23.6
    endloop
  endfacet
  facet normal 0 0 1
    outer loop
      vertex 34.6023 34.6123 23.6
      vertex 34.638 34.0673 23.6
      vertex 34.638 34.4327 23.6
    endloop
  endfacet
  facet normal 0 0 1
    outer loop
      vertex 34.6023 34.6123 23.6
      vertex 34.6023 33.8877 23.6
      vertex 34.638 34.0673 23.6
    endloop
  endfacet
  facet normal 0 0 1
    outer loop
      vertex 34.5434 34.7858 23.6
      vertex 34.6023 33.8877 23.6
      vertex 34.6023 34.6123 23.6
    endloop
  endfacet
  facet normal 0 0 1
    outer loop
      vertex 34.5434 34.7858 23.6
      vertex 34.5434 33.7142 23.6
      vertex 34.6023 33.8877 23.6
    endloop
  endfacet
  facet normal 0 0 1
    outer loop
      vertex 34.4624 34.95 23.6
      vertex 34.5434 33.7142 23.6
      vertex 34.5434 34.7858 23.6
    endloop
  endfacet
  facet normal 0 0 1
    outer loop
      vertex 34.4624 34.95 23.6
      vertex 34.4624 33.55 23.6
      vertex 34.5434 33.7142 23.6
    endloop
  endfacet
  facet normal 0 0 1
    outer loop
      vertex 34.3607 35.1023 23.6
      vertex 34.4624 33.55 23.6
      vertex 34.4624 34.95 23.6
    endloop
  endfacet
  facet normal 0 0 1
    outer loop
      vertex 34.3607 35.1023 23.6
      vertex 34.3607 33.3977 23.6
      vertex 34.4624 33.55 23.6
    endloop
  endfacet
  facet normal 0 0 1
    outer loop
      vertex 34.2399 35.2399 23.6
      vertex 34.3607 33.3977 23.6
      vertex 34.3607 35.1023 23.6
    endloop
  endfacet
  facet normal 0 0 1
    outer loop
      vertex 34.2399 35.2399 23.6
      vertex 34.2399 33.2601 23.6
      vertex 34.3607 33.3977 23.6
    endloop
  endfacet
  facet normal 0 0 1
    outer loop
      vertex 34.1023 35.3607 23.6
      vertex 34.2399 33.2601 23.6
      vertex 34.2399 35.2399 23.6
    endloop
  endfacet
  facet normal 0 0 1
    outer loop
      vertex 34.1023 35.3607 23.6
      vertex 34.1023 33.1393 23.6
      vertex 34.2399 33.2601 23.6
    endloop
  endfacet
  facet normal 0 0 1
    outer loop
      vertex 33.95 35.4624 23.6
      vertex 34.1023 33.1393 23.6
      vertex 34.1023 35.3607 23.6
    endloop
  endfacet
  facet normal 0 0 1
    outer loop
      vertex 33.95 35.4624 23.6
      vertex 33.95 33.0376 23.6
      vertex 34.1023 33.1393 23.6
    endloop
  endfacet
  facet normal 0 0 1
    outer loop
      vertex 33.7858 35.5434 23.6
      vertex 33.95 33.0376 23.6
      vertex 33.95 35.4624 23.6
    endloop
  endfacet
  facet normal 0 0 1
    outer loop
      vertex 33.7858 35.5434 23.6
      vertex 33.7858 32.9566 23.6
      vertex 33.95 33.0376 23.6
    endloop
  endfacet
  facet normal 0 0 1
    outer loop
      vertex 33.6123 35.6023 23.6
      vertex 33.7858 32.9566 23.6
      vertex 33.7858 35.5434 23.6
    endloop
  endfacet
  facet normal 0 0 1
    outer loop
      vertex 33.6123 35.6023 23.6
      vertex 33.6123 32.8977 23.6
      vertex 33.7858 32.9566 23.6
    endloop
  endfacet
  facet normal 0 0 1
    outer loop
      vertex 33.4327 35.638 23.6
      vertex 33.6123 32.8977 23.6
      vertex 33.6123 35.6023 23.6
    endloop
  endfacet
  facet normal 0 0 1
    outer loop
      vertex 33.4327 35.638 23.6
      vertex 33.4327 32.862 23.6
      vertex 33.6123 32.8977 23.6
    endloop
  endfacet
  facet normal 0 0 1
    outer loop
      vertex 33.25 35.65 23.6
      vertex 33.4327 32.862 23.6
      vertex 33.4327 35.638 23.6
    endloop
  endfacet
  facet normal 0 0 1
    outer loop
      vertex 33.25 35.65 23.6
      vertex 33.25 32.85 23.6
      vertex 33.4327 32.862 23.6
    endloop
  endfacet
  facet normal -0 0 1
    outer loop
      vertex 33.0673 35.638 23.6
      vertex 33.25 32.85 23.6
      vertex 33.25 35.65 23.6
    endloop
  endfacet
  facet normal 0 0 1
    outer loop
      vertex 33.0673 35.638 23.6
      vertex 33.0673 32.862 23.6
      vertex 33.25 32.85 23.6
    endloop
  endfacet
  facet normal -0 0 1
    outer loop
      vertex 32.8877 35.6023 23.6
      vertex 33.0673 32.862 23.6
      vertex 33.0673 35.638 23.6
    endloop
  endfacet
  facet normal 0 0 1
    outer loop
      vertex 32.8877 35.6023 23.6
      vertex 32.8877 32.8977 23.6
      vertex 33.0673 32.862 23.6
    endloop
  endfacet
  facet normal -0 0 1
    outer loop
      vertex 32.7142 35.5434 23.6
      vertex 32.8877 32.8977 23.6
      vertex 32.8877 35.6023 23.6
    endloop
  endfacet
  facet normal 0 0 1
    outer loop
      vertex 32.7142 35.5434 23.6
      vertex 32.7142 32.9566 23.6
      vertex 32.8877 32.8977 23.6
    endloop
  endfacet
  facet normal -0 0 1
    outer loop
      vertex 32.55 35.4624 23.6
      vertex 32.7142 32.9566 23.6
      vertex 32.7142 35.5434 23.6
    endloop
  endfacet
  facet normal 0 0 1
    outer loop
      vertex 32.55 35.4624 23.6
      vertex 32.55 33.0376 23.6
      vertex 32.7142 32.9566 23.6
    endloop
  endfacet
  facet normal -0 0 1
    outer loop
      vertex 32.3977 35.3607 23.6
      vertex 32.55 33.0376 23.6
      vertex 32.55 35.4624 23.6
    endloop
  endfacet
  facet normal 0 0 1
    outer loop
      vertex 32.3977 35.3607 23.6
      vertex 32.3977 33.1393 23.6
      vertex 32.55 33.0376 23.6
    endloop
  endfacet
  facet normal -0 0 1
    outer loop
      vertex 32.2601 35.2399 23.6
      vertex 32.3977 33.1393 23.6
      vertex 32.3977 35.3607 23.6
    endloop
  endfacet
  facet normal 0 0 1
    outer loop
      vertex 32.2601 35.2399 23.6
      vertex 32.2601 33.2601 23.6
      vertex 32.3977 33.1393 23.6
    endloop
  endfacet
  facet normal -0 0 1
    outer loop
      vertex 32.1393 35.1023 23.6
      vertex 32.2601 33.2601 23.6
      vertex 32.2601 35.2399 23.6
    endloop
  endfacet
  facet normal 0 0 1
    outer loop
      vertex 32.1393 35.1023 23.6
      vertex 32.1393 33.3977 23.6
      vertex 32.2601 33.2601 23.6
    endloop
  endfacet
  facet normal -0 0 1
    outer loop
      vertex 32.0376 34.95 23.6
      vertex 32.1393 33.3977 23.6
      vertex 32.1393 35.1023 23.6
    endloop
  endfacet
  facet normal 0 0 1
    outer loop
      vertex 32.0376 34.95 23.6
      vertex 32.0376 33.55 23.6
      vertex 32.1393 33.3977 23.6
    endloop
  endfacet
  facet normal -0 0 1
    outer loop
      vertex 31.9566 34.7858 23.6
      vertex 32.0376 33.55 23.6
      vertex 32.0376 34.95 23.6
    endloop
  endfacet
  facet normal 0 0 1
    outer loop
      vertex 31.9566 34.7858 23.6
      vertex 31.9566 33.7142 23.6
      vertex 32.0376 33.55 23.6
    endloop
  endfacet
  facet normal -0 0 1
    outer loop
      vertex 31.8977 34.6123 23.6
      vertex 31.9566 33.7142 23.6
      vertex 31.9566 34.7858 23.6
    endloop
  endfacet
  facet normal 0 0 1
    outer loop
      vertex 31.8977 34.6123 23.6
      vertex 31.8977 33.8877 23.6
      vertex 31.9566 33.7142 23.6
    endloop
  endfacet
  facet normal -0 0 1
    outer loop
      vertex 31.862 34.4327 23.6
      vertex 31.8977 33.8877 23.6
      vertex 31.8977 34.6123 23.6
    endloop
  endfacet
  facet normal 0 0 1
    outer loop
      vertex 31.862 34.4327 23.6
      vertex 31.862 34.0673 23.6
      vertex 31.8977 33.8877 23.6
    endloop
  endfacet
  facet normal 0 -0 1
    outer loop
      vertex 31.862 34.0673 23.6
      vertex 31.862 34.4327 23.6
      vertex 31.85 34.25 23.6
    endloop
  endfacet
  facet normal -0.55533 0.83163 0
    outer loop
      vertex 32.55 35.4624 21.4
      vertex 32.3977 35.3607 23.6
      vertex 32.55 35.4624 23.6
    endloop
  endfacet
  facet normal -0.55533 0.83163 0
    outer loop
      vertex 32.3977 35.3607 23.6
      vertex 32.55 35.4624 21.4
      vertex 32.3977 35.3607 21.4
    endloop
  endfacet
  facet normal -0.0655402 0.99785 0
    outer loop
      vertex 33.25 35.65 21.4
      vertex 33.0673 35.638 23.6
      vertex 33.25 35.65 23.6
    endloop
  endfacet
  facet normal -0.0655402 0.99785 0
    outer loop
      vertex 33.0673 35.638 23.6
      vertex 33.25 35.65 21.4
      vertex 33.0673 35.638 21.4
    endloop
  endfacet
  facet normal 0.0655402 -0.99785 0
    outer loop
      vertex 33.25 32.85 21.4
      vertex 33.4327 32.862 23.6
      vertex 33.25 32.85 23.6
    endloop
  endfacet
  facet normal 0.0655402 -0.99785 0
    outer loop
      vertex 33.4327 32.862 23.6
      vertex 33.25 32.85 21.4
      vertex 33.4327 32.862 21.4
    endloop
  endfacet
  facet normal 0.321462 -0.946922 0
    outer loop
      vertex 33.6123 32.8977 21.4
      vertex 33.7858 32.9566 23.6
      vertex 33.6123 32.8977 23.6
    endloop
  endfacet
  facet normal 0.321462 -0.946922 0
    outer loop
      vertex 33.7858 32.9566 23.6
      vertex 33.6123 32.8977 21.4
      vertex 33.7858 32.9566 21.4
    endloop
  endfacet
  facet normal 0.55533 -0.83163 0
    outer loop
      vertex 33.95 33.0376 21.4
      vertex 34.1023 33.1393 23.6
      vertex 33.95 33.0376 23.6
    endloop
  endfacet
  facet normal 0.55533 -0.83163 0
    outer loop
      vertex 34.1023 33.1393 23.6
      vertex 33.95 33.0376 21.4
      vertex 34.1023 33.1393 21.4
    endloop
  endfacet
  facet normal 0.751493 -0.659741 0
    outer loop
      vertex 34.2399 33.2601 23.6
      vertex 34.3607 33.3977 21.4
      vertex 34.3607 33.3977 23.6
    endloop
  endfacet
  facet normal 0.751493 -0.659741 0
    outer loop
      vertex 34.3607 33.3977 21.4
      vertex 34.2399 33.2601 23.6
      vertex 34.2399 33.2601 21.4
    endloop
  endfacet
  facet normal 0.83163 -0.55533 0
    outer loop
      vertex 34.3607 33.3977 23.6
      vertex 34.4624 33.55 21.4
      vertex 34.4624 33.55 23.6
    endloop
  endfacet
  facet normal 0.83163 -0.55533 0
    outer loop
      vertex 34.4624 33.55 21.4
      vertex 34.3607 33.3977 23.6
      vertex 34.3607 33.3977 21.4
    endloop
  endfacet
  facet normal -0.659741 -0.751493 0
    outer loop
      vertex 32.2601 33.2601 21.4
      vertex 32.3977 33.1393 23.6
      vertex 32.2601 33.2601 23.6
    endloop
  endfacet
  facet normal -0.659741 -0.751493 -0
    outer loop
      vertex 32.3977 33.1393 23.6
      vertex 32.2601 33.2601 21.4
      vertex 32.3977 33.1393 21.4
    endloop
  endfacet
  facet normal -0.55533 -0.83163 0
    outer loop
      vertex 32.3977 33.1393 21.4
      vertex 32.55 33.0376 23.6
      vertex 32.3977 33.1393 23.6
    endloop
  endfacet
  facet normal -0.55533 -0.83163 -0
    outer loop
      vertex 32.55 33.0376 23.6
      vertex 32.3977 33.1393 21.4
      vertex 32.55 33.0376 21.4
    endloop
  endfacet
  facet normal -0.194961 -0.980811 0
    outer loop
      vertex 32.8877 32.8977 21.4
      vertex 33.0673 32.862 23.6
      vertex 32.8877 32.8977 23.6
    endloop
  endfacet
  facet normal -0.194961 -0.980811 -0
    outer loop
      vertex 33.0673 32.862 23.6
      vertex 32.8877 32.8977 21.4
      vertex 33.0673 32.862 21.4
    endloop
  endfacet
  facet normal -0.751493 -0.659741 0
    outer loop
      vertex 32.2601 33.2601 21.4
      vertex 32.1393 33.3977 23.6
      vertex 32.1393 33.3977 21.4
    endloop
  endfacet
  facet normal -0.751493 -0.659741 0
    outer loop
      vertex 32.1393 33.3977 23.6
      vertex 32.2601 33.2601 21.4
      vertex 32.2601 33.2601 23.6
    endloop
  endfacet
  facet normal -0.946922 -0.321462 0
    outer loop
      vertex 31.9566 33.7142 21.4
      vertex 31.8977 33.8877 23.6
      vertex 31.8977 33.8877 21.4
    endloop
  endfacet
  facet normal -0.946922 -0.321462 0
    outer loop
      vertex 31.8977 33.8877 23.6
      vertex 31.9566 33.7142 21.4
      vertex 31.9566 33.7142 23.6
    endloop
  endfacet
  facet normal -0.99785 -0.0655402 0
    outer loop
      vertex 31.862 34.0673 21.4
      vertex 31.85 34.25 23.6
      vertex 31.85 34.25 21.4
    endloop
  endfacet
  facet normal -0.99785 -0.0655402 0
    outer loop
      vertex 31.85 34.25 23.6
      vertex 31.862 34.0673 21.4
      vertex 31.862 34.0673 23.6
    endloop
  endfacet
  facet normal 0.99785 -0.0655402 0
    outer loop
      vertex 34.638 34.0673 23.6
      vertex 34.65 34.25 21.4
      vertex 34.65 34.25 23.6
    endloop
  endfacet
  facet normal 0.99785 -0.0655402 0
    outer loop
      vertex 34.65 34.25 21.4
      vertex 34.638 34.0673 23.6
      vertex 34.638 34.0673 21.4
    endloop
  endfacet
  facet normal 0.194961 -0.980811 0
    outer loop
      vertex 33.4327 32.862 21.4
      vertex 33.6123 32.8977 23.6
      vertex 33.4327 32.862 23.6
    endloop
  endfacet
  facet normal 0.194961 -0.980811 0
    outer loop
      vertex 33.6123 32.8977 23.6
      vertex 33.4327 32.862 21.4
      vertex 33.6123 32.8977 21.4
    endloop
  endfacet
  facet normal 0.946922 -0.321462 0
    outer loop
      vertex 34.5434 33.7142 23.6
      vertex 34.6023 33.8877 21.4
      vertex 34.6023 33.8877 23.6
    endloop
  endfacet
  facet normal 0.946922 -0.321462 0
    outer loop
      vertex 34.6023 33.8877 21.4
      vertex 34.5434 33.7142 23.6
      vertex 34.5434 33.7142 21.4
    endloop
  endfacet
  facet normal -0.980811 -0.194961 0
    outer loop
      vertex 31.8977 33.8877 21.4
      vertex 31.862 34.0673 23.6
      vertex 31.862 34.0673 21.4
    endloop
  endfacet
  facet normal -0.980811 -0.194961 0
    outer loop
      vertex 31.862 34.0673 23.6
      vertex 31.8977 33.8877 21.4
      vertex 31.8977 33.8877 23.6
    endloop
  endfacet
  facet normal 0.321498 -0.94691 0
    outer loop
      vertex 41.9353 -44.7637 0
      vertex 42.4307 -44.5955 2.4
      vertex 41.9353 -44.7637 2.4
    endloop
  endfacet
  facet normal 0.321498 -0.94691 0
    outer loop
      vertex 42.4307 -44.5955 2.4
      vertex 41.9353 -44.7637 0
      vertex 42.4307 -44.5955 0
    endloop
  endfacet
  facet normal 0.0653646 -0.997861 0
    outer loop
      vertex 40.9 -44.9 0
      vertex 41.4221 -44.8658 2.4
      vertex 40.9 -44.9 2.4
    endloop
  endfacet
  facet normal 0.0653646 -0.997861 0
    outer loop
      vertex 41.4221 -44.8658 2.4
      vertex 40.9 -44.9 0
      vertex 41.4221 -44.8658 0
    endloop
  endfacet
  facet normal -0.195124 0.980779 0
    outer loop
      vertex -41.4221 44.8658 0
      vertex -41.9353 44.7637 2.4
      vertex -41.4221 44.8658 2.4
    endloop
  endfacet
  facet normal -0.195124 0.980779 0
    outer loop
      vertex -41.9353 44.7637 2.4
      vertex -41.4221 44.8658 0
      vertex -41.9353 44.7637 0
    endloop
  endfacet
  facet normal 0.195124 -0.980779 0
    outer loop
      vertex 41.4221 -44.8658 0
      vertex 41.9353 -44.7637 2.4
      vertex 41.4221 -44.8658 2.4
    endloop
  endfacet
  facet normal 0.195124 -0.980779 0
    outer loop
      vertex 41.9353 -44.7637 2.4
      vertex 41.4221 -44.8658 0
      vertex 41.9353 -44.7637 0
    endloop
  endfacet
  facet normal 0.751842 0.659343 0
    outer loop
      vertex 44.0734 43.335 2.4
      vertex 43.7284 43.7284 0
      vertex 43.7284 43.7284 2.4
    endloop
  endfacet
  facet normal 0.751842 0.659343 0
    outer loop
      vertex 43.7284 43.7284 0
      vertex 44.0734 43.335 2.4
      vertex 44.0734 43.335 0
    endloop
  endfacet
  facet normal -0.555626 0.831432 0
    outer loop
      vertex -42.9 44.3641 0
      vertex -43.335 44.0734 2.4
      vertex -42.9 44.3641 2.4
    endloop
  endfacet
  facet normal -0.555626 0.831432 0
    outer loop
      vertex -43.335 44.0734 2.4
      vertex -42.9 44.3641 0
      vertex -43.335 44.0734 0
    endloop
  endfacet
  facet normal -0.997861 0.0653646 0
    outer loop
      vertex -44.9 40.9 0
      vertex -44.8658 41.4221 2.4
      vertex -44.8658 41.4221 0
    endloop
  endfacet
  facet normal -0.997861 0.0653646 0
    outer loop
      vertex -44.8658 41.4221 2.4
      vertex -44.9 40.9 0
      vertex -44.9 40.9 2.4
    endloop
  endfacet
  facet normal 0 0 1
    outer loop
      vertex -25.2897 32.9566 2.4
      vertex -38.6333 38.6333 2.4
      vertex -25.3 32.8 2.4
    endloop
  endfacet
  facet normal 0 0 1
    outer loop
      vertex -25.2086 18.7408 2.4
      vertex -38.1641 -39.5846 2.4
      vertex -38.15 -39.8 2.4
    endloop
  endfacet
  facet normal -0 0 1
    outer loop
      vertex -38.7955 38.491 2.4
      vertex -25.3 32.8 2.4
      vertex -38.6333 38.6333 2.4
    endloop
  endfacet
  facet normal 0 0 1
    outer loop
      vertex -25.2086 18.7408 2.4
      vertex -38.2062 -39.3729 2.4
      vertex -38.1641 -39.5846 2.4
    endloop
  endfacet
  facet normal -0 0 1
    outer loop
      vertex -38.975 38.3711 2.4
      vertex -25.3 32.8 2.4
      vertex -38.7955 38.491 2.4
    endloop
  endfacet
  facet normal 0 0 1
    outer loop
      vertex -25.2086 18.7408 2.4
      vertex -38.2756 -39.1686 2.4
      vertex -38.2062 -39.3729 2.4
    endloop
  endfacet
  facet normal -0 0 1
    outer loop
      vertex -39.1686 38.2756 2.4
      vertex -25.3 32.8 2.4
      vertex -38.975 38.3711 2.4
    endloop
  endfacet
  facet normal 0 0 1
    outer loop
      vertex -25.2086 18.7408 2.4
      vertex -38.3711 -38.975 2.4
      vertex -38.2756 -39.1686 2.4
    endloop
  endfacet
  facet normal -0 0 1
    outer loop
      vertex -39.3729 38.2062 2.4
      vertex -25.3 32.8 2.4
      vertex -39.1686 38.2756 2.4
    endloop
  endfacet
  facet normal 0 0 1
    outer loop
      vertex -25.2086 18.7408 2.4
      vertex -38.491 -38.7955 2.4
      vertex -38.3711 -38.975 2.4
    endloop
  endfacet
  facet normal 0 0 1
    outer loop
      vertex -25.3 32.8 2.4
      vertex -39.3729 38.2062 2.4
      vertex -25.3 19.2 2.4
    endloop
  endfacet
  facet normal 0 0 1
    outer loop
      vertex -25.2086 18.7408 2.4
      vertex -38.6333 -38.6333 2.4
      vertex -38.491 -38.7955 2.4
    endloop
  endfacet
  facet normal -0 0 1
    outer loop
      vertex -39.5846 38.1641 2.4
      vertex -25.3 19.2 2.4
      vertex -39.3729 38.2062 2.4
    endloop
  endfacet
  facet normal 0 0 1
    outer loop
      vertex -25.2086 18.7408 2.4
      vertex -38.7955 -38.491 2.4
      vertex -38.6333 -38.6333 2.4
    endloop
  endfacet
  facet normal -0 0 1
    outer loop
      vertex -39.8 38.15 2.4
      vertex -25.3 19.2 2.4
      vertex -39.5846 38.1641 2.4
    endloop
  endfacet
  facet normal 0 0 1
    outer loop
      vertex -25.2086 18.7408 2.4
      vertex -38.975 -38.3711 2.4
      vertex -38.7955 -38.491 2.4
    endloop
  endfacet
  facet normal 0 0 1
    outer loop
      vertex -40.0154 38.1641 2.4
      vertex -25.3 19.2 2.4
      vertex -39.8 38.15 2.4
    endloop
  endfacet
  facet normal 0 0 1
    outer loop
      vertex -25.2086 18.7408 2.4
      vertex -39.1686 -38.2756 2.4
      vertex -38.975 -38.3711 2.4
    endloop
  endfacet
  facet normal 0 0 1
    outer loop
      vertex -40.2271 38.2062 2.4
      vertex -25.3 19.2 2.4
      vertex -40.0154 38.1641 2.4
    endloop
  endfacet
  facet normal 0 0 1
    outer loop
      vertex -25.2086 18.7408 2.4
      vertex -39.3729 -38.2062 2.4
      vertex -39.1686 -38.2756 2.4
    endloop
  endfacet
  facet normal 0 0 1
    outer loop
      vertex -25.3 19.2 2.4
      vertex -40.2271 38.2062 2.4
      vertex -25.2897 19.0434 2.4
    endloop
  endfacet
  facet normal 0 0 1
    outer loop
      vertex -25.2086 18.7408 2.4
      vertex -39.5846 -38.1641 2.4
      vertex -39.3729 -38.2062 2.4
    endloop
  endfacet
  facet normal 0 0 1
    outer loop
      vertex -40.4314 38.2756 2.4
      vertex -25.2897 19.0434 2.4
      vertex -40.2271 38.2062 2.4
    endloop
  endfacet
  facet normal 0 0 1
    outer loop
      vertex -25.2086 18.7408 2.4
      vertex -39.8 -38.15 2.4
      vertex -39.5846 -38.1641 2.4
    endloop
  endfacet
  facet normal 0 0 1
    outer loop
      vertex -25.2897 19.0434 2.4
      vertex -40.4314 38.2756 2.4
      vertex -25.2591 18.8894 2.4
    endloop
  endfacet
  facet normal 0 0 1
    outer loop
      vertex -25.2086 18.7408 2.4
      vertex -40.0154 -38.1641 2.4
      vertex -39.8 -38.15 2.4
    endloop
  endfacet
  facet normal 0 0 1
    outer loop
      vertex -40.625 38.3711 2.4
      vertex -25.2591 18.8894 2.4
      vertex -40.4314 38.2756 2.4
    endloop
  endfacet
  facet normal 0 0 1
    outer loop
      vertex -25.2086 18.7408 2.4
      vertex -40.2271 -38.2062 2.4
      vertex -40.0154 -38.1641 2.4
    endloop
  endfacet
  facet normal 0 0 1
    outer loop
      vertex -25.2591 18.8894 2.4
      vertex -40.625 38.3711 2.4
      vertex -25.2086 18.7408 2.4
    endloop
  endfacet
  facet normal 0 0 1
    outer loop
      vertex -25.2086 18.7408 2.4
      vertex -40.4314 -38.2756 2.4
      vertex -40.2271 -38.2062 2.4
    endloop
  endfacet
  facet normal 0 0 1
    outer loop
      vertex -40.8045 38.491 2.4
      vertex -25.2086 18.7408 2.4
      vertex -40.625 38.3711 2.4
    endloop
  endfacet
  facet normal 0 0 1
    outer loop
      vertex -25.2086 18.7408 2.4
      vertex -40.625 -38.3711 2.4
      vertex -40.4314 -38.2756 2.4
    endloop
  endfacet
  facet normal 0 0 1
    outer loop
      vertex -44.9 40.9 2.4
      vertex -25.2086 18.7408 2.4
      vertex -40.8045 38.491 2.4
    endloop
  endfacet
  facet normal 0 0 1
    outer loop
      vertex -25.2086 18.7408 2.4
      vertex -40.8045 -38.491 2.4
      vertex -40.625 -38.3711 2.4
    endloop
  endfacet
  facet normal 0 0 1
    outer loop
      vertex -44.9 40.9 2.4
      vertex -40.8045 38.491 2.4
      vertex -40.9667 38.6333 2.4
    endloop
  endfacet
  facet normal 0 0 1
    outer loop
      vertex -44.9 -40.9 2.4
      vertex -25.2086 18.7408 2.4
      vertex -44.9 40.9 2.4
    endloop
  endfacet
  facet normal 0 0 1
    outer loop
      vertex -44.9 40.9 2.4
      vertex -40.9667 38.6333 2.4
      vertex -41.109 38.7955 2.4
    endloop
  endfacet
  facet normal 0 0 1
    outer loop
      vertex -25.2086 18.7408 2.4
      vertex -44.9 -40.9 2.4
      vertex -40.8045 -38.491 2.4
    endloop
  endfacet
  facet normal 0 0 1
    outer loop
      vertex -44.9 40.9 2.4
      vertex -41.109 38.7955 2.4
      vertex -41.2289 38.975 2.4
    endloop
  endfacet
  facet normal 0 0 1
    outer loop
      vertex -40.8045 -38.491 2.4
      vertex -44.9 -40.9 2.4
      vertex -40.9667 -38.6333 2.4
    endloop
  endfacet
  facet normal 0 0 1
    outer loop
      vertex -44.9 40.9 2.4
      vertex -41.2289 38.975 2.4
      vertex -41.3244 39.1686 2.4
    endloop
  endfacet
  facet normal 0 0 1
    outer loop
      vertex -40.9667 -38.6333 2.4
      vertex -44.9 -40.9 2.4
      vertex -41.109 -38.7955 2.4
    endloop
  endfacet
  facet normal 0 0 1
    outer loop
      vertex -44.9 40.9 2.4
      vertex -41.3244 39.1686 2.4
      vertex -41.3938 39.3729 2.4
    endloop
  endfacet
  facet normal 0 0 1
    outer loop
      vertex -41.109 -38.7955 2.4
      vertex -44.9 -40.9 2.4
      vertex -41.2289 -38.975 2.4
    endloop
  endfacet
  facet normal 0 0 1
    outer loop
      vertex -44.9 40.9 2.4
      vertex -41.3938 39.3729 2.4
      vertex -41.4359 39.5846 2.4
    endloop
  endfacet
  facet normal 0 0 1
    outer loop
      vertex -41.2289 -38.975 2.4
      vertex -44.9 -40.9 2.4
      vertex -41.3244 -39.1686 2.4
    endloop
  endfacet
  facet normal 0 0 1
    outer loop
      vertex -44.9 40.9 2.4
      vertex -41.4359 39.5846 2.4
      vertex -41.45 39.8 2.4
    endloop
  endfacet
  facet normal 0 0 1
    outer loop
      vertex -41.3244 -39.1686 2.4
      vertex -44.9 -40.9 2.4
      vertex -41.3938 -39.3729 2.4
    endloop
  endfacet
  facet normal 0 0 1
    outer loop
      vertex 41.3244 39.1686 2.4
      vertex 44.9 40.9 2.4
      vertex 41.3938 39.3729 2.4
    endloop
  endfacet
  facet normal 0 0 1
    outer loop
      vertex 44.9 -40.9 2.4
      vertex 41.4359 -39.5846 2.4
      vertex 41.45 -39.8 2.4
    endloop
  endfacet
  facet normal 0 0 1
    outer loop
      vertex 41.2289 38.975 2.4
      vertex 44.9 40.9 2.4
      vertex 41.3244 39.1686 2.4
    endloop
  endfacet
  facet normal 0 0 1
    outer loop
      vertex 44.9 -40.9 2.4
      vertex 41.3938 -39.3729 2.4
      vertex 41.4359 -39.5846 2.4
    endloop
  endfacet
  facet normal 0 0 1
    outer loop
      vertex 41.109 38.7955 2.4
      vertex 44.9 40.9 2.4
      vertex 41.2289 38.975 2.4
    endloop
  endfacet
  facet normal 0 0 1
    outer loop
      vertex 44.9 -40.9 2.4
      vertex 41.3244 -39.1686 2.4
      vertex 41.3938 -39.3729 2.4
    endloop
  endfacet
  facet normal 0 0 1
    outer loop
      vertex 40.9667 38.6333 2.4
      vertex 44.9 40.9 2.4
      vertex 41.109 38.7955 2.4
    endloop
  endfacet
  facet normal 0 0 1
    outer loop
      vertex 44.9 -40.9 2.4
      vertex 41.2289 -38.975 2.4
      vertex 41.3244 -39.1686 2.4
    endloop
  endfacet
  facet normal 0 0 1
    outer loop
      vertex 40.8045 38.491 2.4
      vertex 44.9 40.9 2.4
      vertex 40.9667 38.6333 2.4
    endloop
  endfacet
  facet normal 0 0 1
    outer loop
      vertex 44.9 -40.9 2.4
      vertex 41.109 -38.7955 2.4
      vertex 41.2289 -38.975 2.4
    endloop
  endfacet
  facet normal 0 0 1
    outer loop
      vertex 25.2086 18.7408 2.4
      vertex 44.9 40.9 2.4
      vertex 40.8045 38.491 2.4
    endloop
  endfacet
  facet normal 0 0 1
    outer loop
      vertex 44.9 -40.9 2.4
      vertex 40.9667 -38.6333 2.4
      vertex 41.109 -38.7955 2.4
    endloop
  endfacet
  facet normal 0 0 1
    outer loop
      vertex 44.9 40.9 2.4
      vertex 25.2086 18.7408 2.4
      vertex 44.9 -40.9 2.4
    endloop
  endfacet
  facet normal 0 0 1
    outer loop
      vertex 44.9 -40.9 2.4
      vertex 40.8045 -38.491 2.4
      vertex 40.9667 -38.6333 2.4
    endloop
  endfacet
  facet normal 0 0 1
    outer loop
      vertex 25.2086 18.7408 2.4
      vertex 40.8045 38.491 2.4
      vertex 40.625 38.3711 2.4
    endloop
  endfacet
  facet normal 0 0 1
    outer loop
      vertex 44.9 -40.9 2.4
      vertex 25.2086 18.7408 2.4
      vertex 40.8045 -38.491 2.4
    endloop
  endfacet
  facet normal 0 0 1
    outer loop
      vertex 25.2591 18.8894 2.4
      vertex 40.625 38.3711 2.4
      vertex 40.4314 38.2756 2.4
    endloop
  endfacet
  facet normal 0 0 1
    outer loop
      vertex 40.8045 -38.491 2.4
      vertex 25.2086 18.7408 2.4
      vertex 40.625 -38.3711 2.4
    endloop
  endfacet
  facet normal 0 0 1
    outer loop
      vertex 25.2897 19.0434 2.4
      vertex 40.4314 38.2756 2.4
      vertex 40.2271 38.2062 2.4
    endloop
  endfacet
  facet normal -0 0 1
    outer loop
      vertex 25.1392 18.6 2.4
      vertex 40.625 -38.3711 2.4
      vertex 25.2086 18.7408 2.4
    endloop
  endfacet
  facet normal 0 0 1
    outer loop
      vertex 25.3 19.2 2.4
      vertex 40.2271 38.2062 2.4
      vertex 40.0154 38.1641 2.4
    endloop
  endfacet
  facet normal 0 0 1
    outer loop
      vertex 40.625 -38.3711 2.4
      vertex 25.1392 18.6 2.4
      vertex 40.4314 -38.2756 2.4
    endloop
  endfacet
  facet normal 0 0 1
    outer loop
      vertex 25.3 19.2 2.4
      vertex 40.0154 38.1641 2.4
      vertex 39.8 38.15 2.4
    endloop
  endfacet
  facet normal -0 0 1
    outer loop
      vertex 25.052 18.4695 2.4
      vertex 40.4314 -38.2756 2.4
      vertex 25.1392 18.6 2.4
    endloop
  endfacet
  facet normal 0 0 1
    outer loop
      vertex 25.3 19.2 2.4
      vertex 39.8 38.15 2.4
      vertex 39.5846 38.1641 2.4
    endloop
  endfacet
  facet normal 0 0 1
    outer loop
      vertex 40.4314 -38.2756 2.4
      vertex 25.052 18.4695 2.4
      vertex 40.2271 -38.2062 2.4
    endloop
  endfacet
  facet normal 0 0 1
    outer loop
      vertex 25.3 19.2 2.4
      vertex 39.5846 38.1641 2.4
      vertex 39.3729 38.2062 2.4
    endloop
  endfacet
  facet normal -0 0 1
    outer loop
      vertex 24.9485 18.3515 2.4
      vertex 40.2271 -38.2062 2.4
      vertex 25.052 18.4695 2.4
    endloop
  endfacet
  facet normal 0 0 1
    outer loop
      vertex 25.3 32.8 2.4
      vertex 39.3729 38.2062 2.4
      vertex 39.1686 38.2756 2.4
    endloop
  endfacet
  facet normal 0 0 1
    outer loop
      vertex 40.2271 -38.2062 2.4
      vertex 24.9485 18.3515 2.4
      vertex 40.0154 -38.1641 2.4
    endloop
  endfacet
  facet normal 0 0 1
    outer loop
      vertex 25.3 32.8 2.4
      vertex 39.1686 38.2756 2.4
      vertex 38.975 38.3711 2.4
    endloop
  endfacet
  facet normal -0 0 1
    outer loop
      vertex 24.8305 18.248 2.4
      vertex 40.0154 -38.1641 2.4
      vertex 24.9485 18.3515 2.4
    endloop
  endfacet
  facet normal 0 0 1
    outer loop
      vertex 25.3 32.8 2.4
      vertex 38.975 38.3711 2.4
      vertex 38.7955 38.491 2.4
    endloop
  endfacet
  facet normal 0 0 1
    outer loop
      vertex 40.0154 -38.1641 2.4
      vertex 24.8305 18.248 2.4
      vertex 39.8 -38.15 2.4
    endloop
  endfacet
  facet normal 0 0 1
    outer loop
      vertex 25.3 32.8 2.4
      vertex 38.7955 38.491 2.4
      vertex 38.6333 38.6333 2.4
    endloop
  endfacet
  facet normal -0 0 1
    outer loop
      vertex 24.7 18.1608 2.4
      vertex 39.8 -38.15 2.4
      vertex 24.8305 18.248 2.4
    endloop
  endfacet
  facet normal 0 0 1
    outer loop
      vertex 25.2897 32.9566 2.4
      vertex 38.6333 38.6333 2.4
      vertex 38.491 38.7955 2.4
    endloop
  endfacet
  facet normal 0 0 1
    outer loop
      vertex 39.8 -38.15 2.4
      vertex 24.7 18.1608 2.4
      vertex 39.5846 -38.1641 2.4
    endloop
  endfacet
  facet normal 0 0 1
    outer loop
      vertex 25.2591 33.1106 2.4
      vertex 38.491 38.7955 2.4
      vertex 38.3711 38.975 2.4
    endloop
  endfacet
  facet normal -0 0 1
    outer loop
      vertex 24.5592 18.0913 2.4
      vertex 39.5846 -38.1641 2.4
      vertex 24.7 18.1608 2.4
    endloop
  endfacet
  facet normal 0 0 1
    outer loop
      vertex 25.2086 33.2592 2.4
      vertex 38.3711 38.975 2.4
      vertex 38.2756 39.1686 2.4
    endloop
  endfacet
  facet normal 0 0 1
    outer loop
      vertex 39.5846 -38.1641 2.4
      vertex 24.5592 18.0913 2.4
      vertex 39.3729 -38.2062 2.4
    endloop
  endfacet
  facet normal 0 0 1
    outer loop
      vertex 25.1392 33.4 2.4
      vertex 38.2756 39.1686 2.4
      vertex 38.2062 39.3729 2.4
    endloop
  endfacet
  facet normal -0 0 1
    outer loop
      vertex 24.4106 18.0409 2.4
      vertex 39.3729 -38.2062 2.4
      vertex 24.5592 18.0913 2.4
    endloop
  endfacet
  facet normal 0 0 1
    outer loop
      vertex 25.052 33.5305 2.4
      vertex 38.2062 39.3729 2.4
      vertex 38.1641 39.5846 2.4
    endloop
  endfacet
  facet normal 0 0 1
    outer loop
      vertex 39.3729 -38.2062 2.4
      vertex 24.4106 18.0409 2.4
      vertex 39.1686 -38.2756 2.4
    endloop
  endfacet
  facet normal 0 0 1
    outer loop
      vertex 24.9485 33.6485 2.4
      vertex 38.1641 39.5846 2.4
      vertex 38.15 39.8 2.4
    endloop
  endfacet
  facet normal 0 0 1
    outer loop
      vertex 40.625 38.3711 2.4
      vertex 25.2591 18.8894 2.4
      vertex 25.2086 18.7408 2.4
    endloop
  endfacet
  facet normal 0 0 1
    outer loop
      vertex 41.3244 40.4314 2.4
      vertex 44.9 40.9 2.4
      vertex 44.8658 41.4221 2.4
    endloop
  endfacet
  facet normal 0 0 1
    outer loop
      vertex 41.4359 39.5846 2.4
      vertex 44.9 40.9 2.4
      vertex 41.45 39.8 2.4
    endloop
  endfacet
  facet normal 0 0 1
    outer loop
      vertex 41.3244 40.4314 2.4
      vertex 44.8658 41.4221 2.4
      vertex 44.7637 41.9353 2.4
    endloop
  endfacet
  facet normal 0 0 1
    outer loop
      vertex 41.3938 39.3729 2.4
      vertex 44.9 40.9 2.4
      vertex 41.4359 39.5846 2.4
    endloop
  endfacet
  facet normal 0 0 1
    outer loop
      vertex 41.2289 40.625 2.4
      vertex 44.7637 41.9353 2.4
      vertex 44.5955 42.4307 2.4
    endloop
  endfacet
  facet normal -0 0 1
    outer loop
      vertex 41.4359 -40.0154 2.4
      vertex 44.9 -40.9 2.4
      vertex 41.45 -39.8 2.4
    endloop
  endfacet
  facet normal 0 0 1
    outer loop
      vertex 41.109 40.8045 2.4
      vertex 44.5955 42.4307 2.4
      vertex 44.3641 42.9 2.4
    endloop
  endfacet
  facet normal -0 0 1
    outer loop
      vertex 41.3938 -40.2271 2.4
      vertex 44.9 -40.9 2.4
      vertex 41.4359 -40.0154 2.4
    endloop
  endfacet
  facet normal 0 0 1
    outer loop
      vertex 41.109 40.8045 2.4
      vertex 44.3641 42.9 2.4
      vertex 44.0734 43.335 2.4
    endloop
  endfacet
  facet normal -0 0 1
    outer loop
      vertex 41.3244 -40.4314 2.4
      vertex 44.9 -40.9 2.4
      vertex 41.3938 -40.2271 2.4
    endloop
  endfacet
  facet normal 0 0 1
    outer loop
      vertex 40.9667 40.9667 2.4
      vertex 44.0734 43.335 2.4
      vertex 43.7284 43.7284 2.4
    endloop
  endfacet
  facet normal 0 0 1
    outer loop
      vertex 44.9 -40.9 2.4
      vertex 41.3244 -40.4314 2.4
      vertex 44.8658 -41.4221 2.4
    endloop
  endfacet
  facet normal 0 0 1
    outer loop
      vertex 40.9667 40.9667 2.4
      vertex 43.7284 43.7284 2.4
      vertex 43.335 44.0734 2.4
    endloop
  endfacet
  facet normal 0 0 1
    outer loop
      vertex 44.8658 -41.4221 2.4
      vertex 41.3244 -40.4314 2.4
      vertex 44.7637 -41.9353 2.4
    endloop
  endfacet
  facet normal 0 0 1
    outer loop
      vertex 40.8045 41.109 2.4
      vertex 43.335 44.0734 2.4
      vertex 42.9 44.3641 2.4
    endloop
  endfacet
  facet normal -0 0 1
    outer loop
      vertex 41.2289 -40.625 2.4
      vertex 44.7637 -41.9353 2.4
      vertex 41.3244 -40.4314 2.4
    endloop
  endfacet
  facet normal 0 0 1
    outer loop
      vertex 40.8045 41.109 2.4
      vertex 42.9 44.3641 2.4
      vertex 42.4307 44.5955 2.4
    endloop
  endfacet
  facet normal 0 0 1
    outer loop
      vertex 44.7637 -41.9353 2.4
      vertex 41.2289 -40.625 2.4
      vertex 44.5955 -42.4307 2.4
    endloop
  endfacet
  facet normal 0 0 1
    outer loop
      vertex 40.625 41.2289 2.4
      vertex 42.4307 44.5955 2.4
      vertex 41.9353 44.7637 2.4
    endloop
  endfacet
  facet normal -0 0 1
    outer loop
      vertex 41.109 -40.8045 2.4
      vertex 44.5955 -42.4307 2.4
      vertex 41.2289 -40.625 2.4
    endloop
  endfacet
  facet normal 0 0 1
    outer loop
      vertex 44.5955 -42.4307 2.4
      vertex 41.109 -40.8045 2.4
      vertex 44.3641 -42.9 2.4
    endloop
  endfacet
  facet normal 0 0 1
    outer loop
      vertex 44.9 40.9 2.4
      vertex 41.4359 40.0154 2.4
      vertex 41.45 39.8 2.4
    endloop
  endfacet
  facet normal 0 0 1
    outer loop
      vertex 40.4314 41.3244 2.4
      vertex 41.9353 44.7637 2.4
      vertex 41.4221 44.8658 2.4
    endloop
  endfacet
  facet normal 0 0 1
    outer loop
      vertex 44.9 40.9 2.4
      vertex 41.3938 40.2271 2.4
      vertex 41.4359 40.0154 2.4
    endloop
  endfacet
  facet normal 0 0 1
    outer loop
      vertex 44.9 40.9 2.4
      vertex 41.3244 40.4314 2.4
      vertex 41.3938 40.2271 2.4
    endloop
  endfacet
  facet normal 0 0 1
    outer loop
      vertex 44.7637 41.9353 2.4
      vertex 41.2289 40.625 2.4
      vertex 41.3244 40.4314 2.4
    endloop
  endfacet
  facet normal 0 0 1
    outer loop
      vertex 44.5955 42.4307 2.4
      vertex 41.109 40.8045 2.4
      vertex 41.2289 40.625 2.4
    endloop
  endfacet
  facet normal 0 0 1
    outer loop
      vertex 44.0734 43.335 2.4
      vertex 40.9667 40.9667 2.4
      vertex 41.109 40.8045 2.4
    endloop
  endfacet
  facet normal 0 0 1
    outer loop
      vertex 40.4314 41.3244 2.4
      vertex 41.4221 44.8658 2.4
      vertex 40.9 44.9 2.4
    endloop
  endfacet
  facet normal 0 0 1
    outer loop
      vertex 43.335 44.0734 2.4
      vertex 40.8045 41.109 2.4
      vertex 40.9667 40.9667 2.4
    endloop
  endfacet
  facet normal 0 0 1
    outer loop
      vertex 42.4307 44.5955 2.4
      vertex 40.625 41.2289 2.4
      vertex 40.8045 41.109 2.4
    endloop
  endfacet
  facet normal 0 0 1
    outer loop
      vertex 41.9353 44.7637 2.4
      vertex 40.4314 41.3244 2.4
      vertex 40.625 41.2289 2.4
    endloop
  endfacet
  facet normal 0 0 1
    outer loop
      vertex 40.9 44.9 2.4
      vertex 40.2271 41.3938 2.4
      vertex 40.4314 41.3244 2.4
    endloop
  endfacet
  facet normal 0 0 1
    outer loop
      vertex 40.9 44.9 2.4
      vertex 40.0154 41.4359 2.4
      vertex 40.2271 41.3938 2.4
    endloop
  endfacet
  facet normal 0 0 1
    outer loop
      vertex 40.9 44.9 2.4
      vertex 39.8 41.45 2.4
      vertex 40.0154 41.4359 2.4
    endloop
  endfacet
  facet normal 0 0 1
    outer loop
      vertex 40.9 44.9 2.4
      vertex 39.5846 41.4359 2.4
      vertex 39.8 41.45 2.4
    endloop
  endfacet
  facet normal 0 0 1
    outer loop
      vertex 40.9 44.9 2.4
      vertex 39.3729 41.3938 2.4
      vertex 39.5846 41.4359 2.4
    endloop
  endfacet
  facet normal 0 0 1
    outer loop
      vertex 40.9 44.9 2.4
      vertex 39.1686 41.3244 2.4
      vertex 39.3729 41.3938 2.4
    endloop
  endfacet
  facet normal 0 0 1
    outer loop
      vertex 40.9 44.9 2.4
      vertex 38.975 41.2289 2.4
      vertex 39.1686 41.3244 2.4
    endloop
  endfacet
  facet normal 0 0 1
    outer loop
      vertex 40.9 44.9 2.4
      vertex 38.7955 41.109 2.4
      vertex 38.975 41.2289 2.4
    endloop
  endfacet
  facet normal 0 0 1
    outer loop
      vertex 40.9 44.9 2.4
      vertex 38.6333 40.9667 2.4
      vertex 38.7955 41.109 2.4
    endloop
  endfacet
  facet normal 0 0 1
    outer loop
      vertex 40.9 44.9 2.4
      vertex 38.491 40.8045 2.4
      vertex 38.6333 40.9667 2.4
    endloop
  endfacet
  facet normal 0 0 1
    outer loop
      vertex 24.1 34 2.4
      vertex 38.491 40.8045 2.4
      vertex 40.9 44.9 2.4
    endloop
  endfacet
  facet normal 0 0 1
    outer loop
      vertex 39.3729 38.2062 2.4
      vertex 25.3 32.8 2.4
      vertex 25.3 19.2 2.4
    endloop
  endfacet
  facet normal 0 0 1
    outer loop
      vertex 24.8305 33.752 2.4
      vertex 38.15 39.8 2.4
      vertex 38.1641 40.0154 2.4
    endloop
  endfacet
  facet normal 0 0 1
    outer loop
      vertex 24.7 33.8392 2.4
      vertex 38.1641 40.0154 2.4
      vertex 38.2062 40.2271 2.4
    endloop
  endfacet
  facet normal 0 0 1
    outer loop
      vertex 24.5592 33.9087 2.4
      vertex 38.2062 40.2271 2.4
      vertex 38.2756 40.4314 2.4
    endloop
  endfacet
  facet normal 0 0 1
    outer loop
      vertex 24.4106 33.9591 2.4
      vertex 38.2756 40.4314 2.4
      vertex 38.3711 40.625 2.4
    endloop
  endfacet
  facet normal 0 -0 1
    outer loop
      vertex 24.2566 33.9897 2.4
      vertex 38.491 40.8045 2.4
      vertex 24.1 34 2.4
    endloop
  endfacet
  facet normal 0 0 1
    outer loop
      vertex 38.6333 38.6333 2.4
      vertex 25.2897 32.9566 2.4
      vertex 25.3 32.8 2.4
    endloop
  endfacet
  facet normal 0 0 1
    outer loop
      vertex 38.491 38.7955 2.4
      vertex 25.2591 33.1106 2.4
      vertex 25.2897 32.9566 2.4
    endloop
  endfacet
  facet normal 0 0 1
    outer loop
      vertex 38.3711 38.975 2.4
      vertex 25.2086 33.2592 2.4
      vertex 25.2591 33.1106 2.4
    endloop
  endfacet
  facet normal 0 0 1
    outer loop
      vertex 38.2756 39.1686 2.4
      vertex 25.1392 33.4 2.4
      vertex 25.2086 33.2592 2.4
    endloop
  endfacet
  facet normal 0 0 1
    outer loop
      vertex 38.2062 39.3729 2.4
      vertex 25.052 33.5305 2.4
      vertex 25.1392 33.4 2.4
    endloop
  endfacet
  facet normal 0 0 1
    outer loop
      vertex 38.1641 39.5846 2.4
      vertex 24.9485 33.6485 2.4
      vertex 25.052 33.5305 2.4
    endloop
  endfacet
  facet normal 0 0 1
    outer loop
      vertex 38.15 39.8 2.4
      vertex 24.8305 33.752 2.4
      vertex 24.9485 33.6485 2.4
    endloop
  endfacet
  facet normal 0 0 1
    outer loop
      vertex 38.1641 40.0154 2.4
      vertex 24.7 33.8392 2.4
      vertex 24.8305 33.752 2.4
    endloop
  endfacet
  facet normal 0 0 1
    outer loop
      vertex 38.2062 40.2271 2.4
      vertex 24.5592 33.9087 2.4
      vertex 24.7 33.8392 2.4
    endloop
  endfacet
  facet normal 0 0 1
    outer loop
      vertex 38.2756 40.4314 2.4
      vertex 24.4106 33.9591 2.4
      vertex 24.5592 33.9087 2.4
    endloop
  endfacet
  facet normal 0 0 1
    outer loop
      vertex 38.3711 40.625 2.4
      vertex 24.2566 33.9897 2.4
      vertex 24.4106 33.9591 2.4
    endloop
  endfacet
  facet normal 0 0 1
    outer loop
      vertex 38.491 40.8045 2.4
      vertex 24.2566 33.9897 2.4
      vertex 38.3711 40.625 2.4
    endloop
  endfacet
  facet normal 0 0 1
    outer loop
      vertex 40.9 44.9 2.4
      vertex 23.9 34 2.4
      vertex 24.1 34 2.4
    endloop
  endfacet
  facet normal 0 0 1
    outer loop
      vertex 40.9 44.9 2.4
      vertex 23.7434 33.9897 2.4
      vertex 23.9 34 2.4
    endloop
  endfacet
  facet normal 0 0 1
    outer loop
      vertex 16.2566 33.9897 2.4
      vertex 23.7434 33.9897 2.4
      vertex 40.9 44.9 2.4
    endloop
  endfacet
  facet normal 0 0 1
    outer loop
      vertex 23.7434 33.9897 2.4
      vertex 16.2566 33.9897 2.4
      vertex 23.5894 33.9591 2.4
    endloop
  endfacet
  facet normal 0 -0 1
    outer loop
      vertex 16.4106 33.9591 2.4
      vertex 23.5894 33.9591 2.4
      vertex 16.2566 33.9897 2.4
    endloop
  endfacet
  facet normal 0 0 1
    outer loop
      vertex 22.7 32.8 2.4
      vertex 17.3 32.8 2.4
      vertex 22.7 19.2 2.4
    endloop
  endfacet
  facet normal 0 0 1
    outer loop
      vertex 22.7103 32.9566 2.4
      vertex 17.3 32.8 2.4
      vertex 22.7 32.8 2.4
    endloop
  endfacet
  facet normal 0 0 1
    outer loop
      vertex 17.2897 32.9566 2.4
      vertex 22.7103 32.9566 2.4
      vertex 22.7409 33.1106 2.4
    endloop
  endfacet
  facet normal 0 0 1
    outer loop
      vertex 17.2591 33.1106 2.4
      vertex 22.7409 33.1106 2.4
      vertex 22.7914 33.2592 2.4
    endloop
  endfacet
  facet normal 0 0 1
    outer loop
      vertex 17.2086 33.2592 2.4
      vertex 22.7914 33.2592 2.4
      vertex 22.8608 33.4 2.4
    endloop
  endfacet
  facet normal 0 0 1
    outer loop
      vertex 17.1392 33.4 2.4
      vertex 22.8608 33.4 2.4
      vertex 22.948 33.5305 2.4
    endloop
  endfacet
  facet normal 0 0 1
    outer loop
      vertex 17.052 33.5305 2.4
      vertex 22.948 33.5305 2.4
      vertex 23.0515 33.6485 2.4
    endloop
  endfacet
  facet normal 0 0 1
    outer loop
      vertex 16.9485 33.6485 2.4
      vertex 23.0515 33.6485 2.4
      vertex 23.1695 33.752 2.4
    endloop
  endfacet
  facet normal 0 0 1
    outer loop
      vertex 16.8305 33.752 2.4
      vertex 23.1695 33.752 2.4
      vertex 23.3 33.8392 2.4
    endloop
  endfacet
  facet normal 0 0 1
    outer loop
      vertex 23.5894 33.9591 2.4
      vertex 16.4106 33.9591 2.4
      vertex 23.4408 33.9087 2.4
    endloop
  endfacet
  facet normal 0 0 1
    outer loop
      vertex 22.7103 32.9566 2.4
      vertex 17.2897 32.9566 2.4
      vertex 17.3 32.8 2.4
    endloop
  endfacet
  facet normal 0 0 1
    outer loop
      vertex 22.7409 33.1106 2.4
      vertex 17.2591 33.1106 2.4
      vertex 17.2897 32.9566 2.4
    endloop
  endfacet
  facet normal 0 0 1
    outer loop
      vertex 22.7914 33.2592 2.4
      vertex 17.2086 33.2592 2.4
      vertex 17.2591 33.1106 2.4
    endloop
  endfacet
  facet normal 0 0 1
    outer loop
      vertex 22.8608 33.4 2.4
      vertex 17.1392 33.4 2.4
      vertex 17.2086 33.2592 2.4
    endloop
  endfacet
  facet normal 0 0 1
    outer loop
      vertex 22.948 33.5305 2.4
      vertex 17.052 33.5305 2.4
      vertex 17.1392 33.4 2.4
    endloop
  endfacet
  facet normal 0 0 1
    outer loop
      vertex 23.0515 33.6485 2.4
      vertex 16.9485 33.6485 2.4
      vertex 17.052 33.5305 2.4
    endloop
  endfacet
  facet normal 0 0 1
    outer loop
      vertex 23.1695 33.752 2.4
      vertex 16.8305 33.752 2.4
      vertex 16.9485 33.6485 2.4
    endloop
  endfacet
  facet normal 0 0 1
    outer loop
      vertex 23.3 33.8392 2.4
      vertex 16.7 33.8392 2.4
      vertex 16.8305 33.752 2.4
    endloop
  endfacet
  facet normal 0 0 1
    outer loop
      vertex 23.3 33.8392 2.4
      vertex 16.5592 33.9087 2.4
      vertex 16.7 33.8392 2.4
    endloop
  endfacet
  facet normal 0 0 1
    outer loop
      vertex 23.4408 33.9087 2.4
      vertex 16.5592 33.9087 2.4
      vertex 23.3 33.8392 2.4
    endloop
  endfacet
  facet normal 0 -0 1
    outer loop
      vertex 16.5592 33.9087 2.4
      vertex 23.4408 33.9087 2.4
      vertex 16.4106 33.9591 2.4
    endloop
  endfacet
  facet normal 0 0 1
    outer loop
      vertex 40.9 44.9 2.4
      vertex 16.1 34 2.4
      vertex 16.2566 33.9897 2.4
    endloop
  endfacet
  facet normal 0 0 1
    outer loop
      vertex 40.9 44.9 2.4
      vertex 15.9 34 2.4
      vertex 16.1 34 2.4
    endloop
  endfacet
  facet normal 0 0 1
    outer loop
      vertex 40.9 44.9 2.4
      vertex 15.7434 33.9897 2.4
      vertex 15.9 34 2.4
    endloop
  endfacet
  facet normal 0 0 1
    outer loop
      vertex 8.25662 33.9897 2.4
      vertex 15.7434 33.9897 2.4
      vertex 40.9 44.9 2.4
    endloop
  endfacet
  facet normal 0 0 1
    outer loop
      vertex 15.7434 33.9897 2.4
      vertex 8.25662 33.9897 2.4
      vertex 15.5894 33.9591 2.4
    endloop
  endfacet
  facet normal 0 0 1
    outer loop
      vertex 14.7 32.8 2.4
      vertex 9.29999 32.8 2.4
      vertex 14.7 19.2 2.4
    endloop
  endfacet
  facet normal 0 0 1
    outer loop
      vertex 14.7103 32.9566 2.4
      vertex 9.29999 32.8 2.4
      vertex 14.7 32.8 2.4
    endloop
  endfacet
  facet normal 0 0 1
    outer loop
      vertex 9.28972 32.9566 2.4
      vertex 14.7103 32.9566 2.4
      vertex 14.7409 33.1106 2.4
    endloop
  endfacet
  facet normal 0 0 1
    outer loop
      vertex 9.25909 33.1106 2.4
      vertex 14.7409 33.1106 2.4
      vertex 14.7914 33.2592 2.4
    endloop
  endfacet
  facet normal 0 0 1
    outer loop
      vertex 9.20865 33.2592 2.4
      vertex 14.7914 33.2592 2.4
      vertex 14.8608 33.4 2.4
    endloop
  endfacet
  facet normal 0 0 1
    outer loop
      vertex 9.13922 33.4 2.4
      vertex 14.8608 33.4 2.4
      vertex 14.948 33.5305 2.4
    endloop
  endfacet
  facet normal 0 0 1
    outer loop
      vertex 9.05202 33.5305 2.4
      vertex 14.948 33.5305 2.4
      vertex 15.0515 33.6485 2.4
    endloop
  endfacet
  facet normal 0 0 1
    outer loop
      vertex 8.94852 33.6485 2.4
      vertex 15.0515 33.6485 2.4
      vertex 15.1695 33.752 2.4
    endloop
  endfacet
  facet normal 0 0 1
    outer loop
      vertex 8.83051 33.752 2.4
      vertex 15.1695 33.752 2.4
      vertex 15.3 33.8392 2.4
    endloop
  endfacet
  facet normal 0 0 1
    outer loop
      vertex 8.7 33.8392 2.4
      vertex 15.3 33.8392 2.4
      vertex 15.4408 33.9087 2.4
    endloop
  endfacet
  facet normal 0 -0 1
    outer loop
      vertex 8.41057 33.9591 2.4
      vertex 15.5894 33.9591 2.4
      vertex 8.25662 33.9897 2.4
    endloop
  endfacet
  facet normal 0 0 1
    outer loop
      vertex 14.7103 32.9566 2.4
      vertex 9.28972 32.9566 2.4
      vertex 9.29999 32.8 2.4
    endloop
  endfacet
  facet normal 0 0 1
    outer loop
      vertex 14.7409 33.1106 2.4
      vertex 9.25909 33.1106 2.4
      vertex 9.28972 32.9566 2.4
    endloop
  endfacet
  facet normal 0 0 1
    outer loop
      vertex 14.7914 33.2592 2.4
      vertex 9.20865 33.2592 2.4
      vertex 9.25909 33.1106 2.4
    endloop
  endfacet
  facet normal 0 0 1
    outer loop
      vertex 14.8608 33.4 2.4
      vertex 9.13922 33.4 2.4
      vertex 9.20865 33.2592 2.4
    endloop
  endfacet
  facet normal 0 0 1
    outer loop
      vertex 14.948 33.5305 2.4
      vertex 9.05202 33.5305 2.4
      vertex 9.13922 33.4 2.4
    endloop
  endfacet
  facet normal 0 0 1
    outer loop
      vertex 15.0515 33.6485 2.4
      vertex 8.94852 33.6485 2.4
      vertex 9.05202 33.5305 2.4
    endloop
  endfacet
  facet normal 0 0 1
    outer loop
      vertex 15.1695 33.752 2.4
      vertex 8.83051 33.752 2.4
      vertex 8.94852 33.6485 2.4
    endloop
  endfacet
  facet normal 0 0 1
    outer loop
      vertex 15.3 33.8392 2.4
      vertex 8.7 33.8392 2.4
      vertex 8.83051 33.752 2.4
    endloop
  endfacet
  facet normal 0 0 1
    outer loop
      vertex 15.4408 33.9087 2.4
      vertex 8.5592 33.9087 2.4
      vertex 8.7 33.8392 2.4
    endloop
  endfacet
  facet normal 0 0 1
    outer loop
      vertex 15.4408 33.9087 2.4
      vertex 8.41057 33.9591 2.4
      vertex 8.5592 33.9087 2.4
    endloop
  endfacet
  facet normal 0 0 1
    outer loop
      vertex 15.5894 33.9591 2.4
      vertex 8.41057 33.9591 2.4
      vertex 15.4408 33.9087 2.4
    endloop
  endfacet
  facet normal 0 0 1
    outer loop
      vertex 40.9 44.9 2.4
      vertex 8.09999 34 2.4
      vertex 8.25662 33.9897 2.4
    endloop
  endfacet
  facet normal 0 0 1
    outer loop
      vertex 40.9 44.9 2.4
      vertex 7.90001 34 2.4
      vertex 8.09999 34 2.4
    endloop
  endfacet
  facet normal 0 0 1
    outer loop
      vertex 40.9 44.9 2.4
      vertex 7.74338 33.9897 2.4
      vertex 7.90001 34 2.4
    endloop
  endfacet
  facet normal 0 0 1
    outer loop
      vertex 0.256622 33.9897 2.4
      vertex 7.74338 33.9897 2.4
      vertex 40.9 44.9 2.4
    endloop
  endfacet
  facet normal 0 0 1
    outer loop
      vertex 6.70001 32.8 2.4
      vertex 1.29999 32.8 2.4
      vertex 6.70001 19.2 2.4
    endloop
  endfacet
  facet normal 0 0 1
    outer loop
      vertex 6.71028 32.9566 2.4
      vertex 1.29999 32.8 2.4
      vertex 6.70001 32.8 2.4
    endloop
  endfacet
  facet normal 0 0 1
    outer loop
      vertex 1.28972 32.9566 2.4
      vertex 6.71028 32.9566 2.4
      vertex 6.74091 33.1106 2.4
    endloop
  endfacet
  facet normal 0 0 1
    outer loop
      vertex 1.25909 33.1106 2.4
      vertex 6.74091 33.1106 2.4
      vertex 6.79135 33.2592 2.4
    endloop
  endfacet
  facet normal 0 0 1
    outer loop
      vertex 1.20865 33.2592 2.4
      vertex 6.79135 33.2592 2.4
      vertex 6.86078 33.4 2.4
    endloop
  endfacet
  facet normal 0 0 1
    outer loop
      vertex 1.13922 33.4 2.4
      vertex 6.86078 33.4 2.4
      vertex 6.94798 33.5305 2.4
    endloop
  endfacet
  facet normal 0 0 1
    outer loop
      vertex 1.05202 33.5305 2.4
      vertex 6.94798 33.5305 2.4
      vertex 7.05148 33.6485 2.4
    endloop
  endfacet
  facet normal 0 0 1
    outer loop
      vertex 0.948517 33.6485 2.4
      vertex 7.05148 33.6485 2.4
      vertex 7.16949 33.752 2.4
    endloop
  endfacet
  facet normal 0 0 1
    outer loop
      vertex 0.830505 33.752 2.4
      vertex 7.16949 33.752 2.4
      vertex 7.3 33.8392 2.4
    endloop
  endfacet
  facet normal 0 0 1
    outer loop
      vertex 0.699997 33.8392 2.4
      vertex 7.3 33.8392 2.4
      vertex 7.4408 33.9087 2.4
    endloop
  endfacet
  facet normal 0 0 1
    outer loop
      vertex 0.559204 33.9087 2.4
      vertex 7.4408 33.9087 2.4
      vertex 7.58943 33.9591 2.4
    endloop
  endfacet
  facet normal 0 0 1
    outer loop
      vertex 7.74338 33.9897 2.4
      vertex 0.256622 33.9897 2.4
      vertex 7.58943 33.9591 2.4
    endloop
  endfacet
  facet normal 0 0 1
    outer loop
      vertex 6.71028 32.9566 2.4
      vertex 1.28972 32.9566 2.4
      vertex 1.29999 32.8 2.4
    endloop
  endfacet
  facet normal 0 0 1
    outer loop
      vertex 6.74091 33.1106 2.4
      vertex 1.25909 33.1106 2.4
      vertex 1.28972 32.9566 2.4
    endloop
  endfacet
  facet normal 0 0 1
    outer loop
      vertex 6.79135 33.2592 2.4
      vertex 1.20865 33.2592 2.4
      vertex 1.25909 33.1106 2.4
    endloop
  endfacet
  facet normal 0 0 1
    outer loop
      vertex 6.86078 33.4 2.4
      vertex 1.13922 33.4 2.4
      vertex 1.20865 33.2592 2.4
    endloop
  endfacet
  facet normal 0 0 1
    outer loop
      vertex 6.94798 33.5305 2.4
      vertex 1.05202 33.5305 2.4
      vertex 1.13922 33.4 2.4
    endloop
  endfacet
  facet normal 0 0 1
    outer loop
      vertex 7.05148 33.6485 2.4
      vertex 0.948517 33.6485 2.4
      vertex 1.05202 33.5305 2.4
    endloop
  endfacet
  facet normal 0 0 1
    outer loop
      vertex 7.16949 33.752 2.4
      vertex 0.830505 33.752 2.4
      vertex 0.948517 33.6485 2.4
    endloop
  endfacet
  facet normal 0 0 1
    outer loop
      vertex 7.3 33.8392 2.4
      vertex 0.699997 33.8392 2.4
      vertex 0.830505 33.752 2.4
    endloop
  endfacet
  facet normal 0 0 1
    outer loop
      vertex 7.4408 33.9087 2.4
      vertex 0.559204 33.9087 2.4
      vertex 0.699997 33.8392 2.4
    endloop
  endfacet
  facet normal 0 0 1
    outer loop
      vertex 7.58943 33.9591 2.4
      vertex 0.410568 33.9591 2.4
      vertex 0.559204 33.9087 2.4
    endloop
  endfacet
  facet normal 0 0 1
    outer loop
      vertex 7.58943 33.9591 2.4
      vertex 0.256622 33.9897 2.4
      vertex 0.410568 33.9591 2.4
    endloop
  endfacet
  facet normal 0 0 1
    outer loop
      vertex 40.9 44.9 2.4
      vertex 0.0999908 34 2.4
      vertex 0.256622 33.9897 2.4
    endloop
  endfacet
  facet normal 0 0 1
    outer loop
      vertex 40.9 44.9 2.4
      vertex -0.0999908 34 2.4
      vertex 0.0999908 34 2.4
    endloop
  endfacet
  facet normal -0 0 1
    outer loop
      vertex -40.9 44.9 2.4
      vertex -0.0999908 34 2.4
      vertex 40.9 44.9 2.4
    endloop
  endfacet
  facet normal 0 0 1
    outer loop
      vertex -0.0999908 34 2.4
      vertex -40.9 44.9 2.4
      vertex -0.256622 33.9897 2.4
    endloop
  endfacet
  facet normal 0 0 1
    outer loop
      vertex -1.29999 32.8 2.4
      vertex -6.70001 32.8 2.4
      vertex -1.29999 19.2 2.4
    endloop
  endfacet
  facet normal 0 0 1
    outer loop
      vertex -1.28972 32.9566 2.4
      vertex -6.70001 32.8 2.4
      vertex -1.29999 32.8 2.4
    endloop
  endfacet
  facet normal 0 0 1
    outer loop
      vertex -6.71028 32.9566 2.4
      vertex -1.28972 32.9566 2.4
      vertex -1.25909 33.1106 2.4
    endloop
  endfacet
  facet normal 0 0 1
    outer loop
      vertex -6.74091 33.1106 2.4
      vertex -1.25909 33.1106 2.4
      vertex -1.20865 33.2592 2.4
    endloop
  endfacet
  facet normal 0 0 1
    outer loop
      vertex -6.79135 33.2592 2.4
      vertex -1.20865 33.2592 2.4
      vertex -1.13922 33.4 2.4
    endloop
  endfacet
  facet normal 0 0 1
    outer loop
      vertex -6.86078 33.4 2.4
      vertex -1.13922 33.4 2.4
      vertex -1.05202 33.5305 2.4
    endloop
  endfacet
  facet normal 0 0 1
    outer loop
      vertex -6.94798 33.5305 2.4
      vertex -1.05202 33.5305 2.4
      vertex -0.948517 33.6485 2.4
    endloop
  endfacet
  facet normal 0 0 1
    outer loop
      vertex -7.05148 33.6485 2.4
      vertex -0.948517 33.6485 2.4
      vertex -0.830505 33.752 2.4
    endloop
  endfacet
  facet normal 0 0 1
    outer loop
      vertex -7.16949 33.752 2.4
      vertex -0.830505 33.752 2.4
      vertex -0.699997 33.8392 2.4
    endloop
  endfacet
  facet normal 0 0 1
    outer loop
      vertex -7.3 33.8392 2.4
      vertex -0.699997 33.8392 2.4
      vertex -0.559204 33.9087 2.4
    endloop
  endfacet
  facet normal 0 0 1
    outer loop
      vertex -7.4408 33.9087 2.4
      vertex -0.559204 33.9087 2.4
      vertex -0.410568 33.9591 2.4
    endloop
  endfacet
  facet normal 0 -0 1
    outer loop
      vertex -7.74338 33.9897 2.4
      vertex -0.256622 33.9897 2.4
      vertex -40.9 44.9 2.4
    endloop
  endfacet
  facet normal 0 0 1
    outer loop
      vertex -1.28972 32.9566 2.4
      vertex -6.71028 32.9566 2.4
      vertex -6.70001 32.8 2.4
    endloop
  endfacet
  facet normal 0 0 1
    outer loop
      vertex -1.25909 33.1106 2.4
      vertex -6.74091 33.1106 2.4
      vertex -6.71028 32.9566 2.4
    endloop
  endfacet
  facet normal 0 0 1
    outer loop
      vertex -1.20865 33.2592 2.4
      vertex -6.79135 33.2592 2.4
      vertex -6.74091 33.1106 2.4
    endloop
  endfacet
  facet normal 0 0 1
    outer loop
      vertex -1.13922 33.4 2.4
      vertex -6.86078 33.4 2.4
      vertex -6.79135 33.2592 2.4
    endloop
  endfacet
  facet normal 0 0 1
    outer loop
      vertex -1.05202 33.5305 2.4
      vertex -6.94798 33.5305 2.4
      vertex -6.86078 33.4 2.4
    endloop
  endfacet
  facet normal 0 0 1
    outer loop
      vertex -0.948517 33.6485 2.4
      vertex -7.05148 33.6485 2.4
      vertex -6.94798 33.5305 2.4
    endloop
  endfacet
  facet normal 0 0 1
    outer loop
      vertex -0.830505 33.752 2.4
      vertex -7.16949 33.752 2.4
      vertex -7.05148 33.6485 2.4
    endloop
  endfacet
  facet normal 0 0 1
    outer loop
      vertex -0.699997 33.8392 2.4
      vertex -7.3 33.8392 2.4
      vertex -7.16949 33.752 2.4
    endloop
  endfacet
  facet normal 0 0 1
    outer loop
      vertex -0.559204 33.9087 2.4
      vertex -7.4408 33.9087 2.4
      vertex -7.3 33.8392 2.4
    endloop
  endfacet
  facet normal 0 0 1
    outer loop
      vertex -0.410568 33.9591 2.4
      vertex -7.58943 33.9591 2.4
      vertex -7.4408 33.9087 2.4
    endloop
  endfacet
  facet normal 0 0 1
    outer loop
      vertex -0.410568 33.9591 2.4
      vertex -7.74338 33.9897 2.4
      vertex -7.58943 33.9591 2.4
    endloop
  endfacet
  facet normal 0 0 1
    outer loop
      vertex -0.256622 33.9897 2.4
      vertex -7.74338 33.9897 2.4
      vertex -0.410568 33.9591 2.4
    endloop
  endfacet
  facet normal 0 0 1
    outer loop
      vertex -7.74338 33.9897 2.4
      vertex -40.9 44.9 2.4
      vertex -7.90001 34 2.4
    endloop
  endfacet
  facet normal 0 0 1
    outer loop
      vertex -7.90001 34 2.4
      vertex -40.9 44.9 2.4
      vertex -8.09999 34 2.4
    endloop
  endfacet
  facet normal 0 0 1
    outer loop
      vertex -8.09999 34 2.4
      vertex -40.9 44.9 2.4
      vertex -8.25662 33.9897 2.4
    endloop
  endfacet
  facet normal 0 0 1
    outer loop
      vertex -9.29999 32.8 2.4
      vertex -14.7 32.8 2.4
      vertex -9.29999 19.2 2.4
    endloop
  endfacet
  facet normal 0 0 1
    outer loop
      vertex -9.28972 32.9566 2.4
      vertex -14.7 32.8 2.4
      vertex -9.29999 32.8 2.4
    endloop
  endfacet
  facet normal 0 0 1
    outer loop
      vertex -14.7103 32.9566 2.4
      vertex -9.28972 32.9566 2.4
      vertex -9.25909 33.1106 2.4
    endloop
  endfacet
  facet normal 0 0 1
    outer loop
      vertex -14.7409 33.1106 2.4
      vertex -9.25909 33.1106 2.4
      vertex -9.20865 33.2592 2.4
    endloop
  endfacet
  facet normal 0 0 1
    outer loop
      vertex -14.7914 33.2592 2.4
      vertex -9.20865 33.2592 2.4
      vertex -9.13922 33.4 2.4
    endloop
  endfacet
  facet normal 0 0 1
    outer loop
      vertex -14.8608 33.4 2.4
      vertex -9.13922 33.4 2.4
      vertex -9.05202 33.5305 2.4
    endloop
  endfacet
  facet normal 0 0 1
    outer loop
      vertex -14.948 33.5305 2.4
      vertex -9.05202 33.5305 2.4
      vertex -8.94852 33.6485 2.4
    endloop
  endfacet
  facet normal 0 0 1
    outer loop
      vertex -15.0515 33.6485 2.4
      vertex -8.94852 33.6485 2.4
      vertex -8.83051 33.752 2.4
    endloop
  endfacet
  facet normal 0 0 1
    outer loop
      vertex -15.1695 33.752 2.4
      vertex -8.83051 33.752 2.4
      vertex -8.7 33.8392 2.4
    endloop
  endfacet
  facet normal 0 0 1
    outer loop
      vertex -15.3 33.8392 2.4
      vertex -8.7 33.8392 2.4
      vertex -8.5592 33.9087 2.4
    endloop
  endfacet
  facet normal 0 0 1
    outer loop
      vertex -15.4408 33.9087 2.4
      vertex -8.5592 33.9087 2.4
      vertex -8.41057 33.9591 2.4
    endloop
  endfacet
  facet normal 0 -0 1
    outer loop
      vertex -15.7434 33.9897 2.4
      vertex -8.25662 33.9897 2.4
      vertex -40.9 44.9 2.4
    endloop
  endfacet
  facet normal 0 0 1
    outer loop
      vertex -9.28972 32.9566 2.4
      vertex -14.7103 32.9566 2.4
      vertex -14.7 32.8 2.4
    endloop
  endfacet
  facet normal 0 0 1
    outer loop
      vertex -9.25909 33.1106 2.4
      vertex -14.7409 33.1106 2.4
      vertex -14.7103 32.9566 2.4
    endloop
  endfacet
  facet normal 0 0 1
    outer loop
      vertex -9.20865 33.2592 2.4
      vertex -14.7914 33.2592 2.4
      vertex -14.7409 33.1106 2.4
    endloop
  endfacet
  facet normal 0 0 1
    outer loop
      vertex -9.13922 33.4 2.4
      vertex -14.8608 33.4 2.4
      vertex -14.7914 33.2592 2.4
    endloop
  endfacet
  facet normal 0 0 1
    outer loop
      vertex -9.05202 33.5305 2.4
      vertex -14.948 33.5305 2.4
      vertex -14.8608 33.4 2.4
    endloop
  endfacet
  facet normal 0 0 1
    outer loop
      vertex -8.94852 33.6485 2.4
      vertex -15.0515 33.6485 2.4
      vertex -14.948 33.5305 2.4
    endloop
  endfacet
  facet normal 0 0 1
    outer loop
      vertex -8.83051 33.752 2.4
      vertex -15.1695 33.752 2.4
      vertex -15.0515 33.6485 2.4
    endloop
  endfacet
  facet normal 0 0 1
    outer loop
      vertex -8.7 33.8392 2.4
      vertex -15.3 33.8392 2.4
      vertex -15.1695 33.752 2.4
    endloop
  endfacet
  facet normal 0 0 1
    outer loop
      vertex -8.5592 33.9087 2.4
      vertex -15.4408 33.9087 2.4
      vertex -15.3 33.8392 2.4
    endloop
  endfacet
  facet normal 0 0 1
    outer loop
      vertex -8.41057 33.9591 2.4
      vertex -15.5894 33.9591 2.4
      vertex -15.4408 33.9087 2.4
    endloop
  endfacet
  facet normal 0 0 1
    outer loop
      vertex -8.25662 33.9897 2.4
      vertex -15.7434 33.9897 2.4
      vertex -8.41057 33.9591 2.4
    endloop
  endfacet
  facet normal 0 0 1
    outer loop
      vertex -8.41057 33.9591 2.4
      vertex -15.7434 33.9897 2.4
      vertex -15.5894 33.9591 2.4
    endloop
  endfacet
  facet normal 0 0 1
    outer loop
      vertex -15.7434 33.9897 2.4
      vertex -40.9 44.9 2.4
      vertex -15.9 34 2.4
    endloop
  endfacet
  facet normal 0 0 1
    outer loop
      vertex -15.9 34 2.4
      vertex -40.9 44.9 2.4
      vertex -16.1 34 2.4
    endloop
  endfacet
  facet normal 0 0 1
    outer loop
      vertex -17.3 32.8 2.4
      vertex -22.7 32.8 2.4
      vertex -17.3 19.2 2.4
    endloop
  endfacet
  facet normal 0 0 1
    outer loop
      vertex -17.2897 32.9566 2.4
      vertex -22.7 32.8 2.4
      vertex -17.3 32.8 2.4
    endloop
  endfacet
  facet normal 0 0 1
    outer loop
      vertex -22.7103 32.9566 2.4
      vertex -17.2897 32.9566 2.4
      vertex -17.2591 33.1106 2.4
    endloop
  endfacet
  facet normal 0 0 1
    outer loop
      vertex -22.7409 33.1106 2.4
      vertex -17.2591 33.1106 2.4
      vertex -17.2086 33.2592 2.4
    endloop
  endfacet
  facet normal 0 0 1
    outer loop
      vertex -22.7914 33.2592 2.4
      vertex -17.2086 33.2592 2.4
      vertex -17.1392 33.4 2.4
    endloop
  endfacet
  facet normal 0 0 1
    outer loop
      vertex -22.8608 33.4 2.4
      vertex -17.1392 33.4 2.4
      vertex -17.052 33.5305 2.4
    endloop
  endfacet
  facet normal 0 0 1
    outer loop
      vertex -22.948 33.5305 2.4
      vertex -17.052 33.5305 2.4
      vertex -16.9485 33.6485 2.4
    endloop
  endfacet
  facet normal 0 0 1
    outer loop
      vertex -23.0515 33.6485 2.4
      vertex -16.9485 33.6485 2.4
      vertex -16.8305 33.752 2.4
    endloop
  endfacet
  facet normal 0 0 1
    outer loop
      vertex -23.1695 33.752 2.4
      vertex -16.8305 33.752 2.4
      vertex -16.7 33.8392 2.4
    endloop
  endfacet
  facet normal 0 0 1
    outer loop
      vertex -23.3 33.8392 2.4
      vertex -16.7 33.8392 2.4
      vertex -16.5592 33.9087 2.4
    endloop
  endfacet
  facet normal 0 0 1
    outer loop
      vertex -23.4408 33.9087 2.4
      vertex -16.5592 33.9087 2.4
      vertex -16.4106 33.9591 2.4
    endloop
  endfacet
  facet normal 0 0 1
    outer loop
      vertex -23.5894 33.9591 2.4
      vertex -16.4106 33.9591 2.4
      vertex -16.2566 33.9897 2.4
    endloop
  endfacet
  facet normal 0 0 1
    outer loop
      vertex -16.1 34 2.4
      vertex -40.9 44.9 2.4
      vertex -16.2566 33.9897 2.4
    endloop
  endfacet
  facet normal 0 0 1
    outer loop
      vertex -17.2897 32.9566 2.4
      vertex -22.7103 32.9566 2.4
      vertex -22.7 32.8 2.4
    endloop
  endfacet
  facet normal 0 0 1
    outer loop
      vertex -17.2591 33.1106 2.4
      vertex -22.7409 33.1106 2.4
      vertex -22.7103 32.9566 2.4
    endloop
  endfacet
  facet normal 0 0 1
    outer loop
      vertex -17.2086 33.2592 2.4
      vertex -22.7914 33.2592 2.4
      vertex -22.7409 33.1106 2.4
    endloop
  endfacet
  facet normal 0 0 1
    outer loop
      vertex -17.1392 33.4 2.4
      vertex -22.8608 33.4 2.4
      vertex -22.7914 33.2592 2.4
    endloop
  endfacet
  facet normal 0 0 1
    outer loop
      vertex -17.052 33.5305 2.4
      vertex -22.948 33.5305 2.4
      vertex -22.8608 33.4 2.4
    endloop
  endfacet
  facet normal 0 0 1
    outer loop
      vertex -16.9485 33.6485 2.4
      vertex -23.0515 33.6485 2.4
      vertex -22.948 33.5305 2.4
    endloop
  endfacet
  facet normal 0 0 1
    outer loop
      vertex -16.8305 33.752 2.4
      vertex -23.1695 33.752 2.4
      vertex -23.0515 33.6485 2.4
    endloop
  endfacet
  facet normal 0 0 1
    outer loop
      vertex -16.7 33.8392 2.4
      vertex -23.3 33.8392 2.4
      vertex -23.1695 33.752 2.4
    endloop
  endfacet
  facet normal 0 0 1
    outer loop
      vertex -16.5592 33.9087 2.4
      vertex -23.4408 33.9087 2.4
      vertex -23.3 33.8392 2.4
    endloop
  endfacet
  facet normal 0 -0 1
    outer loop
      vertex -23.7434 33.9897 2.4
      vertex -16.2566 33.9897 2.4
      vertex -40.9 44.9 2.4
    endloop
  endfacet
  facet normal 0 0 1
    outer loop
      vertex -16.4106 33.9591 2.4
      vertex -23.5894 33.9591 2.4
      vertex -23.4408 33.9087 2.4
    endloop
  endfacet
  facet normal 0 0 1
    outer loop
      vertex -16.2566 33.9897 2.4
      vertex -23.7434 33.9897 2.4
      vertex -23.5894 33.9591 2.4
    endloop
  endfacet
  facet normal 0 0 1
    outer loop
      vertex -23.7434 33.9897 2.4
      vertex -40.9 44.9 2.4
      vertex -23.9 34 2.4
    endloop
  endfacet
  facet normal 0 0 1
    outer loop
      vertex -23.9 34 2.4
      vertex -40.9 44.9 2.4
      vertex -24.1 34 2.4
    endloop
  endfacet
  facet normal -0 0 1
    outer loop
      vertex -38.3711 38.975 2.4
      vertex -25.2086 33.2592 2.4
      vertex -38.2756 39.1686 2.4
    endloop
  endfacet
  facet normal 0 0 1
    outer loop
      vertex -25.1392 33.4 2.4
      vertex -38.2756 39.1686 2.4
      vertex -25.2086 33.2592 2.4
    endloop
  endfacet
  facet normal -0 0 1
    outer loop
      vertex -38.2756 39.1686 2.4
      vertex -25.1392 33.4 2.4
      vertex -38.2062 39.3729 2.4
    endloop
  endfacet
  facet normal 0 0 1
    outer loop
      vertex -25.052 33.5305 2.4
      vertex -38.2062 39.3729 2.4
      vertex -25.1392 33.4 2.4
    endloop
  endfacet
  facet normal -0 0 1
    outer loop
      vertex -38.2062 39.3729 2.4
      vertex -25.052 33.5305 2.4
      vertex -38.1641 39.5846 2.4
    endloop
  endfacet
  facet normal 0 0 1
    outer loop
      vertex -24.9485 33.6485 2.4
      vertex -38.1641 39.5846 2.4
      vertex -25.052 33.5305 2.4
    endloop
  endfacet
  facet normal -0 0 1
    outer loop
      vertex -38.1641 39.5846 2.4
      vertex -24.9485 33.6485 2.4
      vertex -38.15 39.8 2.4
    endloop
  endfacet
  facet normal 0 0 1
    outer loop
      vertex -24.8305 33.752 2.4
      vertex -38.15 39.8 2.4
      vertex -24.9485 33.6485 2.4
    endloop
  endfacet
  facet normal 0 0 1
    outer loop
      vertex -38.1641 40.0154 2.4
      vertex -24.8305 33.752 2.4
      vertex -24.7 33.8392 2.4
    endloop
  endfacet
  facet normal 0 0 1
    outer loop
      vertex -38.2062 40.2271 2.4
      vertex -24.7 33.8392 2.4
      vertex -24.5592 33.9087 2.4
    endloop
  endfacet
  facet normal 0 0 1
    outer loop
      vertex -38.2756 40.4314 2.4
      vertex -24.5592 33.9087 2.4
      vertex -24.4106 33.9591 2.4
    endloop
  endfacet
  facet normal 0 0 1
    outer loop
      vertex -38.3711 40.625 2.4
      vertex -24.4106 33.9591 2.4
      vertex -24.2566 33.9897 2.4
    endloop
  endfacet
  facet normal -0 -0 1
    outer loop
      vertex -38.491 40.8045 2.4
      vertex -24.1 34 2.4
      vertex -40.9 44.9 2.4
    endloop
  endfacet
  facet normal 0 0 1
    outer loop
      vertex -24.8305 33.752 2.4
      vertex -38.1641 40.0154 2.4
      vertex -38.15 39.8 2.4
    endloop
  endfacet
  facet normal 0 0 1
    outer loop
      vertex -24.7 33.8392 2.4
      vertex -38.2062 40.2271 2.4
      vertex -38.1641 40.0154 2.4
    endloop
  endfacet
  facet normal 0 0 1
    outer loop
      vertex -24.5592 33.9087 2.4
      vertex -38.2756 40.4314 2.4
      vertex -38.2062 40.2271 2.4
    endloop
  endfacet
  facet normal 0 0 1
    outer loop
      vertex -24.4106 33.9591 2.4
      vertex -38.3711 40.625 2.4
      vertex -38.2756 40.4314 2.4
    endloop
  endfacet
  facet normal 0 0 1
    outer loop
      vertex -24.2566 33.9897 2.4
      vertex -38.491 40.8045 2.4
      vertex -38.3711 40.625 2.4
    endloop
  endfacet
  facet normal 0 0 1
    outer loop
      vertex -24.1 34 2.4
      vertex -38.491 40.8045 2.4
      vertex -24.2566 33.9897 2.4
    endloop
  endfacet
  facet normal 0 0 1
    outer loop
      vertex -38.491 40.8045 2.4
      vertex -40.9 44.9 2.4
      vertex -38.6333 40.9667 2.4
    endloop
  endfacet
  facet normal 0 0 1
    outer loop
      vertex -38.6333 40.9667 2.4
      vertex -40.9 44.9 2.4
      vertex -38.7955 41.109 2.4
    endloop
  endfacet
  facet normal 0 0 1
    outer loop
      vertex -38.7955 41.109 2.4
      vertex -40.9 44.9 2.4
      vertex -38.975 41.2289 2.4
    endloop
  endfacet
  facet normal 0 0 1
    outer loop
      vertex -38.975 41.2289 2.4
      vertex -40.9 44.9 2.4
      vertex -39.1686 41.3244 2.4
    endloop
  endfacet
  facet normal 0 0 1
    outer loop
      vertex -39.1686 41.3244 2.4
      vertex -40.9 44.9 2.4
      vertex -39.3729 41.3938 2.4
    endloop
  endfacet
  facet normal 0 0 1
    outer loop
      vertex -39.3729 41.3938 2.4
      vertex -40.9 44.9 2.4
      vertex -39.5846 41.4359 2.4
    endloop
  endfacet
  facet normal 0 0 1
    outer loop
      vertex -39.5846 41.4359 2.4
      vertex -40.9 44.9 2.4
      vertex -39.8 41.45 2.4
    endloop
  endfacet
  facet normal 0 0 1
    outer loop
      vertex -40.9 44.9 2.4
      vertex -40.0154 41.4359 2.4
      vertex -39.8 41.45 2.4
    endloop
  endfacet
  facet normal 0 0 1
    outer loop
      vertex -40.9 44.9 2.4
      vertex -40.2271 41.3938 2.4
      vertex -40.0154 41.4359 2.4
    endloop
  endfacet
  facet normal 0 0 1
    outer loop
      vertex -40.9 44.9 2.4
      vertex -40.4314 41.3244 2.4
      vertex -40.2271 41.3938 2.4
    endloop
  endfacet
  facet normal -0 0 1
    outer loop
      vertex -41.4221 44.8658 2.4
      vertex -40.4314 41.3244 2.4
      vertex -40.9 44.9 2.4
    endloop
  endfacet
  facet normal -0 0 1
    outer loop
      vertex -41.9353 44.7637 2.4
      vertex -40.4314 41.3244 2.4
      vertex -41.4221 44.8658 2.4
    endloop
  endfacet
  facet normal 0 0 1
    outer loop
      vertex -40.4314 41.3244 2.4
      vertex -41.9353 44.7637 2.4
      vertex -40.625 41.2289 2.4
    endloop
  endfacet
  facet normal -0 0 1
    outer loop
      vertex -42.4307 44.5955 2.4
      vertex -40.625 41.2289 2.4
      vertex -41.9353 44.7637 2.4
    endloop
  endfacet
  facet normal 0 0 1
    outer loop
      vertex -40.625 41.2289 2.4
      vertex -42.4307 44.5955 2.4
      vertex -40.8045 41.109 2.4
    endloop
  endfacet
  facet normal -0 0 1
    outer loop
      vertex -42.9 44.3641 2.4
      vertex -40.8045 41.109 2.4
      vertex -42.4307 44.5955 2.4
    endloop
  endfacet
  facet normal -0 0 1
    outer loop
      vertex -43.335 44.0734 2.4
      vertex -40.8045 41.109 2.4
      vertex -42.9 44.3641 2.4
    endloop
  endfacet
  facet normal 0 0 1
    outer loop
      vertex -40.8045 41.109 2.4
      vertex -43.335 44.0734 2.4
      vertex -40.9667 40.9667 2.4
    endloop
  endfacet
  facet normal -0 0 1
    outer loop
      vertex -43.7284 43.7284 2.4
      vertex -40.9667 40.9667 2.4
      vertex -43.335 44.0734 2.4
    endloop
  endfacet
  facet normal -0 0 1
    outer loop
      vertex -44.0734 43.335 2.4
      vertex -40.9667 40.9667 2.4
      vertex -43.7284 43.7284 2.4
    endloop
  endfacet
  facet normal -0 0 1
    outer loop
      vertex -44.3641 42.9 2.4
      vertex -41.109 40.8045 2.4
      vertex -44.0734 43.335 2.4
    endloop
  endfacet
  facet normal 0 0 1
    outer loop
      vertex -40.9667 40.9667 2.4
      vertex -44.0734 43.335 2.4
      vertex -41.109 40.8045 2.4
    endloop
  endfacet
  facet normal 0 0 1
    outer loop
      vertex 44.3641 -42.9 2.4
      vertex 41.109 -40.8045 2.4
      vertex 44.0734 -43.335 2.4
    endloop
  endfacet
  facet normal -0 0 1
    outer loop
      vertex 40.9667 -40.9667 2.4
      vertex 44.0734 -43.335 2.4
      vertex 41.109 -40.8045 2.4
    endloop
  endfacet
  facet normal 0 0 1
    outer loop
      vertex 44.0734 -43.335 2.4
      vertex 40.9667 -40.9667 2.4
      vertex 43.7284 -43.7284 2.4
    endloop
  endfacet
  facet normal 0 0 1
    outer loop
      vertex 43.7284 -43.7284 2.4
      vertex 40.9667 -40.9667 2.4
      vertex 43.335 -44.0734 2.4
    endloop
  endfacet
  facet normal -0 0 1
    outer loop
      vertex 40.8045 -41.109 2.4
      vertex 43.335 -44.0734 2.4
      vertex 40.9667 -40.9667 2.4
    endloop
  endfacet
  facet normal 0 0 1
    outer loop
      vertex 43.335 -44.0734 2.4
      vertex 40.8045 -41.109 2.4
      vertex 42.9 -44.3641 2.4
    endloop
  endfacet
  facet normal 0 0 1
    outer loop
      vertex 42.9 -44.3641 2.4
      vertex 40.8045 -41.109 2.4
      vertex 42.4307 -44.5955 2.4
    endloop
  endfacet
  facet normal -0 0 1
    outer loop
      vertex 40.625 -41.2289 2.4
      vertex 42.4307 -44.5955 2.4
      vertex 40.8045 -41.109 2.4
    endloop
  endfacet
  facet normal 0 0 1
    outer loop
      vertex 42.4307 -44.5955 2.4
      vertex 40.625 -41.2289 2.4
      vertex 41.9353 -44.7637 2.4
    endloop
  endfacet
  facet normal -0 0 1
    outer loop
      vertex 40.4314 -41.3244 2.4
      vertex 41.9353 -44.7637 2.4
      vertex 40.625 -41.2289 2.4
    endloop
  endfacet
  facet normal 0 0 1
    outer loop
      vertex 41.9353 -44.7637 2.4
      vertex 40.4314 -41.3244 2.4
      vertex 41.4221 -44.8658 2.4
    endloop
  endfacet
  facet normal 0 0 1
    outer loop
      vertex 41.4221 -44.8658 2.4
      vertex 40.4314 -41.3244 2.4
      vertex 40.9 -44.9 2.4
    endloop
  endfacet
  facet normal -0 0 1
    outer loop
      vertex 40.2271 -41.3938 2.4
      vertex 40.9 -44.9 2.4
      vertex 40.4314 -41.3244 2.4
    endloop
  endfacet
  facet normal -0 0 1
    outer loop
      vertex 40.0154 -41.4359 2.4
      vertex 40.9 -44.9 2.4
      vertex 40.2271 -41.3938 2.4
    endloop
  endfacet
  facet normal -0 0 1
    outer loop
      vertex 39.8 -41.45 2.4
      vertex 40.9 -44.9 2.4
      vertex 40.0154 -41.4359 2.4
    endloop
  endfacet
  facet normal 0 0 1
    outer loop
      vertex 39.5846 -41.4359 2.4
      vertex 40.9 -44.9 2.4
      vertex 39.8 -41.45 2.4
    endloop
  endfacet
  facet normal 0 0 1
    outer loop
      vertex 39.3729 -41.3938 2.4
      vertex 40.9 -44.9 2.4
      vertex 39.5846 -41.4359 2.4
    endloop
  endfacet
  facet normal 0 0 1
    outer loop
      vertex 39.1686 -41.3244 2.4
      vertex 40.9 -44.9 2.4
      vertex 39.3729 -41.3938 2.4
    endloop
  endfacet
  facet normal 0 0 1
    outer loop
      vertex 38.975 -41.2289 2.4
      vertex 40.9 -44.9 2.4
      vertex 39.1686 -41.3244 2.4
    endloop
  endfacet
  facet normal 0 0 1
    outer loop
      vertex 38.7955 -41.109 2.4
      vertex 40.9 -44.9 2.4
      vertex 38.975 -41.2289 2.4
    endloop
  endfacet
  facet normal 0 0 1
    outer loop
      vertex 38.6333 -40.9667 2.4
      vertex 40.9 -44.9 2.4
      vertex 38.7955 -41.109 2.4
    endloop
  endfacet
  facet normal 0 0 1
    outer loop
      vertex 38.491 -40.8045 2.4
      vertex 40.9 -44.9 2.4
      vertex 38.6333 -40.9667 2.4
    endloop
  endfacet
  facet normal 0 0 1
    outer loop
      vertex 38.3711 -40.625 2.4
      vertex 40.9 -44.9 2.4
      vertex 38.491 -40.8045 2.4
    endloop
  endfacet
  facet normal 0 0 1
    outer loop
      vertex 40.2271 38.2062 2.4
      vertex 25.3 19.2 2.4
      vertex 25.2897 19.0434 2.4
    endloop
  endfacet
  facet normal 0 0 1
    outer loop
      vertex 40.4314 38.2756 2.4
      vertex 25.2897 19.0434 2.4
      vertex 25.2591 18.8894 2.4
    endloop
  endfacet
  facet normal -0 0 1
    outer loop
      vertex 24.2566 18.0103 2.4
      vertex 39.1686 -38.2756 2.4
      vertex 24.4106 18.0409 2.4
    endloop
  endfacet
  facet normal 0 0 1
    outer loop
      vertex 39.1686 -38.2756 2.4
      vertex 24.2566 18.0103 2.4
      vertex 38.975 -38.3711 2.4
    endloop
  endfacet
  facet normal -0 0 1
    outer loop
      vertex 24.1 18 2.4
      vertex 38.975 -38.3711 2.4
      vertex 24.2566 18.0103 2.4
    endloop
  endfacet
  facet normal -0 0 1
    outer loop
      vertex 23.9 18 2.4
      vertex 38.975 -38.3711 2.4
      vertex 24.1 18 2.4
    endloop
  endfacet
  facet normal 0 0 1
    outer loop
      vertex 38.975 -38.3711 2.4
      vertex 23.9 18 2.4
      vertex 38.7955 -38.491 2.4
    endloop
  endfacet
  facet normal 0 0 1
    outer loop
      vertex 23.7434 18.0103 2.4
      vertex 38.7955 -38.491 2.4
      vertex 23.9 18 2.4
    endloop
  endfacet
  facet normal -0 0 1
    outer loop
      vertex 16.2566 18.0103 2.4
      vertex 38.7955 -38.491 2.4
      vertex 23.7434 18.0103 2.4
    endloop
  endfacet
  facet normal -0 0 1
    outer loop
      vertex 16.1 18 2.4
      vertex 38.7955 -38.491 2.4
      vertex 16.2566 18.0103 2.4
    endloop
  endfacet
  facet normal 0 0 1
    outer loop
      vertex 38.7955 -38.491 2.4
      vertex 16.1 18 2.4
      vertex 38.6333 -38.6333 2.4
    endloop
  endfacet
  facet normal -0 0 1
    outer loop
      vertex 15.9 18 2.4
      vertex 38.6333 -38.6333 2.4
      vertex 16.1 18 2.4
    endloop
  endfacet
  facet normal 0 0 1
    outer loop
      vertex 15.7434 18.0103 2.4
      vertex 38.6333 -38.6333 2.4
      vertex 15.9 18 2.4
    endloop
  endfacet
  facet normal 0 0 1
    outer loop
      vertex 38.6333 -38.6333 2.4
      vertex 15.7434 18.0103 2.4
      vertex 38.491 -38.7955 2.4
    endloop
  endfacet
  facet normal -0 0 1
    outer loop
      vertex 8.25662 18.0103 2.4
      vertex 38.491 -38.7955 2.4
      vertex 15.7434 18.0103 2.4
    endloop
  endfacet
  facet normal -0 0 1
    outer loop
      vertex 8.09999 18 2.4
      vertex 38.491 -38.7955 2.4
      vertex 8.25662 18.0103 2.4
    endloop
  endfacet
  facet normal 0 0 1
    outer loop
      vertex 38.491 -38.7955 2.4
      vertex 8.09999 18 2.4
      vertex 38.3711 -38.975 2.4
    endloop
  endfacet
  facet normal 0 0 1
    outer loop
      vertex 16.2566 18.0103 2.4
      vertex 23.7434 18.0103 2.4
      vertex 23.5894 18.0409 2.4
    endloop
  endfacet
  facet normal 0 0 1
    outer loop
      vertex 16.4106 18.0409 2.4
      vertex 23.5894 18.0409 2.4
      vertex 23.4408 18.0913 2.4
    endloop
  endfacet
  facet normal 0 0 1
    outer loop
      vertex 16.5592 18.0913 2.4
      vertex 23.4408 18.0913 2.4
      vertex 23.3 18.1608 2.4
    endloop
  endfacet
  facet normal 0 0 1
    outer loop
      vertex 16.7 18.1608 2.4
      vertex 23.3 18.1608 2.4
      vertex 23.1695 18.248 2.4
    endloop
  endfacet
  facet normal 0 0 1
    outer loop
      vertex 16.8305 18.248 2.4
      vertex 23.1695 18.248 2.4
      vertex 23.0515 18.3515 2.4
    endloop
  endfacet
  facet normal 0 0 1
    outer loop
      vertex 16.9485 18.3515 2.4
      vertex 23.0515 18.3515 2.4
      vertex 22.948 18.4695 2.4
    endloop
  endfacet
  facet normal 0 0 1
    outer loop
      vertex 17.052 18.4695 2.4
      vertex 22.948 18.4695 2.4
      vertex 22.8608 18.6 2.4
    endloop
  endfacet
  facet normal 0 0 1
    outer loop
      vertex 17.1392 18.6 2.4
      vertex 22.8608 18.6 2.4
      vertex 22.7914 18.7408 2.4
    endloop
  endfacet
  facet normal 0 0 1
    outer loop
      vertex 17.2086 18.7408 2.4
      vertex 22.7914 18.7408 2.4
      vertex 22.7409 18.8894 2.4
    endloop
  endfacet
  facet normal 0 0 1
    outer loop
      vertex 17.3 19.2 2.4
      vertex 22.7 19.2 2.4
      vertex 17.3 32.8 2.4
    endloop
  endfacet
  facet normal 0 0 1
    outer loop
      vertex 22.7 19.2 2.4
      vertex 17.3 19.2 2.4
      vertex 22.7103 19.0434 2.4
    endloop
  endfacet
  facet normal 0 0 1
    outer loop
      vertex 17.2897 19.0434 2.4
      vertex 22.7103 19.0434 2.4
      vertex 17.3 19.2 2.4
    endloop
  endfacet
  facet normal 0 0 1
    outer loop
      vertex 22.7103 19.0434 2.4
      vertex 17.2897 19.0434 2.4
      vertex 22.7409 18.8894 2.4
    endloop
  endfacet
  facet normal 0 0 1
    outer loop
      vertex 17.2591 18.8894 2.4
      vertex 22.7409 18.8894 2.4
      vertex 17.2897 19.0434 2.4
    endloop
  endfacet
  facet normal 0 0 1
    outer loop
      vertex 17.2086 18.7408 2.4
      vertex 22.7409 18.8894 2.4
      vertex 17.2591 18.8894 2.4
    endloop
  endfacet
  facet normal 0 0 1
    outer loop
      vertex 22.7914 18.7408 2.4
      vertex 17.2086 18.7408 2.4
      vertex 17.1392 18.6 2.4
    endloop
  endfacet
  facet normal 0 0 1
    outer loop
      vertex 22.8608 18.6 2.4
      vertex 17.1392 18.6 2.4
      vertex 17.052 18.4695 2.4
    endloop
  endfacet
  facet normal 0 0 1
    outer loop
      vertex 22.948 18.4695 2.4
      vertex 17.052 18.4695 2.4
      vertex 16.9485 18.3515 2.4
    endloop
  endfacet
  facet normal 0 0 1
    outer loop
      vertex 23.0515 18.3515 2.4
      vertex 16.9485 18.3515 2.4
      vertex 16.8305 18.248 2.4
    endloop
  endfacet
  facet normal 0 0 1
    outer loop
      vertex 23.1695 18.248 2.4
      vertex 16.8305 18.248 2.4
      vertex 16.7 18.1608 2.4
    endloop
  endfacet
  facet normal 0 0 1
    outer loop
      vertex 23.3 18.1608 2.4
      vertex 16.7 18.1608 2.4
      vertex 16.5592 18.0913 2.4
    endloop
  endfacet
  facet normal 0 0 1
    outer loop
      vertex 23.4408 18.0913 2.4
      vertex 16.5592 18.0913 2.4
      vertex 16.4106 18.0409 2.4
    endloop
  endfacet
  facet normal 0 0 1
    outer loop
      vertex 23.5894 18.0409 2.4
      vertex 16.4106 18.0409 2.4
      vertex 16.2566 18.0103 2.4
    endloop
  endfacet
  facet normal -0 0 1
    outer loop
      vertex 7.90001 18 2.4
      vertex 38.3711 -38.975 2.4
      vertex 8.09999 18 2.4
    endloop
  endfacet
  facet normal 0 0 1
    outer loop
      vertex 7.74338 18.0103 2.4
      vertex 38.3711 -38.975 2.4
      vertex 7.90001 18 2.4
    endloop
  endfacet
  facet normal -0 0 1
    outer loop
      vertex 0.256622 18.0103 2.4
      vertex 38.3711 -38.975 2.4
      vertex 7.74338 18.0103 2.4
    endloop
  endfacet
  facet normal 0 0 1
    outer loop
      vertex 38.3711 -38.975 2.4
      vertex 0.256622 18.0103 2.4
      vertex 38.2756 -39.1686 2.4
    endloop
  endfacet
  facet normal -0 0 1
    outer loop
      vertex 0.0999908 18 2.4
      vertex 38.2756 -39.1686 2.4
      vertex 0.256622 18.0103 2.4
    endloop
  endfacet
  facet normal 0 0 1
    outer loop
      vertex 8.25662 18.0103 2.4
      vertex 15.7434 18.0103 2.4
      vertex 15.5894 18.0409 2.4
    endloop
  endfacet
  facet normal 0 0 1
    outer loop
      vertex 8.41057 18.0409 2.4
      vertex 15.5894 18.0409 2.4
      vertex 15.4408 18.0913 2.4
    endloop
  endfacet
  facet normal 0 0 1
    outer loop
      vertex 8.5592 18.0913 2.4
      vertex 15.4408 18.0913 2.4
      vertex 15.3 18.1608 2.4
    endloop
  endfacet
  facet normal 0 0 1
    outer loop
      vertex 8.7 18.1608 2.4
      vertex 15.3 18.1608 2.4
      vertex 15.1695 18.248 2.4
    endloop
  endfacet
  facet normal 0 0 1
    outer loop
      vertex 8.83051 18.248 2.4
      vertex 15.1695 18.248 2.4
      vertex 15.0515 18.3515 2.4
    endloop
  endfacet
  facet normal 0 0 1
    outer loop
      vertex 8.94852 18.3515 2.4
      vertex 15.0515 18.3515 2.4
      vertex 14.948 18.4695 2.4
    endloop
  endfacet
  facet normal 0 0 1
    outer loop
      vertex 9.05202 18.4695 2.4
      vertex 14.948 18.4695 2.4
      vertex 14.8608 18.6 2.4
    endloop
  endfacet
  facet normal 0 0 1
    outer loop
      vertex 9.13922 18.6 2.4
      vertex 14.8608 18.6 2.4
      vertex 14.7914 18.7408 2.4
    endloop
  endfacet
  facet normal 0 0 1
    outer loop
      vertex 9.29999 19.2 2.4
      vertex 14.7 19.2 2.4
      vertex 9.29999 32.8 2.4
    endloop
  endfacet
  facet normal 0 0 1
    outer loop
      vertex 14.7 19.2 2.4
      vertex 9.29999 19.2 2.4
      vertex 14.7103 19.0434 2.4
    endloop
  endfacet
  facet normal 0 0 1
    outer loop
      vertex 9.28972 19.0434 2.4
      vertex 14.7103 19.0434 2.4
      vertex 9.29999 19.2 2.4
    endloop
  endfacet
  facet normal 0 0 1
    outer loop
      vertex 14.7103 19.0434 2.4
      vertex 9.28972 19.0434 2.4
      vertex 14.7409 18.8894 2.4
    endloop
  endfacet
  facet normal 0 0 1
    outer loop
      vertex 9.25909 18.8894 2.4
      vertex 14.7409 18.8894 2.4
      vertex 9.28972 19.0434 2.4
    endloop
  endfacet
  facet normal 0 0 1
    outer loop
      vertex 14.7409 18.8894 2.4
      vertex 9.25909 18.8894 2.4
      vertex 14.7914 18.7408 2.4
    endloop
  endfacet
  facet normal 0 0 1
    outer loop
      vertex 9.20865 18.7408 2.4
      vertex 14.7914 18.7408 2.4
      vertex 9.25909 18.8894 2.4
    endloop
  endfacet
  facet normal 0 0 1
    outer loop
      vertex 9.13922 18.6 2.4
      vertex 14.7914 18.7408 2.4
      vertex 9.20865 18.7408 2.4
    endloop
  endfacet
  facet normal 0 0 1
    outer loop
      vertex 14.8608 18.6 2.4
      vertex 9.13922 18.6 2.4
      vertex 9.05202 18.4695 2.4
    endloop
  endfacet
  facet normal 0 0 1
    outer loop
      vertex 14.948 18.4695 2.4
      vertex 9.05202 18.4695 2.4
      vertex 8.94852 18.3515 2.4
    endloop
  endfacet
  facet normal 0 0 1
    outer loop
      vertex 15.0515 18.3515 2.4
      vertex 8.94852 18.3515 2.4
      vertex 8.83051 18.248 2.4
    endloop
  endfacet
  facet normal 0 0 1
    outer loop
      vertex 15.1695 18.248 2.4
      vertex 8.83051 18.248 2.4
      vertex 8.7 18.1608 2.4
    endloop
  endfacet
  facet normal 0 0 1
    outer loop
      vertex 15.3 18.1608 2.4
      vertex 8.7 18.1608 2.4
      vertex 8.5592 18.0913 2.4
    endloop
  endfacet
  facet normal 0 0 1
    outer loop
      vertex 15.4408 18.0913 2.4
      vertex 8.5592 18.0913 2.4
      vertex 8.41057 18.0409 2.4
    endloop
  endfacet
  facet normal 0 0 1
    outer loop
      vertex 15.5894 18.0409 2.4
      vertex 8.41057 18.0409 2.4
      vertex 8.25662 18.0103 2.4
    endloop
  endfacet
  facet normal 0 0 1
    outer loop
      vertex -38.15 -39.8 2.4
      vertex 38.2756 -39.1686 2.4
      vertex 0.0999908 18 2.4
    endloop
  endfacet
  facet normal 0 0 1
    outer loop
      vertex 38.2756 -39.1686 2.4
      vertex -38.15 -39.8 2.4
      vertex 38.2062 -39.3729 2.4
    endloop
  endfacet
  facet normal 0 0 1
    outer loop
      vertex 38.2062 -39.3729 2.4
      vertex -38.15 -39.8 2.4
      vertex 38.1641 -39.5846 2.4
    endloop
  endfacet
  facet normal 0 0 1
    outer loop
      vertex 38.1641 -39.5846 2.4
      vertex -38.15 -39.8 2.4
      vertex 38.15 -39.8 2.4
    endloop
  endfacet
  facet normal 0 0 1
    outer loop
      vertex 38.15 -39.8 2.4
      vertex -38.15 -39.8 2.4
      vertex 38.1641 -40.0154 2.4
    endloop
  endfacet
  facet normal 0 0 1
    outer loop
      vertex 0.256622 18.0103 2.4
      vertex 7.74338 18.0103 2.4
      vertex 7.58943 18.0409 2.4
    endloop
  endfacet
  facet normal 0 0 1
    outer loop
      vertex 0.410568 18.0409 2.4
      vertex 7.58943 18.0409 2.4
      vertex 7.4408 18.0913 2.4
    endloop
  endfacet
  facet normal 0 0 1
    outer loop
      vertex 0.559204 18.0913 2.4
      vertex 7.4408 18.0913 2.4
      vertex 7.3 18.1608 2.4
    endloop
  endfacet
  facet normal 0 0 1
    outer loop
      vertex 0.699997 18.1608 2.4
      vertex 7.3 18.1608 2.4
      vertex 7.16949 18.248 2.4
    endloop
  endfacet
  facet normal 0 0 1
    outer loop
      vertex 0.830505 18.248 2.4
      vertex 7.16949 18.248 2.4
      vertex 7.05148 18.3515 2.4
    endloop
  endfacet
  facet normal 0 0 1
    outer loop
      vertex 0.948517 18.3515 2.4
      vertex 7.05148 18.3515 2.4
      vertex 6.94798 18.4695 2.4
    endloop
  endfacet
  facet normal 0 0 1
    outer loop
      vertex 1.05202 18.4695 2.4
      vertex 6.94798 18.4695 2.4
      vertex 6.86078 18.6 2.4
    endloop
  endfacet
  facet normal 0 0 1
    outer loop
      vertex 1.29999 19.2 2.4
      vertex 6.70001 19.2 2.4
      vertex 1.29999 32.8 2.4
    endloop
  endfacet
  facet normal 0 0 1
    outer loop
      vertex 6.70001 19.2 2.4
      vertex 1.29999 19.2 2.4
      vertex 6.71028 19.0434 2.4
    endloop
  endfacet
  facet normal 0 0 1
    outer loop
      vertex 1.28972 19.0434 2.4
      vertex 6.71028 19.0434 2.4
      vertex 1.29999 19.2 2.4
    endloop
  endfacet
  facet normal 0 0 1
    outer loop
      vertex 6.71028 19.0434 2.4
      vertex 1.28972 19.0434 2.4
      vertex 6.74091 18.8894 2.4
    endloop
  endfacet
  facet normal 0 0 1
    outer loop
      vertex 1.25909 18.8894 2.4
      vertex 6.74091 18.8894 2.4
      vertex 1.28972 19.0434 2.4
    endloop
  endfacet
  facet normal 0 0 1
    outer loop
      vertex 6.74091 18.8894 2.4
      vertex 1.25909 18.8894 2.4
      vertex 6.79135 18.7408 2.4
    endloop
  endfacet
  facet normal 0 0 1
    outer loop
      vertex 1.20865 18.7408 2.4
      vertex 6.79135 18.7408 2.4
      vertex 1.25909 18.8894 2.4
    endloop
  endfacet
  facet normal 0 0 1
    outer loop
      vertex 6.79135 18.7408 2.4
      vertex 1.20865 18.7408 2.4
      vertex 6.86078 18.6 2.4
    endloop
  endfacet
  facet normal 0 0 1
    outer loop
      vertex 1.13922 18.6 2.4
      vertex 6.86078 18.6 2.4
      vertex 1.20865 18.7408 2.4
    endloop
  endfacet
  facet normal 0 0 1
    outer loop
      vertex 1.05202 18.4695 2.4
      vertex 6.86078 18.6 2.4
      vertex 1.13922 18.6 2.4
    endloop
  endfacet
  facet normal 0 0 1
    outer loop
      vertex 6.94798 18.4695 2.4
      vertex 1.05202 18.4695 2.4
      vertex 0.948517 18.3515 2.4
    endloop
  endfacet
  facet normal 0 0 1
    outer loop
      vertex 7.05148 18.3515 2.4
      vertex 0.948517 18.3515 2.4
      vertex 0.830505 18.248 2.4
    endloop
  endfacet
  facet normal 0 0 1
    outer loop
      vertex 7.16949 18.248 2.4
      vertex 0.830505 18.248 2.4
      vertex 0.699997 18.1608 2.4
    endloop
  endfacet
  facet normal 0 0 1
    outer loop
      vertex 7.3 18.1608 2.4
      vertex 0.699997 18.1608 2.4
      vertex 0.559204 18.0913 2.4
    endloop
  endfacet
  facet normal 0 0 1
    outer loop
      vertex 7.4408 18.0913 2.4
      vertex 0.559204 18.0913 2.4
      vertex 0.410568 18.0409 2.4
    endloop
  endfacet
  facet normal 0 0 1
    outer loop
      vertex 7.58943 18.0409 2.4
      vertex 0.410568 18.0409 2.4
      vertex 0.256622 18.0103 2.4
    endloop
  endfacet
  facet normal 0 0 1
    outer loop
      vertex -38.1641 -40.0154 2.4
      vertex 38.1641 -40.0154 2.4
      vertex -38.15 -39.8 2.4
    endloop
  endfacet
  facet normal 0 0 1
    outer loop
      vertex 38.1641 -40.0154 2.4
      vertex -38.1641 -40.0154 2.4
      vertex 38.2062 -40.2271 2.4
    endloop
  endfacet
  facet normal 0 0 1
    outer loop
      vertex -38.2062 -40.2271 2.4
      vertex 38.2062 -40.2271 2.4
      vertex -38.1641 -40.0154 2.4
    endloop
  endfacet
  facet normal 0 0 1
    outer loop
      vertex -38.15 -39.8 2.4
      vertex 0.0999908 18 2.4
      vertex -0.0999908 18 2.4
    endloop
  endfacet
  facet normal 0 0 1
    outer loop
      vertex -38.15 -39.8 2.4
      vertex -0.0999908 18 2.4
      vertex -0.256622 18.0103 2.4
    endloop
  endfacet
  facet normal 0 0 1
    outer loop
      vertex -7.74338 18.0103 2.4
      vertex -0.256622 18.0103 2.4
      vertex -0.410568 18.0409 2.4
    endloop
  endfacet
  facet normal 0 0 1
    outer loop
      vertex -7.58943 18.0409 2.4
      vertex -0.410568 18.0409 2.4
      vertex -0.559204 18.0913 2.4
    endloop
  endfacet
  facet normal 0 0 1
    outer loop
      vertex -7.4408 18.0913 2.4
      vertex -0.559204 18.0913 2.4
      vertex -0.699997 18.1608 2.4
    endloop
  endfacet
  facet normal 0 0 1
    outer loop
      vertex -7.3 18.1608 2.4
      vertex -0.699997 18.1608 2.4
      vertex -0.830505 18.248 2.4
    endloop
  endfacet
  facet normal 0 0 1
    outer loop
      vertex -7.16949 18.248 2.4
      vertex -0.830505 18.248 2.4
      vertex -0.948517 18.3515 2.4
    endloop
  endfacet
  facet normal 0 0 1
    outer loop
      vertex -7.05148 18.3515 2.4
      vertex -0.948517 18.3515 2.4
      vertex -1.05202 18.4695 2.4
    endloop
  endfacet
  facet normal 0 0 1
    outer loop
      vertex -6.94798 18.4695 2.4
      vertex -1.05202 18.4695 2.4
      vertex -1.13922 18.6 2.4
    endloop
  endfacet
  facet normal 0 0 1
    outer loop
      vertex -6.70001 19.2 2.4
      vertex -1.29999 19.2 2.4
      vertex -6.70001 32.8 2.4
    endloop
  endfacet
  facet normal 0 0 1
    outer loop
      vertex -1.29999 19.2 2.4
      vertex -6.70001 19.2 2.4
      vertex -1.28972 19.0434 2.4
    endloop
  endfacet
  facet normal 0 0 1
    outer loop
      vertex -6.71028 19.0434 2.4
      vertex -1.28972 19.0434 2.4
      vertex -6.70001 19.2 2.4
    endloop
  endfacet
  facet normal 0 0 1
    outer loop
      vertex -1.28972 19.0434 2.4
      vertex -6.71028 19.0434 2.4
      vertex -1.25909 18.8894 2.4
    endloop
  endfacet
  facet normal 0 0 1
    outer loop
      vertex -6.74091 18.8894 2.4
      vertex -1.25909 18.8894 2.4
      vertex -6.71028 19.0434 2.4
    endloop
  endfacet
  facet normal 0 0 1
    outer loop
      vertex -1.25909 18.8894 2.4
      vertex -6.74091 18.8894 2.4
      vertex -1.20865 18.7408 2.4
    endloop
  endfacet
  facet normal 0 0 1
    outer loop
      vertex -6.79135 18.7408 2.4
      vertex -1.20865 18.7408 2.4
      vertex -6.74091 18.8894 2.4
    endloop
  endfacet
  facet normal 0 0 1
    outer loop
      vertex -1.20865 18.7408 2.4
      vertex -6.79135 18.7408 2.4
      vertex -1.13922 18.6 2.4
    endloop
  endfacet
  facet normal 0 0 1
    outer loop
      vertex -6.86078 18.6 2.4
      vertex -1.13922 18.6 2.4
      vertex -6.79135 18.7408 2.4
    endloop
  endfacet
  facet normal 0 0 1
    outer loop
      vertex -6.94798 18.4695 2.4
      vertex -1.13922 18.6 2.4
      vertex -6.86078 18.6 2.4
    endloop
  endfacet
  facet normal 0 0 1
    outer loop
      vertex -1.05202 18.4695 2.4
      vertex -6.94798 18.4695 2.4
      vertex -7.05148 18.3515 2.4
    endloop
  endfacet
  facet normal 0 0 1
    outer loop
      vertex -0.948517 18.3515 2.4
      vertex -7.05148 18.3515 2.4
      vertex -7.16949 18.248 2.4
    endloop
  endfacet
  facet normal 0 0 1
    outer loop
      vertex -0.830505 18.248 2.4
      vertex -7.16949 18.248 2.4
      vertex -7.3 18.1608 2.4
    endloop
  endfacet
  facet normal 0 0 1
    outer loop
      vertex -0.699997 18.1608 2.4
      vertex -7.3 18.1608 2.4
      vertex -7.4408 18.0913 2.4
    endloop
  endfacet
  facet normal 0 0 1
    outer loop
      vertex -0.559204 18.0913 2.4
      vertex -7.4408 18.0913 2.4
      vertex -7.58943 18.0409 2.4
    endloop
  endfacet
  facet normal 0 0 1
    outer loop
      vertex -0.410568 18.0409 2.4
      vertex -7.58943 18.0409 2.4
      vertex -7.74338 18.0103 2.4
    endloop
  endfacet
  facet normal 0 0 1
    outer loop
      vertex -0.256622 18.0103 2.4
      vertex -7.74338 18.0103 2.4
      vertex -38.15 -39.8 2.4
    endloop
  endfacet
  facet normal 0 0 1
    outer loop
      vertex -38.15 -39.8 2.4
      vertex -7.74338 18.0103 2.4
      vertex -7.90001 18 2.4
    endloop
  endfacet
  facet normal 0 0 1
    outer loop
      vertex -38.15 -39.8 2.4
      vertex -7.90001 18 2.4
      vertex -8.09999 18 2.4
    endloop
  endfacet
  facet normal 0 0 1
    outer loop
      vertex -38.15 -39.8 2.4
      vertex -8.09999 18 2.4
      vertex -8.25662 18.0103 2.4
    endloop
  endfacet
  facet normal 0 0 1
    outer loop
      vertex -15.7434 18.0103 2.4
      vertex -8.25662 18.0103 2.4
      vertex -8.41057 18.0409 2.4
    endloop
  endfacet
  facet normal 0 0 1
    outer loop
      vertex -15.5894 18.0409 2.4
      vertex -8.41057 18.0409 2.4
      vertex -8.5592 18.0913 2.4
    endloop
  endfacet
  facet normal 0 0 1
    outer loop
      vertex -15.4408 18.0913 2.4
      vertex -8.5592 18.0913 2.4
      vertex -8.7 18.1608 2.4
    endloop
  endfacet
  facet normal 0 0 1
    outer loop
      vertex -15.3 18.1608 2.4
      vertex -8.7 18.1608 2.4
      vertex -8.83051 18.248 2.4
    endloop
  endfacet
  facet normal 0 0 1
    outer loop
      vertex -15.1695 18.248 2.4
      vertex -8.83051 18.248 2.4
      vertex -8.94852 18.3515 2.4
    endloop
  endfacet
  facet normal 0 0 1
    outer loop
      vertex -15.0515 18.3515 2.4
      vertex -8.94852 18.3515 2.4
      vertex -9.05202 18.4695 2.4
    endloop
  endfacet
  facet normal 0 0 1
    outer loop
      vertex -14.7 19.2 2.4
      vertex -9.29999 19.2 2.4
      vertex -14.7 32.8 2.4
    endloop
  endfacet
  facet normal 0 0 1
    outer loop
      vertex -9.29999 19.2 2.4
      vertex -14.7 19.2 2.4
      vertex -9.28972 19.0434 2.4
    endloop
  endfacet
  facet normal 0 0 1
    outer loop
      vertex -14.7103 19.0434 2.4
      vertex -9.28972 19.0434 2.4
      vertex -14.7 19.2 2.4
    endloop
  endfacet
  facet normal 0 0 1
    outer loop
      vertex -9.28972 19.0434 2.4
      vertex -14.7103 19.0434 2.4
      vertex -9.25909 18.8894 2.4
    endloop
  endfacet
  facet normal 0 0 1
    outer loop
      vertex -14.7409 18.8894 2.4
      vertex -9.25909 18.8894 2.4
      vertex -14.7103 19.0434 2.4
    endloop
  endfacet
  facet normal 0 0 1
    outer loop
      vertex -9.25909 18.8894 2.4
      vertex -14.7409 18.8894 2.4
      vertex -9.20865 18.7408 2.4
    endloop
  endfacet
  facet normal 0 0 1
    outer loop
      vertex -14.7914 18.7408 2.4
      vertex -9.20865 18.7408 2.4
      vertex -14.7409 18.8894 2.4
    endloop
  endfacet
  facet normal 0 0 1
    outer loop
      vertex -9.20865 18.7408 2.4
      vertex -14.7914 18.7408 2.4
      vertex -9.13922 18.6 2.4
    endloop
  endfacet
  facet normal 0 0 1
    outer loop
      vertex -14.8608 18.6 2.4
      vertex -9.13922 18.6 2.4
      vertex -14.7914 18.7408 2.4
    endloop
  endfacet
  facet normal 0 0 1
    outer loop
      vertex -9.13922 18.6 2.4
      vertex -14.8608 18.6 2.4
      vertex -9.05202 18.4695 2.4
    endloop
  endfacet
  facet normal 0 0 1
    outer loop
      vertex -14.948 18.4695 2.4
      vertex -9.05202 18.4695 2.4
      vertex -14.8608 18.6 2.4
    endloop
  endfacet
  facet normal 0 0 1
    outer loop
      vertex -15.0515 18.3515 2.4
      vertex -9.05202 18.4695 2.4
      vertex -14.948 18.4695 2.4
    endloop
  endfacet
  facet normal 0 0 1
    outer loop
      vertex -8.94852 18.3515 2.4
      vertex -15.0515 18.3515 2.4
      vertex -15.1695 18.248 2.4
    endloop
  endfacet
  facet normal 0 0 1
    outer loop
      vertex -8.83051 18.248 2.4
      vertex -15.1695 18.248 2.4
      vertex -15.3 18.1608 2.4
    endloop
  endfacet
  facet normal 0 0 1
    outer loop
      vertex -8.7 18.1608 2.4
      vertex -15.3 18.1608 2.4
      vertex -15.4408 18.0913 2.4
    endloop
  endfacet
  facet normal 0 0 1
    outer loop
      vertex -8.5592 18.0913 2.4
      vertex -15.4408 18.0913 2.4
      vertex -15.5894 18.0409 2.4
    endloop
  endfacet
  facet normal 0 0 1
    outer loop
      vertex -8.41057 18.0409 2.4
      vertex -15.5894 18.0409 2.4
      vertex -15.7434 18.0103 2.4
    endloop
  endfacet
  facet normal 0 0 1
    outer loop
      vertex -8.25662 18.0103 2.4
      vertex -15.7434 18.0103 2.4
      vertex -38.15 -39.8 2.4
    endloop
  endfacet
  facet normal 0 0 1
    outer loop
      vertex -38.15 -39.8 2.4
      vertex -15.7434 18.0103 2.4
      vertex -15.9 18 2.4
    endloop
  endfacet
  facet normal 0 0 1
    outer loop
      vertex -38.15 -39.8 2.4
      vertex -15.9 18 2.4
      vertex -16.1 18 2.4
    endloop
  endfacet
  facet normal 0 0 1
    outer loop
      vertex -38.15 -39.8 2.4
      vertex -16.1 18 2.4
      vertex -16.2566 18.0103 2.4
    endloop
  endfacet
  facet normal 0 0 1
    outer loop
      vertex -23.7434 18.0103 2.4
      vertex -16.2566 18.0103 2.4
      vertex -16.4106 18.0409 2.4
    endloop
  endfacet
  facet normal 0 0 1
    outer loop
      vertex -23.5894 18.0409 2.4
      vertex -16.4106 18.0409 2.4
      vertex -16.5592 18.0913 2.4
    endloop
  endfacet
  facet normal 0 0 1
    outer loop
      vertex -23.4408 18.0913 2.4
      vertex -16.5592 18.0913 2.4
      vertex -16.7 18.1608 2.4
    endloop
  endfacet
  facet normal 0 0 1
    outer loop
      vertex -23.3 18.1608 2.4
      vertex -16.7 18.1608 2.4
      vertex -16.8305 18.248 2.4
    endloop
  endfacet
  facet normal 0 0 1
    outer loop
      vertex -23.1695 18.248 2.4
      vertex -16.8305 18.248 2.4
      vertex -16.9485 18.3515 2.4
    endloop
  endfacet
  facet normal 0 0 1
    outer loop
      vertex -22.7 19.2 2.4
      vertex -17.3 19.2 2.4
      vertex -22.7 32.8 2.4
    endloop
  endfacet
  facet normal 0 0 1
    outer loop
      vertex -17.3 19.2 2.4
      vertex -22.7 19.2 2.4
      vertex -17.2897 19.0434 2.4
    endloop
  endfacet
  facet normal 0 0 1
    outer loop
      vertex -22.7103 19.0434 2.4
      vertex -17.2897 19.0434 2.4
      vertex -22.7 19.2 2.4
    endloop
  endfacet
  facet normal 0 0 1
    outer loop
      vertex -17.2897 19.0434 2.4
      vertex -22.7103 19.0434 2.4
      vertex -17.2591 18.8894 2.4
    endloop
  endfacet
  facet normal 0 0 1
    outer loop
      vertex -22.7409 18.8894 2.4
      vertex -17.2591 18.8894 2.4
      vertex -22.7103 19.0434 2.4
    endloop
  endfacet
  facet normal 0 0 1
    outer loop
      vertex -17.2591 18.8894 2.4
      vertex -22.7409 18.8894 2.4
      vertex -17.2086 18.7408 2.4
    endloop
  endfacet
  facet normal 0 0 1
    outer loop
      vertex -22.7914 18.7408 2.4
      vertex -17.2086 18.7408 2.4
      vertex -22.7409 18.8894 2.4
    endloop
  endfacet
  facet normal 0 0 1
    outer loop
      vertex -17.2086 18.7408 2.4
      vertex -22.7914 18.7408 2.4
      vertex -17.1392 18.6 2.4
    endloop
  endfacet
  facet normal 0 0 1
    outer loop
      vertex -22.8608 18.6 2.4
      vertex -17.1392 18.6 2.4
      vertex -22.7914 18.7408 2.4
    endloop
  endfacet
  facet normal 0 0 1
    outer loop
      vertex -17.1392 18.6 2.4
      vertex -22.8608 18.6 2.4
      vertex -17.052 18.4695 2.4
    endloop
  endfacet
  facet normal 0 0 1
    outer loop
      vertex -22.948 18.4695 2.4
      vertex -17.052 18.4695 2.4
      vertex -22.8608 18.6 2.4
    endloop
  endfacet
  facet normal 0 0 1
    outer loop
      vertex -17.052 18.4695 2.4
      vertex -22.948 18.4695 2.4
      vertex -16.9485 18.3515 2.4
    endloop
  endfacet
  facet normal 0 0 1
    outer loop
      vertex -23.0515 18.3515 2.4
      vertex -16.9485 18.3515 2.4
      vertex -22.948 18.4695 2.4
    endloop
  endfacet
  facet normal 0 0 1
    outer loop
      vertex -23.1695 18.248 2.4
      vertex -16.9485 18.3515 2.4
      vertex -23.0515 18.3515 2.4
    endloop
  endfacet
  facet normal 0 0 1
    outer loop
      vertex -16.8305 18.248 2.4
      vertex -23.1695 18.248 2.4
      vertex -23.3 18.1608 2.4
    endloop
  endfacet
  facet normal 0 0 1
    outer loop
      vertex -16.7 18.1608 2.4
      vertex -23.3 18.1608 2.4
      vertex -23.4408 18.0913 2.4
    endloop
  endfacet
  facet normal 0 0 1
    outer loop
      vertex -16.5592 18.0913 2.4
      vertex -23.4408 18.0913 2.4
      vertex -23.5894 18.0409 2.4
    endloop
  endfacet
  facet normal 0 0 1
    outer loop
      vertex -16.4106 18.0409 2.4
      vertex -23.5894 18.0409 2.4
      vertex -23.7434 18.0103 2.4
    endloop
  endfacet
  facet normal 0 0 1
    outer loop
      vertex -16.2566 18.0103 2.4
      vertex -23.7434 18.0103 2.4
      vertex -38.15 -39.8 2.4
    endloop
  endfacet
  facet normal 0 0 1
    outer loop
      vertex -38.15 -39.8 2.4
      vertex -23.7434 18.0103 2.4
      vertex -23.9 18 2.4
    endloop
  endfacet
  facet normal 0 0 1
    outer loop
      vertex -38.15 -39.8 2.4
      vertex -23.9 18 2.4
      vertex -24.1 18 2.4
    endloop
  endfacet
  facet normal 0 0 1
    outer loop
      vertex -38.15 -39.8 2.4
      vertex -24.1 18 2.4
      vertex -24.2566 18.0103 2.4
    endloop
  endfacet
  facet normal 0 0 1
    outer loop
      vertex -38.15 -39.8 2.4
      vertex -24.2566 18.0103 2.4
      vertex -24.4106 18.0409 2.4
    endloop
  endfacet
  facet normal 0 0 1
    outer loop
      vertex -38.15 -39.8 2.4
      vertex -24.4106 18.0409 2.4
      vertex -24.5592 18.0913 2.4
    endloop
  endfacet
  facet normal 0 0 1
    outer loop
      vertex -38.15 -39.8 2.4
      vertex -24.5592 18.0913 2.4
      vertex -24.7 18.1608 2.4
    endloop
  endfacet
  facet normal 0 0 1
    outer loop
      vertex -38.15 -39.8 2.4
      vertex -24.7 18.1608 2.4
      vertex -24.8305 18.248 2.4
    endloop
  endfacet
  facet normal 0 0 1
    outer loop
      vertex -38.15 -39.8 2.4
      vertex -24.8305 18.248 2.4
      vertex -24.9485 18.3515 2.4
    endloop
  endfacet
  facet normal 0 0 1
    outer loop
      vertex -25.2086 33.2592 2.4
      vertex -38.3711 38.975 2.4
      vertex -25.2591 33.1106 2.4
    endloop
  endfacet
  facet normal -0 0 1
    outer loop
      vertex -38.491 38.7955 2.4
      vertex -25.2591 33.1106 2.4
      vertex -38.3711 38.975 2.4
    endloop
  endfacet
  facet normal 0 0 1
    outer loop
      vertex -25.2591 33.1106 2.4
      vertex -38.491 38.7955 2.4
      vertex -25.2897 32.9566 2.4
    endloop
  endfacet
  facet normal -0 0 1
    outer loop
      vertex -38.6333 38.6333 2.4
      vertex -25.2897 32.9566 2.4
      vertex -38.491 38.7955 2.4
    endloop
  endfacet
  facet normal 0 0 1
    outer loop
      vertex -25.2086 18.7408 2.4
      vertex -38.15 -39.8 2.4
      vertex -25.1392 18.6 2.4
    endloop
  endfacet
  facet normal 0 0 1
    outer loop
      vertex -38.15 -39.8 2.4
      vertex -25.052 18.4695 2.4
      vertex -25.1392 18.6 2.4
    endloop
  endfacet
  facet normal 0 0 1
    outer loop
      vertex -38.15 -39.8 2.4
      vertex -24.9485 18.3515 2.4
      vertex -25.052 18.4695 2.4
    endloop
  endfacet
  facet normal 0 0 1
    outer loop
      vertex 38.2062 -40.2271 2.4
      vertex -38.2062 -40.2271 2.4
      vertex 38.2756 -40.4314 2.4
    endloop
  endfacet
  facet normal 0 0 1
    outer loop
      vertex -38.2756 -40.4314 2.4
      vertex 38.2756 -40.4314 2.4
      vertex -38.2062 -40.2271 2.4
    endloop
  endfacet
  facet normal 0 0 1
    outer loop
      vertex 38.2756 -40.4314 2.4
      vertex -38.2756 -40.4314 2.4
      vertex 38.3711 -40.625 2.4
    endloop
  endfacet
  facet normal 0 0 1
    outer loop
      vertex -38.3711 -40.625 2.4
      vertex 38.3711 -40.625 2.4
      vertex -38.2756 -40.4314 2.4
    endloop
  endfacet
  facet normal 0 0 1
    outer loop
      vertex 38.3711 -40.625 2.4
      vertex -38.3711 -40.625 2.4
      vertex 40.9 -44.9 2.4
    endloop
  endfacet
  facet normal -0 0 1
    outer loop
      vertex -38.491 -40.8045 2.4
      vertex 40.9 -44.9 2.4
      vertex -38.3711 -40.625 2.4
    endloop
  endfacet
  facet normal 0 0 1
    outer loop
      vertex -40.9 -44.9 2.4
      vertex -38.491 -40.8045 2.4
      vertex -38.6333 -40.9667 2.4
    endloop
  endfacet
  facet normal 0 0 1
    outer loop
      vertex -40.9 -44.9 2.4
      vertex -38.6333 -40.9667 2.4
      vertex -38.7955 -41.109 2.4
    endloop
  endfacet
  facet normal 0 0 1
    outer loop
      vertex -40.9 -44.9 2.4
      vertex -38.7955 -41.109 2.4
      vertex -38.975 -41.2289 2.4
    endloop
  endfacet
  facet normal 0 0 1
    outer loop
      vertex -40.9 -44.9 2.4
      vertex -38.975 -41.2289 2.4
      vertex -39.1686 -41.3244 2.4
    endloop
  endfacet
  facet normal 0 0 1
    outer loop
      vertex -40.9 -44.9 2.4
      vertex -39.1686 -41.3244 2.4
      vertex -39.3729 -41.3938 2.4
    endloop
  endfacet
  facet normal 0 0 1
    outer loop
      vertex -40.9 -44.9 2.4
      vertex -39.3729 -41.3938 2.4
      vertex -39.5846 -41.4359 2.4
    endloop
  endfacet
  facet normal 0 0 1
    outer loop
      vertex -40.9 -44.9 2.4
      vertex -39.5846 -41.4359 2.4
      vertex -39.8 -41.45 2.4
    endloop
  endfacet
  facet normal 0 0 1
    outer loop
      vertex -38.491 -40.8045 2.4
      vertex -40.9 -44.9 2.4
      vertex 40.9 -44.9 2.4
    endloop
  endfacet
  facet normal 0 0 1
    outer loop
      vertex -40.0154 -41.4359 2.4
      vertex -40.9 -44.9 2.4
      vertex -39.8 -41.45 2.4
    endloop
  endfacet
  facet normal 0 0 1
    outer loop
      vertex -40.2271 -41.3938 2.4
      vertex -40.9 -44.9 2.4
      vertex -40.0154 -41.4359 2.4
    endloop
  endfacet
  facet normal 0 0 1
    outer loop
      vertex -40.4314 -41.3244 2.4
      vertex -40.9 -44.9 2.4
      vertex -40.2271 -41.3938 2.4
    endloop
  endfacet
  facet normal 0 0 1
    outer loop
      vertex -41.9353 -44.7637 2.4
      vertex -40.4314 -41.3244 2.4
      vertex -40.625 -41.2289 2.4
    endloop
  endfacet
  facet normal 0 0 1
    outer loop
      vertex -42.4307 -44.5955 2.4
      vertex -40.625 -41.2289 2.4
      vertex -40.8045 -41.109 2.4
    endloop
  endfacet
  facet normal 0 0 1
    outer loop
      vertex -43.335 -44.0734 2.4
      vertex -40.8045 -41.109 2.4
      vertex -40.9667 -40.9667 2.4
    endloop
  endfacet
  facet normal 0 0 1
    outer loop
      vertex -44.0734 -43.335 2.4
      vertex -40.9667 -40.9667 2.4
      vertex -41.109 -40.8045 2.4
    endloop
  endfacet
  facet normal 0 0 1
    outer loop
      vertex -44.5955 -42.4307 2.4
      vertex -41.109 -40.8045 2.4
      vertex -41.2289 -40.625 2.4
    endloop
  endfacet
  facet normal 0 0 1
    outer loop
      vertex -44.7637 -41.9353 2.4
      vertex -41.2289 -40.625 2.4
      vertex -41.3244 -40.4314 2.4
    endloop
  endfacet
  facet normal 0 0 1
    outer loop
      vertex -44.9 -40.9 2.4
      vertex -41.3244 -40.4314 2.4
      vertex -41.3938 -40.2271 2.4
    endloop
  endfacet
  facet normal 0 0 1
    outer loop
      vertex -40.4314 -41.3244 2.4
      vertex -41.4221 -44.8658 2.4
      vertex -40.9 -44.9 2.4
    endloop
  endfacet
  facet normal 0 0 1
    outer loop
      vertex -44.9 -40.9 2.4
      vertex -41.3938 -40.2271 2.4
      vertex -41.4359 -40.0154 2.4
    endloop
  endfacet
  facet normal 0 0 1
    outer loop
      vertex -44.9 -40.9 2.4
      vertex -41.4359 -40.0154 2.4
      vertex -41.45 -39.8 2.4
    endloop
  endfacet
  facet normal 0 0 1
    outer loop
      vertex -41.3938 -39.3729 2.4
      vertex -44.9 -40.9 2.4
      vertex -41.4359 -39.5846 2.4
    endloop
  endfacet
  facet normal 0 0 1
    outer loop
      vertex -41.4359 -39.5846 2.4
      vertex -44.9 -40.9 2.4
      vertex -41.45 -39.8 2.4
    endloop
  endfacet
  facet normal -0 0 1
    outer loop
      vertex -44.5955 42.4307 2.4
      vertex -41.109 40.8045 2.4
      vertex -44.3641 42.9 2.4
    endloop
  endfacet
  facet normal 0 0 1
    outer loop
      vertex -41.3244 -40.4314 2.4
      vertex -44.9 -40.9 2.4
      vertex -44.8658 -41.4221 2.4
    endloop
  endfacet
  facet normal 0 0 1
    outer loop
      vertex -41.109 40.8045 2.4
      vertex -44.5955 42.4307 2.4
      vertex -41.2289 40.625 2.4
    endloop
  endfacet
  facet normal 0 0 1
    outer loop
      vertex -40.4314 -41.3244 2.4
      vertex -41.9353 -44.7637 2.4
      vertex -41.4221 -44.8658 2.4
    endloop
  endfacet
  facet normal -0 0 1
    outer loop
      vertex -44.7637 41.9353 2.4
      vertex -41.2289 40.625 2.4
      vertex -44.5955 42.4307 2.4
    endloop
  endfacet
  facet normal 0 0 1
    outer loop
      vertex -40.625 -41.2289 2.4
      vertex -42.4307 -44.5955 2.4
      vertex -41.9353 -44.7637 2.4
    endloop
  endfacet
  facet normal 0 0 1
    outer loop
      vertex -41.2289 40.625 2.4
      vertex -44.7637 41.9353 2.4
      vertex -41.3244 40.4314 2.4
    endloop
  endfacet
  facet normal 0 0 1
    outer loop
      vertex -40.8045 -41.109 2.4
      vertex -42.9 -44.3641 2.4
      vertex -42.4307 -44.5955 2.4
    endloop
  endfacet
  facet normal -0 0 1
    outer loop
      vertex -44.8658 41.4221 2.4
      vertex -41.3244 40.4314 2.4
      vertex -44.7637 41.9353 2.4
    endloop
  endfacet
  facet normal 0 0 1
    outer loop
      vertex -40.8045 -41.109 2.4
      vertex -43.335 -44.0734 2.4
      vertex -42.9 -44.3641 2.4
    endloop
  endfacet
  facet normal -0 0 1
    outer loop
      vertex -44.9 40.9 2.4
      vertex -41.3244 40.4314 2.4
      vertex -44.8658 41.4221 2.4
    endloop
  endfacet
  facet normal 0 0 1
    outer loop
      vertex -40.9667 -40.9667 2.4
      vertex -43.7284 -43.7284 2.4
      vertex -43.335 -44.0734 2.4
    endloop
  endfacet
  facet normal 0 0 1
    outer loop
      vertex -41.3244 40.4314 2.4
      vertex -44.9 40.9 2.4
      vertex -41.3938 40.2271 2.4
    endloop
  endfacet
  facet normal 0 0 1
    outer loop
      vertex -40.9667 -40.9667 2.4
      vertex -44.0734 -43.335 2.4
      vertex -43.7284 -43.7284 2.4
    endloop
  endfacet
  facet normal 0 0 1
    outer loop
      vertex -41.3938 40.2271 2.4
      vertex -44.9 40.9 2.4
      vertex -41.4359 40.0154 2.4
    endloop
  endfacet
  facet normal 0 0 1
    outer loop
      vertex -41.109 -40.8045 2.4
      vertex -44.3641 -42.9 2.4
      vertex -44.0734 -43.335 2.4
    endloop
  endfacet
  facet normal 0 0 1
    outer loop
      vertex -41.4359 40.0154 2.4
      vertex -44.9 40.9 2.4
      vertex -41.45 39.8 2.4
    endloop
  endfacet
  facet normal 0 0 1
    outer loop
      vertex -41.109 -40.8045 2.4
      vertex -44.5955 -42.4307 2.4
      vertex -44.3641 -42.9 2.4
    endloop
  endfacet
  facet normal 0 0 1
    outer loop
      vertex -41.2289 -40.625 2.4
      vertex -44.7637 -41.9353 2.4
      vertex -44.5955 -42.4307 2.4
    endloop
  endfacet
  facet normal 0 0 1
    outer loop
      vertex -41.3244 -40.4314 2.4
      vertex -44.8658 -41.4221 2.4
      vertex -44.7637 -41.9353 2.4
    endloop
  endfacet
  facet normal -1 0 0
    outer loop
      vertex -44.9 -40.9 0
      vertex -44.9 40.9 2.4
      vertex -44.9 40.9 0
    endloop
  endfacet
  facet normal -1 -0 0
    outer loop
      vertex -44.9 40.9 2.4
      vertex -44.9 -40.9 0
      vertex -44.9 -40.9 2.4
    endloop
  endfacet
  facet normal 0 -1 0
    outer loop
      vertex -40.9 -44.9 0
      vertex 40.9 -44.9 2.4
      vertex -40.9 -44.9 2.4
    endloop
  endfacet
  facet normal 0 -1 -0
    outer loop
      vertex 40.9 -44.9 2.4
      vertex -40.9 -44.9 0
      vertex 40.9 -44.9 0
    endloop
  endfacet
  facet normal 0.0653646 0.997861 -0
    outer loop
      vertex 41.4221 44.8658 0
      vertex 40.9 44.9 2.4
      vertex 41.4221 44.8658 2.4
    endloop
  endfacet
  facet normal 0.0653646 0.997861 0
    outer loop
      vertex 40.9 44.9 2.4
      vertex 41.4221 44.8658 0
      vertex 40.9 44.9 0
    endloop
  endfacet
  facet normal 0 1 -0
    outer loop
      vertex 40.9 44.9 0
      vertex -40.9 44.9 2.4
      vertex 40.9 44.9 2.4
    endloop
  endfacet
  facet normal 0 1 0
    outer loop
      vertex -40.9 44.9 2.4
      vertex 40.9 44.9 0
      vertex -40.9 44.9 0
    endloop
  endfacet
  facet normal 1 -0 0
    outer loop
      vertex 44.9 -40.9 2.4
      vertex 44.9 40.9 0
      vertex 44.9 40.9 2.4
    endloop
  endfacet
  facet normal 1 0 0
    outer loop
      vertex 44.9 40.9 0
      vertex 44.9 -40.9 2.4
      vertex 44.9 -40.9 0
    endloop
  endfacet
  facet normal 0.980779 -0.195124 0
    outer loop
      vertex 44.7637 -41.9353 2.4
      vertex 44.8658 -41.4221 0
      vertex 44.8658 -41.4221 2.4
    endloop
  endfacet
  facet normal 0.980779 -0.195124 0
    outer loop
      vertex 44.8658 -41.4221 0
      vertex 44.7637 -41.9353 2.4
      vertex 44.7637 -41.9353 0
    endloop
  endfacet
  facet normal -0.659343 0.751842 0
    outer loop
      vertex -43.335 44.0734 0
      vertex -43.7284 43.7284 2.4
      vertex -43.335 44.0734 2.4
    endloop
  endfacet
  facet normal -0.659343 0.751842 0
    outer loop
      vertex -43.7284 43.7284 2.4
      vertex -43.335 44.0734 0
      vertex -43.7284 43.7284 0
    endloop
  endfacet
  facet normal -0.751842 -0.659343 0
    outer loop
      vertex -43.7284 -43.7284 0
      vertex -44.0734 -43.335 2.4
      vertex -44.0734 -43.335 0
    endloop
  endfacet
  facet normal -0.751842 -0.659343 0
    outer loop
      vertex -44.0734 -43.335 2.4
      vertex -43.7284 -43.7284 0
      vertex -43.7284 -43.7284 2.4
    endloop
  endfacet
  facet normal -0.555626 -0.831432 0
    outer loop
      vertex -43.335 -44.0734 0
      vertex -42.9 -44.3641 2.4
      vertex -43.335 -44.0734 2.4
    endloop
  endfacet
  facet normal -0.555626 -0.831432 -0
    outer loop
      vertex -42.9 -44.3641 2.4
      vertex -43.335 -44.0734 0
      vertex -42.9 -44.3641 0
    endloop
  endfacet
  facet normal -0.659343 -0.751842 0
    outer loop
      vertex -43.7284 -43.7284 0
      vertex -43.335 -44.0734 2.4
      vertex -43.7284 -43.7284 2.4
    endloop
  endfacet
  facet normal -0.659343 -0.751842 -0
    outer loop
      vertex -43.335 -44.0734 2.4
      vertex -43.7284 -43.7284 0
      vertex -43.335 -44.0734 0
    endloop
  endfacet
  facet normal -0.0653646 -0.997861 0
    outer loop
      vertex -41.4221 -44.8658 0
      vertex -40.9 -44.9 2.4
      vertex -41.4221 -44.8658 2.4
    endloop
  endfacet
  facet normal -0.0653646 -0.997861 -0
    outer loop
      vertex -40.9 -44.9 2.4
      vertex -41.4221 -44.8658 0
      vertex -40.9 -44.9 0
    endloop
  endfacet
  facet normal -0.321498 -0.94691 0
    outer loop
      vertex -42.4307 -44.5955 0
      vertex -41.9353 -44.7637 2.4
      vertex -42.4307 -44.5955 2.4
    endloop
  endfacet
  facet normal -0.321498 -0.94691 -0
    outer loop
      vertex -41.9353 -44.7637 2.4
      vertex -42.4307 -44.5955 0
      vertex -41.9353 -44.7637 0
    endloop
  endfacet
  facet normal 0.555626 0.831432 -0
    outer loop
      vertex 43.335 44.0734 0
      vertex 42.9 44.3641 2.4
      vertex 43.335 44.0734 2.4
    endloop
  endfacet
  facet normal 0.555626 0.831432 0
    outer loop
      vertex 42.9 44.3641 2.4
      vertex 43.335 44.0734 0
      vertex 42.9 44.3641 0
    endloop
  endfacet
  facet normal 0.659343 0.751842 -0
    outer loop
      vertex 43.7284 43.7284 0
      vertex 43.335 44.0734 2.4
      vertex 43.7284 43.7284 2.4
    endloop
  endfacet
  facet normal 0.659343 0.751842 0
    outer loop
      vertex 43.335 44.0734 2.4
      vertex 43.7284 43.7284 0
      vertex 43.335 44.0734 0
    endloop
  endfacet
  facet normal 0.321498 0.94691 -0
    outer loop
      vertex 42.4307 44.5955 0
      vertex 41.9353 44.7637 2.4
      vertex 42.4307 44.5955 2.4
    endloop
  endfacet
  facet normal 0.321498 0.94691 0
    outer loop
      vertex 41.9353 44.7637 2.4
      vertex 42.4307 44.5955 0
      vertex 41.9353 44.7637 0
    endloop
  endfacet
  facet normal -0.0653646 0.997861 0
    outer loop
      vertex -40.9 44.9 0
      vertex -41.4221 44.8658 2.4
      vertex -40.9 44.9 2.4
    endloop
  endfacet
  facet normal -0.0653646 0.997861 0
    outer loop
      vertex -41.4221 44.8658 2.4
      vertex -40.9 44.9 0
      vertex -41.4221 44.8658 0
    endloop
  endfacet
  facet normal -0.751842 0.659343 0
    outer loop
      vertex -44.0734 43.335 0
      vertex -43.7284 43.7284 2.4
      vertex -43.7284 43.7284 0
    endloop
  endfacet
  facet normal -0.751842 0.659343 0
    outer loop
      vertex -43.7284 43.7284 2.4
      vertex -44.0734 43.335 0
      vertex -44.0734 43.335 2.4
    endloop
  endfacet
  facet normal -0.831432 0.555626 0
    outer loop
      vertex -44.3641 42.9 0
      vertex -44.0734 43.335 2.4
      vertex -44.0734 43.335 0
    endloop
  endfacet
  facet normal -0.831432 0.555626 0
    outer loop
      vertex -44.0734 43.335 2.4
      vertex -44.3641 42.9 0
      vertex -44.3641 42.9 2.4
    endloop
  endfacet
  facet normal -0.980779 0.195124 0
    outer loop
      vertex -44.8658 41.4221 0
      vertex -44.7637 41.9353 2.4
      vertex -44.7637 41.9353 0
    endloop
  endfacet
  facet normal -0.980779 0.195124 0
    outer loop
      vertex -44.7637 41.9353 2.4
      vertex -44.8658 41.4221 0
      vertex -44.8658 41.4221 2.4
    endloop
  endfacet
  facet normal -0.94691 -0.321498 0
    outer loop
      vertex -44.5955 -42.4307 0
      vertex -44.7637 -41.9353 2.4
      vertex -44.7637 -41.9353 0
    endloop
  endfacet
  facet normal -0.94691 -0.321498 0
    outer loop
      vertex -44.7637 -41.9353 2.4
      vertex -44.5955 -42.4307 0
      vertex -44.5955 -42.4307 2.4
    endloop
  endfacet
  facet normal -0.195124 -0.980779 0
    outer loop
      vertex -41.9353 -44.7637 0
      vertex -41.4221 -44.8658 2.4
      vertex -41.9353 -44.7637 2.4
    endloop
  endfacet
  facet normal -0.195124 -0.980779 -0
    outer loop
      vertex -41.4221 -44.8658 2.4
      vertex -41.9353 -44.7637 0
      vertex -41.4221 -44.8658 0
    endloop
  endfacet
  facet normal 0.442238 0.896898 -0
    outer loop
      vertex 42.9 44.3641 0
      vertex 42.4307 44.5955 2.4
      vertex 42.9 44.3641 2.4
    endloop
  endfacet
  facet normal 0.442238 0.896898 0
    outer loop
      vertex 42.4307 44.5955 2.4
      vertex 42.9 44.3641 0
      vertex 42.4307 44.5955 0
    endloop
  endfacet
  facet normal 0.94691 0.321498 0
    outer loop
      vertex 44.7637 41.9353 2.4
      vertex 44.5955 42.4307 0
      vertex 44.5955 42.4307 2.4
    endloop
  endfacet
  facet normal 0.94691 0.321498 0
    outer loop
      vertex 44.5955 42.4307 0
      vertex 44.7637 41.9353 2.4
      vertex 44.7637 41.9353 0
    endloop
  endfacet
  facet normal 0.831432 0.555626 0
    outer loop
      vertex 44.3641 42.9 2.4
      vertex 44.0734 43.335 0
      vertex 44.0734 43.335 2.4
    endloop
  endfacet
  facet normal 0.831432 0.555626 0
    outer loop
      vertex 44.0734 43.335 0
      vertex 44.3641 42.9 2.4
      vertex 44.3641 42.9 0
    endloop
  endfacet
  facet normal 0.997861 -0.0653646 0
    outer loop
      vertex 44.8658 -41.4221 2.4
      vertex 44.9 -40.9 0
      vertex 44.9 -40.9 2.4
    endloop
  endfacet
  facet normal 0.997861 -0.0653646 0
    outer loop
      vertex 44.9 -40.9 0
      vertex 44.8658 -41.4221 2.4
      vertex 44.8658 -41.4221 0
    endloop
  endfacet
  facet normal 0.831432 -0.555626 0
    outer loop
      vertex 44.0734 -43.335 2.4
      vertex 44.3641 -42.9 0
      vertex 44.3641 -42.9 2.4
    endloop
  endfacet
  facet normal 0.831432 -0.555626 0
    outer loop
      vertex 44.3641 -42.9 0
      vertex 44.0734 -43.335 2.4
      vertex 44.0734 -43.335 0
    endloop
  endfacet
  facet normal 0.659343 -0.751842 0
    outer loop
      vertex 43.335 -44.0734 0
      vertex 43.7284 -43.7284 2.4
      vertex 43.335 -44.0734 2.4
    endloop
  endfacet
  facet normal 0.659343 -0.751842 0
    outer loop
      vertex 43.7284 -43.7284 2.4
      vertex 43.335 -44.0734 0
      vertex 43.7284 -43.7284 0
    endloop
  endfacet
  facet normal 0.442238 -0.896898 0
    outer loop
      vertex 42.4307 -44.5955 0
      vertex 42.9 -44.3641 2.4
      vertex 42.4307 -44.5955 2.4
    endloop
  endfacet
  facet normal 0.442238 -0.896898 0
    outer loop
      vertex 42.9 -44.3641 2.4
      vertex 42.4307 -44.5955 0
      vertex 42.9 -44.3641 0
    endloop
  endfacet
  facet normal 0.751842 -0.659343 0
    outer loop
      vertex 43.7284 -43.7284 2.4
      vertex 44.0734 -43.335 0
      vertex 44.0734 -43.335 2.4
    endloop
  endfacet
  facet normal 0.751842 -0.659343 0
    outer loop
      vertex 44.0734 -43.335 0
      vertex 43.7284 -43.7284 2.4
      vertex 43.7284 -43.7284 0
    endloop
  endfacet
  facet normal -0.321498 0.94691 0
    outer loop
      vertex -41.9353 44.7637 0
      vertex -42.4307 44.5955 2.4
      vertex -41.9353 44.7637 2.4
    endloop
  endfacet
  facet normal -0.321498 0.94691 0
    outer loop
      vertex -42.4307 44.5955 2.4
      vertex -41.9353 44.7637 0
      vertex -42.4307 44.5955 0
    endloop
  endfacet
  facet normal -0.442238 0.896898 0
    outer loop
      vertex -42.4307 44.5955 0
      vertex -42.9 44.3641 2.4
      vertex -42.4307 44.5955 2.4
    endloop
  endfacet
  facet normal -0.442238 0.896898 0
    outer loop
      vertex -42.9 44.3641 2.4
      vertex -42.4307 44.5955 0
      vertex -42.9 44.3641 0
    endloop
  endfacet
  facet normal -0.896898 0.442238 0
    outer loop
      vertex -44.5955 42.4307 0
      vertex -44.3641 42.9 2.4
      vertex -44.3641 42.9 0
    endloop
  endfacet
  facet normal -0.896898 0.442238 0
    outer loop
      vertex -44.3641 42.9 2.4
      vertex -44.5955 42.4307 0
      vertex -44.5955 42.4307 2.4
    endloop
  endfacet
  facet normal -0.94691 0.321498 0
    outer loop
      vertex -44.7637 41.9353 0
      vertex -44.5955 42.4307 2.4
      vertex -44.5955 42.4307 0
    endloop
  endfacet
  facet normal -0.94691 0.321498 0
    outer loop
      vertex -44.5955 42.4307 2.4
      vertex -44.7637 41.9353 0
      vertex -44.7637 41.9353 2.4
    endloop
  endfacet
  facet normal -0.997861 -0.0653646 0
    outer loop
      vertex -44.8658 -41.4221 0
      vertex -44.9 -40.9 2.4
      vertex -44.9 -40.9 0
    endloop
  endfacet
  facet normal -0.997861 -0.0653646 0
    outer loop
      vertex -44.9 -40.9 2.4
      vertex -44.8658 -41.4221 0
      vertex -44.8658 -41.4221 2.4
    endloop
  endfacet
  facet normal -0 0 -1
    outer loop
      vertex -8.5 -23 0
      vertex -38.9977 -36.8056 0
      vertex -24.4106 18.0409 0
    endloop
  endfacet
  facet normal 0 0 -1
    outer loop
      vertex -25.2591 18.8894 0
      vertex -36.7265 39.3954 0
      vertex -36.7 39.8 0
    endloop
  endfacet
  facet normal -0 0 -1
    outer loop
      vertex -24.4106 18.0409 0
      vertex -38.9977 -36.8056 0
      vertex -24.5592 18.0913 0
    endloop
  endfacet
  facet normal 0 0 -1
    outer loop
      vertex -25.2591 18.8894 0
      vertex -36.8056 38.9977 0
      vertex -36.7265 39.3954 0
    endloop
  endfacet
  facet normal 0 0 -1
    outer loop
      vertex -39.3954 -36.7265 0
      vertex -24.5592 18.0913 0
      vertex -38.9977 -36.8056 0
    endloop
  endfacet
  facet normal 0 0 -1
    outer loop
      vertex -25.2591 18.8894 0
      vertex -36.936 38.6137 0
      vertex -36.8056 38.9977 0
    endloop
  endfacet
  facet normal -0 0 -1
    outer loop
      vertex -24.5592 18.0913 0
      vertex -39.3954 -36.7265 0
      vertex -24.7 18.1608 0
    endloop
  endfacet
  facet normal 0 0 -1
    outer loop
      vertex -25.2591 18.8894 0
      vertex -37.1153 38.25 0
      vertex -36.936 38.6137 0
    endloop
  endfacet
  facet normal 0 0 -1
    outer loop
      vertex -39.8 -36.7 0
      vertex -24.7 18.1608 0
      vertex -39.3954 -36.7265 0
    endloop
  endfacet
  facet normal 0 0 -1
    outer loop
      vertex -25.2591 18.8894 0
      vertex -37.3406 37.9128 0
      vertex -37.1153 38.25 0
    endloop
  endfacet
  facet normal -0 0 -1
    outer loop
      vertex -24.7 18.1608 0
      vertex -39.8 -36.7 0
      vertex -24.8305 18.248 0
    endloop
  endfacet
  facet normal 0 0 -1
    outer loop
      vertex -25.2591 18.8894 0
      vertex -37.608 37.608 0
      vertex -37.3406 37.9128 0
    endloop
  endfacet
  facet normal 0 0 -1
    outer loop
      vertex -40.2046 -36.7265 0
      vertex -24.8305 18.248 0
      vertex -39.8 -36.7 0
    endloop
  endfacet
  facet normal 0 0 -1
    outer loop
      vertex -25.2591 18.8894 0
      vertex -37.9128 37.3406 0
      vertex -37.608 37.608 0
    endloop
  endfacet
  facet normal -0 0 -1
    outer loop
      vertex -24.8305 18.248 0
      vertex -40.2046 -36.7265 0
      vertex -24.9485 18.3515 0
    endloop
  endfacet
  facet normal 0 0 -1
    outer loop
      vertex -25.2591 18.8894 0
      vertex -38.25 37.1153 0
      vertex -37.9128 37.3406 0
    endloop
  endfacet
  facet normal 0 0 -1
    outer loop
      vertex -40.6023 -36.8056 0
      vertex -24.9485 18.3515 0
      vertex -40.2046 -36.7265 0
    endloop
  endfacet
  facet normal 0 0 -1
    outer loop
      vertex -25.2591 18.8894 0
      vertex -38.6137 36.936 0
      vertex -38.25 37.1153 0
    endloop
  endfacet
  facet normal -0 0 -1
    outer loop
      vertex -24.9485 18.3515 0
      vertex -40.6023 -36.8056 0
      vertex -25.052 18.4695 0
    endloop
  endfacet
  facet normal 0 0 -1
    outer loop
      vertex -25.2591 18.8894 0
      vertex -38.9977 36.8056 0
      vertex -38.6137 36.936 0
    endloop
  endfacet
  facet normal 0 0 -1
    outer loop
      vertex -40.9863 -36.936 0
      vertex -25.052 18.4695 0
      vertex -40.6023 -36.8056 0
    endloop
  endfacet
  facet normal 0 0 -1
    outer loop
      vertex -25.2591 18.8894 0
      vertex -39.3954 36.7265 0
      vertex -38.9977 36.8056 0
    endloop
  endfacet
  facet normal -0 0 -1
    outer loop
      vertex -25.052 18.4695 0
      vertex -40.9863 -36.936 0
      vertex -25.1392 18.6 0
    endloop
  endfacet
  facet normal 0 0 -1
    outer loop
      vertex -25.2591 18.8894 0
      vertex -39.8 36.7 0
      vertex -39.3954 36.7265 0
    endloop
  endfacet
  facet normal 0 0 -1
    outer loop
      vertex -41.35 -37.1153 0
      vertex -25.1392 18.6 0
      vertex -40.9863 -36.936 0
    endloop
  endfacet
  facet normal 0 0 -1
    outer loop
      vertex -25.2591 18.8894 0
      vertex -40.2046 36.7265 0
      vertex -39.8 36.7 0
    endloop
  endfacet
  facet normal -0 0 -1
    outer loop
      vertex -25.1392 18.6 0
      vertex -41.35 -37.1153 0
      vertex -25.2086 18.7408 0
    endloop
  endfacet
  facet normal 0 0 -1
    outer loop
      vertex -25.2591 18.8894 0
      vertex -40.6023 36.8056 0
      vertex -40.2046 36.7265 0
    endloop
  endfacet
  facet normal 0 0 -1
    outer loop
      vertex -41.35 37.1153 0
      vertex -25.2086 18.7408 0
      vertex -41.35 -37.1153 0
    endloop
  endfacet
  facet normal 0 0 -1
    outer loop
      vertex -25.2591 18.8894 0
      vertex -40.9863 36.936 0
      vertex -40.6023 36.8056 0
    endloop
  endfacet
  facet normal 0 0 -1
    outer loop
      vertex -25.2086 18.7408 0
      vertex -41.35 37.1153 0
      vertex -25.2591 18.8894 0
    endloop
  endfacet
  facet normal 0 0 -1
    outer loop
      vertex -25.2591 18.8894 0
      vertex -41.35 37.1153 0
      vertex -40.9863 36.936 0
    endloop
  endfacet
  facet normal 0 0 -1
    outer loop
      vertex -41.6872 -37.3406 0
      vertex -41.35 37.1153 0
      vertex -41.35 -37.1153 0
    endloop
  endfacet
  facet normal 0 0 -1
    outer loop
      vertex -41.6872 -37.3406 0
      vertex -41.6872 37.3406 0
      vertex -41.35 37.1153 0
    endloop
  endfacet
  facet normal 0 0 -1
    outer loop
      vertex -41.992 -37.608 0
      vertex -41.6872 37.3406 0
      vertex -41.6872 -37.3406 0
    endloop
  endfacet
  facet normal 0 0 -1
    outer loop
      vertex -41.992 -37.608 0
      vertex -41.992 37.608 0
      vertex -41.6872 37.3406 0
    endloop
  endfacet
  facet normal 0 0 -1
    outer loop
      vertex -42.2594 -37.9128 0
      vertex -41.992 37.608 0
      vertex -41.992 -37.608 0
    endloop
  endfacet
  facet normal 0 0 -1
    outer loop
      vertex -42.2594 -37.9128 0
      vertex -42.2594 37.9128 0
      vertex -41.992 37.608 0
    endloop
  endfacet
  facet normal 0 0 -1
    outer loop
      vertex -44.9 -40.9 0
      vertex -42.2594 -37.9128 0
      vertex -42.4847 -38.25 0
    endloop
  endfacet
  facet normal -0 0 -1
    outer loop
      vertex -42.2594 -37.9128 0
      vertex -44.9 -40.9 0
      vertex -42.2594 37.9128 0
    endloop
  endfacet
  facet normal 0 0 -1
    outer loop
      vertex -44.9 -40.9 0
      vertex -42.4847 -38.25 0
      vertex -42.664 -38.6137 0
    endloop
  endfacet
  facet normal 0 0 -1
    outer loop
      vertex -44.9 40.9 0
      vertex -42.2594 37.9128 0
      vertex -44.9 -40.9 0
    endloop
  endfacet
  facet normal 0 0 -1
    outer loop
      vertex -44.9 -40.9 0
      vertex -42.664 -38.6137 0
      vertex -42.7944 -38.9977 0
    endloop
  endfacet
  facet normal 0 0 -1
    outer loop
      vertex -42.2594 37.9128 0
      vertex -44.9 40.9 0
      vertex -42.4847 38.25 0
    endloop
  endfacet
  facet normal 0 0 -1
    outer loop
      vertex -44.9 -40.9 0
      vertex -42.7944 -38.9977 0
      vertex -42.8735 -39.3954 0
    endloop
  endfacet
  facet normal 0 0 -1
    outer loop
      vertex -42.4847 38.25 0
      vertex -44.9 40.9 0
      vertex -42.664 38.6137 0
    endloop
  endfacet
  facet normal 0 0 -1
    outer loop
      vertex -44.9 -40.9 0
      vertex -42.8735 -39.3954 0
      vertex -42.9 -39.8 0
    endloop
  endfacet
  facet normal 0 0 -1
    outer loop
      vertex -42.664 38.6137 0
      vertex -44.9 40.9 0
      vertex -42.7944 38.9977 0
    endloop
  endfacet
  facet normal 0 0 -1
    outer loop
      vertex 42.664 -38.6137 0
      vertex 44.9 -40.9 0
      vertex 42.7944 -38.9977 0
    endloop
  endfacet
  facet normal 0 0 -1
    outer loop
      vertex 44.9 40.9 0
      vertex 42.8735 39.3954 0
      vertex 42.9 39.8 0
    endloop
  endfacet
  facet normal 0 0 -1
    outer loop
      vertex 42.4847 -38.25 0
      vertex 44.9 -40.9 0
      vertex 42.664 -38.6137 0
    endloop
  endfacet
  facet normal 0 0 -1
    outer loop
      vertex 44.9 40.9 0
      vertex 42.7944 38.9977 0
      vertex 42.8735 39.3954 0
    endloop
  endfacet
  facet normal 0 0 -1
    outer loop
      vertex 42.2594 -37.9128 0
      vertex 44.9 -40.9 0
      vertex 42.4847 -38.25 0
    endloop
  endfacet
  facet normal 0 0 -1
    outer loop
      vertex 44.9 40.9 0
      vertex 42.664 38.6137 0
      vertex 42.7944 38.9977 0
    endloop
  endfacet
  facet normal 0 0 -1
    outer loop
      vertex 44.9 -40.9 0
      vertex 42.2594 -37.9128 0
      vertex 44.9 40.9 0
    endloop
  endfacet
  facet normal 0 0 -1
    outer loop
      vertex 44.9 40.9 0
      vertex 42.4847 38.25 0
      vertex 42.664 38.6137 0
    endloop
  endfacet
  facet normal 0 0 -1
    outer loop
      vertex 42.2594 37.9128 0
      vertex 44.9 40.9 0
      vertex 42.2594 -37.9128 0
    endloop
  endfacet
  facet normal 0 0 -1
    outer loop
      vertex 44.9 40.9 0
      vertex 42.2594 37.9128 0
      vertex 42.4847 38.25 0
    endloop
  endfacet
  facet normal 0 0 -1
    outer loop
      vertex 41.992 -37.608 0
      vertex 42.2594 37.9128 0
      vertex 42.2594 -37.9128 0
    endloop
  endfacet
  facet normal 0 0 -1
    outer loop
      vertex 41.992 -37.608 0
      vertex 41.992 37.608 0
      vertex 42.2594 37.9128 0
    endloop
  endfacet
  facet normal 0 0 -1
    outer loop
      vertex 41.6872 -37.3406 0
      vertex 41.992 37.608 0
      vertex 41.992 -37.608 0
    endloop
  endfacet
  facet normal 0 0 -1
    outer loop
      vertex 41.6872 -37.3406 0
      vertex 41.6872 37.3406 0
      vertex 41.992 37.608 0
    endloop
  endfacet
  facet normal 0 0 -1
    outer loop
      vertex 41.35 -37.1153 0
      vertex 41.6872 37.3406 0
      vertex 41.6872 -37.3406 0
    endloop
  endfacet
  facet normal 0 0 -1
    outer loop
      vertex 41.35 -37.1153 0
      vertex 41.35 37.1153 0
      vertex 41.6872 37.3406 0
    endloop
  endfacet
  facet normal 0 0 -1
    outer loop
      vertex 25.1392 18.6 0
      vertex 41.35 -37.1153 0
      vertex 40.9863 -36.936 0
    endloop
  endfacet
  facet normal 0 0 -1
    outer loop
      vertex 41.35 -37.1153 0
      vertex 25.2086 18.7408 0
      vertex 41.35 37.1153 0
    endloop
  endfacet
  facet normal 0 0 -1
    outer loop
      vertex 25.052 18.4695 0
      vertex 40.9863 -36.936 0
      vertex 40.6023 -36.8056 0
    endloop
  endfacet
  facet normal 0 0 -1
    outer loop
      vertex 41.35 37.1153 0
      vertex 25.2086 18.7408 0
      vertex 40.9863 36.936 0
    endloop
  endfacet
  facet normal 0 0 -1
    outer loop
      vertex 24.9485 18.3515 0
      vertex 40.6023 -36.8056 0
      vertex 40.2046 -36.7265 0
    endloop
  endfacet
  facet normal 0 -0 -1
    outer loop
      vertex 25.2591 18.8894 0
      vertex 40.9863 36.936 0
      vertex 25.2086 18.7408 0
    endloop
  endfacet
  facet normal 0 0 -1
    outer loop
      vertex 24.8305 18.248 0
      vertex 40.2046 -36.7265 0
      vertex 39.8 -36.7 0
    endloop
  endfacet
  facet normal 0 -0 -1
    outer loop
      vertex 25.2897 19.0434 0
      vertex 40.9863 36.936 0
      vertex 25.2591 18.8894 0
    endloop
  endfacet
  facet normal 0 0 -1
    outer loop
      vertex 24.7 18.1608 0
      vertex 39.8 -36.7 0
      vertex 39.3954 -36.7265 0
    endloop
  endfacet
  facet normal 0 0 -1
    outer loop
      vertex 40.9863 36.936 0
      vertex 25.2897 19.0434 0
      vertex 40.6023 36.8056 0
    endloop
  endfacet
  facet normal 0 0 -1
    outer loop
      vertex 24.5592 18.0913 0
      vertex 39.3954 -36.7265 0
      vertex 38.9977 -36.8056 0
    endloop
  endfacet
  facet normal 0 -0 -1
    outer loop
      vertex 25.3 19.2 0
      vertex 40.6023 36.8056 0
      vertex 25.2897 19.0434 0
    endloop
  endfacet
  facet normal 0 0 -1
    outer loop
      vertex 8.5 -23 0
      vertex 38.9977 -36.8056 0
      vertex 38.6137 -36.936 0
    endloop
  endfacet
  facet normal 0 0 -1
    outer loop
      vertex 40.6023 36.8056 0
      vertex 25.3 19.2 0
      vertex 40.2046 36.7265 0
    endloop
  endfacet
  facet normal 0 0 -1
    outer loop
      vertex 8.5 -23 0
      vertex 38.6137 -36.936 0
      vertex 38.25 -37.1153 0
    endloop
  endfacet
  facet normal 0 0 -1
    outer loop
      vertex 40.2046 36.7265 0
      vertex 25.3 19.2 0
      vertex 39.8 36.7 0
    endloop
  endfacet
  facet normal 0 0 -1
    outer loop
      vertex 8.5 -23 0
      vertex 38.25 -37.1153 0
      vertex 37.9128 -37.3406 0
    endloop
  endfacet
  facet normal -0 0 -1
    outer loop
      vertex 39.8 36.7 0
      vertex 25.3 19.2 0
      vertex 39.3954 36.7265 0
    endloop
  endfacet
  facet normal 0 0 -1
    outer loop
      vertex 8.5 -23 0
      vertex 37.9128 -37.3406 0
      vertex 37.608 -37.608 0
    endloop
  endfacet
  facet normal -0 0 -1
    outer loop
      vertex 39.3954 36.7265 0
      vertex 25.3 19.2 0
      vertex 38.9977 36.8056 0
    endloop
  endfacet
  facet normal 0 0 -1
    outer loop
      vertex 8.5 -23 0
      vertex 37.608 -37.608 0
      vertex 37.3406 -37.9128 0
    endloop
  endfacet
  facet normal -0 0 -1
    outer loop
      vertex 38.9977 36.8056 0
      vertex 25.3 19.2 0
      vertex 38.6137 36.936 0
    endloop
  endfacet
  facet normal 0 0 -1
    outer loop
      vertex 8.5 -23 0
      vertex 37.3406 -37.9128 0
      vertex 37.1153 -38.25 0
    endloop
  endfacet
  facet normal 0 0 -1
    outer loop
      vertex 25.3 32.8 0
      vertex 38.6137 36.936 0
      vertex 25.3 19.2 0
    endloop
  endfacet
  facet normal 0 0 -1
    outer loop
      vertex 8.5 -23 0
      vertex 37.1153 -38.25 0
      vertex 36.936 -38.6137 0
    endloop
  endfacet
  facet normal -0 0 -1
    outer loop
      vertex 38.6137 36.936 0
      vertex 25.3 32.8 0
      vertex 38.25 37.1153 0
    endloop
  endfacet
  facet normal 0 0 -1
    outer loop
      vertex 8.5 -23 0
      vertex 36.936 -38.6137 0
      vertex 36.8056 -38.9977 0
    endloop
  endfacet
  facet normal -0 0 -1
    outer loop
      vertex 37.9128 37.3406 0
      vertex 25.3 32.8 0
      vertex 37.608 37.608 0
    endloop
  endfacet
  facet normal 0 0 -1
    outer loop
      vertex 8.5 -23 0
      vertex 36.8056 -38.9977 0
      vertex 36.7265 -39.3954 0
    endloop
  endfacet
  facet normal -0 0 -1
    outer loop
      vertex 37.608 37.608 0
      vertex 25.3 32.8 0
      vertex 37.3406 37.9128 0
    endloop
  endfacet
  facet normal 0 0 -1
    outer loop
      vertex 8.5 -23 0
      vertex 36.7265 -39.3954 0
      vertex 36.7 -39.8 0
    endloop
  endfacet
  facet normal 0 0 -1
    outer loop
      vertex 25.2897 32.9566 0
      vertex 37.3406 37.9128 0
      vertex 25.3 32.8 0
    endloop
  endfacet
  facet normal 0 0 -1
    outer loop
      vertex 42.7944 -40.6023 0
      vertex 44.9 -40.9 0
      vertex 44.8658 -41.4221 0
    endloop
  endfacet
  facet normal 0 0 -1
    outer loop
      vertex 42.8735 -39.3954 0
      vertex 44.9 -40.9 0
      vertex 42.9 -39.8 0
    endloop
  endfacet
  facet normal 0 0 -1
    outer loop
      vertex 42.664 -40.9863 0
      vertex 44.8658 -41.4221 0
      vertex 44.7637 -41.9353 0
    endloop
  endfacet
  facet normal 0 0 -1
    outer loop
      vertex 42.7944 -38.9977 0
      vertex 44.9 -40.9 0
      vertex 42.8735 -39.3954 0
    endloop
  endfacet
  facet normal 0 0 -1
    outer loop
      vertex 42.4847 -41.35 0
      vertex 44.7637 -41.9353 0
      vertex 44.5955 -42.4307 0
    endloop
  endfacet
  facet normal 0 0 -1
    outer loop
      vertex 42.8735 40.2046 0
      vertex 44.9 40.9 0
      vertex 42.9 39.8 0
    endloop
  endfacet
  facet normal 0 0 -1
    outer loop
      vertex 42.4847 -41.35 0
      vertex 44.5955 -42.4307 0
      vertex 44.3641 -42.9 0
    endloop
  endfacet
  facet normal 0 0 -1
    outer loop
      vertex 42.7944 40.6023 0
      vertex 44.9 40.9 0
      vertex 42.8735 40.2046 0
    endloop
  endfacet
  facet normal 0 0 -1
    outer loop
      vertex 42.2594 -41.6872 0
      vertex 44.3641 -42.9 0
      vertex 44.0734 -43.335 0
    endloop
  endfacet
  facet normal -0 0 -1
    outer loop
      vertex 44.9 40.9 0
      vertex 42.7944 40.6023 0
      vertex 44.8658 41.4221 0
    endloop
  endfacet
  facet normal 0 0 -1
    outer loop
      vertex 41.992 -41.992 0
      vertex 44.0734 -43.335 0
      vertex 43.7284 -43.7284 0
    endloop
  endfacet
  facet normal 0 0 -1
    outer loop
      vertex 42.664 40.9863 0
      vertex 44.8658 41.4221 0
      vertex 42.7944 40.6023 0
    endloop
  endfacet
  facet normal 0 0 -1
    outer loop
      vertex 41.992 -41.992 0
      vertex 43.7284 -43.7284 0
      vertex 43.335 -44.0734 0
    endloop
  endfacet
  facet normal -0 0 -1
    outer loop
      vertex 44.8658 41.4221 0
      vertex 42.664 40.9863 0
      vertex 44.7637 41.9353 0
    endloop
  endfacet
  facet normal 0 0 -1
    outer loop
      vertex 42.4847 41.35 0
      vertex 44.7637 41.9353 0
      vertex 42.664 40.9863 0
    endloop
  endfacet
  facet normal 0 0 -1
    outer loop
      vertex 41.6872 -42.2594 0
      vertex 43.335 -44.0734 0
      vertex 42.9 -44.3641 0
    endloop
  endfacet
  facet normal 0 0 -1
    outer loop
      vertex 44.9 -40.9 0
      vertex 42.8735 -40.2046 0
      vertex 42.9 -39.8 0
    endloop
  endfacet
  facet normal 0 0 -1
    outer loop
      vertex 44.9 -40.9 0
      vertex 42.7944 -40.6023 0
      vertex 42.8735 -40.2046 0
    endloop
  endfacet
  facet normal 0 0 -1
    outer loop
      vertex 44.8658 -41.4221 0
      vertex 42.664 -40.9863 0
      vertex 42.7944 -40.6023 0
    endloop
  endfacet
  facet normal 0 0 -1
    outer loop
      vertex 44.7637 -41.9353 0
      vertex 42.4847 -41.35 0
      vertex 42.664 -40.9863 0
    endloop
  endfacet
  facet normal 0 0 -1
    outer loop
      vertex 41.35 -42.4847 0
      vertex 42.9 -44.3641 0
      vertex 42.4307 -44.5955 0
    endloop
  endfacet
  facet normal 0 0 -1
    outer loop
      vertex 44.3641 -42.9 0
      vertex 42.2594 -41.6872 0
      vertex 42.4847 -41.35 0
    endloop
  endfacet
  facet normal 0 0 -1
    outer loop
      vertex 44.0734 -43.335 0
      vertex 41.992 -41.992 0
      vertex 42.2594 -41.6872 0
    endloop
  endfacet
  facet normal 0 0 -1
    outer loop
      vertex 41.35 -42.4847 0
      vertex 42.4307 -44.5955 0
      vertex 41.9353 -44.7637 0
    endloop
  endfacet
  facet normal 0 0 -1
    outer loop
      vertex 43.335 -44.0734 0
      vertex 41.6872 -42.2594 0
      vertex 41.992 -41.992 0
    endloop
  endfacet
  facet normal 0 0 -1
    outer loop
      vertex 40.9863 -42.664 0
      vertex 41.9353 -44.7637 0
      vertex 41.4221 -44.8658 0
    endloop
  endfacet
  facet normal 0 0 -1
    outer loop
      vertex 42.9 -44.3641 0
      vertex 41.35 -42.4847 0
      vertex 41.6872 -42.2594 0
    endloop
  endfacet
  facet normal 0 0 -1
    outer loop
      vertex 41.9353 -44.7637 0
      vertex 40.9863 -42.664 0
      vertex 41.35 -42.4847 0
    endloop
  endfacet
  facet normal 0 0 -1
    outer loop
      vertex 40.6023 -42.7944 0
      vertex 41.4221 -44.8658 0
      vertex 40.9 -44.9 0
    endloop
  endfacet
  facet normal 0 0 -1
    outer loop
      vertex 41.4221 -44.8658 0
      vertex 40.6023 -42.7944 0
      vertex 40.9863 -42.664 0
    endloop
  endfacet
  facet normal 0 0 -1
    outer loop
      vertex 40.9 -44.9 0
      vertex 40.2046 -42.8735 0
      vertex 40.6023 -42.7944 0
    endloop
  endfacet
  facet normal 0 0 -1
    outer loop
      vertex 40.9 -44.9 0
      vertex 39.8 -42.9 0
      vertex 40.2046 -42.8735 0
    endloop
  endfacet
  facet normal 0 0 -1
    outer loop
      vertex 40.9 -44.9 0
      vertex 39.3954 -42.8735 0
      vertex 39.8 -42.9 0
    endloop
  endfacet
  facet normal 0 0 -1
    outer loop
      vertex 40.9 -44.9 0
      vertex 38.9977 -42.7944 0
      vertex 39.3954 -42.8735 0
    endloop
  endfacet
  facet normal 0 0 -1
    outer loop
      vertex 40.9 -44.9 0
      vertex 38.6137 -42.664 0
      vertex 38.9977 -42.7944 0
    endloop
  endfacet
  facet normal 0 0 -1
    outer loop
      vertex 40.9 -44.9 0
      vertex 38.25 -42.4847 0
      vertex 38.6137 -42.664 0
    endloop
  endfacet
  facet normal 0 0 -1
    outer loop
      vertex 40.9 -44.9 0
      vertex 37.9128 -42.2594 0
      vertex 38.25 -42.4847 0
    endloop
  endfacet
  facet normal 0 0 -1
    outer loop
      vertex -37.9128 -42.2594 0
      vertex 37.9128 -42.2594 0
      vertex 40.9 -44.9 0
    endloop
  endfacet
  facet normal 0 0 -1
    outer loop
      vertex 25.2591 33.1106 0
      vertex 37.3406 37.9128 0
      vertex 25.2897 32.9566 0
    endloop
  endfacet
  facet normal 0 0 -1
    outer loop
      vertex 8.5 -23 0
      vertex 36.7 -39.8 0
      vertex 36.7265 -40.2046 0
    endloop
  endfacet
  facet normal 0 0 -1
    outer loop
      vertex 25.2086 33.2592 0
      vertex 37.1153 38.25 0
      vertex 25.2591 33.1106 0
    endloop
  endfacet
  facet normal -0 0 -1
    outer loop
      vertex 37.3406 37.9128 0
      vertex 25.2591 33.1106 0
      vertex 37.1153 38.25 0
    endloop
  endfacet
  facet normal -0 0 -1
    outer loop
      vertex 38.25 37.1153 0
      vertex 25.3 32.8 0
      vertex 37.9128 37.3406 0
    endloop
  endfacet
  facet normal 0 0 -1
    outer loop
      vertex 41.35 -37.1153 0
      vertex 25.1392 18.6 0
      vertex 25.2086 18.7408 0
    endloop
  endfacet
  facet normal 0 0 -1
    outer loop
      vertex 40.9863 -36.936 0
      vertex 25.052 18.4695 0
      vertex 25.1392 18.6 0
    endloop
  endfacet
  facet normal 0 0 -1
    outer loop
      vertex 8.5 -23 0
      vertex 36.7265 -40.2046 0
      vertex 36.8056 -40.6023 0
    endloop
  endfacet
  facet normal 0 0 -1
    outer loop
      vertex 40.6023 -36.8056 0
      vertex 24.9485 18.3515 0
      vertex 25.052 18.4695 0
    endloop
  endfacet
  facet normal 0 0 -1
    outer loop
      vertex 40.2046 -36.7265 0
      vertex 24.8305 18.248 0
      vertex 24.9485 18.3515 0
    endloop
  endfacet
  facet normal 0 0 -1
    outer loop
      vertex 39.8 -36.7 0
      vertex 24.7 18.1608 0
      vertex 24.8305 18.248 0
    endloop
  endfacet
  facet normal 0 0 -1
    outer loop
      vertex 39.3954 -36.7265 0
      vertex 24.5592 18.0913 0
      vertex 24.7 18.1608 0
    endloop
  endfacet
  facet normal 0 0 -1
    outer loop
      vertex 38.9977 -36.8056 0
      vertex 8.5 -23 0
      vertex 24.4106 18.0409 0
    endloop
  endfacet
  facet normal 0 0 -1
    outer loop
      vertex 38.9977 -36.8056 0
      vertex 24.4106 18.0409 0
      vertex 24.5592 18.0913 0
    endloop
  endfacet
  facet normal 0 0 -1
    outer loop
      vertex 24.4106 18.0409 0
      vertex 8.5 -23 0
      vertex 24.2566 18.0103 0
    endloop
  endfacet
  facet normal 0 0 -1
    outer loop
      vertex 24.2566 18.0103 0
      vertex 8.5 -23 0
      vertex 24.1 18 0
    endloop
  endfacet
  facet normal 0 0 -1
    outer loop
      vertex 8.5 11 0
      vertex 24.1 18 0
      vertex 8.5 -23 0
    endloop
  endfacet
  facet normal -0 0 -1
    outer loop
      vertex 24.1 18 0
      vertex 8.5 11 0
      vertex 23.9 18 0
    endloop
  endfacet
  facet normal -0 0 -1
    outer loop
      vertex 23.9 18 0
      vertex 8.5 11 0
      vertex 23.7434 18.0103 0
    endloop
  endfacet
  facet normal -0 0 -1
    outer loop
      vertex 23.7434 18.0103 0
      vertex 8.5 11 0
      vertex 23.5894 18.0409 0
    endloop
  endfacet
  facet normal 0 -0 -1
    outer loop
      vertex 16.4106 18.0409 0
      vertex 23.5894 18.0409 0
      vertex 8.5 11 0
    endloop
  endfacet
  facet normal 0 0 -1
    outer loop
      vertex 23.5894 18.0409 0
      vertex 16.4106 18.0409 0
      vertex 23.4408 18.0913 0
    endloop
  endfacet
  facet normal 0 -0 -1
    outer loop
      vertex 16.5592 18.0913 0
      vertex 23.4408 18.0913 0
      vertex 16.4106 18.0409 0
    endloop
  endfacet
  facet normal 0 0 -1
    outer loop
      vertex 23.4408 18.0913 0
      vertex 16.5592 18.0913 0
      vertex 23.3 18.1608 0
    endloop
  endfacet
  facet normal 0 -0 -1
    outer loop
      vertex 16.7 18.1608 0
      vertex 23.3 18.1608 0
      vertex 16.5592 18.0913 0
    endloop
  endfacet
  facet normal 0 0 -1
    outer loop
      vertex 23.3 18.1608 0
      vertex 16.7 18.1608 0
      vertex 23.1695 18.248 0
    endloop
  endfacet
  facet normal 0 0 -1
    outer loop
      vertex 22.7 19.2 0
      vertex 17.3 19.2 0
      vertex 22.7 32.8 0
    endloop
  endfacet
  facet normal 0 0 -1
    outer loop
      vertex 22.7103 19.0434 0
      vertex 17.3 19.2 0
      vertex 22.7 19.2 0
    endloop
  endfacet
  facet normal 0 0 -1
    outer loop
      vertex 17.2897 19.0434 0
      vertex 22.7103 19.0434 0
      vertex 22.7409 18.8894 0
    endloop
  endfacet
  facet normal 0 0 -1
    outer loop
      vertex 23.1695 18.248 0
      vertex 16.8305 18.248 0
      vertex 23.0515 18.3515 0
    endloop
  endfacet
  facet normal 0 0 -1
    outer loop
      vertex 22.7103 19.0434 0
      vertex 17.2897 19.0434 0
      vertex 17.3 19.2 0
    endloop
  endfacet
  facet normal 0 0 -1
    outer loop
      vertex 22.7409 18.8894 0
      vertex 17.2591 18.8894 0
      vertex 17.2897 19.0434 0
    endloop
  endfacet
  facet normal -0 0 -1
    outer loop
      vertex 22.7409 18.8894 0
      vertex 17.2086 18.7408 0
      vertex 17.2591 18.8894 0
    endloop
  endfacet
  facet normal 0 0 -1
    outer loop
      vertex 22.7914 18.7408 0
      vertex 17.2086 18.7408 0
      vertex 22.7409 18.8894 0
    endloop
  endfacet
  facet normal 0 -0 -1
    outer loop
      vertex 17.2086 18.7408 0
      vertex 22.7914 18.7408 0
      vertex 17.1392 18.6 0
    endloop
  endfacet
  facet normal 0 0 -1
    outer loop
      vertex 22.8608 18.6 0
      vertex 17.1392 18.6 0
      vertex 22.7914 18.7408 0
    endloop
  endfacet
  facet normal 0 -0 -1
    outer loop
      vertex 17.1392 18.6 0
      vertex 22.8608 18.6 0
      vertex 17.052 18.4695 0
    endloop
  endfacet
  facet normal 0 -0 -1
    outer loop
      vertex 16.9485 18.3515 0
      vertex 23.0515 18.3515 0
      vertex 16.8305 18.248 0
    endloop
  endfacet
  facet normal 0 0 -1
    outer loop
      vertex 8.5 -23 0
      vertex 36.8056 -40.6023 0
      vertex 36.936 -40.9863 0
    endloop
  endfacet
  facet normal 0 0 -1
    outer loop
      vertex 22.948 18.4695 0
      vertex 17.052 18.4695 0
      vertex 22.8608 18.6 0
    endloop
  endfacet
  facet normal 0 0 -1
    outer loop
      vertex 23.0515 18.3515 0
      vertex 16.9485 18.3515 0
      vertex 22.948 18.4695 0
    endloop
  endfacet
  facet normal 0 -0 -1
    outer loop
      vertex 17.052 18.4695 0
      vertex 22.948 18.4695 0
      vertex 16.9485 18.3515 0
    endloop
  endfacet
  facet normal 0 -0 -1
    outer loop
      vertex 16.8305 18.248 0
      vertex 23.1695 18.248 0
      vertex 16.7 18.1608 0
    endloop
  endfacet
  facet normal 0 0 -1
    outer loop
      vertex 16.4106 18.0409 0
      vertex 8.5 11 0
      vertex 16.2566 18.0103 0
    endloop
  endfacet
  facet normal 0 0 -1
    outer loop
      vertex 16.2566 18.0103 0
      vertex 8.5 11 0
      vertex 16.1 18 0
    endloop
  endfacet
  facet normal -0 0 -1
    outer loop
      vertex 16.1 18 0
      vertex 8.5 11 0
      vertex 15.9 18 0
    endloop
  endfacet
  facet normal -0 0 -1
    outer loop
      vertex 15.9 18 0
      vertex 8.5 11 0
      vertex 15.7434 18.0103 0
    endloop
  endfacet
  facet normal -0 0 -1
    outer loop
      vertex 15.7434 18.0103 0
      vertex 8.5 11 0
      vertex 15.5894 18.0409 0
    endloop
  endfacet
  facet normal -0 0 -1
    outer loop
      vertex 15.5894 18.0409 0
      vertex 8.5 11 0
      vertex 15.4408 18.0913 0
    endloop
  endfacet
  facet normal -0 0 -1
    outer loop
      vertex 15.4408 18.0913 0
      vertex 8.5 11 0
      vertex 15.3 18.1608 0
    endloop
  endfacet
  facet normal -0 0 -1
    outer loop
      vertex 15.3 18.1608 0
      vertex 8.5 11 0
      vertex 15.1695 18.248 0
    endloop
  endfacet
  facet normal 0 -0 -1
    outer loop
      vertex 8.83051 18.248 0
      vertex 15.1695 18.248 0
      vertex 8.5 11 0
    endloop
  endfacet
  facet normal 0 0 -1
    outer loop
      vertex 15.1695 18.248 0
      vertex 8.83051 18.248 0
      vertex 15.0515 18.3515 0
    endloop
  endfacet
  facet normal 0 0 -1
    outer loop
      vertex 14.7 19.2 0
      vertex 9.29999 19.2 0
      vertex 14.7 32.8 0
    endloop
  endfacet
  facet normal 0 0 -1
    outer loop
      vertex 14.7103 19.0434 0
      vertex 9.29999 19.2 0
      vertex 14.7 19.2 0
    endloop
  endfacet
  facet normal 0 0 -1
    outer loop
      vertex 9.28972 19.0434 0
      vertex 14.7103 19.0434 0
      vertex 14.7409 18.8894 0
    endloop
  endfacet
  facet normal 0 0 -1
    outer loop
      vertex 9.25909 18.8894 0
      vertex 14.7409 18.8894 0
      vertex 14.7914 18.7408 0
    endloop
  endfacet
  facet normal 0 -0 -1
    outer loop
      vertex 8.94852 18.3515 0
      vertex 15.0515 18.3515 0
      vertex 8.83051 18.248 0
    endloop
  endfacet
  facet normal 0 0 -1
    outer loop
      vertex 14.7103 19.0434 0
      vertex 9.28972 19.0434 0
      vertex 9.29999 19.2 0
    endloop
  endfacet
  facet normal 0 -0 -1
    outer loop
      vertex 9.05202 18.4695 0
      vertex 14.948 18.4695 0
      vertex 8.94852 18.3515 0
    endloop
  endfacet
  facet normal 0 0 -1
    outer loop
      vertex 14.7409 18.8894 0
      vertex 9.25909 18.8894 0
      vertex 9.28972 19.0434 0
    endloop
  endfacet
  facet normal 0 0 -1
    outer loop
      vertex 14.7914 18.7408 0
      vertex 9.20865 18.7408 0
      vertex 9.25909 18.8894 0
    endloop
  endfacet
  facet normal -0 0 -1
    outer loop
      vertex 14.7914 18.7408 0
      vertex 9.13922 18.6 0
      vertex 9.20865 18.7408 0
    endloop
  endfacet
  facet normal 0 0 -1
    outer loop
      vertex 14.8608 18.6 0
      vertex 9.13922 18.6 0
      vertex 14.7914 18.7408 0
    endloop
  endfacet
  facet normal 0 -0 -1
    outer loop
      vertex 9.13922 18.6 0
      vertex 14.8608 18.6 0
      vertex 9.05202 18.4695 0
    endloop
  endfacet
  facet normal 0 0 -1
    outer loop
      vertex 14.948 18.4695 0
      vertex 9.05202 18.4695 0
      vertex 14.8608 18.6 0
    endloop
  endfacet
  facet normal 0 0 -1
    outer loop
      vertex 8.83051 18.248 0
      vertex 8.5 11 0
      vertex 8.7 18.1608 0
    endloop
  endfacet
  facet normal 0 0 -1
    outer loop
      vertex 15.0515 18.3515 0
      vertex 8.94852 18.3515 0
      vertex 14.948 18.4695 0
    endloop
  endfacet
  facet normal 0 0 -1
    outer loop
      vertex 37.1153 -41.35 0
      vertex 8.5 -23 0
      vertex 36.936 -40.9863 0
    endloop
  endfacet
  facet normal 0 0 -1
    outer loop
      vertex 37.3406 -41.6872 0
      vertex 8.5 -23 0
      vertex 37.1153 -41.35 0
    endloop
  endfacet
  facet normal 0 0 -1
    outer loop
      vertex -37.3406 -41.6872 0
      vertex 37.3406 -41.6872 0
      vertex 37.608 -41.992 0
    endloop
  endfacet
  facet normal 0 0 -1
    outer loop
      vertex 37.9128 -42.2594 0
      vertex -37.9128 -42.2594 0
      vertex 37.608 -41.992 0
    endloop
  endfacet
  facet normal 0 0 -1
    outer loop
      vertex 37.3406 -41.6872 0
      vertex -37.3406 -41.6872 0
      vertex 8.5 -23 0
    endloop
  endfacet
  facet normal 0 0 -1
    outer loop
      vertex -24.1 18 0
      vertex -8.5 11 0
      vertex -8.5 -23 0
    endloop
  endfacet
  facet normal 0 -0 -1
    outer loop
      vertex -15.5894 18.0409 0
      vertex -8.5 11 0
      vertex -15.7434 18.0103 0
    endloop
  endfacet
  facet normal 0 -0 -1
    outer loop
      vertex -15.3 18.1608 0
      vertex -8.5 11 0
      vertex -15.4408 18.0913 0
    endloop
  endfacet
  facet normal 0 0 -1
    outer loop
      vertex -8.5 11 0
      vertex -8.7 18.1608 0
      vertex -8.5592 18.0913 0
    endloop
  endfacet
  facet normal 0 -0 -1
    outer loop
      vertex -15.1695 18.248 0
      vertex -8.5 11 0
      vertex -15.3 18.1608 0
    endloop
  endfacet
  facet normal 0 0 -1
    outer loop
      vertex -8.5 11 0
      vertex -8.83051 18.248 0
      vertex -8.7 18.1608 0
    endloop
  endfacet
  facet normal 0 0 -1
    outer loop
      vertex -8.5 11 0
      vertex -15.1695 18.248 0
      vertex -8.83051 18.248 0
    endloop
  endfacet
  facet normal 0 0 -1
    outer loop
      vertex -8.83051 18.248 0
      vertex -15.1695 18.248 0
      vertex -8.94852 18.3515 0
    endloop
  endfacet
  facet normal 0 -0 -1
    outer loop
      vertex -15.0515 18.3515 0
      vertex -8.94852 18.3515 0
      vertex -15.1695 18.248 0
    endloop
  endfacet
  facet normal 0 0 -1
    outer loop
      vertex -8.94852 18.3515 0
      vertex -15.0515 18.3515 0
      vertex -9.05202 18.4695 0
    endloop
  endfacet
  facet normal 0 0 -1
    outer loop
      vertex -9.29999 19.2 0
      vertex -14.7 19.2 0
      vertex -9.29999 32.8 0
    endloop
  endfacet
  facet normal 0 0 -1
    outer loop
      vertex -9.05202 18.4695 0
      vertex -14.948 18.4695 0
      vertex -9.13922 18.6 0
    endloop
  endfacet
  facet normal -0 0 -1
    outer loop
      vertex -9.29999 19.2 0
      vertex -14.7103 19.0434 0
      vertex -14.7 19.2 0
    endloop
  endfacet
  facet normal 0 0 -1
    outer loop
      vertex -9.28972 19.0434 0
      vertex -14.7103 19.0434 0
      vertex -9.29999 19.2 0
    endloop
  endfacet
  facet normal 0 -0 -1
    outer loop
      vertex -14.7103 19.0434 0
      vertex -9.28972 19.0434 0
      vertex -14.7409 18.8894 0
    endloop
  endfacet
  facet normal 0 0 -1
    outer loop
      vertex -9.25909 18.8894 0
      vertex -14.7409 18.8894 0
      vertex -9.28972 19.0434 0
    endloop
  endfacet
  facet normal 0 -0 -1
    outer loop
      vertex -14.7409 18.8894 0
      vertex -9.25909 18.8894 0
      vertex -14.7914 18.7408 0
    endloop
  endfacet
  facet normal 0 0 -1
    outer loop
      vertex -9.20865 18.7408 0
      vertex -14.7914 18.7408 0
      vertex -9.25909 18.8894 0
    endloop
  endfacet
  facet normal 0 -0 -1
    outer loop
      vertex -14.7914 18.7408 0
      vertex -9.20865 18.7408 0
      vertex -14.8608 18.6 0
    endloop
  endfacet
  facet normal 0 0 -1
    outer loop
      vertex -9.13922 18.6 0
      vertex -14.8608 18.6 0
      vertex -9.20865 18.7408 0
    endloop
  endfacet
  facet normal 0 -0 -1
    outer loop
      vertex -14.8608 18.6 0
      vertex -9.13922 18.6 0
      vertex -14.948 18.4695 0
    endloop
  endfacet
  facet normal 0 -0 -1
    outer loop
      vertex -14.948 18.4695 0
      vertex -9.05202 18.4695 0
      vertex -15.0515 18.3515 0
    endloop
  endfacet
  facet normal 0 -0 -1
    outer loop
      vertex -15.4408 18.0913 0
      vertex -8.5 11 0
      vertex -15.5894 18.0409 0
    endloop
  endfacet
  facet normal 0 0 -1
    outer loop
      vertex -8.5 11 0
      vertex -15.9 18 0
      vertex -15.7434 18.0103 0
    endloop
  endfacet
  facet normal 0 0 -1
    outer loop
      vertex -8.5 11 0
      vertex -16.1 18 0
      vertex -15.9 18 0
    endloop
  endfacet
  facet normal 0 0 -1
    outer loop
      vertex -8.5 11 0
      vertex -16.2566 18.0103 0
      vertex -16.1 18 0
    endloop
  endfacet
  facet normal 0 -0 -1
    outer loop
      vertex -23.5894 18.0409 0
      vertex -8.5 11 0
      vertex -23.7434 18.0103 0
    endloop
  endfacet
  facet normal 0 0 -1
    outer loop
      vertex -8.5 11 0
      vertex -16.4106 18.0409 0
      vertex -16.2566 18.0103 0
    endloop
  endfacet
  facet normal 0 0 -1
    outer loop
      vertex -8.5 11 0
      vertex -23.5894 18.0409 0
      vertex -16.4106 18.0409 0
    endloop
  endfacet
  facet normal 0 0 -1
    outer loop
      vertex -16.4106 18.0409 0
      vertex -23.5894 18.0409 0
      vertex -16.5592 18.0913 0
    endloop
  endfacet
  facet normal 0 0 -1
    outer loop
      vertex -16.5592 18.0913 0
      vertex -23.4408 18.0913 0
      vertex -16.7 18.1608 0
    endloop
  endfacet
  facet normal 0 -0 -1
    outer loop
      vertex -23.3 18.1608 0
      vertex -16.7 18.1608 0
      vertex -23.4408 18.0913 0
    endloop
  endfacet
  facet normal 0 0 -1
    outer loop
      vertex -16.7 18.1608 0
      vertex -23.3 18.1608 0
      vertex -16.8305 18.248 0
    endloop
  endfacet
  facet normal 0 -0 -1
    outer loop
      vertex -23.1695 18.248 0
      vertex -16.8305 18.248 0
      vertex -23.3 18.1608 0
    endloop
  endfacet
  facet normal 0 0 -1
    outer loop
      vertex -16.8305 18.248 0
      vertex -23.1695 18.248 0
      vertex -16.9485 18.3515 0
    endloop
  endfacet
  facet normal 0 0 -1
    outer loop
      vertex -17.3 19.2 0
      vertex -22.7 19.2 0
      vertex -17.3 32.8 0
    endloop
  endfacet
  facet normal 0 0 -1
    outer loop
      vertex -17.2897 19.0434 0
      vertex -22.7 19.2 0
      vertex -17.3 19.2 0
    endloop
  endfacet
  facet normal 0 0 -1
    outer loop
      vertex -22.7103 19.0434 0
      vertex -17.2897 19.0434 0
      vertex -17.2591 18.8894 0
    endloop
  endfacet
  facet normal 0 -0 -1
    outer loop
      vertex -23.0515 18.3515 0
      vertex -16.9485 18.3515 0
      vertex -23.1695 18.248 0
    endloop
  endfacet
  facet normal 0 0 -1
    outer loop
      vertex -17.2897 19.0434 0
      vertex -22.7103 19.0434 0
      vertex -22.7 19.2 0
    endloop
  endfacet
  facet normal 0 0 -1
    outer loop
      vertex -17.2591 18.8894 0
      vertex -22.7409 18.8894 0
      vertex -22.7103 19.0434 0
    endloop
  endfacet
  facet normal -0 0 -1
    outer loop
      vertex -17.2591 18.8894 0
      vertex -22.7914 18.7408 0
      vertex -22.7409 18.8894 0
    endloop
  endfacet
  facet normal 0 0 -1
    outer loop
      vertex -17.2086 18.7408 0
      vertex -22.7914 18.7408 0
      vertex -17.2591 18.8894 0
    endloop
  endfacet
  facet normal 0 -0 -1
    outer loop
      vertex -22.7914 18.7408 0
      vertex -17.2086 18.7408 0
      vertex -22.8608 18.6 0
    endloop
  endfacet
  facet normal 0 0 -1
    outer loop
      vertex -17.1392 18.6 0
      vertex -22.8608 18.6 0
      vertex -17.2086 18.7408 0
    endloop
  endfacet
  facet normal 0 -0 -1
    outer loop
      vertex -22.8608 18.6 0
      vertex -17.1392 18.6 0
      vertex -22.948 18.4695 0
    endloop
  endfacet
  facet normal 0 0 -1
    outer loop
      vertex -17.052 18.4695 0
      vertex -22.948 18.4695 0
      vertex -17.1392 18.6 0
    endloop
  endfacet
  facet normal 0 -0 -1
    outer loop
      vertex -22.948 18.4695 0
      vertex -17.052 18.4695 0
      vertex -23.0515 18.3515 0
    endloop
  endfacet
  facet normal 0 0 -1
    outer loop
      vertex -16.9485 18.3515 0
      vertex -23.0515 18.3515 0
      vertex -17.052 18.4695 0
    endloop
  endfacet
  facet normal 0 -0 -1
    outer loop
      vertex -23.4408 18.0913 0
      vertex -16.5592 18.0913 0
      vertex -23.5894 18.0409 0
    endloop
  endfacet
  facet normal 0 0 -1
    outer loop
      vertex -8.5 11 0
      vertex -23.9 18 0
      vertex -23.7434 18.0103 0
    endloop
  endfacet
  facet normal 0 0 -1
    outer loop
      vertex -8.5 11 0
      vertex -24.1 18 0
      vertex -23.9 18 0
    endloop
  endfacet
  facet normal 0 0 -1
    outer loop
      vertex -8.5 -23 0
      vertex -24.2566 18.0103 0
      vertex -24.1 18 0
    endloop
  endfacet
  facet normal 0 0 -1
    outer loop
      vertex -8.5 -23 0
      vertex -24.4106 18.0409 0
      vertex -24.2566 18.0103 0
    endloop
  endfacet
  facet normal 0 0 -1
    outer loop
      vertex -38.6137 -36.936 0
      vertex -8.5 -23 0
      vertex -38.25 -37.1153 0
    endloop
  endfacet
  facet normal 0 0 -1
    outer loop
      vertex -36.7265 -39.3954 0
      vertex -8.5 -23 0
      vertex -36.7 -39.8 0
    endloop
  endfacet
  facet normal 0 0 -1
    outer loop
      vertex -36.8056 -38.9977 0
      vertex -8.5 -23 0
      vertex -36.7265 -39.3954 0
    endloop
  endfacet
  facet normal 0 0 -1
    outer loop
      vertex -36.936 -38.6137 0
      vertex -8.5 -23 0
      vertex -36.8056 -38.9977 0
    endloop
  endfacet
  facet normal 0 0 -1
    outer loop
      vertex -37.1153 -38.25 0
      vertex -8.5 -23 0
      vertex -36.936 -38.6137 0
    endloop
  endfacet
  facet normal 0 0 -1
    outer loop
      vertex -37.3406 -37.9128 0
      vertex -8.5 -23 0
      vertex -37.1153 -38.25 0
    endloop
  endfacet
  facet normal 0 0 -1
    outer loop
      vertex -37.608 -37.608 0
      vertex -8.5 -23 0
      vertex -37.3406 -37.9128 0
    endloop
  endfacet
  facet normal 0 0 -1
    outer loop
      vertex -25.2897 19.0434 0
      vertex -36.7 39.8 0
      vertex -25.3 19.2 0
    endloop
  endfacet
  facet normal 0 0 -1
    outer loop
      vertex -25.2591 18.8894 0
      vertex -36.7 39.8 0
      vertex -25.2897 19.0434 0
    endloop
  endfacet
  facet normal 0 0 -1
    outer loop
      vertex -38.9977 -36.8056 0
      vertex -8.5 -23 0
      vertex -38.6137 -36.936 0
    endloop
  endfacet
  facet normal 0 0 -1
    outer loop
      vertex -38.25 -37.1153 0
      vertex -8.5 -23 0
      vertex -37.9128 -37.3406 0
    endloop
  endfacet
  facet normal 0 0 -1
    outer loop
      vertex -37.9128 -37.3406 0
      vertex -8.5 -23 0
      vertex -37.608 -37.608 0
    endloop
  endfacet
  facet normal -0 0 -1
    outer loop
      vertex 8.5 -23 0
      vertex -37.3406 -41.6872 0
      vertex -8.5 -23 0
    endloop
  endfacet
  facet normal 0 0 -1
    outer loop
      vertex -8.5 -23 0
      vertex -36.7265 -40.2046 0
      vertex -36.7 -39.8 0
    endloop
  endfacet
  facet normal 0 0 -1
    outer loop
      vertex -8.5 -23 0
      vertex -36.8056 -40.6023 0
      vertex -36.7265 -40.2046 0
    endloop
  endfacet
  facet normal 0 0 -1
    outer loop
      vertex -8.5 -23 0
      vertex -36.936 -40.9863 0
      vertex -36.8056 -40.6023 0
    endloop
  endfacet
  facet normal 0 0 -1
    outer loop
      vertex -8.5 -23 0
      vertex -37.1153 -41.35 0
      vertex -36.936 -40.9863 0
    endloop
  endfacet
  facet normal 0 0 -1
    outer loop
      vertex -8.5 -23 0
      vertex -37.3406 -41.6872 0
      vertex -37.1153 -41.35 0
    endloop
  endfacet
  facet normal 0 0 -1
    outer loop
      vertex 37.608 -41.992 0
      vertex -37.608 -41.992 0
      vertex -37.3406 -41.6872 0
    endloop
  endfacet
  facet normal -0 0 -1
    outer loop
      vertex 37.608 -41.992 0
      vertex -37.9128 -42.2594 0
      vertex -37.608 -41.992 0
    endloop
  endfacet
  facet normal 0 0 -1
    outer loop
      vertex -40.9 -44.9 0
      vertex -37.9128 -42.2594 0
      vertex 40.9 -44.9 0
    endloop
  endfacet
  facet normal 0 0 -1
    outer loop
      vertex -37.9128 -42.2594 0
      vertex -40.9 -44.9 0
      vertex -38.25 -42.4847 0
    endloop
  endfacet
  facet normal 0 0 -1
    outer loop
      vertex -38.25 -42.4847 0
      vertex -40.9 -44.9 0
      vertex -38.6137 -42.664 0
    endloop
  endfacet
  facet normal 0 0 -1
    outer loop
      vertex -38.6137 -42.664 0
      vertex -40.9 -44.9 0
      vertex -38.9977 -42.7944 0
    endloop
  endfacet
  facet normal 0 0 -1
    outer loop
      vertex -38.9977 -42.7944 0
      vertex -40.9 -44.9 0
      vertex -39.3954 -42.8735 0
    endloop
  endfacet
  facet normal 0 0 -1
    outer loop
      vertex -39.3954 -42.8735 0
      vertex -40.9 -44.9 0
      vertex -39.8 -42.9 0
    endloop
  endfacet
  facet normal 0 0 -1
    outer loop
      vertex -40.9 -44.9 0
      vertex -40.2046 -42.8735 0
      vertex -39.8 -42.9 0
    endloop
  endfacet
  facet normal 0 0 -1
    outer loop
      vertex -40.9 -44.9 0
      vertex -40.6023 -42.7944 0
      vertex -40.2046 -42.8735 0
    endloop
  endfacet
  facet normal 0 0 -1
    outer loop
      vertex -41.4221 -44.8658 0
      vertex -40.6023 -42.7944 0
      vertex -40.9 -44.9 0
    endloop
  endfacet
  facet normal -0 0 -1
    outer loop
      vertex -40.6023 -42.7944 0
      vertex -41.4221 -44.8658 0
      vertex -40.9863 -42.664 0
    endloop
  endfacet
  facet normal 0 0 -1
    outer loop
      vertex -41.9353 -44.7637 0
      vertex -40.9863 -42.664 0
      vertex -41.4221 -44.8658 0
    endloop
  endfacet
  facet normal -0 0 -1
    outer loop
      vertex -40.9863 -42.664 0
      vertex -41.9353 -44.7637 0
      vertex -41.35 -42.4847 0
    endloop
  endfacet
  facet normal 0 0 -1
    outer loop
      vertex -42.4307 -44.5955 0
      vertex -41.35 -42.4847 0
      vertex -41.9353 -44.7637 0
    endloop
  endfacet
  facet normal 0 0 -1
    outer loop
      vertex -42.9 -44.3641 0
      vertex -41.35 -42.4847 0
      vertex -42.4307 -44.5955 0
    endloop
  endfacet
  facet normal -0 0 -1
    outer loop
      vertex -41.35 -42.4847 0
      vertex -42.9 -44.3641 0
      vertex -41.6872 -42.2594 0
    endloop
  endfacet
  facet normal 0 0 -1
    outer loop
      vertex -43.335 -44.0734 0
      vertex -41.6872 -42.2594 0
      vertex -42.9 -44.3641 0
    endloop
  endfacet
  facet normal -0 0 -1
    outer loop
      vertex -41.6872 -42.2594 0
      vertex -43.335 -44.0734 0
      vertex -41.992 -41.992 0
    endloop
  endfacet
  facet normal 0 0 -1
    outer loop
      vertex -43.7284 -43.7284 0
      vertex -41.992 -41.992 0
      vertex -43.335 -44.0734 0
    endloop
  endfacet
  facet normal 0 0 -1
    outer loop
      vertex -44.0734 -43.335 0
      vertex -41.992 -41.992 0
      vertex -43.7284 -43.7284 0
    endloop
  endfacet
  facet normal -0 0 -1
    outer loop
      vertex -41.992 -41.992 0
      vertex -44.0734 -43.335 0
      vertex -42.2594 -41.6872 0
    endloop
  endfacet
  facet normal 0 0 -1
    outer loop
      vertex -44.3641 -42.9 0
      vertex -42.2594 -41.6872 0
      vertex -44.0734 -43.335 0
    endloop
  endfacet
  facet normal -0 0 -1
    outer loop
      vertex -42.2594 -41.6872 0
      vertex -44.3641 -42.9 0
      vertex -42.4847 -41.35 0
    endloop
  endfacet
  facet normal 0 0 -1
    outer loop
      vertex -44.7637 -41.9353 0
      vertex -42.4847 -41.35 0
      vertex -44.5955 -42.4307 0
    endloop
  endfacet
  facet normal 0 0 -1
    outer loop
      vertex -44.5955 -42.4307 0
      vertex -42.4847 -41.35 0
      vertex -44.3641 -42.9 0
    endloop
  endfacet
  facet normal -0 0 -1
    outer loop
      vertex 44.7637 41.9353 0
      vertex 42.4847 41.35 0
      vertex 44.5955 42.4307 0
    endloop
  endfacet
  facet normal -0 0 -1
    outer loop
      vertex 44.5955 42.4307 0
      vertex 42.4847 41.35 0
      vertex 44.3641 42.9 0
    endloop
  endfacet
  facet normal 0 0 -1
    outer loop
      vertex 42.2594 41.6872 0
      vertex 44.3641 42.9 0
      vertex 42.4847 41.35 0
    endloop
  endfacet
  facet normal -0 0 -1
    outer loop
      vertex 44.3641 42.9 0
      vertex 42.2594 41.6872 0
      vertex 44.0734 43.335 0
    endloop
  endfacet
  facet normal 0 0 -1
    outer loop
      vertex 41.992 41.992 0
      vertex 44.0734 43.335 0
      vertex 42.2594 41.6872 0
    endloop
  endfacet
  facet normal -0 0 -1
    outer loop
      vertex 44.0734 43.335 0
      vertex 41.992 41.992 0
      vertex 43.7284 43.7284 0
    endloop
  endfacet
  facet normal -0 0 -1
    outer loop
      vertex 43.7284 43.7284 0
      vertex 41.992 41.992 0
      vertex 43.335 44.0734 0
    endloop
  endfacet
  facet normal 0 0 -1
    outer loop
      vertex 41.6872 42.2594 0
      vertex 43.335 44.0734 0
      vertex 41.992 41.992 0
    endloop
  endfacet
  facet normal -0 0 -1
    outer loop
      vertex 43.335 44.0734 0
      vertex 41.6872 42.2594 0
      vertex 42.9 44.3641 0
    endloop
  endfacet
  facet normal 0 0 -1
    outer loop
      vertex 41.35 42.4847 0
      vertex 42.9 44.3641 0
      vertex 41.6872 42.2594 0
    endloop
  endfacet
  facet normal -0 0 -1
    outer loop
      vertex 42.9 44.3641 0
      vertex 41.35 42.4847 0
      vertex 42.4307 44.5955 0
    endloop
  endfacet
  facet normal -0 0 -1
    outer loop
      vertex 42.4307 44.5955 0
      vertex 41.35 42.4847 0
      vertex 41.9353 44.7637 0
    endloop
  endfacet
  facet normal 0 0 -1
    outer loop
      vertex 40.9863 42.664 0
      vertex 41.9353 44.7637 0
      vertex 41.35 42.4847 0
    endloop
  endfacet
  facet normal -0 0 -1
    outer loop
      vertex 41.9353 44.7637 0
      vertex 40.9863 42.664 0
      vertex 41.4221 44.8658 0
    endloop
  endfacet
  facet normal 0 0 -1
    outer loop
      vertex 40.6023 42.7944 0
      vertex 41.4221 44.8658 0
      vertex 40.9863 42.664 0
    endloop
  endfacet
  facet normal -0 0 -1
    outer loop
      vertex 41.4221 44.8658 0
      vertex 40.6023 42.7944 0
      vertex 40.9 44.9 0
    endloop
  endfacet
  facet normal 0 0 -1
    outer loop
      vertex 40.2046 42.8735 0
      vertex 40.9 44.9 0
      vertex 40.6023 42.7944 0
    endloop
  endfacet
  facet normal 0 0 -1
    outer loop
      vertex 39.8 42.9 0
      vertex 40.9 44.9 0
      vertex 40.2046 42.8735 0
    endloop
  endfacet
  facet normal 0 0 -1
    outer loop
      vertex 39.3954 42.8735 0
      vertex 40.9 44.9 0
      vertex 39.8 42.9 0
    endloop
  endfacet
  facet normal 0 0 -1
    outer loop
      vertex 38.9977 42.7944 0
      vertex 40.9 44.9 0
      vertex 39.3954 42.8735 0
    endloop
  endfacet
  facet normal 0 0 -1
    outer loop
      vertex 38.6137 42.664 0
      vertex 40.9 44.9 0
      vertex 38.9977 42.7944 0
    endloop
  endfacet
  facet normal 0 0 -1
    outer loop
      vertex 38.25 42.4847 0
      vertex 40.9 44.9 0
      vertex 38.6137 42.664 0
    endloop
  endfacet
  facet normal 0 0 -1
    outer loop
      vertex 37.9128 42.2594 0
      vertex 40.9 44.9 0
      vertex 38.25 42.4847 0
    endloop
  endfacet
  facet normal 0 0 -1
    outer loop
      vertex 15.9 34 0
      vertex 37.9128 42.2594 0
      vertex 37.608 41.992 0
    endloop
  endfacet
  facet normal -0 0 -1
    outer loop
      vertex 37.1153 38.25 0
      vertex 25.2086 33.2592 0
      vertex 36.936 38.6137 0
    endloop
  endfacet
  facet normal 0 0 -1
    outer loop
      vertex 25.1392 33.4 0
      vertex 36.936 38.6137 0
      vertex 25.2086 33.2592 0
    endloop
  endfacet
  facet normal -0 0 -1
    outer loop
      vertex 36.936 38.6137 0
      vertex 25.1392 33.4 0
      vertex 36.8056 38.9977 0
    endloop
  endfacet
  facet normal 0 0 -1
    outer loop
      vertex 25.052 33.5305 0
      vertex 36.8056 38.9977 0
      vertex 25.1392 33.4 0
    endloop
  endfacet
  facet normal -0 0 -1
    outer loop
      vertex 36.8056 38.9977 0
      vertex 25.052 33.5305 0
      vertex 36.7265 39.3954 0
    endloop
  endfacet
  facet normal 0 0 -1
    outer loop
      vertex 24.9485 33.6485 0
      vertex 36.7265 39.3954 0
      vertex 25.052 33.5305 0
    endloop
  endfacet
  facet normal -0 0 -1
    outer loop
      vertex 36.7265 39.3954 0
      vertex 24.9485 33.6485 0
      vertex 36.7 39.8 0
    endloop
  endfacet
  facet normal 0 0 -1
    outer loop
      vertex 24.8305 33.752 0
      vertex 36.7 39.8 0
      vertex 24.9485 33.6485 0
    endloop
  endfacet
  facet normal 0 0 -1
    outer loop
      vertex 24.7 33.8392 0
      vertex 36.7 39.8 0
      vertex 24.8305 33.752 0
    endloop
  endfacet
  facet normal -0 0 -1
    outer loop
      vertex 36.7 39.8 0
      vertex 24.7 33.8392 0
      vertex 36.7265 40.2046 0
    endloop
  endfacet
  facet normal 0 0 -1
    outer loop
      vertex 24.5592 33.9087 0
      vertex 36.7265 40.2046 0
      vertex 24.7 33.8392 0
    endloop
  endfacet
  facet normal -0 0 -1
    outer loop
      vertex 36.7265 40.2046 0
      vertex 24.5592 33.9087 0
      vertex 36.8056 40.6023 0
    endloop
  endfacet
  facet normal 0 0 -1
    outer loop
      vertex 24.4106 33.9591 0
      vertex 36.8056 40.6023 0
      vertex 24.5592 33.9087 0
    endloop
  endfacet
  facet normal -0 0 -1
    outer loop
      vertex 36.8056 40.6023 0
      vertex 24.4106 33.9591 0
      vertex 36.936 40.9863 0
    endloop
  endfacet
  facet normal 0 0 -1
    outer loop
      vertex 24.2566 33.9897 0
      vertex 36.936 40.9863 0
      vertex 24.4106 33.9591 0
    endloop
  endfacet
  facet normal -0 0 -1
    outer loop
      vertex 36.936 40.9863 0
      vertex 24.2566 33.9897 0
      vertex 37.1153 41.35 0
    endloop
  endfacet
  facet normal 0 0 -1
    outer loop
      vertex 24.1 34 0
      vertex 37.1153 41.35 0
      vertex 24.2566 33.9897 0
    endloop
  endfacet
  facet normal 0 0 -1
    outer loop
      vertex 23.9 34 0
      vertex 37.1153 41.35 0
      vertex 24.1 34 0
    endloop
  endfacet
  facet normal -0 0 -1
    outer loop
      vertex 37.1153 41.35 0
      vertex 23.9 34 0
      vertex 37.3406 41.6872 0
    endloop
  endfacet
  facet normal 0 0 -1
    outer loop
      vertex 23.7434 33.9897 0
      vertex 37.3406 41.6872 0
      vertex 23.9 34 0
    endloop
  endfacet
  facet normal 0 0 -1
    outer loop
      vertex 16.2566 33.9897 0
      vertex 37.3406 41.6872 0
      vertex 23.7434 33.9897 0
    endloop
  endfacet
  facet normal -0 0 -1
    outer loop
      vertex 37.3406 41.6872 0
      vertex 16.2566 33.9897 0
      vertex 37.608 41.992 0
    endloop
  endfacet
  facet normal 0 0 -1
    outer loop
      vertex 16.2566 33.9897 0
      vertex 23.7434 33.9897 0
      vertex 23.5894 33.9591 0
    endloop
  endfacet
  facet normal 0 0 -1
    outer loop
      vertex 16.4106 33.9591 0
      vertex 23.5894 33.9591 0
      vertex 23.4408 33.9087 0
    endloop
  endfacet
  facet normal 0 0 -1
    outer loop
      vertex 16.5592 33.9087 0
      vertex 23.4408 33.9087 0
      vertex 23.3 33.8392 0
    endloop
  endfacet
  facet normal 0 0 -1
    outer loop
      vertex 17.3 32.8 0
      vertex 22.7 32.8 0
      vertex 17.3 19.2 0
    endloop
  endfacet
  facet normal 0 0 -1
    outer loop
      vertex 22.7 32.8 0
      vertex 17.3 32.8 0
      vertex 22.7103 32.9566 0
    endloop
  endfacet
  facet normal 0 0 -1
    outer loop
      vertex 17.2897 32.9566 0
      vertex 22.7103 32.9566 0
      vertex 17.3 32.8 0
    endloop
  endfacet
  facet normal 0 0 -1
    outer loop
      vertex 22.7103 32.9566 0
      vertex 17.2897 32.9566 0
      vertex 22.7409 33.1106 0
    endloop
  endfacet
  facet normal 0 0 -1
    outer loop
      vertex 17.2591 33.1106 0
      vertex 22.7409 33.1106 0
      vertex 17.2897 32.9566 0
    endloop
  endfacet
  facet normal 0 0 -1
    outer loop
      vertex 22.7409 33.1106 0
      vertex 17.2591 33.1106 0
      vertex 22.7914 33.2592 0
    endloop
  endfacet
  facet normal 0 0 -1
    outer loop
      vertex 17.2086 33.2592 0
      vertex 22.7914 33.2592 0
      vertex 17.2591 33.1106 0
    endloop
  endfacet
  facet normal 0 0 -1
    outer loop
      vertex 22.7914 33.2592 0
      vertex 17.2086 33.2592 0
      vertex 22.8608 33.4 0
    endloop
  endfacet
  facet normal 0 0 -1
    outer loop
      vertex 17.1392 33.4 0
      vertex 22.8608 33.4 0
      vertex 17.2086 33.2592 0
    endloop
  endfacet
  facet normal 0 0 -1
    outer loop
      vertex 22.8608 33.4 0
      vertex 17.1392 33.4 0
      vertex 22.948 33.5305 0
    endloop
  endfacet
  facet normal 0 0 -1
    outer loop
      vertex 17.052 33.5305 0
      vertex 22.948 33.5305 0
      vertex 17.1392 33.4 0
    endloop
  endfacet
  facet normal 0 0 -1
    outer loop
      vertex 22.948 33.5305 0
      vertex 17.052 33.5305 0
      vertex 23.0515 33.6485 0
    endloop
  endfacet
  facet normal 0 0 -1
    outer loop
      vertex 16.9485 33.6485 0
      vertex 23.0515 33.6485 0
      vertex 17.052 33.5305 0
    endloop
  endfacet
  facet normal 0 0 -1
    outer loop
      vertex 23.0515 33.6485 0
      vertex 16.9485 33.6485 0
      vertex 23.1695 33.752 0
    endloop
  endfacet
  facet normal 0 0 -1
    outer loop
      vertex 16.8305 33.752 0
      vertex 23.1695 33.752 0
      vertex 16.9485 33.6485 0
    endloop
  endfacet
  facet normal 0 0 -1
    outer loop
      vertex 23.1695 33.752 0
      vertex 16.8305 33.752 0
      vertex 23.3 33.8392 0
    endloop
  endfacet
  facet normal 0 0 -1
    outer loop
      vertex 16.7 33.8392 0
      vertex 23.3 33.8392 0
      vertex 16.8305 33.752 0
    endloop
  endfacet
  facet normal 0 0 -1
    outer loop
      vertex 16.5592 33.9087 0
      vertex 23.3 33.8392 0
      vertex 16.7 33.8392 0
    endloop
  endfacet
  facet normal 0 0 -1
    outer loop
      vertex 23.4408 33.9087 0
      vertex 16.5592 33.9087 0
      vertex 16.4106 33.9591 0
    endloop
  endfacet
  facet normal 0 0 -1
    outer loop
      vertex 23.5894 33.9591 0
      vertex 16.4106 33.9591 0
      vertex 16.2566 33.9897 0
    endloop
  endfacet
  facet normal 0 0 -1
    outer loop
      vertex 16.1 34 0
      vertex 37.608 41.992 0
      vertex 16.2566 33.9897 0
    endloop
  endfacet
  facet normal 0 0 -1
    outer loop
      vertex 15.9 34 0
      vertex 37.608 41.992 0
      vertex 16.1 34 0
    endloop
  endfacet
  facet normal -0 0 -1
    outer loop
      vertex 37.9128 42.2594 0
      vertex 15.9 34 0
      vertex 40.9 44.9 0
    endloop
  endfacet
  facet normal 0 0 -1
    outer loop
      vertex 15.7434 33.9897 0
      vertex 40.9 44.9 0
      vertex 15.9 34 0
    endloop
  endfacet
  facet normal 0 0 -1
    outer loop
      vertex 8.25662 33.9897 0
      vertex 15.7434 33.9897 0
      vertex 15.5894 33.9591 0
    endloop
  endfacet
  facet normal 0 0 -1
    outer loop
      vertex 8.41057 33.9591 0
      vertex 15.5894 33.9591 0
      vertex 15.4408 33.9087 0
    endloop
  endfacet
  facet normal 0 0 -1
    outer loop
      vertex 9.29999 32.8 0
      vertex 14.7 32.8 0
      vertex 9.29999 19.2 0
    endloop
  endfacet
  facet normal 0 0 -1
    outer loop
      vertex 14.7 32.8 0
      vertex 9.29999 32.8 0
      vertex 14.7103 32.9566 0
    endloop
  endfacet
  facet normal 0 0 -1
    outer loop
      vertex 9.28972 32.9566 0
      vertex 14.7103 32.9566 0
      vertex 9.29999 32.8 0
    endloop
  endfacet
  facet normal 0 0 -1
    outer loop
      vertex 14.7103 32.9566 0
      vertex 9.28972 32.9566 0
      vertex 14.7409 33.1106 0
    endloop
  endfacet
  facet normal 0 0 -1
    outer loop
      vertex 9.25909 33.1106 0
      vertex 14.7409 33.1106 0
      vertex 9.28972 32.9566 0
    endloop
  endfacet
  facet normal 0 0 -1
    outer loop
      vertex 14.7409 33.1106 0
      vertex 9.25909 33.1106 0
      vertex 14.7914 33.2592 0
    endloop
  endfacet
  facet normal 0 0 -1
    outer loop
      vertex 9.20865 33.2592 0
      vertex 14.7914 33.2592 0
      vertex 9.25909 33.1106 0
    endloop
  endfacet
  facet normal 0 0 -1
    outer loop
      vertex 14.7914 33.2592 0
      vertex 9.20865 33.2592 0
      vertex 14.8608 33.4 0
    endloop
  endfacet
  facet normal 0 0 -1
    outer loop
      vertex 9.13922 33.4 0
      vertex 14.8608 33.4 0
      vertex 9.20865 33.2592 0
    endloop
  endfacet
  facet normal 0 0 -1
    outer loop
      vertex 14.8608 33.4 0
      vertex 9.13922 33.4 0
      vertex 14.948 33.5305 0
    endloop
  endfacet
  facet normal 0 0 -1
    outer loop
      vertex 9.05202 33.5305 0
      vertex 14.948 33.5305 0
      vertex 9.13922 33.4 0
    endloop
  endfacet
  facet normal 0 0 -1
    outer loop
      vertex 14.948 33.5305 0
      vertex 9.05202 33.5305 0
      vertex 15.0515 33.6485 0
    endloop
  endfacet
  facet normal 0 0 -1
    outer loop
      vertex 8.94852 33.6485 0
      vertex 15.0515 33.6485 0
      vertex 9.05202 33.5305 0
    endloop
  endfacet
  facet normal 0 0 -1
    outer loop
      vertex 15.0515 33.6485 0
      vertex 8.94852 33.6485 0
      vertex 15.1695 33.752 0
    endloop
  endfacet
  facet normal 0 0 -1
    outer loop
      vertex 8.83051 33.752 0
      vertex 15.1695 33.752 0
      vertex 8.94852 33.6485 0
    endloop
  endfacet
  facet normal 0 0 -1
    outer loop
      vertex 15.1695 33.752 0
      vertex 8.83051 33.752 0
      vertex 15.3 33.8392 0
    endloop
  endfacet
  facet normal 0 0 -1
    outer loop
      vertex 8.7 33.8392 0
      vertex 15.3 33.8392 0
      vertex 8.83051 33.752 0
    endloop
  endfacet
  facet normal 0 0 -1
    outer loop
      vertex 15.3 33.8392 0
      vertex 8.7 33.8392 0
      vertex 15.4408 33.9087 0
    endloop
  endfacet
  facet normal 0 0 -1
    outer loop
      vertex 8.5592 33.9087 0
      vertex 15.4408 33.9087 0
      vertex 8.7 33.8392 0
    endloop
  endfacet
  facet normal 0 0 -1
    outer loop
      vertex 8.41057 33.9591 0
      vertex 15.4408 33.9087 0
      vertex 8.5592 33.9087 0
    endloop
  endfacet
  facet normal 0 0 -1
    outer loop
      vertex 15.5894 33.9591 0
      vertex 8.41057 33.9591 0
      vertex 8.25662 33.9897 0
    endloop
  endfacet
  facet normal 0 0 -1
    outer loop
      vertex 15.7434 33.9897 0
      vertex 8.25662 33.9897 0
      vertex 40.9 44.9 0
    endloop
  endfacet
  facet normal 0 0 -1
    outer loop
      vertex 8.09999 34 0
      vertex 40.9 44.9 0
      vertex 8.25662 33.9897 0
    endloop
  endfacet
  facet normal 0 0 -1
    outer loop
      vertex 7.90001 34 0
      vertex 40.9 44.9 0
      vertex 8.09999 34 0
    endloop
  endfacet
  facet normal 0 0 -1
    outer loop
      vertex 7.74338 33.9897 0
      vertex 40.9 44.9 0
      vertex 7.90001 34 0
    endloop
  endfacet
  facet normal 0 0 -1
    outer loop
      vertex 0.256622 33.9897 0
      vertex 7.74338 33.9897 0
      vertex 7.58943 33.9591 0
    endloop
  endfacet
  facet normal 0 0 -1
    outer loop
      vertex 1.29999 32.8 0
      vertex 6.70001 32.8 0
      vertex 1.29999 19.2 0
    endloop
  endfacet
  facet normal 0 0 -1
    outer loop
      vertex 6.70001 32.8 0
      vertex 1.29999 32.8 0
      vertex 6.71028 32.9566 0
    endloop
  endfacet
  facet normal 0 0 -1
    outer loop
      vertex 1.28972 32.9566 0
      vertex 6.71028 32.9566 0
      vertex 1.29999 32.8 0
    endloop
  endfacet
  facet normal 0 0 -1
    outer loop
      vertex 6.71028 32.9566 0
      vertex 1.28972 32.9566 0
      vertex 6.74091 33.1106 0
    endloop
  endfacet
  facet normal 0 0 -1
    outer loop
      vertex 1.25909 33.1106 0
      vertex 6.74091 33.1106 0
      vertex 1.28972 32.9566 0
    endloop
  endfacet
  facet normal 0 0 -1
    outer loop
      vertex 6.74091 33.1106 0
      vertex 1.25909 33.1106 0
      vertex 6.79135 33.2592 0
    endloop
  endfacet
  facet normal 0 0 -1
    outer loop
      vertex 1.20865 33.2592 0
      vertex 6.79135 33.2592 0
      vertex 1.25909 33.1106 0
    endloop
  endfacet
  facet normal 0 0 -1
    outer loop
      vertex 6.79135 33.2592 0
      vertex 1.20865 33.2592 0
      vertex 6.86078 33.4 0
    endloop
  endfacet
  facet normal 0 0 -1
    outer loop
      vertex 1.13922 33.4 0
      vertex 6.86078 33.4 0
      vertex 1.20865 33.2592 0
    endloop
  endfacet
  facet normal 0 0 -1
    outer loop
      vertex 6.86078 33.4 0
      vertex 1.13922 33.4 0
      vertex 6.94798 33.5305 0
    endloop
  endfacet
  facet normal 0 0 -1
    outer loop
      vertex 1.05202 33.5305 0
      vertex 6.94798 33.5305 0
      vertex 1.13922 33.4 0
    endloop
  endfacet
  facet normal 0 0 -1
    outer loop
      vertex 6.94798 33.5305 0
      vertex 1.05202 33.5305 0
      vertex 7.05148 33.6485 0
    endloop
  endfacet
  facet normal 0 0 -1
    outer loop
      vertex 0.948517 33.6485 0
      vertex 7.05148 33.6485 0
      vertex 1.05202 33.5305 0
    endloop
  endfacet
  facet normal 0 0 -1
    outer loop
      vertex 7.05148 33.6485 0
      vertex 0.948517 33.6485 0
      vertex 7.16949 33.752 0
    endloop
  endfacet
  facet normal 0 0 -1
    outer loop
      vertex 0.830505 33.752 0
      vertex 7.16949 33.752 0
      vertex 0.948517 33.6485 0
    endloop
  endfacet
  facet normal 0 0 -1
    outer loop
      vertex 7.16949 33.752 0
      vertex 0.830505 33.752 0
      vertex 7.3 33.8392 0
    endloop
  endfacet
  facet normal 0 0 -1
    outer loop
      vertex 0.699997 33.8392 0
      vertex 7.3 33.8392 0
      vertex 0.830505 33.752 0
    endloop
  endfacet
  facet normal 0 0 -1
    outer loop
      vertex 7.3 33.8392 0
      vertex 0.699997 33.8392 0
      vertex 7.4408 33.9087 0
    endloop
  endfacet
  facet normal 0 0 -1
    outer loop
      vertex 0.559204 33.9087 0
      vertex 7.4408 33.9087 0
      vertex 0.699997 33.8392 0
    endloop
  endfacet
  facet normal 0 0 -1
    outer loop
      vertex 7.4408 33.9087 0
      vertex 0.559204 33.9087 0
      vertex 7.58943 33.9591 0
    endloop
  endfacet
  facet normal 0 0 -1
    outer loop
      vertex 0.410568 33.9591 0
      vertex 7.58943 33.9591 0
      vertex 0.559204 33.9087 0
    endloop
  endfacet
  facet normal 0 0 -1
    outer loop
      vertex 0.256622 33.9897 0
      vertex 7.58943 33.9591 0
      vertex 0.410568 33.9591 0
    endloop
  endfacet
  facet normal 0 0 -1
    outer loop
      vertex 7.74338 33.9897 0
      vertex 0.256622 33.9897 0
      vertex 40.9 44.9 0
    endloop
  endfacet
  facet normal 0 0 -1
    outer loop
      vertex 0.0999908 34 0
      vertex 40.9 44.9 0
      vertex 0.256622 33.9897 0
    endloop
  endfacet
  facet normal 0 0 -1
    outer loop
      vertex -0.0999908 34 0
      vertex 40.9 44.9 0
      vertex 0.0999908 34 0
    endloop
  endfacet
  facet normal 0 0 -1
    outer loop
      vertex -40.9 44.9 0
      vertex -0.0999908 34 0
      vertex -0.256622 33.9897 0
    endloop
  endfacet
  facet normal 0 0 -1
    outer loop
      vertex -7.74338 33.9897 0
      vertex -0.256622 33.9897 0
      vertex -0.410568 33.9591 0
    endloop
  endfacet
  facet normal 0 0 -1
    outer loop
      vertex -6.70001 32.8 0
      vertex -1.29999 32.8 0
      vertex -6.70001 19.2 0
    endloop
  endfacet
  facet normal 0 0 -1
    outer loop
      vertex -1.29999 32.8 0
      vertex -6.70001 32.8 0
      vertex -1.28972 32.9566 0
    endloop
  endfacet
  facet normal 0 0 -1
    outer loop
      vertex -6.71028 32.9566 0
      vertex -1.28972 32.9566 0
      vertex -6.70001 32.8 0
    endloop
  endfacet
  facet normal 0 0 -1
    outer loop
      vertex -1.28972 32.9566 0
      vertex -6.71028 32.9566 0
      vertex -1.25909 33.1106 0
    endloop
  endfacet
  facet normal 0 0 -1
    outer loop
      vertex -6.74091 33.1106 0
      vertex -1.25909 33.1106 0
      vertex -6.71028 32.9566 0
    endloop
  endfacet
  facet normal 0 0 -1
    outer loop
      vertex -1.25909 33.1106 0
      vertex -6.74091 33.1106 0
      vertex -1.20865 33.2592 0
    endloop
  endfacet
  facet normal 0 0 -1
    outer loop
      vertex -6.79135 33.2592 0
      vertex -1.20865 33.2592 0
      vertex -6.74091 33.1106 0
    endloop
  endfacet
  facet normal 0 0 -1
    outer loop
      vertex -1.20865 33.2592 0
      vertex -6.79135 33.2592 0
      vertex -1.13922 33.4 0
    endloop
  endfacet
  facet normal 0 0 -1
    outer loop
      vertex -6.86078 33.4 0
      vertex -1.13922 33.4 0
      vertex -6.79135 33.2592 0
    endloop
  endfacet
  facet normal 0 0 -1
    outer loop
      vertex -1.13922 33.4 0
      vertex -6.86078 33.4 0
      vertex -1.05202 33.5305 0
    endloop
  endfacet
  facet normal 0 0 -1
    outer loop
      vertex -6.94798 33.5305 0
      vertex -1.05202 33.5305 0
      vertex -6.86078 33.4 0
    endloop
  endfacet
  facet normal 0 0 -1
    outer loop
      vertex -1.05202 33.5305 0
      vertex -6.94798 33.5305 0
      vertex -0.948517 33.6485 0
    endloop
  endfacet
  facet normal 0 0 -1
    outer loop
      vertex -7.05148 33.6485 0
      vertex -0.948517 33.6485 0
      vertex -6.94798 33.5305 0
    endloop
  endfacet
  facet normal 0 0 -1
    outer loop
      vertex -0.948517 33.6485 0
      vertex -7.05148 33.6485 0
      vertex -0.830505 33.752 0
    endloop
  endfacet
  facet normal 0 0 -1
    outer loop
      vertex -7.16949 33.752 0
      vertex -0.830505 33.752 0
      vertex -7.05148 33.6485 0
    endloop
  endfacet
  facet normal 0 0 -1
    outer loop
      vertex -0.830505 33.752 0
      vertex -7.16949 33.752 0
      vertex -0.699997 33.8392 0
    endloop
  endfacet
  facet normal 0 0 -1
    outer loop
      vertex -7.3 33.8392 0
      vertex -0.699997 33.8392 0
      vertex -7.16949 33.752 0
    endloop
  endfacet
  facet normal 0 0 -1
    outer loop
      vertex -0.699997 33.8392 0
      vertex -7.3 33.8392 0
      vertex -0.559204 33.9087 0
    endloop
  endfacet
  facet normal 0 0 -1
    outer loop
      vertex -7.4408 33.9087 0
      vertex -0.559204 33.9087 0
      vertex -7.3 33.8392 0
    endloop
  endfacet
  facet normal 0 0 -1
    outer loop
      vertex -0.559204 33.9087 0
      vertex -7.4408 33.9087 0
      vertex -0.410568 33.9591 0
    endloop
  endfacet
  facet normal 0 0 -1
    outer loop
      vertex -7.58943 33.9591 0
      vertex -0.410568 33.9591 0
      vertex -7.4408 33.9087 0
    endloop
  endfacet
  facet normal 0 0 -1
    outer loop
      vertex -7.74338 33.9897 0
      vertex -0.410568 33.9591 0
      vertex -7.58943 33.9591 0
    endloop
  endfacet
  facet normal 0 0 -1
    outer loop
      vertex -0.256622 33.9897 0
      vertex -7.74338 33.9897 0
      vertex -40.9 44.9 0
    endloop
  endfacet
  facet normal 0 0 -1
    outer loop
      vertex -40.9 44.9 0
      vertex -7.74338 33.9897 0
      vertex -7.90001 34 0
    endloop
  endfacet
  facet normal 0 0 -1
    outer loop
      vertex -40.9 44.9 0
      vertex -7.90001 34 0
      vertex -8.09999 34 0
    endloop
  endfacet
  facet normal 0 0 -1
    outer loop
      vertex -40.9 44.9 0
      vertex -8.09999 34 0
      vertex -8.25662 33.9897 0
    endloop
  endfacet
  facet normal 0 0 -1
    outer loop
      vertex -15.7434 33.9897 0
      vertex -8.25662 33.9897 0
      vertex -8.41057 33.9591 0
    endloop
  endfacet
  facet normal 0 0 -1
    outer loop
      vertex -14.7 32.8 0
      vertex -9.29999 32.8 0
      vertex -14.7 19.2 0
    endloop
  endfacet
  facet normal 0 0 -1
    outer loop
      vertex -9.29999 32.8 0
      vertex -14.7 32.8 0
      vertex -9.28972 32.9566 0
    endloop
  endfacet
  facet normal 0 0 -1
    outer loop
      vertex -14.7103 32.9566 0
      vertex -9.28972 32.9566 0
      vertex -14.7 32.8 0
    endloop
  endfacet
  facet normal 0 0 -1
    outer loop
      vertex -9.28972 32.9566 0
      vertex -14.7103 32.9566 0
      vertex -9.25909 33.1106 0
    endloop
  endfacet
  facet normal 0 0 -1
    outer loop
      vertex -14.7409 33.1106 0
      vertex -9.25909 33.1106 0
      vertex -14.7103 32.9566 0
    endloop
  endfacet
  facet normal 0 0 -1
    outer loop
      vertex -9.25909 33.1106 0
      vertex -14.7409 33.1106 0
      vertex -9.20865 33.2592 0
    endloop
  endfacet
  facet normal 0 0 -1
    outer loop
      vertex -14.7914 33.2592 0
      vertex -9.20865 33.2592 0
      vertex -14.7409 33.1106 0
    endloop
  endfacet
  facet normal 0 0 -1
    outer loop
      vertex -9.20865 33.2592 0
      vertex -14.7914 33.2592 0
      vertex -9.13922 33.4 0
    endloop
  endfacet
  facet normal 0 0 -1
    outer loop
      vertex -14.8608 33.4 0
      vertex -9.13922 33.4 0
      vertex -14.7914 33.2592 0
    endloop
  endfacet
  facet normal 0 0 -1
    outer loop
      vertex -9.13922 33.4 0
      vertex -14.8608 33.4 0
      vertex -9.05202 33.5305 0
    endloop
  endfacet
  facet normal 0 0 -1
    outer loop
      vertex -14.948 33.5305 0
      vertex -9.05202 33.5305 0
      vertex -14.8608 33.4 0
    endloop
  endfacet
  facet normal 0 0 -1
    outer loop
      vertex -9.05202 33.5305 0
      vertex -14.948 33.5305 0
      vertex -8.94852 33.6485 0
    endloop
  endfacet
  facet normal 0 0 -1
    outer loop
      vertex -15.0515 33.6485 0
      vertex -8.94852 33.6485 0
      vertex -14.948 33.5305 0
    endloop
  endfacet
  facet normal 0 0 -1
    outer loop
      vertex -8.94852 33.6485 0
      vertex -15.0515 33.6485 0
      vertex -8.83051 33.752 0
    endloop
  endfacet
  facet normal 0 0 -1
    outer loop
      vertex -15.1695 33.752 0
      vertex -8.83051 33.752 0
      vertex -15.0515 33.6485 0
    endloop
  endfacet
  facet normal 0 0 -1
    outer loop
      vertex -8.83051 33.752 0
      vertex -15.1695 33.752 0
      vertex -8.7 33.8392 0
    endloop
  endfacet
  facet normal 0 0 -1
    outer loop
      vertex -15.3 33.8392 0
      vertex -8.7 33.8392 0
      vertex -15.1695 33.752 0
    endloop
  endfacet
  facet normal 0 0 -1
    outer loop
      vertex -8.7 33.8392 0
      vertex -15.3 33.8392 0
      vertex -8.5592 33.9087 0
    endloop
  endfacet
  facet normal 0 0 -1
    outer loop
      vertex -15.4408 33.9087 0
      vertex -8.5592 33.9087 0
      vertex -15.3 33.8392 0
    endloop
  endfacet
  facet normal 0 0 -1
    outer loop
      vertex -8.5592 33.9087 0
      vertex -15.4408 33.9087 0
      vertex -8.41057 33.9591 0
    endloop
  endfacet
  facet normal 0 0 -1
    outer loop
      vertex -15.5894 33.9591 0
      vertex -8.41057 33.9591 0
      vertex -15.4408 33.9087 0
    endloop
  endfacet
  facet normal 0 0 -1
    outer loop
      vertex -15.7434 33.9897 0
      vertex -8.41057 33.9591 0
      vertex -15.5894 33.9591 0
    endloop
  endfacet
  facet normal 0 0 -1
    outer loop
      vertex -8.25662 33.9897 0
      vertex -15.7434 33.9897 0
      vertex -40.9 44.9 0
    endloop
  endfacet
  facet normal 0 0 -1
    outer loop
      vertex -40.9 44.9 0
      vertex -15.7434 33.9897 0
      vertex -15.9 34 0
    endloop
  endfacet
  facet normal 0 0 -1
    outer loop
      vertex -37.9128 42.2594 0
      vertex -15.9 34 0
      vertex -16.1 34 0
    endloop
  endfacet
  facet normal 0 0 -1
    outer loop
      vertex -37.608 41.992 0
      vertex -16.1 34 0
      vertex -16.2566 33.9897 0
    endloop
  endfacet
  facet normal 0 0 -1
    outer loop
      vertex -22.7 32.8 0
      vertex -17.3 32.8 0
      vertex -22.7 19.2 0
    endloop
  endfacet
  facet normal 0 0 -1
    outer loop
      vertex -17.3 32.8 0
      vertex -22.7 32.8 0
      vertex -17.2897 32.9566 0
    endloop
  endfacet
  facet normal 0 0 -1
    outer loop
      vertex -22.7103 32.9566 0
      vertex -17.2897 32.9566 0
      vertex -22.7 32.8 0
    endloop
  endfacet
  facet normal 0 0 -1
    outer loop
      vertex -17.2897 32.9566 0
      vertex -22.7103 32.9566 0
      vertex -17.2591 33.1106 0
    endloop
  endfacet
  facet normal 0 0 -1
    outer loop
      vertex -22.7409 33.1106 0
      vertex -17.2591 33.1106 0
      vertex -22.7103 32.9566 0
    endloop
  endfacet
  facet normal 0 0 -1
    outer loop
      vertex -17.2591 33.1106 0
      vertex -22.7409 33.1106 0
      vertex -17.2086 33.2592 0
    endloop
  endfacet
  facet normal 0 0 -1
    outer loop
      vertex -22.7914 33.2592 0
      vertex -17.2086 33.2592 0
      vertex -22.7409 33.1106 0
    endloop
  endfacet
  facet normal 0 0 -1
    outer loop
      vertex -17.2086 33.2592 0
      vertex -22.7914 33.2592 0
      vertex -17.1392 33.4 0
    endloop
  endfacet
  facet normal 0 0 -1
    outer loop
      vertex -22.8608 33.4 0
      vertex -17.1392 33.4 0
      vertex -22.7914 33.2592 0
    endloop
  endfacet
  facet normal 0 0 -1
    outer loop
      vertex -17.1392 33.4 0
      vertex -22.8608 33.4 0
      vertex -17.052 33.5305 0
    endloop
  endfacet
  facet normal 0 0 -1
    outer loop
      vertex -22.948 33.5305 0
      vertex -17.052 33.5305 0
      vertex -22.8608 33.4 0
    endloop
  endfacet
  facet normal 0 0 -1
    outer loop
      vertex -17.052 33.5305 0
      vertex -22.948 33.5305 0
      vertex -16.9485 33.6485 0
    endloop
  endfacet
  facet normal 0 0 -1
    outer loop
      vertex -23.0515 33.6485 0
      vertex -16.9485 33.6485 0
      vertex -22.948 33.5305 0
    endloop
  endfacet
  facet normal 0 0 -1
    outer loop
      vertex -16.9485 33.6485 0
      vertex -23.0515 33.6485 0
      vertex -16.8305 33.752 0
    endloop
  endfacet
  facet normal 0 0 -1
    outer loop
      vertex -23.1695 33.752 0
      vertex -16.8305 33.752 0
      vertex -23.0515 33.6485 0
    endloop
  endfacet
  facet normal 0 0 -1
    outer loop
      vertex -16.8305 33.752 0
      vertex -23.1695 33.752 0
      vertex -16.7 33.8392 0
    endloop
  endfacet
  facet normal 0 0 -1
    outer loop
      vertex -23.3 33.8392 0
      vertex -16.7 33.8392 0
      vertex -23.1695 33.752 0
    endloop
  endfacet
  facet normal 0 0 -1
    outer loop
      vertex -16.7 33.8392 0
      vertex -23.3 33.8392 0
      vertex -16.5592 33.9087 0
    endloop
  endfacet
  facet normal 0 0 -1
    outer loop
      vertex -23.4408 33.9087 0
      vertex -16.5592 33.9087 0
      vertex -23.3 33.8392 0
    endloop
  endfacet
  facet normal 0 0 -1
    outer loop
      vertex -16.5592 33.9087 0
      vertex -23.4408 33.9087 0
      vertex -16.4106 33.9591 0
    endloop
  endfacet
  facet normal 0 0 -1
    outer loop
      vertex -23.5894 33.9591 0
      vertex -16.4106 33.9591 0
      vertex -23.4408 33.9087 0
    endloop
  endfacet
  facet normal 0 0 -1
    outer loop
      vertex -16.4106 33.9591 0
      vertex -23.5894 33.9591 0
      vertex -16.2566 33.9897 0
    endloop
  endfacet
  facet normal 0 0 -1
    outer loop
      vertex -23.7434 33.9897 0
      vertex -16.2566 33.9897 0
      vertex -23.5894 33.9591 0
    endloop
  endfacet
  facet normal 0 0 -1
    outer loop
      vertex -37.3406 41.6872 0
      vertex -16.2566 33.9897 0
      vertex -23.7434 33.9897 0
    endloop
  endfacet
  facet normal 0 0 -1
    outer loop
      vertex -37.3406 41.6872 0
      vertex -23.7434 33.9897 0
      vertex -23.9 34 0
    endloop
  endfacet
  facet normal 0 0 -1
    outer loop
      vertex -37.1153 41.35 0
      vertex -23.9 34 0
      vertex -24.1 34 0
    endloop
  endfacet
  facet normal 0 0 -1
    outer loop
      vertex -37.1153 41.35 0
      vertex -24.1 34 0
      vertex -24.2566 33.9897 0
    endloop
  endfacet
  facet normal 0 0 -1
    outer loop
      vertex -25.3 19.2 0
      vertex -36.7 39.8 0
      vertex -25.3 32.8 0
    endloop
  endfacet
  facet normal 0 0 -1
    outer loop
      vertex -25.3 32.8 0
      vertex -36.7 39.8 0
      vertex -25.2897 32.9566 0
    endloop
  endfacet
  facet normal 0 0 -1
    outer loop
      vertex -36.7 39.8 0
      vertex -25.2591 33.1106 0
      vertex -25.2897 32.9566 0
    endloop
  endfacet
  facet normal 0 0 -1
    outer loop
      vertex -36.7 39.8 0
      vertex -25.2086 33.2592 0
      vertex -25.2591 33.1106 0
    endloop
  endfacet
  facet normal 0 0 -1
    outer loop
      vertex -36.7 39.8 0
      vertex -25.1392 33.4 0
      vertex -25.2086 33.2592 0
    endloop
  endfacet
  facet normal 0 0 -1
    outer loop
      vertex -36.7 39.8 0
      vertex -25.052 33.5305 0
      vertex -25.1392 33.4 0
    endloop
  endfacet
  facet normal 0 0 -1
    outer loop
      vertex -36.7 39.8 0
      vertex -24.9485 33.6485 0
      vertex -25.052 33.5305 0
    endloop
  endfacet
  facet normal 0 0 -1
    outer loop
      vertex -36.7 39.8 0
      vertex -24.8305 33.752 0
      vertex -24.9485 33.6485 0
    endloop
  endfacet
  facet normal 0 0 -1
    outer loop
      vertex -36.7 39.8 0
      vertex -24.7 33.8392 0
      vertex -24.8305 33.752 0
    endloop
  endfacet
  facet normal 0 0 -1
    outer loop
      vertex -36.7265 40.2046 0
      vertex -24.7 33.8392 0
      vertex -36.7 39.8 0
    endloop
  endfacet
  facet normal 0 0 -1
    outer loop
      vertex -24.7 33.8392 0
      vertex -36.7265 40.2046 0
      vertex -24.5592 33.9087 0
    endloop
  endfacet
  facet normal 0 0 -1
    outer loop
      vertex -36.8056 40.6023 0
      vertex -24.5592 33.9087 0
      vertex -36.7265 40.2046 0
    endloop
  endfacet
  facet normal 0 0 -1
    outer loop
      vertex -24.5592 33.9087 0
      vertex -36.8056 40.6023 0
      vertex -24.4106 33.9591 0
    endloop
  endfacet
  facet normal 0 0 -1
    outer loop
      vertex -36.936 40.9863 0
      vertex -24.4106 33.9591 0
      vertex -36.8056 40.6023 0
    endloop
  endfacet
  facet normal 0 0 -1
    outer loop
      vertex -24.4106 33.9591 0
      vertex -36.936 40.9863 0
      vertex -24.2566 33.9897 0
    endloop
  endfacet
  facet normal 0 0 -1
    outer loop
      vertex -37.1153 41.35 0
      vertex -24.2566 33.9897 0
      vertex -36.936 40.9863 0
    endloop
  endfacet
  facet normal 0 0 -1
    outer loop
      vertex -23.9 34 0
      vertex -37.1153 41.35 0
      vertex -37.3406 41.6872 0
    endloop
  endfacet
  facet normal 0 0 -1
    outer loop
      vertex -16.2566 33.9897 0
      vertex -37.3406 41.6872 0
      vertex -37.608 41.992 0
    endloop
  endfacet
  facet normal 0 0 -1
    outer loop
      vertex -16.1 34 0
      vertex -37.608 41.992 0
      vertex -37.9128 42.2594 0
    endloop
  endfacet
  facet normal 0 0 -1
    outer loop
      vertex -15.9 34 0
      vertex -37.9128 42.2594 0
      vertex -40.9 44.9 0
    endloop
  endfacet
  facet normal 0 0 -1
    outer loop
      vertex -40.9 44.9 0
      vertex -37.9128 42.2594 0
      vertex -38.25 42.4847 0
    endloop
  endfacet
  facet normal 0 0 -1
    outer loop
      vertex -40.9 44.9 0
      vertex -38.25 42.4847 0
      vertex -38.6137 42.664 0
    endloop
  endfacet
  facet normal 0 0 -1
    outer loop
      vertex -40.9 44.9 0
      vertex -38.6137 42.664 0
      vertex -38.9977 42.7944 0
    endloop
  endfacet
  facet normal 0 0 -1
    outer loop
      vertex -40.9 44.9 0
      vertex -38.9977 42.7944 0
      vertex -39.3954 42.8735 0
    endloop
  endfacet
  facet normal 0 0 -1
    outer loop
      vertex -40.9 44.9 0
      vertex -39.3954 42.8735 0
      vertex -39.8 42.9 0
    endloop
  endfacet
  facet normal 0 0 -1
    outer loop
      vertex -0.0999908 34 0
      vertex -40.9 44.9 0
      vertex 40.9 44.9 0
    endloop
  endfacet
  facet normal 0 0 -1
    outer loop
      vertex -40.2046 42.8735 0
      vertex -40.9 44.9 0
      vertex -39.8 42.9 0
    endloop
  endfacet
  facet normal 0 0 -1
    outer loop
      vertex -40.6023 42.7944 0
      vertex -40.9 44.9 0
      vertex -40.2046 42.8735 0
    endloop
  endfacet
  facet normal 0 0 -1
    outer loop
      vertex -41.4221 44.8658 0
      vertex -40.6023 42.7944 0
      vertex -40.9863 42.664 0
    endloop
  endfacet
  facet normal 0 0 -1
    outer loop
      vertex -41.9353 44.7637 0
      vertex -40.9863 42.664 0
      vertex -41.35 42.4847 0
    endloop
  endfacet
  facet normal 0 0 -1
    outer loop
      vertex -40.6023 42.7944 0
      vertex -41.4221 44.8658 0
      vertex -40.9 44.9 0
    endloop
  endfacet
  facet normal 0 0 -1
    outer loop
      vertex -42.9 44.3641 0
      vertex -41.35 42.4847 0
      vertex -41.6872 42.2594 0
    endloop
  endfacet
  facet normal 0 0 -1
    outer loop
      vertex -40.9863 42.664 0
      vertex -41.9353 44.7637 0
      vertex -41.4221 44.8658 0
    endloop
  endfacet
  facet normal 0 0 -1
    outer loop
      vertex -43.335 44.0734 0
      vertex -41.6872 42.2594 0
      vertex -41.992 41.992 0
    endloop
  endfacet
  facet normal 0 0 -1
    outer loop
      vertex -44.0734 43.335 0
      vertex -41.992 41.992 0
      vertex -42.2594 41.6872 0
    endloop
  endfacet
  facet normal 0 0 -1
    outer loop
      vertex -41.35 42.4847 0
      vertex -42.4307 44.5955 0
      vertex -41.9353 44.7637 0
    endloop
  endfacet
  facet normal 0 0 -1
    outer loop
      vertex -44.3641 42.9 0
      vertex -42.2594 41.6872 0
      vertex -42.4847 41.35 0
    endloop
  endfacet
  facet normal 0 0 -1
    outer loop
      vertex -44.7637 41.9353 0
      vertex -42.4847 41.35 0
      vertex -42.664 40.9863 0
    endloop
  endfacet
  facet normal 0 0 -1
    outer loop
      vertex -44.8658 41.4221 0
      vertex -42.664 40.9863 0
      vertex -42.7944 40.6023 0
    endloop
  endfacet
  facet normal 0 0 -1
    outer loop
      vertex -44.9 40.9 0
      vertex -42.7944 40.6023 0
      vertex -42.8735 40.2046 0
    endloop
  endfacet
  facet normal 0 0 -1
    outer loop
      vertex -41.35 42.4847 0
      vertex -42.9 44.3641 0
      vertex -42.4307 44.5955 0
    endloop
  endfacet
  facet normal 0 0 -1
    outer loop
      vertex -44.9 40.9 0
      vertex -42.8735 40.2046 0
      vertex -42.9 39.8 0
    endloop
  endfacet
  facet normal 0 0 -1
    outer loop
      vertex -42.7944 38.9977 0
      vertex -44.9 40.9 0
      vertex -42.8735 39.3954 0
    endloop
  endfacet
  facet normal 0 0 -1
    outer loop
      vertex -42.8735 39.3954 0
      vertex -44.9 40.9 0
      vertex -42.9 39.8 0
    endloop
  endfacet
  facet normal -0 0 -1
    outer loop
      vertex -42.4847 -41.35 0
      vertex -44.7637 -41.9353 0
      vertex -42.664 -40.9863 0
    endloop
  endfacet
  facet normal 0 0 -1
    outer loop
      vertex -42.7944 40.6023 0
      vertex -44.9 40.9 0
      vertex -44.8658 41.4221 0
    endloop
  endfacet
  facet normal 0 0 -1
    outer loop
      vertex -44.8658 -41.4221 0
      vertex -42.664 -40.9863 0
      vertex -44.7637 -41.9353 0
    endloop
  endfacet
  facet normal 0 0 -1
    outer loop
      vertex -41.6872 42.2594 0
      vertex -43.335 44.0734 0
      vertex -42.9 44.3641 0
    endloop
  endfacet
  facet normal -0 0 -1
    outer loop
      vertex -42.664 -40.9863 0
      vertex -44.8658 -41.4221 0
      vertex -42.7944 -40.6023 0
    endloop
  endfacet
  facet normal 0 0 -1
    outer loop
      vertex -41.992 41.992 0
      vertex -43.7284 43.7284 0
      vertex -43.335 44.0734 0
    endloop
  endfacet
  facet normal 0 0 -1
    outer loop
      vertex -44.9 -40.9 0
      vertex -42.7944 -40.6023 0
      vertex -44.8658 -41.4221 0
    endloop
  endfacet
  facet normal 0 0 -1
    outer loop
      vertex -41.992 41.992 0
      vertex -44.0734 43.335 0
      vertex -43.7284 43.7284 0
    endloop
  endfacet
  facet normal -0 0 -1
    outer loop
      vertex -42.7944 -40.6023 0
      vertex -44.9 -40.9 0
      vertex -42.8735 -40.2046 0
    endloop
  endfacet
  facet normal 0 0 -1
    outer loop
      vertex -42.2594 41.6872 0
      vertex -44.3641 42.9 0
      vertex -44.0734 43.335 0
    endloop
  endfacet
  facet normal -0 0 -1
    outer loop
      vertex -42.8735 -40.2046 0
      vertex -44.9 -40.9 0
      vertex -42.9 -39.8 0
    endloop
  endfacet
  facet normal 0 0 -1
    outer loop
      vertex -42.4847 41.35 0
      vertex -44.5955 42.4307 0
      vertex -44.3641 42.9 0
    endloop
  endfacet
  facet normal 0 0 -1
    outer loop
      vertex -42.4847 41.35 0
      vertex -44.7637 41.9353 0
      vertex -44.5955 42.4307 0
    endloop
  endfacet
  facet normal 0 0 -1
    outer loop
      vertex -42.664 40.9863 0
      vertex -44.8658 41.4221 0
      vertex -44.7637 41.9353 0
    endloop
  endfacet
  facet normal 0 0 -1
    outer loop
      vertex 8.7 18.1608 0
      vertex 8.5 11 0
      vertex 8.5592 18.0913 0
    endloop
  endfacet
  facet normal 0 0 -1
    outer loop
      vertex 8.5 11 0
      vertex 8.41057 18.0409 0
      vertex 8.5592 18.0913 0
    endloop
  endfacet
  facet normal 0 0 -1
    outer loop
      vertex 8.5 11 0
      vertex 8.25662 18.0103 0
      vertex 8.41057 18.0409 0
    endloop
  endfacet
  facet normal 0 0 -1
    outer loop
      vertex 8.5 11 0
      vertex 8.09999 18 0
      vertex 8.25662 18.0103 0
    endloop
  endfacet
  facet normal 0 0 -1
    outer loop
      vertex 8.5 11 0
      vertex 7.90001 18 0
      vertex 8.09999 18 0
    endloop
  endfacet
  facet normal 0 0 -1
    outer loop
      vertex 8.5 11 0
      vertex 7.74338 18.0103 0
      vertex 7.90001 18 0
    endloop
  endfacet
  facet normal 0 0 -1
    outer loop
      vertex 8.5 11 0
      vertex 7.58943 18.0409 0
      vertex 7.74338 18.0103 0
    endloop
  endfacet
  facet normal 0 0 -1
    outer loop
      vertex 8.5 11 0
      vertex 7.4408 18.0913 0
      vertex 7.58943 18.0409 0
    endloop
  endfacet
  facet normal 0 0 -1
    outer loop
      vertex 8.5 11 0
      vertex 7.3 18.1608 0
      vertex 7.4408 18.0913 0
    endloop
  endfacet
  facet normal 0 0 -1
    outer loop
      vertex 8.5 11 0
      vertex 7.16949 18.248 0
      vertex 7.3 18.1608 0
    endloop
  endfacet
  facet normal 0 0 -1
    outer loop
      vertex 0.830505 18.248 0
      vertex 7.16949 18.248 0
      vertex 8.5 11 0
    endloop
  endfacet
  facet normal 0 0 -1
    outer loop
      vertex 7.16949 18.248 0
      vertex 0.830505 18.248 0
      vertex 7.05148 18.3515 0
    endloop
  endfacet
  facet normal 0 -0 -1
    outer loop
      vertex 0.948517 18.3515 0
      vertex 7.05148 18.3515 0
      vertex 0.830505 18.248 0
    endloop
  endfacet
  facet normal 0 0 -1
    outer loop
      vertex 7.05148 18.3515 0
      vertex 0.948517 18.3515 0
      vertex 6.94798 18.4695 0
    endloop
  endfacet
  facet normal 0 -0 -1
    outer loop
      vertex 1.05202 18.4695 0
      vertex 6.94798 18.4695 0
      vertex 0.948517 18.3515 0
    endloop
  endfacet
  facet normal 0 0 -1
    outer loop
      vertex 6.70001 19.2 0
      vertex 1.29999 19.2 0
      vertex 6.70001 32.8 0
    endloop
  endfacet
  facet normal 0 0 -1
    outer loop
      vertex 6.71028 19.0434 0
      vertex 1.29999 19.2 0
      vertex 6.70001 19.2 0
    endloop
  endfacet
  facet normal 0 0 -1
    outer loop
      vertex 1.28972 19.0434 0
      vertex 6.71028 19.0434 0
      vertex 6.74091 18.8894 0
    endloop
  endfacet
  facet normal 0 0 -1
    outer loop
      vertex 6.94798 18.4695 0
      vertex 1.05202 18.4695 0
      vertex 6.86078 18.6 0
    endloop
  endfacet
  facet normal 0 0 -1
    outer loop
      vertex 6.71028 19.0434 0
      vertex 1.28972 19.0434 0
      vertex 1.29999 19.2 0
    endloop
  endfacet
  facet normal 0 0 -1
    outer loop
      vertex 6.74091 18.8894 0
      vertex 1.25909 18.8894 0
      vertex 1.28972 19.0434 0
    endloop
  endfacet
  facet normal -0 0 -1
    outer loop
      vertex 6.74091 18.8894 0
      vertex 1.20865 18.7408 0
      vertex 1.25909 18.8894 0
    endloop
  endfacet
  facet normal 0 0 -1
    outer loop
      vertex 6.79135 18.7408 0
      vertex 1.20865 18.7408 0
      vertex 6.74091 18.8894 0
    endloop
  endfacet
  facet normal 0 -0 -1
    outer loop
      vertex 1.20865 18.7408 0
      vertex 6.79135 18.7408 0
      vertex 1.13922 18.6 0
    endloop
  endfacet
  facet normal 0 0 -1
    outer loop
      vertex 6.86078 18.6 0
      vertex 1.13922 18.6 0
      vertex 6.79135 18.7408 0
    endloop
  endfacet
  facet normal 0 -0 -1
    outer loop
      vertex 1.13922 18.6 0
      vertex 6.86078 18.6 0
      vertex 1.05202 18.4695 0
    endloop
  endfacet
  facet normal 0 0 -1
    outer loop
      vertex 8.5 11 0
      vertex 0.699997 18.1608 0
      vertex 0.830505 18.248 0
    endloop
  endfacet
  facet normal 0 0 -1
    outer loop
      vertex 8.5 11 0
      vertex 0.559204 18.0913 0
      vertex 0.699997 18.1608 0
    endloop
  endfacet
  facet normal 0 0 -1
    outer loop
      vertex 8.5 11 0
      vertex 0.410568 18.0409 0
      vertex 0.559204 18.0913 0
    endloop
  endfacet
  facet normal 0 0 -1
    outer loop
      vertex 8.5 11 0
      vertex 0.256622 18.0103 0
      vertex 0.410568 18.0409 0
    endloop
  endfacet
  facet normal 0 0 -1
    outer loop
      vertex 8.5 11 0
      vertex 0.0999908 18 0
      vertex 0.256622 18.0103 0
    endloop
  endfacet
  facet normal 0 0 -1
    outer loop
      vertex 8.5 11 0
      vertex -0.0999908 18 0
      vertex 0.0999908 18 0
    endloop
  endfacet
  facet normal 0 0 -1
    outer loop
      vertex -8.5 11 0
      vertex -0.0999908 18 0
      vertex 8.5 11 0
    endloop
  endfacet
  facet normal -0 0 -1
    outer loop
      vertex -0.0999908 18 0
      vertex -8.5 11 0
      vertex -0.256622 18.0103 0
    endloop
  endfacet
  facet normal -0 0 -1
    outer loop
      vertex -0.256622 18.0103 0
      vertex -8.5 11 0
      vertex -0.410568 18.0409 0
    endloop
  endfacet
  facet normal -0 0 -1
    outer loop
      vertex -0.410568 18.0409 0
      vertex -8.5 11 0
      vertex -0.559204 18.0913 0
    endloop
  endfacet
  facet normal -0 0 -1
    outer loop
      vertex -0.559204 18.0913 0
      vertex -8.5 11 0
      vertex -0.699997 18.1608 0
    endloop
  endfacet
  facet normal 0 0 -1
    outer loop
      vertex -1.29999 19.2 0
      vertex -6.70001 19.2 0
      vertex -1.29999 32.8 0
    endloop
  endfacet
  facet normal 0 0 -1
    outer loop
      vertex -1.28972 19.0434 0
      vertex -6.70001 19.2 0
      vertex -1.29999 19.2 0
    endloop
  endfacet
  facet normal 0 0 -1
    outer loop
      vertex -6.71028 19.0434 0
      vertex -1.28972 19.0434 0
      vertex -1.25909 18.8894 0
    endloop
  endfacet
  facet normal 0 0 -1
    outer loop
      vertex -6.74091 18.8894 0
      vertex -1.25909 18.8894 0
      vertex -1.20865 18.7408 0
    endloop
  endfacet
  facet normal 0 0 -1
    outer loop
      vertex -6.79135 18.7408 0
      vertex -1.20865 18.7408 0
      vertex -1.13922 18.6 0
    endloop
  endfacet
  facet normal 0 0 -1
    outer loop
      vertex -6.86078 18.6 0
      vertex -1.13922 18.6 0
      vertex -1.05202 18.4695 0
    endloop
  endfacet
  facet normal 0 0 -1
    outer loop
      vertex -6.94798 18.4695 0
      vertex -1.05202 18.4695 0
      vertex -0.948517 18.3515 0
    endloop
  endfacet
  facet normal 0 0 -1
    outer loop
      vertex -7.05148 18.3515 0
      vertex -0.948517 18.3515 0
      vertex -0.830505 18.248 0
    endloop
  endfacet
  facet normal -0 0 -1
    outer loop
      vertex -0.699997 18.1608 0
      vertex -8.5 11 0
      vertex -0.830505 18.248 0
    endloop
  endfacet
  facet normal 0 0 -1
    outer loop
      vertex -1.28972 19.0434 0
      vertex -6.71028 19.0434 0
      vertex -6.70001 19.2 0
    endloop
  endfacet
  facet normal 0 0 -1
    outer loop
      vertex -1.25909 18.8894 0
      vertex -6.74091 18.8894 0
      vertex -6.71028 19.0434 0
    endloop
  endfacet
  facet normal 0 0 -1
    outer loop
      vertex -1.20865 18.7408 0
      vertex -6.79135 18.7408 0
      vertex -6.74091 18.8894 0
    endloop
  endfacet
  facet normal 0 0 -1
    outer loop
      vertex -1.13922 18.6 0
      vertex -6.86078 18.6 0
      vertex -6.79135 18.7408 0
    endloop
  endfacet
  facet normal 0 0 -1
    outer loop
      vertex -1.05202 18.4695 0
      vertex -6.94798 18.4695 0
      vertex -6.86078 18.6 0
    endloop
  endfacet
  facet normal 0 -0 -1
    outer loop
      vertex -7.16949 18.248 0
      vertex -0.830505 18.248 0
      vertex -8.5 11 0
    endloop
  endfacet
  facet normal 0 0 -1
    outer loop
      vertex -0.948517 18.3515 0
      vertex -7.05148 18.3515 0
      vertex -6.94798 18.4695 0
    endloop
  endfacet
  facet normal 0 0 -1
    outer loop
      vertex -0.830505 18.248 0
      vertex -7.16949 18.248 0
      vertex -7.05148 18.3515 0
    endloop
  endfacet
  facet normal 0 0 -1
    outer loop
      vertex -7.16949 18.248 0
      vertex -8.5 11 0
      vertex -7.3 18.1608 0
    endloop
  endfacet
  facet normal 0 0 -1
    outer loop
      vertex -7.3 18.1608 0
      vertex -8.5 11 0
      vertex -7.4408 18.0913 0
    endloop
  endfacet
  facet normal 0 0 -1
    outer loop
      vertex -7.4408 18.0913 0
      vertex -8.5 11 0
      vertex -7.58943 18.0409 0
    endloop
  endfacet
  facet normal 0 0 -1
    outer loop
      vertex -7.58943 18.0409 0
      vertex -8.5 11 0
      vertex -7.74338 18.0103 0
    endloop
  endfacet
  facet normal 0 0 -1
    outer loop
      vertex -7.74338 18.0103 0
      vertex -8.5 11 0
      vertex -7.90001 18 0
    endloop
  endfacet
  facet normal -0 0 -1
    outer loop
      vertex -7.90001 18 0
      vertex -8.5 11 0
      vertex -8.09999 18 0
    endloop
  endfacet
  facet normal -0 0 -1
    outer loop
      vertex -8.09999 18 0
      vertex -8.5 11 0
      vertex -8.25662 18.0103 0
    endloop
  endfacet
  facet normal -0 0 -1
    outer loop
      vertex -8.25662 18.0103 0
      vertex -8.5 11 0
      vertex -8.41057 18.0409 0
    endloop
  endfacet
  facet normal -0 0 -1
    outer loop
      vertex -8.41057 18.0409 0
      vertex -8.5 11 0
      vertex -8.5592 18.0913 0
    endloop
  endfacet
  facet normal -0.980779 -0.195124 0
    outer loop
      vertex -44.7637 -41.9353 0
      vertex -44.8658 -41.4221 2.4
      vertex -44.8658 -41.4221 0
    endloop
  endfacet
  facet normal -0.980779 -0.195124 0
    outer loop
      vertex -44.8658 -41.4221 2.4
      vertex -44.7637 -41.9353 0
      vertex -44.7637 -41.9353 2.4
    endloop
  endfacet
  facet normal -0.896898 -0.442238 0
    outer loop
      vertex -44.3641 -42.9 0
      vertex -44.5955 -42.4307 2.4
      vertex -44.5955 -42.4307 0
    endloop
  endfacet
  facet normal -0.896898 -0.442238 0
    outer loop
      vertex -44.5955 -42.4307 2.4
      vertex -44.3641 -42.9 0
      vertex -44.3641 -42.9 2.4
    endloop
  endfacet
  facet normal -0.442238 -0.896898 0
    outer loop
      vertex -42.9 -44.3641 0
      vertex -42.4307 -44.5955 2.4
      vertex -42.9 -44.3641 2.4
    endloop
  endfacet
  facet normal -0.442238 -0.896898 -0
    outer loop
      vertex -42.4307 -44.5955 2.4
      vertex -42.9 -44.3641 0
      vertex -42.4307 -44.5955 0
    endloop
  endfacet
  facet normal 0.195124 0.980779 -0
    outer loop
      vertex 41.9353 44.7637 0
      vertex 41.4221 44.8658 2.4
      vertex 41.9353 44.7637 2.4
    endloop
  endfacet
  facet normal 0.195124 0.980779 0
    outer loop
      vertex 41.4221 44.8658 2.4
      vertex 41.9353 44.7637 0
      vertex 41.4221 44.8658 0
    endloop
  endfacet
  facet normal 0.997861 0.0653646 0
    outer loop
      vertex 44.9 40.9 2.4
      vertex 44.8658 41.4221 0
      vertex 44.8658 41.4221 2.4
    endloop
  endfacet
  facet normal 0.997861 0.0653646 0
    outer loop
      vertex 44.8658 41.4221 0
      vertex 44.9 40.9 2.4
      vertex 44.9 40.9 0
    endloop
  endfacet
  facet normal 0.980779 0.195124 0
    outer loop
      vertex 44.8658 41.4221 2.4
      vertex 44.7637 41.9353 0
      vertex 44.7637 41.9353 2.4
    endloop
  endfacet
  facet normal 0.980779 0.195124 0
    outer loop
      vertex 44.7637 41.9353 0
      vertex 44.8658 41.4221 2.4
      vertex 44.8658 41.4221 0
    endloop
  endfacet
  facet normal 0.896898 0.442238 0
    outer loop
      vertex 44.5955 42.4307 2.4
      vertex 44.3641 42.9 0
      vertex 44.3641 42.9 2.4
    endloop
  endfacet
  facet normal 0.896898 0.442238 0
    outer loop
      vertex 44.3641 42.9 0
      vertex 44.5955 42.4307 2.4
      vertex 44.5955 42.4307 0
    endloop
  endfacet
  facet normal 0.896898 -0.442238 0
    outer loop
      vertex 44.3641 -42.9 2.4
      vertex 44.5955 -42.4307 0
      vertex 44.5955 -42.4307 2.4
    endloop
  endfacet
  facet normal 0.896898 -0.442238 0
    outer loop
      vertex 44.5955 -42.4307 0
      vertex 44.3641 -42.9 2.4
      vertex 44.3641 -42.9 0
    endloop
  endfacet
  facet normal 0.555626 -0.831432 0
    outer loop
      vertex 42.9 -44.3641 0
      vertex 43.335 -44.0734 2.4
      vertex 42.9 -44.3641 2.4
    endloop
  endfacet
  facet normal 0.555626 -0.831432 0
    outer loop
      vertex 43.335 -44.0734 2.4
      vertex 42.9 -44.3641 0
      vertex 43.335 -44.0734 0
    endloop
  endfacet
  facet normal -0.831432 -0.555626 0
    outer loop
      vertex -44.0734 -43.335 0
      vertex -44.3641 -42.9 2.4
      vertex -44.3641 -42.9 0
    endloop
  endfacet
  facet normal -0.831432 -0.555626 0
    outer loop
      vertex -44.3641 -42.9 2.4
      vertex -44.0734 -43.335 0
      vertex -44.0734 -43.335 2.4
    endloop
  endfacet
  facet normal 0.94691 -0.321498 0
    outer loop
      vertex 44.5955 -42.4307 2.4
      vertex 44.7637 -41.9353 0
      vertex 44.7637 -41.9353 2.4
    endloop
  endfacet
  facet normal 0.94691 -0.321498 0
    outer loop
      vertex 44.7637 -41.9353 0
      vertex 44.5955 -42.4307 2.4
      vertex 44.5955 -42.4307 0
    endloop
  endfacet
  facet normal 0 -1 0
    outer loop
      vertex -12 -23 -5.005
      vertex -8.5 -23 0
      vertex -12 -23 -4.995
    endloop
  endfacet
  facet normal 0 -1 -0
    outer loop
      vertex -8.5 -23 0
      vertex -12 -23 -5.005
      vertex 8.5 -23 0
    endloop
  endfacet
  facet normal 0 -1 0
    outer loop
      vertex 12 -23 -5.005
      vertex 8.5 -23 0
      vertex -12 -23 -5.005
    endloop
  endfacet
  facet normal 0 -1 0
    outer loop
      vertex 8.5 -23 0
      vertex 12 -23 -5.005
      vertex 12 -23 -4.995
    endloop
  endfacet
  facet normal 0 1 -0
    outer loop
      vertex 12 11 -5.005
      vertex 8.5 11 0
      vertex 12 11 -4.995
    endloop
  endfacet
  facet normal 0 1 0
    outer loop
      vertex 8.5 11 0
      vertex 12 11 -5.005
      vertex -8.5 11 0
    endloop
  endfacet
  facet normal 0 1 0
    outer loop
      vertex -12 11 -5.005
      vertex -8.5 11 0
      vertex 12 11 -5.005
    endloop
  endfacet
  facet normal 0 1 0
    outer loop
      vertex -8.5 11 0
      vertex -12 11 -5.005
      vertex -12 11 -4.995
    endloop
  endfacet
  facet normal 0 0 -1
    outer loop
      vertex -12 -23 -5.005
      vertex 12 11 -5.005
      vertex 12 -23 -5.005
    endloop
  endfacet
  facet normal -0 0 -1
    outer loop
      vertex 12 11 -5.005
      vertex -12 -23 -5.005
      vertex -12 11 -5.005
    endloop
  endfacet
  facet normal -1 0 0
    outer loop
      vertex -12 -23 -5.005
      vertex -12 11 -4.995
      vertex -12 11 -5.005
    endloop
  endfacet
  facet normal -1 -0 0
    outer loop
      vertex -12 11 -4.995
      vertex -12 -23 -5.005
      vertex -12 -23 -4.995
    endloop
  endfacet
  facet normal -0.818962 0 0.573847
    outer loop
      vertex -12 -23 -4.995
      vertex -8.5 11 0
      vertex -12 11 -4.995
    endloop
  endfacet
  facet normal -0.818962 0 0.573847
    outer loop
      vertex -8.5 11 0
      vertex -12 -23 -4.995
      vertex -8.5 -23 0
    endloop
  endfacet
  facet normal 1 -0 0
    outer loop
      vertex 12 -23 -4.995
      vertex 12 11 -5.005
      vertex 12 11 -4.995
    endloop
  endfacet
  facet normal 1 0 0
    outer loop
      vertex 12 11 -5.005
      vertex 12 -23 -4.995
      vertex 12 -23 -5.005
    endloop
  endfacet
  facet normal 0.818962 -0 0.573847
    outer loop
      vertex 8.5 -23 0
      vertex 12 11 -4.995
      vertex 8.5 11 0
    endloop
  endfacet
  facet normal 0.818962 0 0.573847
    outer loop
      vertex 12 11 -4.995
      vertex 8.5 -23 0
      vertex 12 -23 -4.995
    endloop
  endfacet
  facet normal -0.997864 -0.0653198 0
    outer loop
      vertex -38.15 -39.8 1.5
      vertex -38.1641 -39.5846 2.4
      vertex -38.1641 -39.5846 1.5
    endloop
  endfacet
  facet normal -0.997864 -0.0653198 0
    outer loop
      vertex -38.1641 -39.5846 2.4
      vertex -38.15 -39.8 1.5
      vertex -38.15 -39.8 2.4
    endloop
  endfacet
  facet normal 0.997864 -0.0653198 0
    outer loop
      vertex -41.45 -39.8 2.4
      vertex -41.4359 -39.5846 1.5
      vertex -41.4359 -39.5846 2.4
    endloop
  endfacet
  facet normal 0.997864 -0.0653198 0
    outer loop
      vertex -41.4359 -39.5846 1.5
      vertex -41.45 -39.8 2.4
      vertex -41.45 -39.8 1.5
    endloop
  endfacet
  facet normal -0.0653198 -0.997864 0
    outer loop
      vertex -39.8 -38.15 1.5
      vertex -39.5846 -38.1641 2.4
      vertex -39.8 -38.15 2.4
    endloop
  endfacet
  facet normal -0.0653198 -0.997864 -0
    outer loop
      vertex -39.5846 -38.1641 2.4
      vertex -39.8 -38.15 1.5
      vertex -39.5846 -38.1641 1.5
    endloop
  endfacet
  facet normal 0.0653198 0.997864 -0
    outer loop
      vertex -39.8 -41.45 1.5
      vertex -40.0154 -41.4359 2.4
      vertex -39.8 -41.45 2.4
    endloop
  endfacet
  facet normal 0.0653198 0.997864 0
    outer loop
      vertex -40.0154 -41.4359 2.4
      vertex -39.8 -41.45 1.5
      vertex -40.0154 -41.4359 1.5
    endloop
  endfacet
  facet normal 0.751715 0.659488 0
    outer loop
      vertex -40.9667 -40.9667 2.4
      vertex -41.109 -40.8045 1.5
      vertex -41.109 -40.8045 2.4
    endloop
  endfacet
  facet normal 0.751715 0.659488 0
    outer loop
      vertex -41.109 -40.8045 1.5
      vertex -40.9667 -40.9667 2.4
      vertex -40.9667 -40.9667 1.5
    endloop
  endfacet
  facet normal -0.751715 -0.659488 0
    outer loop
      vertex -38.491 -38.7955 1.5
      vertex -38.6333 -38.6333 2.4
      vertex -38.6333 -38.6333 1.5
    endloop
  endfacet
  facet normal -0.751715 -0.659488 0
    outer loop
      vertex -38.6333 -38.6333 2.4
      vertex -38.491 -38.7955 1.5
      vertex -38.491 -38.7955 2.4
    endloop
  endfacet
  facet normal 0.659488 -0.751715 0
    outer loop
      vertex -40.9667 -38.6333 1.5
      vertex -40.8045 -38.491 2.4
      vertex -40.9667 -38.6333 2.4
    endloop
  endfacet
  facet normal 0.659488 -0.751715 0
    outer loop
      vertex -40.8045 -38.491 2.4
      vertex -40.9667 -38.6333 1.5
      vertex -40.8045 -38.491 1.5
    endloop
  endfacet
  facet normal 0.321645 -0.94686 0
    outer loop
      vertex -40.4314 -38.2756 1.5
      vertex -40.2271 -38.2062 2.4
      vertex -40.4314 -38.2756 2.4
    endloop
  endfacet
  facet normal 0.321645 -0.94686 0
    outer loop
      vertex -40.2271 -38.2062 2.4
      vertex -40.4314 -38.2756 1.5
      vertex -40.2271 -38.2062 1.5
    endloop
  endfacet
  facet normal -0.896823 -0.442389 0
    outer loop
      vertex -38.2756 -39.1686 1.5
      vertex -38.3711 -38.975 2.4
      vertex -38.3711 -38.975 1.5
    endloop
  endfacet
  facet normal -0.896823 -0.442389 0
    outer loop
      vertex -38.3711 -38.975 2.4
      vertex -38.2756 -39.1686 1.5
      vertex -38.2756 -39.1686 2.4
    endloop
  endfacet
  facet normal -0.831551 -0.555448 0
    outer loop
      vertex -38.3711 -38.975 1.5
      vertex -38.491 -38.7955 2.4
      vertex -38.491 -38.7955 1.5
    endloop
  endfacet
  facet normal -0.831551 -0.555448 0
    outer loop
      vertex -38.491 -38.7955 2.4
      vertex -38.3711 -38.975 1.5
      vertex -38.3711 -38.975 2.4
    endloop
  endfacet
  facet normal -0.442389 -0.896823 0
    outer loop
      vertex -39.1686 -38.2756 1.5
      vertex -38.975 -38.3711 2.4
      vertex -39.1686 -38.2756 2.4
    endloop
  endfacet
  facet normal -0.442389 -0.896823 -0
    outer loop
      vertex -38.975 -38.3711 2.4
      vertex -39.1686 -38.2756 1.5
      vertex -38.975 -38.3711 1.5
    endloop
  endfacet
  facet normal -0.555448 -0.831551 0
    outer loop
      vertex -38.975 -38.3711 1.5
      vertex -38.7955 -38.491 2.4
      vertex -38.975 -38.3711 2.4
    endloop
  endfacet
  facet normal -0.555448 -0.831551 -0
    outer loop
      vertex -38.7955 -38.491 2.4
      vertex -38.975 -38.3711 1.5
      vertex -38.7955 -38.491 1.5
    endloop
  endfacet
  facet normal 0.896823 -0.442389 0
    outer loop
      vertex -41.3244 -39.1686 2.4
      vertex -41.2289 -38.975 1.5
      vertex -41.2289 -38.975 2.4
    endloop
  endfacet
  facet normal 0.896823 -0.442389 0
    outer loop
      vertex -41.2289 -38.975 1.5
      vertex -41.3244 -39.1686 2.4
      vertex -41.3244 -39.1686 1.5
    endloop
  endfacet
  facet normal 0.442389 -0.896823 0
    outer loop
      vertex -40.625 -38.3711 1.5
      vertex -40.4314 -38.2756 2.4
      vertex -40.625 -38.3711 2.4
    endloop
  endfacet
  facet normal 0.442389 -0.896823 0
    outer loop
      vertex -40.4314 -38.2756 2.4
      vertex -40.625 -38.3711 1.5
      vertex -40.4314 -38.2756 1.5
    endloop
  endfacet
  facet normal 0.0653198 -0.997864 0
    outer loop
      vertex -40.0154 -38.1641 1.5
      vertex -39.8 -38.15 2.4
      vertex -40.0154 -38.1641 2.4
    endloop
  endfacet
  facet normal 0.0653198 -0.997864 0
    outer loop
      vertex -39.8 -38.15 2.4
      vertex -40.0154 -38.1641 1.5
      vertex -39.8 -38.15 1.5
    endloop
  endfacet
  facet normal -0.0653198 0.997864 0
    outer loop
      vertex -39.5846 -41.4359 1.5
      vertex -39.8 -41.45 2.4
      vertex -39.5846 -41.4359 2.4
    endloop
  endfacet
  facet normal -0.0653198 0.997864 0
    outer loop
      vertex -39.8 -41.45 2.4
      vertex -39.5846 -41.4359 1.5
      vertex -39.8 -41.45 1.5
    endloop
  endfacet
  facet normal -0.442389 0.896823 0
    outer loop
      vertex -38.975 -41.2289 1.5
      vertex -39.1686 -41.3244 2.4
      vertex -38.975 -41.2289 2.4
    endloop
  endfacet
  facet normal -0.442389 0.896823 0
    outer loop
      vertex -39.1686 -41.3244 2.4
      vertex -38.975 -41.2289 1.5
      vertex -39.1686 -41.3244 1.5
    endloop
  endfacet
  facet normal 0.896823 0.442389 0
    outer loop
      vertex -41.2289 -40.625 2.4
      vertex -41.3244 -40.4314 1.5
      vertex -41.3244 -40.4314 2.4
    endloop
  endfacet
  facet normal 0.896823 0.442389 0
    outer loop
      vertex -41.3244 -40.4314 1.5
      vertex -41.2289 -40.625 2.4
      vertex -41.2289 -40.625 1.5
    endloop
  endfacet
  facet normal 0.997864 0.0653198 0
    outer loop
      vertex -41.4359 -40.0154 2.4
      vertex -41.45 -39.8 1.5
      vertex -41.45 -39.8 2.4
    endloop
  endfacet
  facet normal 0.997864 0.0653198 0
    outer loop
      vertex -41.45 -39.8 1.5
      vertex -41.4359 -40.0154 2.4
      vertex -41.4359 -40.0154 1.5
    endloop
  endfacet
  facet normal -0.94686 -0.321645 0
    outer loop
      vertex -38.2062 -39.3729 1.5
      vertex -38.2756 -39.1686 2.4
      vertex -38.2756 -39.1686 1.5
    endloop
  endfacet
  facet normal -0.94686 -0.321645 0
    outer loop
      vertex -38.2756 -39.1686 2.4
      vertex -38.2062 -39.3729 1.5
      vertex -38.2062 -39.3729 2.4
    endloop
  endfacet
  facet normal -0.980794 -0.195047 0
    outer loop
      vertex -38.1641 -39.5846 1.5
      vertex -38.2062 -39.3729 2.4
      vertex -38.2062 -39.3729 1.5
    endloop
  endfacet
  facet normal -0.980794 -0.195047 0
    outer loop
      vertex -38.2062 -39.3729 2.4
      vertex -38.1641 -39.5846 1.5
      vertex -38.1641 -39.5846 2.4
    endloop
  endfacet
  facet normal -0.321645 -0.94686 0
    outer loop
      vertex -39.3729 -38.2062 1.5
      vertex -39.1686 -38.2756 2.4
      vertex -39.3729 -38.2062 2.4
    endloop
  endfacet
  facet normal -0.321645 -0.94686 -0
    outer loop
      vertex -39.1686 -38.2756 2.4
      vertex -39.3729 -38.2062 1.5
      vertex -39.1686 -38.2756 1.5
    endloop
  endfacet
  facet normal -0.195047 -0.980794 0
    outer loop
      vertex -39.5846 -38.1641 1.5
      vertex -39.3729 -38.2062 2.4
      vertex -39.5846 -38.1641 2.4
    endloop
  endfacet
  facet normal -0.195047 -0.980794 -0
    outer loop
      vertex -39.3729 -38.2062 2.4
      vertex -39.5846 -38.1641 1.5
      vertex -39.3729 -38.2062 1.5
    endloop
  endfacet
  facet normal -0.659488 -0.751715 0
    outer loop
      vertex -38.7955 -38.491 1.5
      vertex -38.6333 -38.6333 2.4
      vertex -38.7955 -38.491 2.4
    endloop
  endfacet
  facet normal -0.659488 -0.751715 -0
    outer loop
      vertex -38.6333 -38.6333 2.4
      vertex -38.7955 -38.491 1.5
      vertex -38.6333 -38.6333 1.5
    endloop
  endfacet
  facet normal 0.831551 -0.555448 0
    outer loop
      vertex -41.2289 -38.975 2.4
      vertex -41.109 -38.7955 1.5
      vertex -41.109 -38.7955 2.4
    endloop
  endfacet
  facet normal 0.831551 -0.555448 0
    outer loop
      vertex -41.109 -38.7955 1.5
      vertex -41.2289 -38.975 2.4
      vertex -41.2289 -38.975 1.5
    endloop
  endfacet
  facet normal 0.751715 -0.659488 0
    outer loop
      vertex -41.109 -38.7955 2.4
      vertex -40.9667 -38.6333 1.5
      vertex -40.9667 -38.6333 2.4
    endloop
  endfacet
  facet normal 0.751715 -0.659488 0
    outer loop
      vertex -40.9667 -38.6333 1.5
      vertex -41.109 -38.7955 2.4
      vertex -41.109 -38.7955 1.5
    endloop
  endfacet
  facet normal 0.94686 -0.321645 0
    outer loop
      vertex -41.3938 -39.3729 2.4
      vertex -41.3244 -39.1686 1.5
      vertex -41.3244 -39.1686 2.4
    endloop
  endfacet
  facet normal 0.94686 -0.321645 0
    outer loop
      vertex -41.3244 -39.1686 1.5
      vertex -41.3938 -39.3729 2.4
      vertex -41.3938 -39.3729 1.5
    endloop
  endfacet
  facet normal 0.980794 -0.195047 0
    outer loop
      vertex -41.4359 -39.5846 2.4
      vertex -41.3938 -39.3729 1.5
      vertex -41.3938 -39.3729 2.4
    endloop
  endfacet
  facet normal 0.980794 -0.195047 0
    outer loop
      vertex -41.3938 -39.3729 1.5
      vertex -41.4359 -39.5846 2.4
      vertex -41.4359 -39.5846 1.5
    endloop
  endfacet
  facet normal 0.555448 -0.831551 0
    outer loop
      vertex -40.8045 -38.491 1.5
      vertex -40.625 -38.3711 2.4
      vertex -40.8045 -38.491 2.4
    endloop
  endfacet
  facet normal 0.555448 -0.831551 0
    outer loop
      vertex -40.625 -38.3711 2.4
      vertex -40.8045 -38.491 1.5
      vertex -40.625 -38.3711 1.5
    endloop
  endfacet
  facet normal 0.195047 -0.980794 0
    outer loop
      vertex -40.2271 -38.2062 1.5
      vertex -40.0154 -38.1641 2.4
      vertex -40.2271 -38.2062 2.4
    endloop
  endfacet
  facet normal 0.195047 -0.980794 0
    outer loop
      vertex -40.0154 -38.1641 2.4
      vertex -40.2271 -38.2062 1.5
      vertex -40.0154 -38.1641 1.5
    endloop
  endfacet
  facet normal -0.997864 0.0653198 0
    outer loop
      vertex -38.1641 -40.0154 1.5
      vertex -38.15 -39.8 2.4
      vertex -38.15 -39.8 1.5
    endloop
  endfacet
  facet normal -0.997864 0.0653198 0
    outer loop
      vertex -38.15 -39.8 2.4
      vertex -38.1641 -40.0154 1.5
      vertex -38.1641 -40.0154 2.4
    endloop
  endfacet
  facet normal -0.195047 0.980794 0
    outer loop
      vertex -39.3729 -41.3938 1.5
      vertex -39.5846 -41.4359 2.4
      vertex -39.3729 -41.3938 2.4
    endloop
  endfacet
  facet normal -0.195047 0.980794 0
    outer loop
      vertex -39.5846 -41.4359 2.4
      vertex -39.3729 -41.3938 1.5
      vertex -39.5846 -41.4359 1.5
    endloop
  endfacet
  facet normal -0.555448 0.831551 0
    outer loop
      vertex -38.7955 -41.109 1.5
      vertex -38.975 -41.2289 2.4
      vertex -38.7955 -41.109 2.4
    endloop
  endfacet
  facet normal -0.555448 0.831551 0
    outer loop
      vertex -38.975 -41.2289 2.4
      vertex -38.7955 -41.109 1.5
      vertex -38.975 -41.2289 1.5
    endloop
  endfacet
  facet normal -0.751715 0.659488 0
    outer loop
      vertex -38.6333 -40.9667 1.5
      vertex -38.491 -40.8045 2.4
      vertex -38.491 -40.8045 1.5
    endloop
  endfacet
  facet normal -0.751715 0.659488 0
    outer loop
      vertex -38.491 -40.8045 2.4
      vertex -38.6333 -40.9667 1.5
      vertex -38.6333 -40.9667 2.4
    endloop
  endfacet
  facet normal -0.896823 0.442389 0
    outer loop
      vertex -38.3711 -40.625 1.5
      vertex -38.2756 -40.4314 2.4
      vertex -38.2756 -40.4314 1.5
    endloop
  endfacet
  facet normal -0.896823 0.442389 0
    outer loop
      vertex -38.2756 -40.4314 2.4
      vertex -38.3711 -40.625 1.5
      vertex -38.3711 -40.625 2.4
    endloop
  endfacet
  facet normal 0.659488 0.751715 -0
    outer loop
      vertex -40.8045 -41.109 1.5
      vertex -40.9667 -40.9667 2.4
      vertex -40.8045 -41.109 2.4
    endloop
  endfacet
  facet normal 0.659488 0.751715 0
    outer loop
      vertex -40.9667 -40.9667 2.4
      vertex -40.8045 -41.109 1.5
      vertex -40.9667 -40.9667 1.5
    endloop
  endfacet
  facet normal 0.442389 0.896823 -0
    outer loop
      vertex -40.4314 -41.3244 1.5
      vertex -40.625 -41.2289 2.4
      vertex -40.4314 -41.3244 2.4
    endloop
  endfacet
  facet normal 0.442389 0.896823 0
    outer loop
      vertex -40.625 -41.2289 2.4
      vertex -40.4314 -41.3244 1.5
      vertex -40.625 -41.2289 1.5
    endloop
  endfacet
  facet normal 0.321645 0.94686 -0
    outer loop
      vertex -40.2271 -41.3938 1.5
      vertex -40.4314 -41.3244 2.4
      vertex -40.2271 -41.3938 2.4
    endloop
  endfacet
  facet normal 0.321645 0.94686 0
    outer loop
      vertex -40.4314 -41.3244 2.4
      vertex -40.2271 -41.3938 1.5
      vertex -40.4314 -41.3244 1.5
    endloop
  endfacet
  facet normal 0.831551 0.555448 0
    outer loop
      vertex -41.109 -40.8045 2.4
      vertex -41.2289 -40.625 1.5
      vertex -41.2289 -40.625 2.4
    endloop
  endfacet
  facet normal 0.831551 0.555448 0
    outer loop
      vertex -41.2289 -40.625 1.5
      vertex -41.109 -40.8045 2.4
      vertex -41.109 -40.8045 1.5
    endloop
  endfacet
  facet normal 0.980794 0.195047 0
    outer loop
      vertex -41.3938 -40.2271 2.4
      vertex -41.4359 -40.0154 1.5
      vertex -41.4359 -40.0154 2.4
    endloop
  endfacet
  facet normal 0.980794 0.195047 0
    outer loop
      vertex -41.4359 -40.0154 1.5
      vertex -41.3938 -40.2271 2.4
      vertex -41.3938 -40.2271 1.5
    endloop
  endfacet
  facet normal -0.321645 0.94686 0
    outer loop
      vertex -39.1686 -41.3244 1.5
      vertex -39.3729 -41.3938 2.4
      vertex -39.1686 -41.3244 2.4
    endloop
  endfacet
  facet normal -0.321645 0.94686 0
    outer loop
      vertex -39.3729 -41.3938 2.4
      vertex -39.1686 -41.3244 1.5
      vertex -39.3729 -41.3938 1.5
    endloop
  endfacet
  facet normal -0.659488 0.751715 0
    outer loop
      vertex -38.6333 -40.9667 1.5
      vertex -38.7955 -41.109 2.4
      vertex -38.6333 -40.9667 2.4
    endloop
  endfacet
  facet normal -0.659488 0.751715 0
    outer loop
      vertex -38.7955 -41.109 2.4
      vertex -38.6333 -40.9667 1.5
      vertex -38.7955 -41.109 1.5
    endloop
  endfacet
  facet normal -0.831551 0.555448 0
    outer loop
      vertex -38.491 -40.8045 1.5
      vertex -38.3711 -40.625 2.4
      vertex -38.3711 -40.625 1.5
    endloop
  endfacet
  facet normal -0.831551 0.555448 0
    outer loop
      vertex -38.3711 -40.625 2.4
      vertex -38.491 -40.8045 1.5
      vertex -38.491 -40.8045 2.4
    endloop
  endfacet
  facet normal -0.980794 0.195047 0
    outer loop
      vertex -38.2062 -40.2271 1.5
      vertex -38.1641 -40.0154 2.4
      vertex -38.1641 -40.0154 1.5
    endloop
  endfacet
  facet normal -0.980794 0.195047 0
    outer loop
      vertex -38.1641 -40.0154 2.4
      vertex -38.2062 -40.2271 1.5
      vertex -38.2062 -40.2271 2.4
    endloop
  endfacet
  facet normal -0.94686 0.321645 0
    outer loop
      vertex -38.2756 -40.4314 1.5
      vertex -38.2062 -40.2271 2.4
      vertex -38.2062 -40.2271 1.5
    endloop
  endfacet
  facet normal -0.94686 0.321645 0
    outer loop
      vertex -38.2062 -40.2271 2.4
      vertex -38.2756 -40.4314 1.5
      vertex -38.2756 -40.4314 2.4
    endloop
  endfacet
  facet normal 0.555448 0.831551 -0
    outer loop
      vertex -40.625 -41.2289 1.5
      vertex -40.8045 -41.109 2.4
      vertex -40.625 -41.2289 2.4
    endloop
  endfacet
  facet normal 0.555448 0.831551 0
    outer loop
      vertex -40.8045 -41.109 2.4
      vertex -40.625 -41.2289 1.5
      vertex -40.8045 -41.109 1.5
    endloop
  endfacet
  facet normal 0.195047 0.980794 -0
    outer loop
      vertex -40.0154 -41.4359 1.5
      vertex -40.2271 -41.3938 2.4
      vertex -40.0154 -41.4359 2.4
    endloop
  endfacet
  facet normal 0.195047 0.980794 0
    outer loop
      vertex -40.2271 -41.3938 2.4
      vertex -40.0154 -41.4359 1.5
      vertex -40.2271 -41.3938 1.5
    endloop
  endfacet
  facet normal 0.94686 0.321645 0
    outer loop
      vertex -41.3244 -40.4314 2.4
      vertex -41.3938 -40.2271 1.5
      vertex -41.3938 -40.2271 2.4
    endloop
  endfacet
  facet normal 0.94686 0.321645 0
    outer loop
      vertex -41.3938 -40.2271 1.5
      vertex -41.3244 -40.4314 2.4
      vertex -41.3244 -40.4314 1.5
    endloop
  endfacet
  facet normal -0.896928 -0.442176 0
    outer loop
      vertex -36.936 -38.6137 0
      vertex -37.1153 -38.25 1.5
      vertex -37.1153 -38.25 0
    endloop
  endfacet
  facet normal -0.896928 -0.442176 0
    outer loop
      vertex -37.1153 -38.25 1.5
      vertex -36.936 -38.6137 0
      vertex -36.936 -38.6137 1.5
    endloop
  endfacet
  facet normal -0.831481 -0.555553 0
    outer loop
      vertex -37.1153 -38.25 0
      vertex -37.3406 -37.9128 1.5
      vertex -37.3406 -37.9128 0
    endloop
  endfacet
  facet normal -0.831481 -0.555553 0
    outer loop
      vertex -37.3406 -37.9128 1.5
      vertex -37.1153 -38.25 0
      vertex -37.1153 -38.25 1.5
    endloop
  endfacet
  facet normal -0.321549 -0.946893 0
    outer loop
      vertex -38.9977 -36.8056 0
      vertex -38.6137 -36.936 1.5
      vertex -38.9977 -36.8056 1.5
    endloop
  endfacet
  facet normal -0.321549 -0.946893 -0
    outer loop
      vertex -38.6137 -36.936 1.5
      vertex -38.9977 -36.8056 0
      vertex -38.6137 -36.936 0
    endloop
  endfacet
  facet normal 0.321549 -0.946893 0
    outer loop
      vertex -40.9863 -36.936 0
      vertex -40.6023 -36.8056 1.5
      vertex -40.9863 -36.936 1.5
    endloop
  endfacet
  facet normal 0.321549 -0.946893 0
    outer loop
      vertex -40.6023 -36.8056 1.5
      vertex -40.9863 -36.936 0
      vertex -40.6023 -36.8056 0
    endloop
  endfacet
  facet normal 0.896928 -0.442176 0
    outer loop
      vertex -42.664 -38.6137 1.5
      vertex -42.4847 -38.25 0
      vertex -42.4847 -38.25 1.5
    endloop
  endfacet
  facet normal 0.896928 -0.442176 0
    outer loop
      vertex -42.4847 -38.25 0
      vertex -42.664 -38.6137 1.5
      vertex -42.664 -38.6137 0
    endloop
  endfacet
  facet normal -0.980789 0.195073 0
    outer loop
      vertex -36.8056 -40.6023 0
      vertex -36.7265 -40.2046 1.5
      vertex -36.7265 -40.2046 0
    endloop
  endfacet
  facet normal -0.980789 0.195073 0
    outer loop
      vertex -36.7265 -40.2046 1.5
      vertex -36.8056 -40.6023 0
      vertex -36.8056 -40.6023 1.5
    endloop
  endfacet
  facet normal -0.659482 -0.751721 0
    outer loop
      vertex -37.9128 -37.3406 0
      vertex -37.608 -37.608 1.5
      vertex -37.9128 -37.3406 1.5
    endloop
  endfacet
  facet normal -0.659482 -0.751721 -0
    outer loop
      vertex -37.608 -37.608 1.5
      vertex -37.9128 -37.3406 0
      vertex -37.608 -37.608 0
    endloop
  endfacet
  facet normal -0.442176 -0.896928 0
    outer loop
      vertex -38.6137 -36.936 0
      vertex -38.25 -37.1153 1.5
      vertex -38.6137 -36.936 1.5
    endloop
  endfacet
  facet normal -0.442176 -0.896928 -0
    outer loop
      vertex -38.25 -37.1153 1.5
      vertex -38.6137 -36.936 0
      vertex -38.25 -37.1153 0
    endloop
  endfacet
  facet normal 0.997862 -0.0653568 0
    outer loop
      vertex -42.9 -39.8 1.5
      vertex -42.8735 -39.3954 0
      vertex -42.8735 -39.3954 1.5
    endloop
  endfacet
  facet normal 0.997862 -0.0653568 0
    outer loop
      vertex -42.8735 -39.3954 0
      vertex -42.9 -39.8 1.5
      vertex -42.9 -39.8 0
    endloop
  endfacet
  facet normal 0.751721 -0.659482 0
    outer loop
      vertex -42.2594 -37.9128 1.5
      vertex -41.992 -37.608 0
      vertex -41.992 -37.608 1.5
    endloop
  endfacet
  facet normal 0.751721 -0.659482 0
    outer loop
      vertex -41.992 -37.608 0
      vertex -42.2594 -37.9128 1.5
      vertex -42.2594 -37.9128 0
    endloop
  endfacet
  facet normal 0.195073 -0.980789 0
    outer loop
      vertex -40.6023 -36.8056 0
      vertex -40.2046 -36.7265 1.5
      vertex -40.6023 -36.8056 1.5
    endloop
  endfacet
  facet normal 0.195073 -0.980789 0
    outer loop
      vertex -40.2046 -36.7265 1.5
      vertex -40.6023 -36.8056 0
      vertex -40.2046 -36.7265 0
    endloop
  endfacet
  facet normal 0.659482 -0.751721 0
    outer loop
      vertex -41.992 -37.608 0
      vertex -41.6872 -37.3406 1.5
      vertex -41.992 -37.608 1.5
    endloop
  endfacet
  facet normal 0.659482 -0.751721 0
    outer loop
      vertex -41.6872 -37.3406 1.5
      vertex -41.992 -37.608 0
      vertex -41.6872 -37.3406 0
    endloop
  endfacet
  facet normal -0.997862 0.0653568 0
    outer loop
      vertex -36.7265 -40.2046 0
      vertex -36.7 -39.8 1.5
      vertex -36.7 -39.8 0
    endloop
  endfacet
  facet normal -0.997862 0.0653568 0
    outer loop
      vertex -36.7 -39.8 1.5
      vertex -36.7265 -40.2046 0
      vertex -36.7265 -40.2046 1.5
    endloop
  endfacet
  facet normal -0.946893 0.321549 0
    outer loop
      vertex -36.936 -40.9863 0
      vertex -36.8056 -40.6023 1.5
      vertex -36.8056 -40.6023 0
    endloop
  endfacet
  facet normal -0.946893 0.321549 0
    outer loop
      vertex -36.8056 -40.6023 1.5
      vertex -36.936 -40.9863 0
      vertex -36.936 -40.9863 1.5
    endloop
  endfacet
  facet normal 0.659482 0.751721 -0
    outer loop
      vertex -41.6872 -42.2594 0
      vertex -41.992 -41.992 1.5
      vertex -41.6872 -42.2594 1.5
    endloop
  endfacet
  facet normal 0.659482 0.751721 0
    outer loop
      vertex -41.992 -41.992 1.5
      vertex -41.6872 -42.2594 0
      vertex -41.992 -41.992 0
    endloop
  endfacet
  facet normal -0.946893 -0.321549 0
    outer loop
      vertex -36.8056 -38.9977 0
      vertex -36.936 -38.6137 1.5
      vertex -36.936 -38.6137 0
    endloop
  endfacet
  facet normal -0.946893 -0.321549 0
    outer loop
      vertex -36.936 -38.6137 1.5
      vertex -36.8056 -38.9977 0
      vertex -36.8056 -38.9977 1.5
    endloop
  endfacet
  facet normal -0.751721 -0.659482 0
    outer loop
      vertex -37.3406 -37.9128 0
      vertex -37.608 -37.608 1.5
      vertex -37.608 -37.608 0
    endloop
  endfacet
  facet normal -0.751721 -0.659482 0
    outer loop
      vertex -37.608 -37.608 1.5
      vertex -37.3406 -37.9128 0
      vertex -37.3406 -37.9128 1.5
    endloop
  endfacet
  facet normal 0.0653568 -0.997862 0
    outer loop
      vertex -40.2046 -36.7265 0
      vertex -39.8 -36.7 1.5
      vertex -40.2046 -36.7265 1.5
    endloop
  endfacet
  facet normal 0.0653568 -0.997862 0
    outer loop
      vertex -39.8 -36.7 1.5
      vertex -40.2046 -36.7265 0
      vertex -39.8 -36.7 0
    endloop
  endfacet
  facet normal -0.195073 -0.980789 0
    outer loop
      vertex -39.3954 -36.7265 0
      vertex -38.9977 -36.8056 1.5
      vertex -39.3954 -36.7265 1.5
    endloop
  endfacet
  facet normal -0.195073 -0.980789 -0
    outer loop
      vertex -38.9977 -36.8056 1.5
      vertex -39.3954 -36.7265 0
      vertex -38.9977 -36.8056 0
    endloop
  endfacet
  facet normal -0.555553 -0.831481 0
    outer loop
      vertex -38.25 -37.1153 0
      vertex -37.9128 -37.3406 1.5
      vertex -38.25 -37.1153 1.5
    endloop
  endfacet
  facet normal -0.555553 -0.831481 -0
    outer loop
      vertex -37.9128 -37.3406 1.5
      vertex -38.25 -37.1153 0
      vertex -37.9128 -37.3406 0
    endloop
  endfacet
  facet normal 0 0 -1
    outer loop
      vertex -38.15 -39.8 1.5
      vertex -36.7 -39.8 1.5
      vertex -36.7265 -40.2046 1.5
    endloop
  endfacet
  facet normal 0 0 -1
    outer loop
      vertex -38.1641 -40.0154 1.5
      vertex -36.7265 -40.2046 1.5
      vertex -36.8056 -40.6023 1.5
    endloop
  endfacet
  facet normal 0 0 -1
    outer loop
      vertex -36.7 -39.8 1.5
      vertex -38.15 -39.8 1.5
      vertex -36.7265 -39.3954 1.5
    endloop
  endfacet
  facet normal 0 0 -1
    outer loop
      vertex -38.2062 -40.2271 1.5
      vertex -36.8056 -40.6023 1.5
      vertex -36.936 -40.9863 1.5
    endloop
  endfacet
  facet normal 0 0 -1
    outer loop
      vertex -38.1641 -39.5846 1.5
      vertex -36.7265 -39.3954 1.5
      vertex -38.15 -39.8 1.5
    endloop
  endfacet
  facet normal 0 0 -1
    outer loop
      vertex -38.2756 -40.4314 1.5
      vertex -36.936 -40.9863 1.5
      vertex -37.1153 -41.35 1.5
    endloop
  endfacet
  facet normal -0 0 -1
    outer loop
      vertex -36.7265 -39.3954 1.5
      vertex -38.1641 -39.5846 1.5
      vertex -36.8056 -38.9977 1.5
    endloop
  endfacet
  facet normal 0 0 -1
    outer loop
      vertex -38.3711 -40.625 1.5
      vertex -37.1153 -41.35 1.5
      vertex -37.3406 -41.6872 1.5
    endloop
  endfacet
  facet normal 0 0 -1
    outer loop
      vertex -38.2062 -39.3729 1.5
      vertex -36.8056 -38.9977 1.5
      vertex -38.1641 -39.5846 1.5
    endloop
  endfacet
  facet normal 0 0 -1
    outer loop
      vertex -38.491 -40.8045 1.5
      vertex -37.3406 -41.6872 1.5
      vertex -37.608 -41.992 1.5
    endloop
  endfacet
  facet normal -0 0 -1
    outer loop
      vertex -36.8056 -38.9977 1.5
      vertex -38.2062 -39.3729 1.5
      vertex -36.936 -38.6137 1.5
    endloop
  endfacet
  facet normal 0 0 -1
    outer loop
      vertex -38.6333 -40.9667 1.5
      vertex -37.608 -41.992 1.5
      vertex -37.9128 -42.2594 1.5
    endloop
  endfacet
  facet normal 0 0 -1
    outer loop
      vertex -38.2756 -39.1686 1.5
      vertex -36.936 -38.6137 1.5
      vertex -38.2062 -39.3729 1.5
    endloop
  endfacet
  facet normal -0 0 -1
    outer loop
      vertex -36.936 -38.6137 1.5
      vertex -38.2756 -39.1686 1.5
      vertex -37.1153 -38.25 1.5
    endloop
  endfacet
  facet normal 0 0 -1
    outer loop
      vertex -36.7265 -40.2046 1.5
      vertex -38.1641 -40.0154 1.5
      vertex -38.15 -39.8 1.5
    endloop
  endfacet
  facet normal 0 0 -1
    outer loop
      vertex -36.8056 -40.6023 1.5
      vertex -38.2062 -40.2271 1.5
      vertex -38.1641 -40.0154 1.5
    endloop
  endfacet
  facet normal 0 0 -1
    outer loop
      vertex -38.7955 -41.109 1.5
      vertex -37.9128 -42.2594 1.5
      vertex -38.25 -42.4847 1.5
    endloop
  endfacet
  facet normal 0 0 -1
    outer loop
      vertex -36.936 -40.9863 1.5
      vertex -38.2756 -40.4314 1.5
      vertex -38.2062 -40.2271 1.5
    endloop
  endfacet
  facet normal 0 0 -1
    outer loop
      vertex -37.1153 -41.35 1.5
      vertex -38.3711 -40.625 1.5
      vertex -38.2756 -40.4314 1.5
    endloop
  endfacet
  facet normal 0 0 -1
    outer loop
      vertex -37.3406 -41.6872 1.5
      vertex -38.491 -40.8045 1.5
      vertex -38.3711 -40.625 1.5
    endloop
  endfacet
  facet normal 0 0 -1
    outer loop
      vertex -38.975 -41.2289 1.5
      vertex -38.25 -42.4847 1.5
      vertex -38.6137 -42.664 1.5
    endloop
  endfacet
  facet normal 0 0 -1
    outer loop
      vertex -37.608 -41.992 1.5
      vertex -38.6333 -40.9667 1.5
      vertex -38.491 -40.8045 1.5
    endloop
  endfacet
  facet normal 0 0 -1
    outer loop
      vertex -37.9128 -42.2594 1.5
      vertex -38.7955 -41.109 1.5
      vertex -38.6333 -40.9667 1.5
    endloop
  endfacet
  facet normal 0 0 -1
    outer loop
      vertex -38.25 -42.4847 1.5
      vertex -38.975 -41.2289 1.5
      vertex -38.7955 -41.109 1.5
    endloop
  endfacet
  facet normal 0 0 -1
    outer loop
      vertex -39.1686 -41.3244 1.5
      vertex -38.6137 -42.664 1.5
      vertex -38.9977 -42.7944 1.5
    endloop
  endfacet
  facet normal 0 0 -1
    outer loop
      vertex -38.6137 -42.664 1.5
      vertex -39.1686 -41.3244 1.5
      vertex -38.975 -41.2289 1.5
    endloop
  endfacet
  facet normal 0 0 -1
    outer loop
      vertex -38.9977 -42.7944 1.5
      vertex -39.3729 -41.3938 1.5
      vertex -39.1686 -41.3244 1.5
    endloop
  endfacet
  facet normal 0 0 -1
    outer loop
      vertex -39.3954 -42.8735 1.5
      vertex -39.3729 -41.3938 1.5
      vertex -38.9977 -42.7944 1.5
    endloop
  endfacet
  facet normal 0 0 -1
    outer loop
      vertex -39.3954 -42.8735 1.5
      vertex -39.5846 -41.4359 1.5
      vertex -39.3729 -41.3938 1.5
    endloop
  endfacet
  facet normal 0 0 -1
    outer loop
      vertex -39.8 -42.9 1.5
      vertex -39.5846 -41.4359 1.5
      vertex -39.3954 -42.8735 1.5
    endloop
  endfacet
  facet normal 0 0 -1
    outer loop
      vertex -39.8 -42.9 1.5
      vertex -39.8 -41.45 1.5
      vertex -39.5846 -41.4359 1.5
    endloop
  endfacet
  facet normal 0 0 -1
    outer loop
      vertex -39.8 -42.9 1.5
      vertex -40.0154 -41.4359 1.5
      vertex -39.8 -41.45 1.5
    endloop
  endfacet
  facet normal 0 0 -1
    outer loop
      vertex -40.2046 -42.8735 1.5
      vertex -40.0154 -41.4359 1.5
      vertex -39.8 -42.9 1.5
    endloop
  endfacet
  facet normal 0 0 -1
    outer loop
      vertex -40.2046 -42.8735 1.5
      vertex -40.2271 -41.3938 1.5
      vertex -40.0154 -41.4359 1.5
    endloop
  endfacet
  facet normal 0 0 -1
    outer loop
      vertex -40.6023 -42.7944 1.5
      vertex -40.2271 -41.3938 1.5
      vertex -40.2046 -42.8735 1.5
    endloop
  endfacet
  facet normal -0 0 -1
    outer loop
      vertex -40.2271 -41.3938 1.5
      vertex -40.6023 -42.7944 1.5
      vertex -40.4314 -41.3244 1.5
    endloop
  endfacet
  facet normal 0 0 -1
    outer loop
      vertex -40.9863 -42.664 1.5
      vertex -40.4314 -41.3244 1.5
      vertex -40.6023 -42.7944 1.5
    endloop
  endfacet
  facet normal -0 0 -1
    outer loop
      vertex -40.4314 -41.3244 1.5
      vertex -40.9863 -42.664 1.5
      vertex -40.625 -41.2289 1.5
    endloop
  endfacet
  facet normal 0 0 -1
    outer loop
      vertex -41.35 -42.4847 1.5
      vertex -40.625 -41.2289 1.5
      vertex -40.9863 -42.664 1.5
    endloop
  endfacet
  facet normal -0 0 -1
    outer loop
      vertex -40.625 -41.2289 1.5
      vertex -41.35 -42.4847 1.5
      vertex -40.8045 -41.109 1.5
    endloop
  endfacet
  facet normal 0 0 -1
    outer loop
      vertex -41.6872 -42.2594 1.5
      vertex -40.8045 -41.109 1.5
      vertex -41.35 -42.4847 1.5
    endloop
  endfacet
  facet normal -0 0 -1
    outer loop
      vertex -40.8045 -41.109 1.5
      vertex -41.6872 -42.2594 1.5
      vertex -40.9667 -40.9667 1.5
    endloop
  endfacet
  facet normal 0 0 -1
    outer loop
      vertex -41.992 -41.992 1.5
      vertex -40.9667 -40.9667 1.5
      vertex -41.6872 -42.2594 1.5
    endloop
  endfacet
  facet normal -0 0 -1
    outer loop
      vertex -40.9667 -40.9667 1.5
      vertex -41.992 -41.992 1.5
      vertex -41.109 -40.8045 1.5
    endloop
  endfacet
  facet normal 0 0 -1
    outer loop
      vertex -42.2594 -41.6872 1.5
      vertex -41.109 -40.8045 1.5
      vertex -41.992 -41.992 1.5
    endloop
  endfacet
  facet normal -0 0 -1
    outer loop
      vertex -41.109 -40.8045 1.5
      vertex -42.2594 -41.6872 1.5
      vertex -41.2289 -40.625 1.5
    endloop
  endfacet
  facet normal 0 0 -1
    outer loop
      vertex -42.4847 -41.35 1.5
      vertex -41.2289 -40.625 1.5
      vertex -42.2594 -41.6872 1.5
    endloop
  endfacet
  facet normal -0 0 -1
    outer loop
      vertex -41.2289 -40.625 1.5
      vertex -42.4847 -41.35 1.5
      vertex -41.3244 -40.4314 1.5
    endloop
  endfacet
  facet normal 0 0 -1
    outer loop
      vertex -38.3711 -38.975 1.5
      vertex -37.1153 -38.25 1.5
      vertex -38.2756 -39.1686 1.5
    endloop
  endfacet
  facet normal -0 0 -1
    outer loop
      vertex -37.1153 -38.25 1.5
      vertex -38.3711 -38.975 1.5
      vertex -37.3406 -37.9128 1.5
    endloop
  endfacet
  facet normal 0 0 -1
    outer loop
      vertex -38.491 -38.7955 1.5
      vertex -37.3406 -37.9128 1.5
      vertex -38.3711 -38.975 1.5
    endloop
  endfacet
  facet normal -0 0 -1
    outer loop
      vertex -37.3406 -37.9128 1.5
      vertex -38.491 -38.7955 1.5
      vertex -37.608 -37.608 1.5
    endloop
  endfacet
  facet normal 0 0 -1
    outer loop
      vertex -38.6333 -38.6333 1.5
      vertex -37.608 -37.608 1.5
      vertex -38.491 -38.7955 1.5
    endloop
  endfacet
  facet normal -0 0 -1
    outer loop
      vertex -37.608 -37.608 1.5
      vertex -38.6333 -38.6333 1.5
      vertex -37.9128 -37.3406 1.5
    endloop
  endfacet
  facet normal 0 0 -1
    outer loop
      vertex -38.7955 -38.491 1.5
      vertex -37.9128 -37.3406 1.5
      vertex -38.6333 -38.6333 1.5
    endloop
  endfacet
  facet normal -0 0 -1
    outer loop
      vertex -37.9128 -37.3406 1.5
      vertex -38.7955 -38.491 1.5
      vertex -38.25 -37.1153 1.5
    endloop
  endfacet
  facet normal 0 0 -1
    outer loop
      vertex -38.975 -38.3711 1.5
      vertex -38.25 -37.1153 1.5
      vertex -38.7955 -38.491 1.5
    endloop
  endfacet
  facet normal -0 0 -1
    outer loop
      vertex -38.25 -37.1153 1.5
      vertex -38.975 -38.3711 1.5
      vertex -38.6137 -36.936 1.5
    endloop
  endfacet
  facet normal 0 0 -1
    outer loop
      vertex -39.1686 -38.2756 1.5
      vertex -38.6137 -36.936 1.5
      vertex -38.975 -38.3711 1.5
    endloop
  endfacet
  facet normal -0 0 -1
    outer loop
      vertex -38.6137 -36.936 1.5
      vertex -39.1686 -38.2756 1.5
      vertex -38.9977 -36.8056 1.5
    endloop
  endfacet
  facet normal 0 0 -1
    outer loop
      vertex -39.3729 -38.2062 1.5
      vertex -38.9977 -36.8056 1.5
      vertex -39.1686 -38.2756 1.5
    endloop
  endfacet
  facet normal 0 0 -1
    outer loop
      vertex -39.3729 -38.2062 1.5
      vertex -39.3954 -36.7265 1.5
      vertex -38.9977 -36.8056 1.5
    endloop
  endfacet
  facet normal 0 0 -1
    outer loop
      vertex -39.5846 -38.1641 1.5
      vertex -39.3954 -36.7265 1.5
      vertex -39.3729 -38.2062 1.5
    endloop
  endfacet
  facet normal 0 0 -1
    outer loop
      vertex -39.8 -38.15 1.5
      vertex -39.3954 -36.7265 1.5
      vertex -39.5846 -38.1641 1.5
    endloop
  endfacet
  facet normal 0 0 -1
    outer loop
      vertex -39.8 -38.15 1.5
      vertex -39.8 -36.7 1.5
      vertex -39.3954 -36.7265 1.5
    endloop
  endfacet
  facet normal 0 0 -1
    outer loop
      vertex -40.0154 -38.1641 1.5
      vertex -39.8 -36.7 1.5
      vertex -39.8 -38.15 1.5
    endloop
  endfacet
  facet normal 0 0 -1
    outer loop
      vertex -40.0154 -38.1641 1.5
      vertex -40.2046 -36.7265 1.5
      vertex -39.8 -36.7 1.5
    endloop
  endfacet
  facet normal 0 0 -1
    outer loop
      vertex -40.2271 -38.2062 1.5
      vertex -40.2046 -36.7265 1.5
      vertex -40.0154 -38.1641 1.5
    endloop
  endfacet
  facet normal 0 0 -1
    outer loop
      vertex -40.6023 -36.8056 1.5
      vertex -40.2271 -38.2062 1.5
      vertex -40.4314 -38.2756 1.5
    endloop
  endfacet
  facet normal 0 0 -1
    outer loop
      vertex -40.2271 -38.2062 1.5
      vertex -40.6023 -36.8056 1.5
      vertex -40.2046 -36.7265 1.5
    endloop
  endfacet
  facet normal 0 0 -1
    outer loop
      vertex -40.9863 -36.936 1.5
      vertex -40.4314 -38.2756 1.5
      vertex -40.625 -38.3711 1.5
    endloop
  endfacet
  facet normal 0 0 -1
    outer loop
      vertex -41.35 -37.1153 1.5
      vertex -40.625 -38.3711 1.5
      vertex -40.8045 -38.491 1.5
    endloop
  endfacet
  facet normal 0 0 -1
    outer loop
      vertex -41.6872 -37.3406 1.5
      vertex -40.8045 -38.491 1.5
      vertex -40.9667 -38.6333 1.5
    endloop
  endfacet
  facet normal 0 0 -1
    outer loop
      vertex -40.4314 -38.2756 1.5
      vertex -40.9863 -36.936 1.5
      vertex -40.6023 -36.8056 1.5
    endloop
  endfacet
  facet normal 0 0 -1
    outer loop
      vertex -41.992 -37.608 1.5
      vertex -40.9667 -38.6333 1.5
      vertex -41.109 -38.7955 1.5
    endloop
  endfacet
  facet normal 0 0 -1
    outer loop
      vertex -42.2594 -37.9128 1.5
      vertex -41.109 -38.7955 1.5
      vertex -41.2289 -38.975 1.5
    endloop
  endfacet
  facet normal 0 0 -1
    outer loop
      vertex -42.4847 -38.25 1.5
      vertex -41.2289 -38.975 1.5
      vertex -41.3244 -39.1686 1.5
    endloop
  endfacet
  facet normal 0 0 -1
    outer loop
      vertex -40.625 -38.3711 1.5
      vertex -41.35 -37.1153 1.5
      vertex -40.9863 -36.936 1.5
    endloop
  endfacet
  facet normal 0 0 -1
    outer loop
      vertex -42.664 -38.6137 1.5
      vertex -41.3244 -39.1686 1.5
      vertex -41.3938 -39.3729 1.5
    endloop
  endfacet
  facet normal 0 0 -1
    outer loop
      vertex -42.7944 -38.9977 1.5
      vertex -41.3938 -39.3729 1.5
      vertex -41.4359 -39.5846 1.5
    endloop
  endfacet
  facet normal 0 0 -1
    outer loop
      vertex -42.8735 -39.3954 1.5
      vertex -41.4359 -39.5846 1.5
      vertex -41.45 -39.8 1.5
    endloop
  endfacet
  facet normal 0 0 -1
    outer loop
      vertex -42.664 -40.9863 1.5
      vertex -41.3244 -40.4314 1.5
      vertex -42.4847 -41.35 1.5
    endloop
  endfacet
  facet normal 0 0 -1
    outer loop
      vertex -40.8045 -38.491 1.5
      vertex -41.6872 -37.3406 1.5
      vertex -41.35 -37.1153 1.5
    endloop
  endfacet
  facet normal -0 0 -1
    outer loop
      vertex -41.3244 -40.4314 1.5
      vertex -42.664 -40.9863 1.5
      vertex -41.3938 -40.2271 1.5
    endloop
  endfacet
  facet normal 0 0 -1
    outer loop
      vertex -40.9667 -38.6333 1.5
      vertex -41.992 -37.608 1.5
      vertex -41.6872 -37.3406 1.5
    endloop
  endfacet
  facet normal 0 0 -1
    outer loop
      vertex -42.7944 -40.6023 1.5
      vertex -41.3938 -40.2271 1.5
      vertex -42.664 -40.9863 1.5
    endloop
  endfacet
  facet normal 0 0 -1
    outer loop
      vertex -41.109 -38.7955 1.5
      vertex -42.2594 -37.9128 1.5
      vertex -41.992 -37.608 1.5
    endloop
  endfacet
  facet normal -0 0 -1
    outer loop
      vertex -41.3938 -40.2271 1.5
      vertex -42.7944 -40.6023 1.5
      vertex -41.4359 -40.0154 1.5
    endloop
  endfacet
  facet normal 0 0 -1
    outer loop
      vertex -41.2289 -38.975 1.5
      vertex -42.4847 -38.25 1.5
      vertex -42.2594 -37.9128 1.5
    endloop
  endfacet
  facet normal 0 0 -1
    outer loop
      vertex -42.8735 -40.2046 1.5
      vertex -41.4359 -40.0154 1.5
      vertex -42.7944 -40.6023 1.5
    endloop
  endfacet
  facet normal 0 0 -1
    outer loop
      vertex -41.3244 -39.1686 1.5
      vertex -42.664 -38.6137 1.5
      vertex -42.4847 -38.25 1.5
    endloop
  endfacet
  facet normal -0 0 -1
    outer loop
      vertex -41.4359 -40.0154 1.5
      vertex -42.8735 -40.2046 1.5
      vertex -41.45 -39.8 1.5
    endloop
  endfacet
  facet normal 0 0 -1
    outer loop
      vertex -41.3938 -39.3729 1.5
      vertex -42.7944 -38.9977 1.5
      vertex -42.664 -38.6137 1.5
    endloop
  endfacet
  facet normal 0 0 -1
    outer loop
      vertex -42.9 -39.8 1.5
      vertex -41.45 -39.8 1.5
      vertex -42.8735 -40.2046 1.5
    endloop
  endfacet
  facet normal 0 0 -1
    outer loop
      vertex -41.4359 -39.5846 1.5
      vertex -42.8735 -39.3954 1.5
      vertex -42.7944 -38.9977 1.5
    endloop
  endfacet
  facet normal 0 0 -1
    outer loop
      vertex -41.45 -39.8 1.5
      vertex -42.9 -39.8 1.5
      vertex -42.8735 -39.3954 1.5
    endloop
  endfacet
  facet normal 0.946893 -0.321549 0
    outer loop
      vertex -42.7944 -38.9977 1.5
      vertex -42.664 -38.6137 0
      vertex -42.664 -38.6137 1.5
    endloop
  endfacet
  facet normal 0.946893 -0.321549 0
    outer loop
      vertex -42.664 -38.6137 0
      vertex -42.7944 -38.9977 1.5
      vertex -42.7944 -38.9977 0
    endloop
  endfacet
  facet normal 0.980789 -0.195073 0
    outer loop
      vertex -42.8735 -39.3954 1.5
      vertex -42.7944 -38.9977 0
      vertex -42.7944 -38.9977 1.5
    endloop
  endfacet
  facet normal 0.980789 -0.195073 0
    outer loop
      vertex -42.7944 -38.9977 0
      vertex -42.8735 -39.3954 1.5
      vertex -42.8735 -39.3954 0
    endloop
  endfacet
  facet normal 0.831481 -0.555553 0
    outer loop
      vertex -42.4847 -38.25 1.5
      vertex -42.2594 -37.9128 0
      vertex -42.2594 -37.9128 1.5
    endloop
  endfacet
  facet normal 0.831481 -0.555553 0
    outer loop
      vertex -42.2594 -37.9128 0
      vertex -42.4847 -38.25 1.5
      vertex -42.4847 -38.25 0
    endloop
  endfacet
  facet normal 0.555553 -0.831481 0
    outer loop
      vertex -41.6872 -37.3406 0
      vertex -41.35 -37.1153 1.5
      vertex -41.6872 -37.3406 1.5
    endloop
  endfacet
  facet normal 0.555553 -0.831481 0
    outer loop
      vertex -41.35 -37.1153 1.5
      vertex -41.6872 -37.3406 0
      vertex -41.35 -37.1153 0
    endloop
  endfacet
  facet normal 0.442176 -0.896928 0
    outer loop
      vertex -41.35 -37.1153 0
      vertex -40.9863 -36.936 1.5
      vertex -41.35 -37.1153 1.5
    endloop
  endfacet
  facet normal 0.442176 -0.896928 0
    outer loop
      vertex -40.9863 -36.936 1.5
      vertex -41.35 -37.1153 0
      vertex -40.9863 -36.936 0
    endloop
  endfacet
  facet normal -0.997862 -0.0653568 0
    outer loop
      vertex -36.7 -39.8 0
      vertex -36.7265 -39.3954 1.5
      vertex -36.7265 -39.3954 0
    endloop
  endfacet
  facet normal -0.997862 -0.0653568 0
    outer loop
      vertex -36.7265 -39.3954 1.5
      vertex -36.7 -39.8 0
      vertex -36.7 -39.8 1.5
    endloop
  endfacet
  facet normal 0.997862 0.0653568 0
    outer loop
      vertex -42.8735 -40.2046 1.5
      vertex -42.9 -39.8 0
      vertex -42.9 -39.8 1.5
    endloop
  endfacet
  facet normal 0.997862 0.0653568 0
    outer loop
      vertex -42.9 -39.8 0
      vertex -42.8735 -40.2046 1.5
      vertex -42.8735 -40.2046 0
    endloop
  endfacet
  facet normal 0.751721 0.659482 0
    outer loop
      vertex -41.992 -41.992 1.5
      vertex -42.2594 -41.6872 0
      vertex -42.2594 -41.6872 1.5
    endloop
  endfacet
  facet normal 0.751721 0.659482 0
    outer loop
      vertex -42.2594 -41.6872 0
      vertex -41.992 -41.992 1.5
      vertex -41.992 -41.992 0
    endloop
  endfacet
  facet normal -0.195073 0.980789 0
    outer loop
      vertex -38.9977 -42.7944 0
      vertex -39.3954 -42.8735 1.5
      vertex -38.9977 -42.7944 1.5
    endloop
  endfacet
  facet normal -0.195073 0.980789 0
    outer loop
      vertex -39.3954 -42.8735 1.5
      vertex -38.9977 -42.7944 0
      vertex -39.3954 -42.8735 0
    endloop
  endfacet
  facet normal -0.442176 0.896928 0
    outer loop
      vertex -38.25 -42.4847 0
      vertex -38.6137 -42.664 1.5
      vertex -38.25 -42.4847 1.5
    endloop
  endfacet
  facet normal -0.442176 0.896928 0
    outer loop
      vertex -38.6137 -42.664 1.5
      vertex -38.25 -42.4847 0
      vertex -38.6137 -42.664 0
    endloop
  endfacet
  facet normal -0.980789 -0.195073 0
    outer loop
      vertex -36.7265 -39.3954 0
      vertex -36.8056 -38.9977 1.5
      vertex -36.8056 -38.9977 0
    endloop
  endfacet
  facet normal -0.980789 -0.195073 0
    outer loop
      vertex -36.8056 -38.9977 1.5
      vertex -36.7265 -39.3954 0
      vertex -36.7265 -39.3954 1.5
    endloop
  endfacet
  facet normal -0.0653568 -0.997862 0
    outer loop
      vertex -39.8 -36.7 0
      vertex -39.3954 -36.7265 1.5
      vertex -39.8 -36.7 1.5
    endloop
  endfacet
  facet normal -0.0653568 -0.997862 -0
    outer loop
      vertex -39.3954 -36.7265 1.5
      vertex -39.8 -36.7 0
      vertex -39.3954 -36.7265 0
    endloop
  endfacet
  facet normal -0.751721 0.659482 0
    outer loop
      vertex -37.608 -41.992 0
      vertex -37.3406 -41.6872 1.5
      vertex -37.3406 -41.6872 0
    endloop
  endfacet
  facet normal -0.751721 0.659482 0
    outer loop
      vertex -37.3406 -41.6872 1.5
      vertex -37.608 -41.992 0
      vertex -37.608 -41.992 1.5
    endloop
  endfacet
  facet normal -0.831481 0.555553 0
    outer loop
      vertex -37.3406 -41.6872 0
      vertex -37.1153 -41.35 1.5
      vertex -37.1153 -41.35 0
    endloop
  endfacet
  facet normal -0.831481 0.555553 0
    outer loop
      vertex -37.1153 -41.35 1.5
      vertex -37.3406 -41.6872 0
      vertex -37.3406 -41.6872 1.5
    endloop
  endfacet
  facet normal -0.896928 0.442176 0
    outer loop
      vertex -37.1153 -41.35 0
      vertex -36.936 -40.9863 1.5
      vertex -36.936 -40.9863 0
    endloop
  endfacet
  facet normal -0.896928 0.442176 0
    outer loop
      vertex -36.936 -40.9863 1.5
      vertex -37.1153 -41.35 0
      vertex -37.1153 -41.35 1.5
    endloop
  endfacet
  facet normal 0.946893 0.321549 0
    outer loop
      vertex -42.664 -40.9863 1.5
      vertex -42.7944 -40.6023 0
      vertex -42.7944 -40.6023 1.5
    endloop
  endfacet
  facet normal 0.946893 0.321549 0
    outer loop
      vertex -42.7944 -40.6023 0
      vertex -42.664 -40.9863 1.5
      vertex -42.664 -40.9863 0
    endloop
  endfacet
  facet normal 0.980789 0.195073 0
    outer loop
      vertex -42.7944 -40.6023 1.5
      vertex -42.8735 -40.2046 0
      vertex -42.8735 -40.2046 1.5
    endloop
  endfacet
  facet normal 0.980789 0.195073 0
    outer loop
      vertex -42.8735 -40.2046 0
      vertex -42.7944 -40.6023 1.5
      vertex -42.7944 -40.6023 0
    endloop
  endfacet
  facet normal -0.321549 0.946893 0
    outer loop
      vertex -38.6137 -42.664 0
      vertex -38.9977 -42.7944 1.5
      vertex -38.6137 -42.664 1.5
    endloop
  endfacet
  facet normal -0.321549 0.946893 0
    outer loop
      vertex -38.9977 -42.7944 1.5
      vertex -38.6137 -42.664 0
      vertex -38.9977 -42.7944 0
    endloop
  endfacet
  facet normal -0.659482 0.751721 0
    outer loop
      vertex -37.608 -41.992 0
      vertex -37.9128 -42.2594 1.5
      vertex -37.608 -41.992 1.5
    endloop
  endfacet
  facet normal -0.659482 0.751721 0
    outer loop
      vertex -37.9128 -42.2594 1.5
      vertex -37.608 -41.992 0
      vertex -37.9128 -42.2594 0
    endloop
  endfacet
  facet normal -0.555553 0.831481 0
    outer loop
      vertex -37.9128 -42.2594 0
      vertex -38.25 -42.4847 1.5
      vertex -37.9128 -42.2594 1.5
    endloop
  endfacet
  facet normal -0.555553 0.831481 0
    outer loop
      vertex -38.25 -42.4847 1.5
      vertex -37.9128 -42.2594 0
      vertex -38.25 -42.4847 0
    endloop
  endfacet
  facet normal -0.0653568 0.997862 0
    outer loop
      vertex -39.3954 -42.8735 0
      vertex -39.8 -42.9 1.5
      vertex -39.3954 -42.8735 1.5
    endloop
  endfacet
  facet normal -0.0653568 0.997862 0
    outer loop
      vertex -39.8 -42.9 1.5
      vertex -39.3954 -42.8735 0
      vertex -39.8 -42.9 0
    endloop
  endfacet
  facet normal 0.555553 0.831481 -0
    outer loop
      vertex -41.35 -42.4847 0
      vertex -41.6872 -42.2594 1.5
      vertex -41.35 -42.4847 1.5
    endloop
  endfacet
  facet normal 0.555553 0.831481 0
    outer loop
      vertex -41.6872 -42.2594 1.5
      vertex -41.35 -42.4847 0
      vertex -41.6872 -42.2594 0
    endloop
  endfacet
  facet normal 0.0653568 0.997862 -0
    outer loop
      vertex -39.8 -42.9 0
      vertex -40.2046 -42.8735 1.5
      vertex -39.8 -42.9 1.5
    endloop
  endfacet
  facet normal 0.0653568 0.997862 0
    outer loop
      vertex -40.2046 -42.8735 1.5
      vertex -39.8 -42.9 0
      vertex -40.2046 -42.8735 0
    endloop
  endfacet
  facet normal 0.321549 0.946893 -0
    outer loop
      vertex -40.6023 -42.7944 0
      vertex -40.9863 -42.664 1.5
      vertex -40.6023 -42.7944 1.5
    endloop
  endfacet
  facet normal 0.321549 0.946893 0
    outer loop
      vertex -40.9863 -42.664 1.5
      vertex -40.6023 -42.7944 0
      vertex -40.9863 -42.664 0
    endloop
  endfacet
  facet normal 0.195073 0.980789 -0
    outer loop
      vertex -40.2046 -42.8735 0
      vertex -40.6023 -42.7944 1.5
      vertex -40.2046 -42.8735 1.5
    endloop
  endfacet
  facet normal 0.195073 0.980789 0
    outer loop
      vertex -40.6023 -42.7944 1.5
      vertex -40.2046 -42.8735 0
      vertex -40.6023 -42.7944 0
    endloop
  endfacet
  facet normal 0.831481 0.555553 0
    outer loop
      vertex -42.2594 -41.6872 1.5
      vertex -42.4847 -41.35 0
      vertex -42.4847 -41.35 1.5
    endloop
  endfacet
  facet normal 0.831481 0.555553 0
    outer loop
      vertex -42.4847 -41.35 0
      vertex -42.2594 -41.6872 1.5
      vertex -42.2594 -41.6872 0
    endloop
  endfacet
  facet normal 0.896928 0.442176 0
    outer loop
      vertex -42.4847 -41.35 1.5
      vertex -42.664 -40.9863 0
      vertex -42.664 -40.9863 1.5
    endloop
  endfacet
  facet normal 0.896928 0.442176 0
    outer loop
      vertex -42.664 -40.9863 0
      vertex -42.4847 -41.35 1.5
      vertex -42.4847 -41.35 0
    endloop
  endfacet
  facet normal 0.442176 0.896928 -0
    outer loop
      vertex -40.9863 -42.664 0
      vertex -41.35 -42.4847 1.5
      vertex -40.9863 -42.664 1.5
    endloop
  endfacet
  facet normal 0.442176 0.896928 0
    outer loop
      vertex -41.35 -42.4847 1.5
      vertex -40.9863 -42.664 0
      vertex -41.35 -42.4847 0
    endloop
  endfacet
  facet normal -0.659488 -0.751715 0
    outer loop
      vertex -38.7955 41.109 1.5
      vertex -38.6333 40.9667 2.4
      vertex -38.7955 41.109 2.4
    endloop
  endfacet
  facet normal -0.659488 -0.751715 -0
    outer loop
      vertex -38.6333 40.9667 2.4
      vertex -38.7955 41.109 1.5
      vertex -38.6333 40.9667 1.5
    endloop
  endfacet
  facet normal 0.321645 -0.94686 0
    outer loop
      vertex -40.4314 41.3244 1.5
      vertex -40.2271 41.3938 2.4
      vertex -40.4314 41.3244 2.4
    endloop
  endfacet
  facet normal 0.321645 -0.94686 0
    outer loop
      vertex -40.2271 41.3938 2.4
      vertex -40.4314 41.3244 1.5
      vertex -40.2271 41.3938 1.5
    endloop
  endfacet
  facet normal 0.896823 -0.442389 0
    outer loop
      vertex -41.3244 40.4314 2.4
      vertex -41.2289 40.625 1.5
      vertex -41.2289 40.625 2.4
    endloop
  endfacet
  facet normal 0.896823 -0.442389 0
    outer loop
      vertex -41.2289 40.625 1.5
      vertex -41.3244 40.4314 2.4
      vertex -41.3244 40.4314 1.5
    endloop
  endfacet
  facet normal 0.94686 0.321645 0
    outer loop
      vertex -41.3244 39.1686 2.4
      vertex -41.3938 39.3729 1.5
      vertex -41.3938 39.3729 2.4
    endloop
  endfacet
  facet normal 0.94686 0.321645 0
    outer loop
      vertex -41.3938 39.3729 1.5
      vertex -41.3244 39.1686 2.4
      vertex -41.3244 39.1686 1.5
    endloop
  endfacet
  facet normal -0.896823 -0.442389 0
    outer loop
      vertex -38.2756 40.4314 1.5
      vertex -38.3711 40.625 2.4
      vertex -38.3711 40.625 1.5
    endloop
  endfacet
  facet normal -0.896823 -0.442389 0
    outer loop
      vertex -38.3711 40.625 2.4
      vertex -38.2756 40.4314 1.5
      vertex -38.2756 40.4314 2.4
    endloop
  endfacet
  facet normal -0.831551 -0.555448 0
    outer loop
      vertex -38.3711 40.625 1.5
      vertex -38.491 40.8045 2.4
      vertex -38.491 40.8045 1.5
    endloop
  endfacet
  facet normal -0.831551 -0.555448 0
    outer loop
      vertex -38.491 40.8045 2.4
      vertex -38.3711 40.625 1.5
      vertex -38.3711 40.625 2.4
    endloop
  endfacet
  facet normal -0.751715 -0.659488 0
    outer loop
      vertex -38.491 40.8045 1.5
      vertex -38.6333 40.9667 2.4
      vertex -38.6333 40.9667 1.5
    endloop
  endfacet
  facet normal -0.751715 -0.659488 0
    outer loop
      vertex -38.6333 40.9667 2.4
      vertex -38.491 40.8045 1.5
      vertex -38.491 40.8045 2.4
    endloop
  endfacet
  facet normal -0.442389 -0.896823 0
    outer loop
      vertex -39.1686 41.3244 1.5
      vertex -38.975 41.2289 2.4
      vertex -39.1686 41.3244 2.4
    endloop
  endfacet
  facet normal -0.442389 -0.896823 -0
    outer loop
      vertex -38.975 41.2289 2.4
      vertex -39.1686 41.3244 1.5
      vertex -38.975 41.2289 1.5
    endloop
  endfacet
  facet normal -0.0653198 -0.997864 0
    outer loop
      vertex -39.8 41.45 1.5
      vertex -39.5846 41.4359 2.4
      vertex -39.8 41.45 2.4
    endloop
  endfacet
  facet normal -0.0653198 -0.997864 -0
    outer loop
      vertex -39.5846 41.4359 2.4
      vertex -39.8 41.45 1.5
      vertex -39.5846 41.4359 1.5
    endloop
  endfacet
  facet normal 0.997864 -0.0653198 0
    outer loop
      vertex -41.45 39.8 2.4
      vertex -41.4359 40.0154 1.5
      vertex -41.4359 40.0154 2.4
    endloop
  endfacet
  facet normal 0.997864 -0.0653198 0
    outer loop
      vertex -41.4359 40.0154 1.5
      vertex -41.45 39.8 2.4
      vertex -41.45 39.8 1.5
    endloop
  endfacet
  facet normal 0.751715 -0.659488 0
    outer loop
      vertex -41.109 40.8045 2.4
      vertex -40.9667 40.9667 1.5
      vertex -40.9667 40.9667 2.4
    endloop
  endfacet
  facet normal 0.751715 -0.659488 0
    outer loop
      vertex -40.9667 40.9667 1.5
      vertex -41.109 40.8045 2.4
      vertex -41.109 40.8045 1.5
    endloop
  endfacet
  facet normal 0.442389 -0.896823 0
    outer loop
      vertex -40.625 41.2289 1.5
      vertex -40.4314 41.3244 2.4
      vertex -40.625 41.2289 2.4
    endloop
  endfacet
  facet normal 0.442389 -0.896823 0
    outer loop
      vertex -40.4314 41.3244 2.4
      vertex -40.625 41.2289 1.5
      vertex -40.4314 41.3244 1.5
    endloop
  endfacet
  facet normal 0.0653198 -0.997864 0
    outer loop
      vertex -40.0154 41.4359 1.5
      vertex -39.8 41.45 2.4
      vertex -40.0154 41.4359 2.4
    endloop
  endfacet
  facet normal 0.0653198 -0.997864 0
    outer loop
      vertex -39.8 41.45 2.4
      vertex -40.0154 41.4359 1.5
      vertex -39.8 41.45 1.5
    endloop
  endfacet
  facet normal -0.997864 0.0653198 0
    outer loop
      vertex -38.1641 39.5846 1.5
      vertex -38.15 39.8 2.4
      vertex -38.15 39.8 1.5
    endloop
  endfacet
  facet normal -0.997864 0.0653198 0
    outer loop
      vertex -38.15 39.8 2.4
      vertex -38.1641 39.5846 1.5
      vertex -38.1641 39.5846 2.4
    endloop
  endfacet
  facet normal -0.0653198 0.997864 0
    outer loop
      vertex -39.5846 38.1641 1.5
      vertex -39.8 38.15 2.4
      vertex -39.5846 38.1641 2.4
    endloop
  endfacet
  facet normal -0.0653198 0.997864 0
    outer loop
      vertex -39.8 38.15 2.4
      vertex -39.5846 38.1641 1.5
      vertex -39.8 38.15 1.5
    endloop
  endfacet
  facet normal -0.442389 0.896823 0
    outer loop
      vertex -38.975 38.3711 1.5
      vertex -39.1686 38.2756 2.4
      vertex -38.975 38.3711 2.4
    endloop
  endfacet
  facet normal -0.442389 0.896823 0
    outer loop
      vertex -39.1686 38.2756 2.4
      vertex -38.975 38.3711 1.5
      vertex -39.1686 38.2756 1.5
    endloop
  endfacet
  facet normal -0.751715 0.659488 0
    outer loop
      vertex -38.6333 38.6333 1.5
      vertex -38.491 38.7955 2.4
      vertex -38.491 38.7955 1.5
    endloop
  endfacet
  facet normal -0.751715 0.659488 0
    outer loop
      vertex -38.491 38.7955 2.4
      vertex -38.6333 38.6333 1.5
      vertex -38.6333 38.6333 2.4
    endloop
  endfacet
  facet normal 0.0653198 0.997864 -0
    outer loop
      vertex -39.8 38.15 1.5
      vertex -40.0154 38.1641 2.4
      vertex -39.8 38.15 2.4
    endloop
  endfacet
  facet normal 0.0653198 0.997864 0
    outer loop
      vertex -40.0154 38.1641 2.4
      vertex -39.8 38.15 1.5
      vertex -40.0154 38.1641 1.5
    endloop
  endfacet
  facet normal 0.659488 0.751715 -0
    outer loop
      vertex -40.8045 38.491 1.5
      vertex -40.9667 38.6333 2.4
      vertex -40.8045 38.491 2.4
    endloop
  endfacet
  facet normal 0.659488 0.751715 0
    outer loop
      vertex -40.9667 38.6333 2.4
      vertex -40.8045 38.491 1.5
      vertex -40.9667 38.6333 1.5
    endloop
  endfacet
  facet normal 0.896823 0.442389 0
    outer loop
      vertex -41.2289 38.975 2.4
      vertex -41.3244 39.1686 1.5
      vertex -41.3244 39.1686 2.4
    endloop
  endfacet
  facet normal 0.896823 0.442389 0
    outer loop
      vertex -41.3244 39.1686 1.5
      vertex -41.2289 38.975 2.4
      vertex -41.2289 38.975 1.5
    endloop
  endfacet
  facet normal 0.997864 0.0653198 0
    outer loop
      vertex -41.4359 39.5846 2.4
      vertex -41.45 39.8 1.5
      vertex -41.45 39.8 2.4
    endloop
  endfacet
  facet normal 0.997864 0.0653198 0
    outer loop
      vertex -41.45 39.8 1.5
      vertex -41.4359 39.5846 2.4
      vertex -41.4359 39.5846 1.5
    endloop
  endfacet
  facet normal -0.980794 -0.195047 0
    outer loop
      vertex -38.1641 40.0154 1.5
      vertex -38.2062 40.2271 2.4
      vertex -38.2062 40.2271 1.5
    endloop
  endfacet
  facet normal -0.980794 -0.195047 0
    outer loop
      vertex -38.2062 40.2271 2.4
      vertex -38.1641 40.0154 1.5
      vertex -38.1641 40.0154 2.4
    endloop
  endfacet
  facet normal -0.94686 -0.321645 0
    outer loop
      vertex -38.2062 40.2271 1.5
      vertex -38.2756 40.4314 2.4
      vertex -38.2756 40.4314 1.5
    endloop
  endfacet
  facet normal -0.94686 -0.321645 0
    outer loop
      vertex -38.2756 40.4314 2.4
      vertex -38.2062 40.2271 1.5
      vertex -38.2062 40.2271 2.4
    endloop
  endfacet
  facet normal -0.555448 -0.831551 0
    outer loop
      vertex -38.975 41.2289 1.5
      vertex -38.7955 41.109 2.4
      vertex -38.975 41.2289 2.4
    endloop
  endfacet
  facet normal -0.555448 -0.831551 -0
    outer loop
      vertex -38.7955 41.109 2.4
      vertex -38.975 41.2289 1.5
      vertex -38.7955 41.109 1.5
    endloop
  endfacet
  facet normal -0.321645 -0.94686 0
    outer loop
      vertex -39.3729 41.3938 1.5
      vertex -39.1686 41.3244 2.4
      vertex -39.3729 41.3938 2.4
    endloop
  endfacet
  facet normal -0.321645 -0.94686 -0
    outer loop
      vertex -39.1686 41.3244 2.4
      vertex -39.3729 41.3938 1.5
      vertex -39.1686 41.3244 1.5
    endloop
  endfacet
  facet normal -0.195047 -0.980794 0
    outer loop
      vertex -39.5846 41.4359 1.5
      vertex -39.3729 41.3938 2.4
      vertex -39.5846 41.4359 2.4
    endloop
  endfacet
  facet normal -0.195047 -0.980794 -0
    outer loop
      vertex -39.3729 41.3938 2.4
      vertex -39.5846 41.4359 1.5
      vertex -39.3729 41.3938 1.5
    endloop
  endfacet
  facet normal 0.94686 -0.321645 0
    outer loop
      vertex -41.3938 40.2271 2.4
      vertex -41.3244 40.4314 1.5
      vertex -41.3244 40.4314 2.4
    endloop
  endfacet
  facet normal 0.94686 -0.321645 0
    outer loop
      vertex -41.3244 40.4314 1.5
      vertex -41.3938 40.2271 2.4
      vertex -41.3938 40.2271 1.5
    endloop
  endfacet
  facet normal 0.980794 -0.195047 0
    outer loop
      vertex -41.4359 40.0154 2.4
      vertex -41.3938 40.2271 1.5
      vertex -41.3938 40.2271 2.4
    endloop
  endfacet
  facet normal 0.980794 -0.195047 0
    outer loop
      vertex -41.3938 40.2271 1.5
      vertex -41.4359 40.0154 2.4
      vertex -41.4359 40.0154 1.5
    endloop
  endfacet
  facet normal 0.831551 -0.555448 0
    outer loop
      vertex -41.2289 40.625 2.4
      vertex -41.109 40.8045 1.5
      vertex -41.109 40.8045 2.4
    endloop
  endfacet
  facet normal 0.831551 -0.555448 0
    outer loop
      vertex -41.109 40.8045 1.5
      vertex -41.2289 40.625 2.4
      vertex -41.2289 40.625 1.5
    endloop
  endfacet
  facet normal 0.195047 -0.980794 0
    outer loop
      vertex -40.2271 41.3938 1.5
      vertex -40.0154 41.4359 2.4
      vertex -40.2271 41.3938 2.4
    endloop
  endfacet
  facet normal 0.195047 -0.980794 0
    outer loop
      vertex -40.0154 41.4359 2.4
      vertex -40.2271 41.3938 1.5
      vertex -40.0154 41.4359 1.5
    endloop
  endfacet
  facet normal 0.555448 -0.831551 0
    outer loop
      vertex -40.8045 41.109 1.5
      vertex -40.625 41.2289 2.4
      vertex -40.8045 41.109 2.4
    endloop
  endfacet
  facet normal 0.555448 -0.831551 0
    outer loop
      vertex -40.625 41.2289 2.4
      vertex -40.8045 41.109 1.5
      vertex -40.625 41.2289 1.5
    endloop
  endfacet
  facet normal 0.659488 -0.751715 0
    outer loop
      vertex -40.9667 40.9667 1.5
      vertex -40.8045 41.109 2.4
      vertex -40.9667 40.9667 2.4
    endloop
  endfacet
  facet normal 0.659488 -0.751715 0
    outer loop
      vertex -40.8045 41.109 2.4
      vertex -40.9667 40.9667 1.5
      vertex -40.8045 41.109 1.5
    endloop
  endfacet
  facet normal -0.997864 -0.0653198 0
    outer loop
      vertex -38.15 39.8 1.5
      vertex -38.1641 40.0154 2.4
      vertex -38.1641 40.0154 1.5
    endloop
  endfacet
  facet normal -0.997864 -0.0653198 0
    outer loop
      vertex -38.1641 40.0154 2.4
      vertex -38.15 39.8 1.5
      vertex -38.15 39.8 2.4
    endloop
  endfacet
  facet normal -0.94686 0.321645 0
    outer loop
      vertex -38.2756 39.1686 1.5
      vertex -38.2062 39.3729 2.4
      vertex -38.2062 39.3729 1.5
    endloop
  endfacet
  facet normal -0.94686 0.321645 0
    outer loop
      vertex -38.2062 39.3729 2.4
      vertex -38.2756 39.1686 1.5
      vertex -38.2756 39.1686 2.4
    endloop
  endfacet
  facet normal -0.195047 0.980794 0
    outer loop
      vertex -39.3729 38.2062 1.5
      vertex -39.5846 38.1641 2.4
      vertex -39.3729 38.2062 2.4
    endloop
  endfacet
  facet normal -0.195047 0.980794 0
    outer loop
      vertex -39.5846 38.1641 2.4
      vertex -39.3729 38.2062 1.5
      vertex -39.5846 38.1641 1.5
    endloop
  endfacet
  facet normal -0.555448 0.831551 0
    outer loop
      vertex -38.7955 38.491 1.5
      vertex -38.975 38.3711 2.4
      vertex -38.7955 38.491 2.4
    endloop
  endfacet
  facet normal -0.555448 0.831551 0
    outer loop
      vertex -38.975 38.3711 2.4
      vertex -38.7955 38.491 1.5
      vertex -38.975 38.3711 1.5
    endloop
  endfacet
  facet normal -0.896823 0.442389 0
    outer loop
      vertex -38.3711 38.975 1.5
      vertex -38.2756 39.1686 2.4
      vertex -38.2756 39.1686 1.5
    endloop
  endfacet
  facet normal -0.896823 0.442389 0
    outer loop
      vertex -38.2756 39.1686 2.4
      vertex -38.3711 38.975 1.5
      vertex -38.3711 38.975 2.4
    endloop
  endfacet
  facet normal 0.321645 0.94686 -0
    outer loop
      vertex -40.2271 38.2062 1.5
      vertex -40.4314 38.2756 2.4
      vertex -40.2271 38.2062 2.4
    endloop
  endfacet
  facet normal 0.321645 0.94686 0
    outer loop
      vertex -40.4314 38.2756 2.4
      vertex -40.2271 38.2062 1.5
      vertex -40.4314 38.2756 1.5
    endloop
  endfacet
  facet normal 0.442389 0.896823 -0
    outer loop
      vertex -40.4314 38.2756 1.5
      vertex -40.625 38.3711 2.4
      vertex -40.4314 38.2756 2.4
    endloop
  endfacet
  facet normal 0.442389 0.896823 0
    outer loop
      vertex -40.625 38.3711 2.4
      vertex -40.4314 38.2756 1.5
      vertex -40.625 38.3711 1.5
    endloop
  endfacet
  facet normal 0.980794 0.195047 0
    outer loop
      vertex -41.3938 39.3729 2.4
      vertex -41.4359 39.5846 1.5
      vertex -41.4359 39.5846 2.4
    endloop
  endfacet
  facet normal 0.980794 0.195047 0
    outer loop
      vertex -41.4359 39.5846 1.5
      vertex -41.3938 39.3729 2.4
      vertex -41.3938 39.3729 1.5
    endloop
  endfacet
  facet normal 0.831551 0.555448 0
    outer loop
      vertex -41.109 38.7955 2.4
      vertex -41.2289 38.975 1.5
      vertex -41.2289 38.975 2.4
    endloop
  endfacet
  facet normal 0.831551 0.555448 0
    outer loop
      vertex -41.2289 38.975 1.5
      vertex -41.109 38.7955 2.4
      vertex -41.109 38.7955 1.5
    endloop
  endfacet
  facet normal -0.980794 0.195047 0
    outer loop
      vertex -38.2062 39.3729 1.5
      vertex -38.1641 39.5846 2.4
      vertex -38.1641 39.5846 1.5
    endloop
  endfacet
  facet normal -0.980794 0.195047 0
    outer loop
      vertex -38.1641 39.5846 2.4
      vertex -38.2062 39.3729 1.5
      vertex -38.2062 39.3729 2.4
    endloop
  endfacet
  facet normal -0.321645 0.94686 0
    outer loop
      vertex -39.1686 38.2756 1.5
      vertex -39.3729 38.2062 2.4
      vertex -39.1686 38.2756 2.4
    endloop
  endfacet
  facet normal -0.321645 0.94686 0
    outer loop
      vertex -39.3729 38.2062 2.4
      vertex -39.1686 38.2756 1.5
      vertex -39.3729 38.2062 1.5
    endloop
  endfacet
  facet normal -0.659488 0.751715 0
    outer loop
      vertex -38.6333 38.6333 1.5
      vertex -38.7955 38.491 2.4
      vertex -38.6333 38.6333 2.4
    endloop
  endfacet
  facet normal -0.659488 0.751715 0
    outer loop
      vertex -38.7955 38.491 2.4
      vertex -38.6333 38.6333 1.5
      vertex -38.7955 38.491 1.5
    endloop
  endfacet
  facet normal -0.831551 0.555448 0
    outer loop
      vertex -38.491 38.7955 1.5
      vertex -38.3711 38.975 2.4
      vertex -38.3711 38.975 1.5
    endloop
  endfacet
  facet normal -0.831551 0.555448 0
    outer loop
      vertex -38.3711 38.975 2.4
      vertex -38.491 38.7955 1.5
      vertex -38.491 38.7955 2.4
    endloop
  endfacet
  facet normal 0.195047 0.980794 -0
    outer loop
      vertex -40.0154 38.1641 1.5
      vertex -40.2271 38.2062 2.4
      vertex -40.0154 38.1641 2.4
    endloop
  endfacet
  facet normal 0.195047 0.980794 0
    outer loop
      vertex -40.2271 38.2062 2.4
      vertex -40.0154 38.1641 1.5
      vertex -40.2271 38.2062 1.5
    endloop
  endfacet
  facet normal 0.555448 0.831551 -0
    outer loop
      vertex -40.625 38.3711 1.5
      vertex -40.8045 38.491 2.4
      vertex -40.625 38.3711 2.4
    endloop
  endfacet
  facet normal 0.555448 0.831551 0
    outer loop
      vertex -40.8045 38.491 2.4
      vertex -40.625 38.3711 1.5
      vertex -40.8045 38.491 1.5
    endloop
  endfacet
  facet normal 0.751715 0.659488 0
    outer loop
      vertex -40.9667 38.6333 2.4
      vertex -41.109 38.7955 1.5
      vertex -41.109 38.7955 2.4
    endloop
  endfacet
  facet normal 0.751715 0.659488 0
    outer loop
      vertex -41.109 38.7955 1.5
      vertex -40.9667 38.6333 2.4
      vertex -40.9667 38.6333 1.5
    endloop
  endfacet
  facet normal -0.997862 -0.0653568 0
    outer loop
      vertex -36.7 39.8 0
      vertex -36.7265 40.2046 1.5
      vertex -36.7265 40.2046 0
    endloop
  endfacet
  facet normal -0.997862 -0.0653568 0
    outer loop
      vertex -36.7265 40.2046 1.5
      vertex -36.7 39.8 0
      vertex -36.7 39.8 1.5
    endloop
  endfacet
  facet normal 0.997862 -0.0653568 0
    outer loop
      vertex -42.9 39.8 1.5
      vertex -42.8735 40.2046 0
      vertex -42.8735 40.2046 1.5
    endloop
  endfacet
  facet normal 0.997862 -0.0653568 0
    outer loop
      vertex -42.8735 40.2046 0
      vertex -42.9 39.8 1.5
      vertex -42.9 39.8 0
    endloop
  endfacet
  facet normal 0.0653568 -0.997862 0
    outer loop
      vertex -40.2046 42.8735 0
      vertex -39.8 42.9 1.5
      vertex -40.2046 42.8735 1.5
    endloop
  endfacet
  facet normal 0.0653568 -0.997862 0
    outer loop
      vertex -39.8 42.9 1.5
      vertex -40.2046 42.8735 0
      vertex -39.8 42.9 0
    endloop
  endfacet
  facet normal -0.659482 -0.751721 0
    outer loop
      vertex -37.9128 42.2594 0
      vertex -37.608 41.992 1.5
      vertex -37.9128 42.2594 1.5
    endloop
  endfacet
  facet normal -0.659482 -0.751721 -0
    outer loop
      vertex -37.608 41.992 1.5
      vertex -37.9128 42.2594 0
      vertex -37.608 41.992 0
    endloop
  endfacet
  facet normal 0.659482 -0.751721 0
    outer loop
      vertex -41.992 41.992 0
      vertex -41.6872 42.2594 1.5
      vertex -41.992 41.992 1.5
    endloop
  endfacet
  facet normal 0.659482 -0.751721 0
    outer loop
      vertex -41.6872 42.2594 1.5
      vertex -41.992 41.992 0
      vertex -41.6872 42.2594 0
    endloop
  endfacet
  facet normal 0.321549 -0.946893 0
    outer loop
      vertex -40.9863 42.664 0
      vertex -40.6023 42.7944 1.5
      vertex -40.9863 42.664 1.5
    endloop
  endfacet
  facet normal 0.321549 -0.946893 0
    outer loop
      vertex -40.6023 42.7944 1.5
      vertex -40.9863 42.664 0
      vertex -40.6023 42.7944 0
    endloop
  endfacet
  facet normal -0.896928 -0.442176 0
    outer loop
      vertex -36.936 40.9863 0
      vertex -37.1153 41.35 1.5
      vertex -37.1153 41.35 0
    endloop
  endfacet
  facet normal -0.896928 -0.442176 0
    outer loop
      vertex -37.1153 41.35 1.5
      vertex -36.936 40.9863 0
      vertex -36.936 40.9863 1.5
    endloop
  endfacet
  facet normal -0.321549 -0.946893 0
    outer loop
      vertex -38.9977 42.7944 0
      vertex -38.6137 42.664 1.5
      vertex -38.9977 42.7944 1.5
    endloop
  endfacet
  facet normal -0.321549 -0.946893 -0
    outer loop
      vertex -38.6137 42.664 1.5
      vertex -38.9977 42.7944 0
      vertex -38.6137 42.664 0
    endloop
  endfacet
  facet normal -0.195073 -0.980789 0
    outer loop
      vertex -39.3954 42.8735 0
      vertex -38.9977 42.7944 1.5
      vertex -39.3954 42.8735 1.5
    endloop
  endfacet
  facet normal -0.195073 -0.980789 -0
    outer loop
      vertex -38.9977 42.7944 1.5
      vertex -39.3954 42.8735 0
      vertex -38.9977 42.7944 0
    endloop
  endfacet
  facet normal -0.555553 -0.831481 0
    outer loop
      vertex -38.25 42.4847 0
      vertex -37.9128 42.2594 1.5
      vertex -38.25 42.4847 1.5
    endloop
  endfacet
  facet normal -0.555553 -0.831481 -0
    outer loop
      vertex -37.9128 42.2594 1.5
      vertex -38.25 42.4847 0
      vertex -37.9128 42.2594 0
    endloop
  endfacet
  facet normal 0.831481 -0.555553 0
    outer loop
      vertex -42.4847 41.35 1.5
      vertex -42.2594 41.6872 0
      vertex -42.2594 41.6872 1.5
    endloop
  endfacet
  facet normal 0.831481 -0.555553 0
    outer loop
      vertex -42.2594 41.6872 0
      vertex -42.4847 41.35 1.5
      vertex -42.4847 41.35 0
    endloop
  endfacet
  facet normal 0.751721 -0.659482 0
    outer loop
      vertex -42.2594 41.6872 1.5
      vertex -41.992 41.992 0
      vertex -41.992 41.992 1.5
    endloop
  endfacet
  facet normal 0.751721 -0.659482 0
    outer loop
      vertex -41.992 41.992 0
      vertex -42.2594 41.6872 1.5
      vertex -42.2594 41.6872 0
    endloop
  endfacet
  facet normal 0.980789 -0.195073 0
    outer loop
      vertex -42.8735 40.2046 1.5
      vertex -42.7944 40.6023 0
      vertex -42.7944 40.6023 1.5
    endloop
  endfacet
  facet normal 0.980789 -0.195073 0
    outer loop
      vertex -42.7944 40.6023 0
      vertex -42.8735 40.2046 1.5
      vertex -42.8735 40.2046 0
    endloop
  endfacet
  facet normal 0.555553 -0.831481 0
    outer loop
      vertex -41.6872 42.2594 0
      vertex -41.35 42.4847 1.5
      vertex -41.6872 42.2594 1.5
    endloop
  endfacet
  facet normal 0.555553 -0.831481 0
    outer loop
      vertex -41.35 42.4847 1.5
      vertex -41.6872 42.2594 0
      vertex -41.35 42.4847 0
    endloop
  endfacet
  facet normal 0.195073 -0.980789 0
    outer loop
      vertex -40.6023 42.7944 0
      vertex -40.2046 42.8735 1.5
      vertex -40.6023 42.7944 1.5
    endloop
  endfacet
  facet normal 0.195073 -0.980789 0
    outer loop
      vertex -40.2046 42.8735 1.5
      vertex -40.6023 42.7944 0
      vertex -40.2046 42.8735 0
    endloop
  endfacet
  facet normal -0.195073 0.980789 0
    outer loop
      vertex -38.9977 36.8056 0
      vertex -39.3954 36.7265 1.5
      vertex -38.9977 36.8056 1.5
    endloop
  endfacet
  facet normal -0.195073 0.980789 0
    outer loop
      vertex -39.3954 36.7265 1.5
      vertex -38.9977 36.8056 0
      vertex -39.3954 36.7265 0
    endloop
  endfacet
  facet normal -0.946893 -0.321549 0
    outer loop
      vertex -36.8056 40.6023 0
      vertex -36.936 40.9863 1.5
      vertex -36.936 40.9863 0
    endloop
  endfacet
  facet normal -0.946893 -0.321549 0
    outer loop
      vertex -36.936 40.9863 1.5
      vertex -36.8056 40.6023 0
      vertex -36.8056 40.6023 1.5
    endloop
  endfacet
  facet normal -0.980789 -0.195073 0
    outer loop
      vertex -36.7265 40.2046 0
      vertex -36.8056 40.6023 1.5
      vertex -36.8056 40.6023 0
    endloop
  endfacet
  facet normal -0.980789 -0.195073 0
    outer loop
      vertex -36.8056 40.6023 1.5
      vertex -36.7265 40.2046 0
      vertex -36.7265 40.2046 1.5
    endloop
  endfacet
  facet normal -0.751721 -0.659482 0
    outer loop
      vertex -37.3406 41.6872 0
      vertex -37.608 41.992 1.5
      vertex -37.608 41.992 0
    endloop
  endfacet
  facet normal -0.751721 -0.659482 0
    outer loop
      vertex -37.608 41.992 1.5
      vertex -37.3406 41.6872 0
      vertex -37.3406 41.6872 1.5
    endloop
  endfacet
  facet normal -0.831481 -0.555553 0
    outer loop
      vertex -37.1153 41.35 0
      vertex -37.3406 41.6872 1.5
      vertex -37.3406 41.6872 0
    endloop
  endfacet
  facet normal -0.831481 -0.555553 0
    outer loop
      vertex -37.3406 41.6872 1.5
      vertex -37.1153 41.35 0
      vertex -37.1153 41.35 1.5
    endloop
  endfacet
  facet normal -0.0653568 -0.997862 0
    outer loop
      vertex -39.8 42.9 0
      vertex -39.3954 42.8735 1.5
      vertex -39.8 42.9 1.5
    endloop
  endfacet
  facet normal -0.0653568 -0.997862 -0
    outer loop
      vertex -39.3954 42.8735 1.5
      vertex -39.8 42.9 0
      vertex -39.3954 42.8735 0
    endloop
  endfacet
  facet normal -0.442176 -0.896928 0
    outer loop
      vertex -38.6137 42.664 0
      vertex -38.25 42.4847 1.5
      vertex -38.6137 42.664 1.5
    endloop
  endfacet
  facet normal -0.442176 -0.896928 -0
    outer loop
      vertex -38.25 42.4847 1.5
      vertex -38.6137 42.664 0
      vertex -38.25 42.4847 0
    endloop
  endfacet
  facet normal 0.896928 -0.442176 0
    outer loop
      vertex -42.664 40.9863 1.5
      vertex -42.4847 41.35 0
      vertex -42.4847 41.35 1.5
    endloop
  endfacet
  facet normal 0.896928 -0.442176 0
    outer loop
      vertex -42.4847 41.35 0
      vertex -42.664 40.9863 1.5
      vertex -42.664 40.9863 0
    endloop
  endfacet
  facet normal 0.946893 -0.321549 0
    outer loop
      vertex -42.7944 40.6023 1.5
      vertex -42.664 40.9863 0
      vertex -42.664 40.9863 1.5
    endloop
  endfacet
  facet normal 0.946893 -0.321549 0
    outer loop
      vertex -42.664 40.9863 0
      vertex -42.7944 40.6023 1.5
      vertex -42.7944 40.6023 0
    endloop
  endfacet
  facet normal 0 0 -1
    outer loop
      vertex -38.15 39.8 1.5
      vertex -36.7 39.8 1.5
      vertex -36.7265 39.3954 1.5
    endloop
  endfacet
  facet normal 0 0 -1
    outer loop
      vertex -38.1641 39.5846 1.5
      vertex -36.7265 39.3954 1.5
      vertex -36.8056 38.9977 1.5
    endloop
  endfacet
  facet normal 0 0 -1
    outer loop
      vertex -36.7 39.8 1.5
      vertex -38.15 39.8 1.5
      vertex -36.7265 40.2046 1.5
    endloop
  endfacet
  facet normal 0 0 -1
    outer loop
      vertex -38.2062 39.3729 1.5
      vertex -36.8056 38.9977 1.5
      vertex -36.936 38.6137 1.5
    endloop
  endfacet
  facet normal 0 0 -1
    outer loop
      vertex -38.1641 40.0154 1.5
      vertex -36.7265 40.2046 1.5
      vertex -38.15 39.8 1.5
    endloop
  endfacet
  facet normal 0 0 -1
    outer loop
      vertex -38.2756 39.1686 1.5
      vertex -36.936 38.6137 1.5
      vertex -37.1153 38.25 1.5
    endloop
  endfacet
  facet normal -0 0 -1
    outer loop
      vertex -36.7265 40.2046 1.5
      vertex -38.1641 40.0154 1.5
      vertex -36.8056 40.6023 1.5
    endloop
  endfacet
  facet normal 0 0 -1
    outer loop
      vertex -38.3711 38.975 1.5
      vertex -37.1153 38.25 1.5
      vertex -37.3406 37.9128 1.5
    endloop
  endfacet
  facet normal 0 0 -1
    outer loop
      vertex -38.2062 40.2271 1.5
      vertex -36.8056 40.6023 1.5
      vertex -38.1641 40.0154 1.5
    endloop
  endfacet
  facet normal 0 0 -1
    outer loop
      vertex -38.491 38.7955 1.5
      vertex -37.3406 37.9128 1.5
      vertex -37.608 37.608 1.5
    endloop
  endfacet
  facet normal -0 0 -1
    outer loop
      vertex -36.8056 40.6023 1.5
      vertex -38.2062 40.2271 1.5
      vertex -36.936 40.9863 1.5
    endloop
  endfacet
  facet normal 0 0 -1
    outer loop
      vertex -38.6333 38.6333 1.5
      vertex -37.608 37.608 1.5
      vertex -37.9128 37.3406 1.5
    endloop
  endfacet
  facet normal 0 0 -1
    outer loop
      vertex -38.2756 40.4314 1.5
      vertex -36.936 40.9863 1.5
      vertex -38.2062 40.2271 1.5
    endloop
  endfacet
  facet normal -0 0 -1
    outer loop
      vertex -36.936 40.9863 1.5
      vertex -38.2756 40.4314 1.5
      vertex -37.1153 41.35 1.5
    endloop
  endfacet
  facet normal 0 0 -1
    outer loop
      vertex -36.7265 39.3954 1.5
      vertex -38.1641 39.5846 1.5
      vertex -38.15 39.8 1.5
    endloop
  endfacet
  facet normal 0 0 -1
    outer loop
      vertex -36.8056 38.9977 1.5
      vertex -38.2062 39.3729 1.5
      vertex -38.1641 39.5846 1.5
    endloop
  endfacet
  facet normal 0 0 -1
    outer loop
      vertex -38.7955 38.491 1.5
      vertex -37.9128 37.3406 1.5
      vertex -38.25 37.1153 1.5
    endloop
  endfacet
  facet normal 0 0 -1
    outer loop
      vertex -36.936 38.6137 1.5
      vertex -38.2756 39.1686 1.5
      vertex -38.2062 39.3729 1.5
    endloop
  endfacet
  facet normal 0 0 -1
    outer loop
      vertex -37.1153 38.25 1.5
      vertex -38.3711 38.975 1.5
      vertex -38.2756 39.1686 1.5
    endloop
  endfacet
  facet normal 0 0 -1
    outer loop
      vertex -37.3406 37.9128 1.5
      vertex -38.491 38.7955 1.5
      vertex -38.3711 38.975 1.5
    endloop
  endfacet
  facet normal 0 0 -1
    outer loop
      vertex -38.975 38.3711 1.5
      vertex -38.25 37.1153 1.5
      vertex -38.6137 36.936 1.5
    endloop
  endfacet
  facet normal 0 0 -1
    outer loop
      vertex -37.608 37.608 1.5
      vertex -38.6333 38.6333 1.5
      vertex -38.491 38.7955 1.5
    endloop
  endfacet
  facet normal 0 0 -1
    outer loop
      vertex -37.9128 37.3406 1.5
      vertex -38.7955 38.491 1.5
      vertex -38.6333 38.6333 1.5
    endloop
  endfacet
  facet normal 0 0 -1
    outer loop
      vertex -38.25 37.1153 1.5
      vertex -38.975 38.3711 1.5
      vertex -38.7955 38.491 1.5
    endloop
  endfacet
  facet normal 0 0 -1
    outer loop
      vertex -39.1686 38.2756 1.5
      vertex -38.6137 36.936 1.5
      vertex -38.9977 36.8056 1.5
    endloop
  endfacet
  facet normal 0 0 -1
    outer loop
      vertex -38.6137 36.936 1.5
      vertex -39.1686 38.2756 1.5
      vertex -38.975 38.3711 1.5
    endloop
  endfacet
  facet normal 0 0 -1
    outer loop
      vertex -38.9977 36.8056 1.5
      vertex -39.3729 38.2062 1.5
      vertex -39.1686 38.2756 1.5
    endloop
  endfacet
  facet normal 0 0 -1
    outer loop
      vertex -39.3954 36.7265 1.5
      vertex -39.3729 38.2062 1.5
      vertex -38.9977 36.8056 1.5
    endloop
  endfacet
  facet normal 0 0 -1
    outer loop
      vertex -39.3954 36.7265 1.5
      vertex -39.5846 38.1641 1.5
      vertex -39.3729 38.2062 1.5
    endloop
  endfacet
  facet normal 0 0 -1
    outer loop
      vertex -39.8 36.7 1.5
      vertex -39.5846 38.1641 1.5
      vertex -39.3954 36.7265 1.5
    endloop
  endfacet
  facet normal 0 0 -1
    outer loop
      vertex -39.8 36.7 1.5
      vertex -39.8 38.15 1.5
      vertex -39.5846 38.1641 1.5
    endloop
  endfacet
  facet normal 0 0 -1
    outer loop
      vertex -39.8 36.7 1.5
      vertex -40.0154 38.1641 1.5
      vertex -39.8 38.15 1.5
    endloop
  endfacet
  facet normal 0 0 -1
    outer loop
      vertex -40.2046 36.7265 1.5
      vertex -40.0154 38.1641 1.5
      vertex -39.8 36.7 1.5
    endloop
  endfacet
  facet normal 0 0 -1
    outer loop
      vertex -40.2046 36.7265 1.5
      vertex -40.2271 38.2062 1.5
      vertex -40.0154 38.1641 1.5
    endloop
  endfacet
  facet normal 0 0 -1
    outer loop
      vertex -40.6023 36.8056 1.5
      vertex -40.2271 38.2062 1.5
      vertex -40.2046 36.7265 1.5
    endloop
  endfacet
  facet normal -0 0 -1
    outer loop
      vertex -40.2271 38.2062 1.5
      vertex -40.6023 36.8056 1.5
      vertex -40.4314 38.2756 1.5
    endloop
  endfacet
  facet normal 0 0 -1
    outer loop
      vertex -40.9863 36.936 1.5
      vertex -40.4314 38.2756 1.5
      vertex -40.6023 36.8056 1.5
    endloop
  endfacet
  facet normal -0 0 -1
    outer loop
      vertex -40.4314 38.2756 1.5
      vertex -40.9863 36.936 1.5
      vertex -40.625 38.3711 1.5
    endloop
  endfacet
  facet normal 0 0 -1
    outer loop
      vertex -41.35 37.1153 1.5
      vertex -40.625 38.3711 1.5
      vertex -40.9863 36.936 1.5
    endloop
  endfacet
  facet normal -0 0 -1
    outer loop
      vertex -40.625 38.3711 1.5
      vertex -41.35 37.1153 1.5
      vertex -40.8045 38.491 1.5
    endloop
  endfacet
  facet normal 0 0 -1
    outer loop
      vertex -41.6872 37.3406 1.5
      vertex -40.8045 38.491 1.5
      vertex -41.35 37.1153 1.5
    endloop
  endfacet
  facet normal -0 0 -1
    outer loop
      vertex -40.8045 38.491 1.5
      vertex -41.6872 37.3406 1.5
      vertex -40.9667 38.6333 1.5
    endloop
  endfacet
  facet normal 0 0 -1
    outer loop
      vertex -41.992 37.608 1.5
      vertex -40.9667 38.6333 1.5
      vertex -41.6872 37.3406 1.5
    endloop
  endfacet
  facet normal -0 0 -1
    outer loop
      vertex -40.9667 38.6333 1.5
      vertex -41.992 37.608 1.5
      vertex -41.109 38.7955 1.5
    endloop
  endfacet
  facet normal 0 0 -1
    outer loop
      vertex -42.2594 37.9128 1.5
      vertex -41.109 38.7955 1.5
      vertex -41.992 37.608 1.5
    endloop
  endfacet
  facet normal -0 0 -1
    outer loop
      vertex -41.109 38.7955 1.5
      vertex -42.2594 37.9128 1.5
      vertex -41.2289 38.975 1.5
    endloop
  endfacet
  facet normal 0 0 -1
    outer loop
      vertex -42.4847 38.25 1.5
      vertex -41.2289 38.975 1.5
      vertex -42.2594 37.9128 1.5
    endloop
  endfacet
  facet normal -0 0 -1
    outer loop
      vertex -41.2289 38.975 1.5
      vertex -42.4847 38.25 1.5
      vertex -41.3244 39.1686 1.5
    endloop
  endfacet
  facet normal 0 0 -1
    outer loop
      vertex -38.3711 40.625 1.5
      vertex -37.1153 41.35 1.5
      vertex -38.2756 40.4314 1.5
    endloop
  endfacet
  facet normal -0 0 -1
    outer loop
      vertex -37.1153 41.35 1.5
      vertex -38.3711 40.625 1.5
      vertex -37.3406 41.6872 1.5
    endloop
  endfacet
  facet normal 0 0 -1
    outer loop
      vertex -38.491 40.8045 1.5
      vertex -37.3406 41.6872 1.5
      vertex -38.3711 40.625 1.5
    endloop
  endfacet
  facet normal -0 0 -1
    outer loop
      vertex -37.3406 41.6872 1.5
      vertex -38.491 40.8045 1.5
      vertex -37.608 41.992 1.5
    endloop
  endfacet
  facet normal 0 0 -1
    outer loop
      vertex -38.6333 40.9667 1.5
      vertex -37.608 41.992 1.5
      vertex -38.491 40.8045 1.5
    endloop
  endfacet
  facet normal -0 0 -1
    outer loop
      vertex -37.608 41.992 1.5
      vertex -38.6333 40.9667 1.5
      vertex -37.9128 42.2594 1.5
    endloop
  endfacet
  facet normal 0 0 -1
    outer loop
      vertex -38.7955 41.109 1.5
      vertex -37.9128 42.2594 1.5
      vertex -38.6333 40.9667 1.5
    endloop
  endfacet
  facet normal -0 0 -1
    outer loop
      vertex -37.9128 42.2594 1.5
      vertex -38.7955 41.109 1.5
      vertex -38.25 42.4847 1.5
    endloop
  endfacet
  facet normal 0 0 -1
    outer loop
      vertex -38.975 41.2289 1.5
      vertex -38.25 42.4847 1.5
      vertex -38.7955 41.109 1.5
    endloop
  endfacet
  facet normal -0 0 -1
    outer loop
      vertex -38.25 42.4847 1.5
      vertex -38.975 41.2289 1.5
      vertex -38.6137 42.664 1.5
    endloop
  endfacet
  facet normal 0 0 -1
    outer loop
      vertex -39.1686 41.3244 1.5
      vertex -38.6137 42.664 1.5
      vertex -38.975 41.2289 1.5
    endloop
  endfacet
  facet normal -0 0 -1
    outer loop
      vertex -38.6137 42.664 1.5
      vertex -39.1686 41.3244 1.5
      vertex -38.9977 42.7944 1.5
    endloop
  endfacet
  facet normal 0 0 -1
    outer loop
      vertex -39.3729 41.3938 1.5
      vertex -38.9977 42.7944 1.5
      vertex -39.1686 41.3244 1.5
    endloop
  endfacet
  facet normal 0 0 -1
    outer loop
      vertex -39.3729 41.3938 1.5
      vertex -39.3954 42.8735 1.5
      vertex -38.9977 42.7944 1.5
    endloop
  endfacet
  facet normal 0 0 -1
    outer loop
      vertex -39.5846 41.4359 1.5
      vertex -39.3954 42.8735 1.5
      vertex -39.3729 41.3938 1.5
    endloop
  endfacet
  facet normal 0 0 -1
    outer loop
      vertex -39.8 41.45 1.5
      vertex -39.3954 42.8735 1.5
      vertex -39.5846 41.4359 1.5
    endloop
  endfacet
  facet normal 0 0 -1
    outer loop
      vertex -39.8 41.45 1.5
      vertex -39.8 42.9 1.5
      vertex -39.3954 42.8735 1.5
    endloop
  endfacet
  facet normal 0 0 -1
    outer loop
      vertex -40.0154 41.4359 1.5
      vertex -39.8 42.9 1.5
      vertex -39.8 41.45 1.5
    endloop
  endfacet
  facet normal 0 0 -1
    outer loop
      vertex -40.0154 41.4359 1.5
      vertex -40.2046 42.8735 1.5
      vertex -39.8 42.9 1.5
    endloop
  endfacet
  facet normal 0 0 -1
    outer loop
      vertex -40.2271 41.3938 1.5
      vertex -40.2046 42.8735 1.5
      vertex -40.0154 41.4359 1.5
    endloop
  endfacet
  facet normal 0 0 -1
    outer loop
      vertex -40.6023 42.7944 1.5
      vertex -40.2271 41.3938 1.5
      vertex -40.4314 41.3244 1.5
    endloop
  endfacet
  facet normal 0 0 -1
    outer loop
      vertex -40.2271 41.3938 1.5
      vertex -40.6023 42.7944 1.5
      vertex -40.2046 42.8735 1.5
    endloop
  endfacet
  facet normal 0 0 -1
    outer loop
      vertex -40.9863 42.664 1.5
      vertex -40.4314 41.3244 1.5
      vertex -40.625 41.2289 1.5
    endloop
  endfacet
  facet normal 0 0 -1
    outer loop
      vertex -41.35 42.4847 1.5
      vertex -40.625 41.2289 1.5
      vertex -40.8045 41.109 1.5
    endloop
  endfacet
  facet normal 0 0 -1
    outer loop
      vertex -41.6872 42.2594 1.5
      vertex -40.8045 41.109 1.5
      vertex -40.9667 40.9667 1.5
    endloop
  endfacet
  facet normal 0 0 -1
    outer loop
      vertex -40.4314 41.3244 1.5
      vertex -40.9863 42.664 1.5
      vertex -40.6023 42.7944 1.5
    endloop
  endfacet
  facet normal 0 0 -1
    outer loop
      vertex -41.992 41.992 1.5
      vertex -40.9667 40.9667 1.5
      vertex -41.109 40.8045 1.5
    endloop
  endfacet
  facet normal 0 0 -1
    outer loop
      vertex -42.2594 41.6872 1.5
      vertex -41.109 40.8045 1.5
      vertex -41.2289 40.625 1.5
    endloop
  endfacet
  facet normal 0 0 -1
    outer loop
      vertex -42.4847 41.35 1.5
      vertex -41.2289 40.625 1.5
      vertex -41.3244 40.4314 1.5
    endloop
  endfacet
  facet normal 0 0 -1
    outer loop
      vertex -40.625 41.2289 1.5
      vertex -41.35 42.4847 1.5
      vertex -40.9863 42.664 1.5
    endloop
  endfacet
  facet normal 0 0 -1
    outer loop
      vertex -42.664 40.9863 1.5
      vertex -41.3244 40.4314 1.5
      vertex -41.3938 40.2271 1.5
    endloop
  endfacet
  facet normal 0 0 -1
    outer loop
      vertex -42.7944 40.6023 1.5
      vertex -41.3938 40.2271 1.5
      vertex -41.4359 40.0154 1.5
    endloop
  endfacet
  facet normal 0 0 -1
    outer loop
      vertex -42.8735 40.2046 1.5
      vertex -41.4359 40.0154 1.5
      vertex -41.45 39.8 1.5
    endloop
  endfacet
  facet normal 0 0 -1
    outer loop
      vertex -42.664 38.6137 1.5
      vertex -41.3244 39.1686 1.5
      vertex -42.4847 38.25 1.5
    endloop
  endfacet
  facet normal 0 0 -1
    outer loop
      vertex -40.8045 41.109 1.5
      vertex -41.6872 42.2594 1.5
      vertex -41.35 42.4847 1.5
    endloop
  endfacet
  facet normal -0 0 -1
    outer loop
      vertex -41.3244 39.1686 1.5
      vertex -42.664 38.6137 1.5
      vertex -41.3938 39.3729 1.5
    endloop
  endfacet
  facet normal 0 0 -1
    outer loop
      vertex -40.9667 40.9667 1.5
      vertex -41.992 41.992 1.5
      vertex -41.6872 42.2594 1.5
    endloop
  endfacet
  facet normal 0 0 -1
    outer loop
      vertex -42.7944 38.9977 1.5
      vertex -41.3938 39.3729 1.5
      vertex -42.664 38.6137 1.5
    endloop
  endfacet
  facet normal 0 0 -1
    outer loop
      vertex -41.109 40.8045 1.5
      vertex -42.2594 41.6872 1.5
      vertex -41.992 41.992 1.5
    endloop
  endfacet
  facet normal -0 0 -1
    outer loop
      vertex -41.3938 39.3729 1.5
      vertex -42.7944 38.9977 1.5
      vertex -41.4359 39.5846 1.5
    endloop
  endfacet
  facet normal 0 0 -1
    outer loop
      vertex -41.2289 40.625 1.5
      vertex -42.4847 41.35 1.5
      vertex -42.2594 41.6872 1.5
    endloop
  endfacet
  facet normal 0 0 -1
    outer loop
      vertex -42.8735 39.3954 1.5
      vertex -41.4359 39.5846 1.5
      vertex -42.7944 38.9977 1.5
    endloop
  endfacet
  facet normal 0 0 -1
    outer loop
      vertex -41.3244 40.4314 1.5
      vertex -42.664 40.9863 1.5
      vertex -42.4847 41.35 1.5
    endloop
  endfacet
  facet normal -0 0 -1
    outer loop
      vertex -41.4359 39.5846 1.5
      vertex -42.8735 39.3954 1.5
      vertex -41.45 39.8 1.5
    endloop
  endfacet
  facet normal 0 0 -1
    outer loop
      vertex -41.3938 40.2271 1.5
      vertex -42.7944 40.6023 1.5
      vertex -42.664 40.9863 1.5
    endloop
  endfacet
  facet normal 0 0 -1
    outer loop
      vertex -42.9 39.8 1.5
      vertex -41.45 39.8 1.5
      vertex -42.8735 39.3954 1.5
    endloop
  endfacet
  facet normal 0 0 -1
    outer loop
      vertex -41.4359 40.0154 1.5
      vertex -42.8735 40.2046 1.5
      vertex -42.7944 40.6023 1.5
    endloop
  endfacet
  facet normal 0 0 -1
    outer loop
      vertex -41.45 39.8 1.5
      vertex -42.9 39.8 1.5
      vertex -42.8735 40.2046 1.5
    endloop
  endfacet
  facet normal -0.946893 0.321549 0
    outer loop
      vertex -36.936 38.6137 0
      vertex -36.8056 38.9977 1.5
      vertex -36.8056 38.9977 0
    endloop
  endfacet
  facet normal -0.946893 0.321549 0
    outer loop
      vertex -36.8056 38.9977 1.5
      vertex -36.936 38.6137 0
      vertex -36.936 38.6137 1.5
    endloop
  endfacet
  facet normal -0.980789 0.195073 0
    outer loop
      vertex -36.8056 38.9977 0
      vertex -36.7265 39.3954 1.5
      vertex -36.7265 39.3954 0
    endloop
  endfacet
  facet normal -0.980789 0.195073 0
    outer loop
      vertex -36.7265 39.3954 1.5
      vertex -36.8056 38.9977 0
      vertex -36.8056 38.9977 1.5
    endloop
  endfacet
  facet normal 0.442176 0.896928 -0
    outer loop
      vertex -40.9863 36.936 0
      vertex -41.35 37.1153 1.5
      vertex -40.9863 36.936 1.5
    endloop
  endfacet
  facet normal 0.442176 0.896928 0
    outer loop
      vertex -41.35 37.1153 1.5
      vertex -40.9863 36.936 0
      vertex -41.35 37.1153 0
    endloop
  endfacet
  facet normal 0.997862 0.0653568 0
    outer loop
      vertex -42.8735 39.3954 1.5
      vertex -42.9 39.8 0
      vertex -42.9 39.8 1.5
    endloop
  endfacet
  facet normal 0.997862 0.0653568 0
    outer loop
      vertex -42.9 39.8 0
      vertex -42.8735 39.3954 1.5
      vertex -42.8735 39.3954 0
    endloop
  endfacet
  facet normal 0.946893 0.321549 0
    outer loop
      vertex -42.664 38.6137 1.5
      vertex -42.7944 38.9977 0
      vertex -42.7944 38.9977 1.5
    endloop
  endfacet
  facet normal 0.946893 0.321549 0
    outer loop
      vertex -42.7944 38.9977 0
      vertex -42.664 38.6137 1.5
      vertex -42.664 38.6137 0
    endloop
  endfacet
  facet normal -0.442176 0.896928 0
    outer loop
      vertex -38.25 37.1153 0
      vertex -38.6137 36.936 1.5
      vertex -38.25 37.1153 1.5
    endloop
  endfacet
  facet normal -0.442176 0.896928 0
    outer loop
      vertex -38.6137 36.936 1.5
      vertex -38.25 37.1153 0
      vertex -38.6137 36.936 0
    endloop
  endfacet
  facet normal -0.321549 0.946893 0
    outer loop
      vertex -38.6137 36.936 0
      vertex -38.9977 36.8056 1.5
      vertex -38.6137 36.936 1.5
    endloop
  endfacet
  facet normal -0.321549 0.946893 0
    outer loop
      vertex -38.9977 36.8056 1.5
      vertex -38.6137 36.936 0
      vertex -38.9977 36.8056 0
    endloop
  endfacet
  facet normal 0.442176 -0.896928 0
    outer loop
      vertex -41.35 42.4847 0
      vertex -40.9863 42.664 1.5
      vertex -41.35 42.4847 1.5
    endloop
  endfacet
  facet normal 0.442176 -0.896928 0
    outer loop
      vertex -40.9863 42.664 1.5
      vertex -41.35 42.4847 0
      vertex -40.9863 42.664 0
    endloop
  endfacet
  facet normal -0.555553 0.831481 0
    outer loop
      vertex -37.9128 37.3406 0
      vertex -38.25 37.1153 1.5
      vertex -37.9128 37.3406 1.5
    endloop
  endfacet
  facet normal -0.555553 0.831481 0
    outer loop
      vertex -38.25 37.1153 1.5
      vertex -37.9128 37.3406 0
      vertex -38.25 37.1153 0
    endloop
  endfacet
  facet normal -0.751721 0.659482 0
    outer loop
      vertex -37.608 37.608 0
      vertex -37.3406 37.9128 1.5
      vertex -37.3406 37.9128 0
    endloop
  endfacet
  facet normal -0.751721 0.659482 0
    outer loop
      vertex -37.3406 37.9128 1.5
      vertex -37.608 37.608 0
      vertex -37.608 37.608 1.5
    endloop
  endfacet
  facet normal -0.831481 0.555553 0
    outer loop
      vertex -37.3406 37.9128 0
      vertex -37.1153 38.25 1.5
      vertex -37.1153 38.25 0
    endloop
  endfacet
  facet normal -0.831481 0.555553 0
    outer loop
      vertex -37.1153 38.25 1.5
      vertex -37.3406 37.9128 0
      vertex -37.3406 37.9128 1.5
    endloop
  endfacet
  facet normal -0.997862 0.0653568 0
    outer loop
      vertex -36.7265 39.3954 0
      vertex -36.7 39.8 1.5
      vertex -36.7 39.8 0
    endloop
  endfacet
  facet normal -0.997862 0.0653568 0
    outer loop
      vertex -36.7 39.8 1.5
      vertex -36.7265 39.3954 0
      vertex -36.7265 39.3954 1.5
    endloop
  endfacet
  facet normal 0.0653568 0.997862 -0
    outer loop
      vertex -39.8 36.7 0
      vertex -40.2046 36.7265 1.5
      vertex -39.8 36.7 1.5
    endloop
  endfacet
  facet normal 0.0653568 0.997862 0
    outer loop
      vertex -40.2046 36.7265 1.5
      vertex -39.8 36.7 0
      vertex -40.2046 36.7265 0
    endloop
  endfacet
  facet normal 0.659482 0.751721 -0
    outer loop
      vertex -41.6872 37.3406 0
      vertex -41.992 37.608 1.5
      vertex -41.6872 37.3406 1.5
    endloop
  endfacet
  facet normal 0.659482 0.751721 0
    outer loop
      vertex -41.992 37.608 1.5
      vertex -41.6872 37.3406 0
      vertex -41.992 37.608 0
    endloop
  endfacet
  facet normal 0.751721 0.659482 0
    outer loop
      vertex -41.992 37.608 1.5
      vertex -42.2594 37.9128 0
      vertex -42.2594 37.9128 1.5
    endloop
  endfacet
  facet normal 0.751721 0.659482 0
    outer loop
      vertex -42.2594 37.9128 0
      vertex -41.992 37.608 1.5
      vertex -41.992 37.608 0
    endloop
  endfacet
  facet normal 0.896928 0.442176 0
    outer loop
      vertex -42.4847 38.25 1.5
      vertex -42.664 38.6137 0
      vertex -42.664 38.6137 1.5
    endloop
  endfacet
  facet normal 0.896928 0.442176 0
    outer loop
      vertex -42.664 38.6137 0
      vertex -42.4847 38.25 1.5
      vertex -42.4847 38.25 0
    endloop
  endfacet
  facet normal 0.980789 0.195073 0
    outer loop
      vertex -42.7944 38.9977 1.5
      vertex -42.8735 39.3954 0
      vertex -42.8735 39.3954 1.5
    endloop
  endfacet
  facet normal 0.980789 0.195073 0
    outer loop
      vertex -42.8735 39.3954 0
      vertex -42.7944 38.9977 1.5
      vertex -42.7944 38.9977 0
    endloop
  endfacet
  facet normal -0.659482 0.751721 0
    outer loop
      vertex -37.608 37.608 0
      vertex -37.9128 37.3406 1.5
      vertex -37.608 37.608 1.5
    endloop
  endfacet
  facet normal -0.659482 0.751721 0
    outer loop
      vertex -37.9128 37.3406 1.5
      vertex -37.608 37.608 0
      vertex -37.9128 37.3406 0
    endloop
  endfacet
  facet normal -0.896928 0.442176 0
    outer loop
      vertex -37.1153 38.25 0
      vertex -36.936 38.6137 1.5
      vertex -36.936 38.6137 0
    endloop
  endfacet
  facet normal -0.896928 0.442176 0
    outer loop
      vertex -36.936 38.6137 1.5
      vertex -37.1153 38.25 0
      vertex -37.1153 38.25 1.5
    endloop
  endfacet
  facet normal -0.0653568 0.997862 0
    outer loop
      vertex -39.3954 36.7265 0
      vertex -39.8 36.7 1.5
      vertex -39.3954 36.7265 1.5
    endloop
  endfacet
  facet normal -0.0653568 0.997862 0
    outer loop
      vertex -39.8 36.7 1.5
      vertex -39.3954 36.7265 0
      vertex -39.8 36.7 0
    endloop
  endfacet
  facet normal 0.321549 0.946893 -0
    outer loop
      vertex -40.6023 36.8056 0
      vertex -40.9863 36.936 1.5
      vertex -40.6023 36.8056 1.5
    endloop
  endfacet
  facet normal 0.321549 0.946893 0
    outer loop
      vertex -40.9863 36.936 1.5
      vertex -40.6023 36.8056 0
      vertex -40.9863 36.936 0
    endloop
  endfacet
  facet normal 0.555553 0.831481 -0
    outer loop
      vertex -41.35 37.1153 0
      vertex -41.6872 37.3406 1.5
      vertex -41.35 37.1153 1.5
    endloop
  endfacet
  facet normal 0.555553 0.831481 0
    outer loop
      vertex -41.6872 37.3406 1.5
      vertex -41.35 37.1153 0
      vertex -41.6872 37.3406 0
    endloop
  endfacet
  facet normal 0.831481 0.555553 0
    outer loop
      vertex -42.2594 37.9128 1.5
      vertex -42.4847 38.25 0
      vertex -42.4847 38.25 1.5
    endloop
  endfacet
  facet normal 0.831481 0.555553 0
    outer loop
      vertex -42.4847 38.25 0
      vertex -42.2594 37.9128 1.5
      vertex -42.2594 37.9128 0
    endloop
  endfacet
  facet normal 0.195073 0.980789 -0
    outer loop
      vertex -40.2046 36.7265 0
      vertex -40.6023 36.8056 1.5
      vertex -40.2046 36.7265 1.5
    endloop
  endfacet
  facet normal 0.195073 0.980789 0
    outer loop
      vertex -40.6023 36.8056 1.5
      vertex -40.2046 36.7265 0
      vertex -40.6023 36.8056 0
    endloop
  endfacet
  facet normal -0.659488 -0.751715 0
    outer loop
      vertex 40.8045 -38.491 1.5
      vertex 40.9667 -38.6333 2.4
      vertex 40.8045 -38.491 2.4
    endloop
  endfacet
  facet normal -0.659488 -0.751715 -0
    outer loop
      vertex 40.9667 -38.6333 2.4
      vertex 40.8045 -38.491 1.5
      vertex 40.9667 -38.6333 1.5
    endloop
  endfacet
  facet normal 0.321645 -0.94686 0
    outer loop
      vertex 39.1686 -38.2756 1.5
      vertex 39.3729 -38.2062 2.4
      vertex 39.1686 -38.2756 2.4
    endloop
  endfacet
  facet normal 0.321645 -0.94686 0
    outer loop
      vertex 39.3729 -38.2062 2.4
      vertex 39.1686 -38.2756 1.5
      vertex 39.3729 -38.2062 1.5
    endloop
  endfacet
  facet normal 0.896823 -0.442389 0
    outer loop
      vertex 38.2756 -39.1686 2.4
      vertex 38.3711 -38.975 1.5
      vertex 38.3711 -38.975 2.4
    endloop
  endfacet
  facet normal 0.896823 -0.442389 0
    outer loop
      vertex 38.3711 -38.975 1.5
      vertex 38.2756 -39.1686 2.4
      vertex 38.2756 -39.1686 1.5
    endloop
  endfacet
  facet normal 0.94686 0.321645 0
    outer loop
      vertex 38.2756 -40.4314 2.4
      vertex 38.2062 -40.2271 1.5
      vertex 38.2062 -40.2271 2.4
    endloop
  endfacet
  facet normal 0.94686 0.321645 0
    outer loop
      vertex 38.2062 -40.2271 1.5
      vertex 38.2756 -40.4314 2.4
      vertex 38.2756 -40.4314 1.5
    endloop
  endfacet
  facet normal -0.896823 -0.442389 0
    outer loop
      vertex 41.3244 -39.1686 1.5
      vertex 41.2289 -38.975 2.4
      vertex 41.2289 -38.975 1.5
    endloop
  endfacet
  facet normal -0.896823 -0.442389 0
    outer loop
      vertex 41.2289 -38.975 2.4
      vertex 41.3244 -39.1686 1.5
      vertex 41.3244 -39.1686 2.4
    endloop
  endfacet
  facet normal -0.831551 -0.555448 0
    outer loop
      vertex 41.2289 -38.975 1.5
      vertex 41.109 -38.7955 2.4
      vertex 41.109 -38.7955 1.5
    endloop
  endfacet
  facet normal -0.831551 -0.555448 0
    outer loop
      vertex 41.109 -38.7955 2.4
      vertex 41.2289 -38.975 1.5
      vertex 41.2289 -38.975 2.4
    endloop
  endfacet
  facet normal -0.751715 -0.659488 0
    outer loop
      vertex 41.109 -38.7955 1.5
      vertex 40.9667 -38.6333 2.4
      vertex 40.9667 -38.6333 1.5
    endloop
  endfacet
  facet normal -0.751715 -0.659488 0
    outer loop
      vertex 40.9667 -38.6333 2.4
      vertex 41.109 -38.7955 1.5
      vertex 41.109 -38.7955 2.4
    endloop
  endfacet
  facet normal -0.442389 -0.896823 0
    outer loop
      vertex 40.4314 -38.2756 1.5
      vertex 40.625 -38.3711 2.4
      vertex 40.4314 -38.2756 2.4
    endloop
  endfacet
  facet normal -0.442389 -0.896823 -0
    outer loop
      vertex 40.625 -38.3711 2.4
      vertex 40.4314 -38.2756 1.5
      vertex 40.625 -38.3711 1.5
    endloop
  endfacet
  facet normal -0.0653198 -0.997864 0
    outer loop
      vertex 39.8 -38.15 1.5
      vertex 40.0154 -38.1641 2.4
      vertex 39.8 -38.15 2.4
    endloop
  endfacet
  facet normal -0.0653198 -0.997864 -0
    outer loop
      vertex 40.0154 -38.1641 2.4
      vertex 39.8 -38.15 1.5
      vertex 40.0154 -38.1641 1.5
    endloop
  endfacet
  facet normal 0.997864 -0.0653198 0
    outer loop
      vertex 38.15 -39.8 2.4
      vertex 38.1641 -39.5846 1.5
      vertex 38.1641 -39.5846 2.4
    endloop
  endfacet
  facet normal 0.997864 -0.0653198 0
    outer loop
      vertex 38.1641 -39.5846 1.5
      vertex 38.15 -39.8 2.4
      vertex 38.15 -39.8 1.5
    endloop
  endfacet
  facet normal 0.751715 -0.659488 0
    outer loop
      vertex 38.491 -38.7955 2.4
      vertex 38.6333 -38.6333 1.5
      vertex 38.6333 -38.6333 2.4
    endloop
  endfacet
  facet normal 0.751715 -0.659488 0
    outer loop
      vertex 38.6333 -38.6333 1.5
      vertex 38.491 -38.7955 2.4
      vertex 38.491 -38.7955 1.5
    endloop
  endfacet
  facet normal 0.442389 -0.896823 0
    outer loop
      vertex 38.975 -38.3711 1.5
      vertex 39.1686 -38.2756 2.4
      vertex 38.975 -38.3711 2.4
    endloop
  endfacet
  facet normal 0.442389 -0.896823 0
    outer loop
      vertex 39.1686 -38.2756 2.4
      vertex 38.975 -38.3711 1.5
      vertex 39.1686 -38.2756 1.5
    endloop
  endfacet
  facet normal 0.0653198 -0.997864 0
    outer loop
      vertex 39.5846 -38.1641 1.5
      vertex 39.8 -38.15 2.4
      vertex 39.5846 -38.1641 2.4
    endloop
  endfacet
  facet normal 0.0653198 -0.997864 0
    outer loop
      vertex 39.8 -38.15 2.4
      vertex 39.5846 -38.1641 1.5
      vertex 39.8 -38.15 1.5
    endloop
  endfacet
  facet normal -0.997864 0.0653198 0
    outer loop
      vertex 41.4359 -40.0154 1.5
      vertex 41.45 -39.8 2.4
      vertex 41.45 -39.8 1.5
    endloop
  endfacet
  facet normal -0.997864 0.0653198 0
    outer loop
      vertex 41.45 -39.8 2.4
      vertex 41.4359 -40.0154 1.5
      vertex 41.4359 -40.0154 2.4
    endloop
  endfacet
  facet normal -0.0653198 0.997864 0
    outer loop
      vertex 40.0154 -41.4359 1.5
      vertex 39.8 -41.45 2.4
      vertex 40.0154 -41.4359 2.4
    endloop
  endfacet
  facet normal -0.0653198 0.997864 0
    outer loop
      vertex 39.8 -41.45 2.4
      vertex 40.0154 -41.4359 1.5
      vertex 39.8 -41.45 1.5
    endloop
  endfacet
  facet normal -0.321645 0.94686 0
    outer loop
      vertex 40.4314 -41.3244 1.5
      vertex 40.2271 -41.3938 2.4
      vertex 40.4314 -41.3244 2.4
    endloop
  endfacet
  facet normal -0.321645 0.94686 0
    outer loop
      vertex 40.2271 -41.3938 2.4
      vertex 40.4314 -41.3244 1.5
      vertex 40.2271 -41.3938 1.5
    endloop
  endfacet
  facet normal -0.442389 0.896823 0
    outer loop
      vertex 40.625 -41.2289 1.5
      vertex 40.4314 -41.3244 2.4
      vertex 40.625 -41.2289 2.4
    endloop
  endfacet
  facet normal -0.442389 0.896823 0
    outer loop
      vertex 40.4314 -41.3244 2.4
      vertex 40.625 -41.2289 1.5
      vertex 40.4314 -41.3244 1.5
    endloop
  endfacet
  facet normal -0.751715 0.659488 0
    outer loop
      vertex 40.9667 -40.9667 1.5
      vertex 41.109 -40.8045 2.4
      vertex 41.109 -40.8045 1.5
    endloop
  endfacet
  facet normal -0.751715 0.659488 0
    outer loop
      vertex 41.109 -40.8045 2.4
      vertex 40.9667 -40.9667 1.5
      vertex 40.9667 -40.9667 2.4
    endloop
  endfacet
  facet normal 0.0653198 0.997864 -0
    outer loop
      vertex 39.8 -41.45 1.5
      vertex 39.5846 -41.4359 2.4
      vertex 39.8 -41.45 2.4
    endloop
  endfacet
  facet normal 0.0653198 0.997864 0
    outer loop
      vertex 39.5846 -41.4359 2.4
      vertex 39.8 -41.45 1.5
      vertex 39.5846 -41.4359 1.5
    endloop
  endfacet
  facet normal 0.659488 0.751715 -0
    outer loop
      vertex 38.7955 -41.109 1.5
      vertex 38.6333 -40.9667 2.4
      vertex 38.7955 -41.109 2.4
    endloop
  endfacet
  facet normal 0.659488 0.751715 0
    outer loop
      vertex 38.6333 -40.9667 2.4
      vertex 38.7955 -41.109 1.5
      vertex 38.6333 -40.9667 1.5
    endloop
  endfacet
  facet normal 0.896823 0.442389 0
    outer loop
      vertex 38.3711 -40.625 2.4
      vertex 38.2756 -40.4314 1.5
      vertex 38.2756 -40.4314 2.4
    endloop
  endfacet
  facet normal 0.896823 0.442389 0
    outer loop
      vertex 38.2756 -40.4314 1.5
      vertex 38.3711 -40.625 2.4
      vertex 38.3711 -40.625 1.5
    endloop
  endfacet
  facet normal 0.997864 0.0653198 0
    outer loop
      vertex 38.1641 -40.0154 2.4
      vertex 38.15 -39.8 1.5
      vertex 38.15 -39.8 2.4
    endloop
  endfacet
  facet normal 0.997864 0.0653198 0
    outer loop
      vertex 38.15 -39.8 1.5
      vertex 38.1641 -40.0154 2.4
      vertex 38.1641 -40.0154 1.5
    endloop
  endfacet
  facet normal -0.94686 -0.321645 0
    outer loop
      vertex 41.3938 -39.3729 1.5
      vertex 41.3244 -39.1686 2.4
      vertex 41.3244 -39.1686 1.5
    endloop
  endfacet
  facet normal -0.94686 -0.321645 0
    outer loop
      vertex 41.3244 -39.1686 2.4
      vertex 41.3938 -39.3729 1.5
      vertex 41.3938 -39.3729 2.4
    endloop
  endfacet
  facet normal -0.555448 -0.831551 0
    outer loop
      vertex 40.625 -38.3711 1.5
      vertex 40.8045 -38.491 2.4
      vertex 40.625 -38.3711 2.4
    endloop
  endfacet
  facet normal -0.555448 -0.831551 -0
    outer loop
      vertex 40.8045 -38.491 2.4
      vertex 40.625 -38.3711 1.5
      vertex 40.8045 -38.491 1.5
    endloop
  endfacet
  facet normal -0.321645 -0.94686 0
    outer loop
      vertex 40.2271 -38.2062 1.5
      vertex 40.4314 -38.2756 2.4
      vertex 40.2271 -38.2062 2.4
    endloop
  endfacet
  facet normal -0.321645 -0.94686 -0
    outer loop
      vertex 40.4314 -38.2756 2.4
      vertex 40.2271 -38.2062 1.5
      vertex 40.4314 -38.2756 1.5
    endloop
  endfacet
  facet normal -0.195047 -0.980794 0
    outer loop
      vertex 40.0154 -38.1641 1.5
      vertex 40.2271 -38.2062 2.4
      vertex 40.0154 -38.1641 2.4
    endloop
  endfacet
  facet normal -0.195047 -0.980794 -0
    outer loop
      vertex 40.2271 -38.2062 2.4
      vertex 40.0154 -38.1641 1.5
      vertex 40.2271 -38.2062 1.5
    endloop
  endfacet
  facet normal 0.94686 -0.321645 0
    outer loop
      vertex 38.2062 -39.3729 2.4
      vertex 38.2756 -39.1686 1.5
      vertex 38.2756 -39.1686 2.4
    endloop
  endfacet
  facet normal 0.94686 -0.321645 0
    outer loop
      vertex 38.2756 -39.1686 1.5
      vertex 38.2062 -39.3729 2.4
      vertex 38.2062 -39.3729 1.5
    endloop
  endfacet
  facet normal 0.980794 -0.195047 0
    outer loop
      vertex 38.1641 -39.5846 2.4
      vertex 38.2062 -39.3729 1.5
      vertex 38.2062 -39.3729 2.4
    endloop
  endfacet
  facet normal 0.980794 -0.195047 0
    outer loop
      vertex 38.2062 -39.3729 1.5
      vertex 38.1641 -39.5846 2.4
      vertex 38.1641 -39.5846 1.5
    endloop
  endfacet
  facet normal 0.831551 -0.555448 0
    outer loop
      vertex 38.3711 -38.975 2.4
      vertex 38.491 -38.7955 1.5
      vertex 38.491 -38.7955 2.4
    endloop
  endfacet
  facet normal 0.831551 -0.555448 0
    outer loop
      vertex 38.491 -38.7955 1.5
      vertex 38.3711 -38.975 2.4
      vertex 38.3711 -38.975 1.5
    endloop
  endfacet
  facet normal 0.195047 -0.980794 0
    outer loop
      vertex 39.3729 -38.2062 1.5
      vertex 39.5846 -38.1641 2.4
      vertex 39.3729 -38.2062 2.4
    endloop
  endfacet
  facet normal 0.195047 -0.980794 0
    outer loop
      vertex 39.5846 -38.1641 2.4
      vertex 39.3729 -38.2062 1.5
      vertex 39.5846 -38.1641 1.5
    endloop
  endfacet
  facet normal 0.555448 -0.831551 0
    outer loop
      vertex 38.7955 -38.491 1.5
      vertex 38.975 -38.3711 2.4
      vertex 38.7955 -38.491 2.4
    endloop
  endfacet
  facet normal 0.555448 -0.831551 0
    outer loop
      vertex 38.975 -38.3711 2.4
      vertex 38.7955 -38.491 1.5
      vertex 38.975 -38.3711 1.5
    endloop
  endfacet
  facet normal 0.659488 -0.751715 0
    outer loop
      vertex 38.6333 -38.6333 1.5
      vertex 38.7955 -38.491 2.4
      vertex 38.6333 -38.6333 2.4
    endloop
  endfacet
  facet normal 0.659488 -0.751715 0
    outer loop
      vertex 38.7955 -38.491 2.4
      vertex 38.6333 -38.6333 1.5
      vertex 38.7955 -38.491 1.5
    endloop
  endfacet
  facet normal -0.997864 -0.0653198 0
    outer loop
      vertex 41.45 -39.8 1.5
      vertex 41.4359 -39.5846 2.4
      vertex 41.4359 -39.5846 1.5
    endloop
  endfacet
  facet normal -0.997864 -0.0653198 0
    outer loop
      vertex 41.4359 -39.5846 2.4
      vertex 41.45 -39.8 1.5
      vertex 41.45 -39.8 2.4
    endloop
  endfacet
  facet normal -0.195047 0.980794 0
    outer loop
      vertex 40.2271 -41.3938 1.5
      vertex 40.0154 -41.4359 2.4
      vertex 40.2271 -41.3938 2.4
    endloop
  endfacet
  facet normal -0.195047 0.980794 0
    outer loop
      vertex 40.0154 -41.4359 2.4
      vertex 40.2271 -41.3938 1.5
      vertex 40.0154 -41.4359 1.5
    endloop
  endfacet
  facet normal -0.555448 0.831551 0
    outer loop
      vertex 40.8045 -41.109 1.5
      vertex 40.625 -41.2289 2.4
      vertex 40.8045 -41.109 2.4
    endloop
  endfacet
  facet normal -0.555448 0.831551 0
    outer loop
      vertex 40.625 -41.2289 2.4
      vertex 40.8045 -41.109 1.5
      vertex 40.625 -41.2289 1.5
    endloop
  endfacet
  facet normal -0.896823 0.442389 0
    outer loop
      vertex 41.2289 -40.625 1.5
      vertex 41.3244 -40.4314 2.4
      vertex 41.3244 -40.4314 1.5
    endloop
  endfacet
  facet normal -0.896823 0.442389 0
    outer loop
      vertex 41.3244 -40.4314 2.4
      vertex 41.2289 -40.625 1.5
      vertex 41.2289 -40.625 2.4
    endloop
  endfacet
  facet normal 0.321645 0.94686 -0
    outer loop
      vertex 39.3729 -41.3938 1.5
      vertex 39.1686 -41.3244 2.4
      vertex 39.3729 -41.3938 2.4
    endloop
  endfacet
  facet normal 0.321645 0.94686 0
    outer loop
      vertex 39.1686 -41.3244 2.4
      vertex 39.3729 -41.3938 1.5
      vertex 39.1686 -41.3244 1.5
    endloop
  endfacet
  facet normal 0.442389 0.896823 -0
    outer loop
      vertex 39.1686 -41.3244 1.5
      vertex 38.975 -41.2289 2.4
      vertex 39.1686 -41.3244 2.4
    endloop
  endfacet
  facet normal 0.442389 0.896823 0
    outer loop
      vertex 38.975 -41.2289 2.4
      vertex 39.1686 -41.3244 1.5
      vertex 38.975 -41.2289 1.5
    endloop
  endfacet
  facet normal 0.980794 0.195047 0
    outer loop
      vertex 38.2062 -40.2271 2.4
      vertex 38.1641 -40.0154 1.5
      vertex 38.1641 -40.0154 2.4
    endloop
  endfacet
  facet normal 0.980794 0.195047 0
    outer loop
      vertex 38.1641 -40.0154 1.5
      vertex 38.2062 -40.2271 2.4
      vertex 38.2062 -40.2271 1.5
    endloop
  endfacet
  facet normal 0.831551 0.555448 0
    outer loop
      vertex 38.491 -40.8045 2.4
      vertex 38.3711 -40.625 1.5
      vertex 38.3711 -40.625 2.4
    endloop
  endfacet
  facet normal 0.831551 0.555448 0
    outer loop
      vertex 38.3711 -40.625 1.5
      vertex 38.491 -40.8045 2.4
      vertex 38.491 -40.8045 1.5
    endloop
  endfacet
  facet normal 0.751715 0.659488 0
    outer loop
      vertex 38.6333 -40.9667 2.4
      vertex 38.491 -40.8045 1.5
      vertex 38.491 -40.8045 2.4
    endloop
  endfacet
  facet normal 0.751715 0.659488 0
    outer loop
      vertex 38.491 -40.8045 1.5
      vertex 38.6333 -40.9667 2.4
      vertex 38.6333 -40.9667 1.5
    endloop
  endfacet
  facet normal -0.980794 -0.195047 0
    outer loop
      vertex 41.4359 -39.5846 1.5
      vertex 41.3938 -39.3729 2.4
      vertex 41.3938 -39.3729 1.5
    endloop
  endfacet
  facet normal -0.980794 -0.195047 0
    outer loop
      vertex 41.3938 -39.3729 2.4
      vertex 41.4359 -39.5846 1.5
      vertex 41.4359 -39.5846 2.4
    endloop
  endfacet
  facet normal -0.980794 0.195047 0
    outer loop
      vertex 41.3938 -40.2271 1.5
      vertex 41.4359 -40.0154 2.4
      vertex 41.4359 -40.0154 1.5
    endloop
  endfacet
  facet normal -0.980794 0.195047 0
    outer loop
      vertex 41.4359 -40.0154 2.4
      vertex 41.3938 -40.2271 1.5
      vertex 41.3938 -40.2271 2.4
    endloop
  endfacet
  facet normal -0.94686 0.321645 0
    outer loop
      vertex 41.3244 -40.4314 1.5
      vertex 41.3938 -40.2271 2.4
      vertex 41.3938 -40.2271 1.5
    endloop
  endfacet
  facet normal -0.94686 0.321645 0
    outer loop
      vertex 41.3938 -40.2271 2.4
      vertex 41.3244 -40.4314 1.5
      vertex 41.3244 -40.4314 2.4
    endloop
  endfacet
  facet normal -0.659488 0.751715 0
    outer loop
      vertex 40.9667 -40.9667 1.5
      vertex 40.8045 -41.109 2.4
      vertex 40.9667 -40.9667 2.4
    endloop
  endfacet
  facet normal -0.659488 0.751715 0
    outer loop
      vertex 40.8045 -41.109 2.4
      vertex 40.9667 -40.9667 1.5
      vertex 40.8045 -41.109 1.5
    endloop
  endfacet
  facet normal -0.831551 0.555448 0
    outer loop
      vertex 41.109 -40.8045 1.5
      vertex 41.2289 -40.625 2.4
      vertex 41.2289 -40.625 1.5
    endloop
  endfacet
  facet normal -0.831551 0.555448 0
    outer loop
      vertex 41.2289 -40.625 2.4
      vertex 41.109 -40.8045 1.5
      vertex 41.109 -40.8045 2.4
    endloop
  endfacet
  facet normal 0.195047 0.980794 -0
    outer loop
      vertex 39.5846 -41.4359 1.5
      vertex 39.3729 -41.3938 2.4
      vertex 39.5846 -41.4359 2.4
    endloop
  endfacet
  facet normal 0.195047 0.980794 0
    outer loop
      vertex 39.3729 -41.3938 2.4
      vertex 39.5846 -41.4359 1.5
      vertex 39.3729 -41.3938 1.5
    endloop
  endfacet
  facet normal 0.555448 0.831551 -0
    outer loop
      vertex 38.975 -41.2289 1.5
      vertex 38.7955 -41.109 2.4
      vertex 38.975 -41.2289 2.4
    endloop
  endfacet
  facet normal 0.555448 0.831551 0
    outer loop
      vertex 38.7955 -41.109 2.4
      vertex 38.975 -41.2289 1.5
      vertex 38.7955 -41.109 1.5
    endloop
  endfacet
  facet normal -0.997862 -0.0653568 0
    outer loop
      vertex 42.9 -39.8 0
      vertex 42.8735 -39.3954 1.5
      vertex 42.8735 -39.3954 0
    endloop
  endfacet
  facet normal -0.997862 -0.0653568 0
    outer loop
      vertex 42.8735 -39.3954 1.5
      vertex 42.9 -39.8 0
      vertex 42.9 -39.8 1.5
    endloop
  endfacet
  facet normal 0.997862 -0.0653568 0
    outer loop
      vertex 36.7 -39.8 1.5
      vertex 36.7265 -39.3954 0
      vertex 36.7265 -39.3954 1.5
    endloop
  endfacet
  facet normal 0.997862 -0.0653568 0
    outer loop
      vertex 36.7265 -39.3954 0
      vertex 36.7 -39.8 1.5
      vertex 36.7 -39.8 0
    endloop
  endfacet
  facet normal 0.0653568 -0.997862 0
    outer loop
      vertex 39.3954 -36.7265 0
      vertex 39.8 -36.7 1.5
      vertex 39.3954 -36.7265 1.5
    endloop
  endfacet
  facet normal 0.0653568 -0.997862 0
    outer loop
      vertex 39.8 -36.7 1.5
      vertex 39.3954 -36.7265 0
      vertex 39.8 -36.7 0
    endloop
  endfacet
  facet normal -0.0653568 0.997862 0
    outer loop
      vertex 40.2046 -42.8735 0
      vertex 39.8 -42.9 1.5
      vertex 40.2046 -42.8735 1.5
    endloop
  endfacet
  facet normal -0.0653568 0.997862 0
    outer loop
      vertex 39.8 -42.9 1.5
      vertex 40.2046 -42.8735 0
      vertex 39.8 -42.9 0
    endloop
  endfacet
  facet normal -0.659482 -0.751721 0
    outer loop
      vertex 41.6872 -37.3406 0
      vertex 41.992 -37.608 1.5
      vertex 41.6872 -37.3406 1.5
    endloop
  endfacet
  facet normal -0.659482 -0.751721 -0
    outer loop
      vertex 41.992 -37.608 1.5
      vertex 41.6872 -37.3406 0
      vertex 41.992 -37.608 0
    endloop
  endfacet
  facet normal 0.659482 -0.751721 0
    outer loop
      vertex 37.608 -37.608 0
      vertex 37.9128 -37.3406 1.5
      vertex 37.608 -37.608 1.5
    endloop
  endfacet
  facet normal 0.659482 -0.751721 0
    outer loop
      vertex 37.9128 -37.3406 1.5
      vertex 37.608 -37.608 0
      vertex 37.9128 -37.3406 0
    endloop
  endfacet
  facet normal 0.321549 -0.946893 0
    outer loop
      vertex 38.6137 -36.936 0
      vertex 38.9977 -36.8056 1.5
      vertex 38.6137 -36.936 1.5
    endloop
  endfacet
  facet normal 0.321549 -0.946893 0
    outer loop
      vertex 38.9977 -36.8056 1.5
      vertex 38.6137 -36.936 0
      vertex 38.9977 -36.8056 0
    endloop
  endfacet
  facet normal -0.896928 -0.442176 0
    outer loop
      vertex 42.664 -38.6137 0
      vertex 42.4847 -38.25 1.5
      vertex 42.4847 -38.25 0
    endloop
  endfacet
  facet normal -0.896928 -0.442176 0
    outer loop
      vertex 42.4847 -38.25 1.5
      vertex 42.664 -38.6137 0
      vertex 42.664 -38.6137 1.5
    endloop
  endfacet
  facet normal -0.321549 -0.946893 0
    outer loop
      vertex 40.6023 -36.8056 0
      vertex 40.9863 -36.936 1.5
      vertex 40.6023 -36.8056 1.5
    endloop
  endfacet
  facet normal -0.321549 -0.946893 -0
    outer loop
      vertex 40.9863 -36.936 1.5
      vertex 40.6023 -36.8056 0
      vertex 40.9863 -36.936 0
    endloop
  endfacet
  facet normal -0.195073 -0.980789 0
    outer loop
      vertex 40.2046 -36.7265 0
      vertex 40.6023 -36.8056 1.5
      vertex 40.2046 -36.7265 1.5
    endloop
  endfacet
  facet normal -0.195073 -0.980789 -0
    outer loop
      vertex 40.6023 -36.8056 1.5
      vertex 40.2046 -36.7265 0
      vertex 40.6023 -36.8056 0
    endloop
  endfacet
  facet normal -0.442176 -0.896928 0
    outer loop
      vertex 40.9863 -36.936 0
      vertex 41.35 -37.1153 1.5
      vertex 40.9863 -36.936 1.5
    endloop
  endfacet
  facet normal -0.442176 -0.896928 -0
    outer loop
      vertex 41.35 -37.1153 1.5
      vertex 40.9863 -36.936 0
      vertex 41.35 -37.1153 0
    endloop
  endfacet
  facet normal 0.896928 -0.442176 0
    outer loop
      vertex 36.936 -38.6137 1.5
      vertex 37.1153 -38.25 0
      vertex 37.1153 -38.25 1.5
    endloop
  endfacet
  facet normal 0.896928 -0.442176 0
    outer loop
      vertex 37.1153 -38.25 0
      vertex 36.936 -38.6137 1.5
      vertex 36.936 -38.6137 0
    endloop
  endfacet
  facet normal 0.751721 -0.659482 0
    outer loop
      vertex 37.3406 -37.9128 1.5
      vertex 37.608 -37.608 0
      vertex 37.608 -37.608 1.5
    endloop
  endfacet
  facet normal 0.751721 -0.659482 0
    outer loop
      vertex 37.608 -37.608 0
      vertex 37.3406 -37.9128 1.5
      vertex 37.3406 -37.9128 0
    endloop
  endfacet
  facet normal 0 0 -1
    outer loop
      vertex 41.45 -39.8 1.5
      vertex 42.9 -39.8 1.5
      vertex 42.8735 -40.2046 1.5
    endloop
  endfacet
  facet normal 0 0 -1
    outer loop
      vertex 41.4359 -40.0154 1.5
      vertex 42.8735 -40.2046 1.5
      vertex 42.7944 -40.6023 1.5
    endloop
  endfacet
  facet normal 0 0 -1
    outer loop
      vertex 42.9 -39.8 1.5
      vertex 41.45 -39.8 1.5
      vertex 42.8735 -39.3954 1.5
    endloop
  endfacet
  facet normal 0 0 -1
    outer loop
      vertex 41.3938 -40.2271 1.5
      vertex 42.7944 -40.6023 1.5
      vertex 42.664 -40.9863 1.5
    endloop
  endfacet
  facet normal 0 0 -1
    outer loop
      vertex 41.4359 -39.5846 1.5
      vertex 42.8735 -39.3954 1.5
      vertex 41.45 -39.8 1.5
    endloop
  endfacet
  facet normal 0 0 -1
    outer loop
      vertex 41.3244 -40.4314 1.5
      vertex 42.664 -40.9863 1.5
      vertex 42.4847 -41.35 1.5
    endloop
  endfacet
  facet normal -0 0 -1
    outer loop
      vertex 42.8735 -39.3954 1.5
      vertex 41.4359 -39.5846 1.5
      vertex 42.7944 -38.9977 1.5
    endloop
  endfacet
  facet normal 0 0 -1
    outer loop
      vertex 41.2289 -40.625 1.5
      vertex 42.4847 -41.35 1.5
      vertex 42.2594 -41.6872 1.5
    endloop
  endfacet
  facet normal 0 0 -1
    outer loop
      vertex 41.3938 -39.3729 1.5
      vertex 42.7944 -38.9977 1.5
      vertex 41.4359 -39.5846 1.5
    endloop
  endfacet
  facet normal 0 0 -1
    outer loop
      vertex 41.109 -40.8045 1.5
      vertex 42.2594 -41.6872 1.5
      vertex 41.992 -41.992 1.5
    endloop
  endfacet
  facet normal -0 0 -1
    outer loop
      vertex 42.7944 -38.9977 1.5
      vertex 41.3938 -39.3729 1.5
      vertex 42.664 -38.6137 1.5
    endloop
  endfacet
  facet normal 0 0 -1
    outer loop
      vertex 40.9667 -40.9667 1.5
      vertex 41.992 -41.992 1.5
      vertex 41.6872 -42.2594 1.5
    endloop
  endfacet
  facet normal 0 0 -1
    outer loop
      vertex 41.3244 -39.1686 1.5
      vertex 42.664 -38.6137 1.5
      vertex 41.3938 -39.3729 1.5
    endloop
  endfacet
  facet normal -0 0 -1
    outer loop
      vertex 42.664 -38.6137 1.5
      vertex 41.3244 -39.1686 1.5
      vertex 42.4847 -38.25 1.5
    endloop
  endfacet
  facet normal 0 0 -1
    outer loop
      vertex 42.8735 -40.2046 1.5
      vertex 41.4359 -40.0154 1.5
      vertex 41.45 -39.8 1.5
    endloop
  endfacet
  facet normal 0 0 -1
    outer loop
      vertex 42.7944 -40.6023 1.5
      vertex 41.3938 -40.2271 1.5
      vertex 41.4359 -40.0154 1.5
    endloop
  endfacet
  facet normal 0 0 -1
    outer loop
      vertex 40.8045 -41.109 1.5
      vertex 41.6872 -42.2594 1.5
      vertex 41.35 -42.4847 1.5
    endloop
  endfacet
  facet normal 0 0 -1
    outer loop
      vertex 42.664 -40.9863 1.5
      vertex 41.3244 -40.4314 1.5
      vertex 41.3938 -40.2271 1.5
    endloop
  endfacet
  facet normal 0 0 -1
    outer loop
      vertex 42.4847 -41.35 1.5
      vertex 41.2289 -40.625 1.5
      vertex 41.3244 -40.4314 1.5
    endloop
  endfacet
  facet normal 0 0 -1
    outer loop
      vertex 42.2594 -41.6872 1.5
      vertex 41.109 -40.8045 1.5
      vertex 41.2289 -40.625 1.5
    endloop
  endfacet
  facet normal 0 0 -1
    outer loop
      vertex 40.625 -41.2289 1.5
      vertex 41.35 -42.4847 1.5
      vertex 40.9863 -42.664 1.5
    endloop
  endfacet
  facet normal 0 0 -1
    outer loop
      vertex 41.992 -41.992 1.5
      vertex 40.9667 -40.9667 1.5
      vertex 41.109 -40.8045 1.5
    endloop
  endfacet
  facet normal 0 0 -1
    outer loop
      vertex 41.6872 -42.2594 1.5
      vertex 40.8045 -41.109 1.5
      vertex 40.9667 -40.9667 1.5
    endloop
  endfacet
  facet normal 0 0 -1
    outer loop
      vertex 41.35 -42.4847 1.5
      vertex 40.625 -41.2289 1.5
      vertex 40.8045 -41.109 1.5
    endloop
  endfacet
  facet normal 0 0 -1
    outer loop
      vertex 40.4314 -41.3244 1.5
      vertex 40.9863 -42.664 1.5
      vertex 40.6023 -42.7944 1.5
    endloop
  endfacet
  facet normal 0 0 -1
    outer loop
      vertex 40.9863 -42.664 1.5
      vertex 40.4314 -41.3244 1.5
      vertex 40.625 -41.2289 1.5
    endloop
  endfacet
  facet normal 0 0 -1
    outer loop
      vertex 40.6023 -42.7944 1.5
      vertex 40.2271 -41.3938 1.5
      vertex 40.4314 -41.3244 1.5
    endloop
  endfacet
  facet normal 0 0 -1
    outer loop
      vertex 40.2046 -42.8735 1.5
      vertex 40.2271 -41.3938 1.5
      vertex 40.6023 -42.7944 1.5
    endloop
  endfacet
  facet normal 0 0 -1
    outer loop
      vertex 40.2046 -42.8735 1.5
      vertex 40.0154 -41.4359 1.5
      vertex 40.2271 -41.3938 1.5
    endloop
  endfacet
  facet normal 0 0 -1
    outer loop
      vertex 39.8 -42.9 1.5
      vertex 40.0154 -41.4359 1.5
      vertex 40.2046 -42.8735 1.5
    endloop
  endfacet
  facet normal 0 0 -1
    outer loop
      vertex 39.8 -42.9 1.5
      vertex 39.8 -41.45 1.5
      vertex 40.0154 -41.4359 1.5
    endloop
  endfacet
  facet normal 0 0 -1
    outer loop
      vertex 39.8 -42.9 1.5
      vertex 39.5846 -41.4359 1.5
      vertex 39.8 -41.45 1.5
    endloop
  endfacet
  facet normal 0 0 -1
    outer loop
      vertex 39.3954 -42.8735 1.5
      vertex 39.5846 -41.4359 1.5
      vertex 39.8 -42.9 1.5
    endloop
  endfacet
  facet normal 0 0 -1
    outer loop
      vertex 39.3954 -42.8735 1.5
      vertex 39.3729 -41.3938 1.5
      vertex 39.5846 -41.4359 1.5
    endloop
  endfacet
  facet normal 0 0 -1
    outer loop
      vertex 38.9977 -42.7944 1.5
      vertex 39.3729 -41.3938 1.5
      vertex 39.3954 -42.8735 1.5
    endloop
  endfacet
  facet normal -0 0 -1
    outer loop
      vertex 39.3729 -41.3938 1.5
      vertex 38.9977 -42.7944 1.5
      vertex 39.1686 -41.3244 1.5
    endloop
  endfacet
  facet normal 0 0 -1
    outer loop
      vertex 38.6137 -42.664 1.5
      vertex 39.1686 -41.3244 1.5
      vertex 38.9977 -42.7944 1.5
    endloop
  endfacet
  facet normal -0 0 -1
    outer loop
      vertex 39.1686 -41.3244 1.5
      vertex 38.6137 -42.664 1.5
      vertex 38.975 -41.2289 1.5
    endloop
  endfacet
  facet normal 0 0 -1
    outer loop
      vertex 38.25 -42.4847 1.5
      vertex 38.975 -41.2289 1.5
      vertex 38.6137 -42.664 1.5
    endloop
  endfacet
  facet normal -0 0 -1
    outer loop
      vertex 38.975 -41.2289 1.5
      vertex 38.25 -42.4847 1.5
      vertex 38.7955 -41.109 1.5
    endloop
  endfacet
  facet normal 0 0 -1
    outer loop
      vertex 37.9128 -42.2594 1.5
      vertex 38.7955 -41.109 1.5
      vertex 38.25 -42.4847 1.5
    endloop
  endfacet
  facet normal -0 0 -1
    outer loop
      vertex 38.7955 -41.109 1.5
      vertex 37.9128 -42.2594 1.5
      vertex 38.6333 -40.9667 1.5
    endloop
  endfacet
  facet normal 0 0 -1
    outer loop
      vertex 37.608 -41.992 1.5
      vertex 38.6333 -40.9667 1.5
      vertex 37.9128 -42.2594 1.5
    endloop
  endfacet
  facet normal -0 0 -1
    outer loop
      vertex 38.6333 -40.9667 1.5
      vertex 37.608 -41.992 1.5
      vertex 38.491 -40.8045 1.5
    endloop
  endfacet
  facet normal 0 0 -1
    outer loop
      vertex 37.3406 -41.6872 1.5
      vertex 38.491 -40.8045 1.5
      vertex 37.608 -41.992 1.5
    endloop
  endfacet
  facet normal -0 0 -1
    outer loop
      vertex 38.491 -40.8045 1.5
      vertex 37.3406 -41.6872 1.5
      vertex 38.3711 -40.625 1.5
    endloop
  endfacet
  facet normal 0 0 -1
    outer loop
      vertex 37.1153 -41.35 1.5
      vertex 38.3711 -40.625 1.5
      vertex 37.3406 -41.6872 1.5
    endloop
  endfacet
  facet normal -0 0 -1
    outer loop
      vertex 38.3711 -40.625 1.5
      vertex 37.1153 -41.35 1.5
      vertex 38.2756 -40.4314 1.5
    endloop
  endfacet
  facet normal 0 0 -1
    outer loop
      vertex 41.2289 -38.975 1.5
      vertex 42.4847 -38.25 1.5
      vertex 41.3244 -39.1686 1.5
    endloop
  endfacet
  facet normal -0 0 -1
    outer loop
      vertex 42.4847 -38.25 1.5
      vertex 41.2289 -38.975 1.5
      vertex 42.2594 -37.9128 1.5
    endloop
  endfacet
  facet normal 0 0 -1
    outer loop
      vertex 41.109 -38.7955 1.5
      vertex 42.2594 -37.9128 1.5
      vertex 41.2289 -38.975 1.5
    endloop
  endfacet
  facet normal -0 0 -1
    outer loop
      vertex 42.2594 -37.9128 1.5
      vertex 41.109 -38.7955 1.5
      vertex 41.992 -37.608 1.5
    endloop
  endfacet
  facet normal 0 0 -1
    outer loop
      vertex 40.9667 -38.6333 1.5
      vertex 41.992 -37.608 1.5
      vertex 41.109 -38.7955 1.5
    endloop
  endfacet
  facet normal -0 0 -1
    outer loop
      vertex 41.992 -37.608 1.5
      vertex 40.9667 -38.6333 1.5
      vertex 41.6872 -37.3406 1.5
    endloop
  endfacet
  facet normal 0 0 -1
    outer loop
      vertex 40.8045 -38.491 1.5
      vertex 41.6872 -37.3406 1.5
      vertex 40.9667 -38.6333 1.5
    endloop
  endfacet
  facet normal -0 0 -1
    outer loop
      vertex 41.6872 -37.3406 1.5
      vertex 40.8045 -38.491 1.5
      vertex 41.35 -37.1153 1.5
    endloop
  endfacet
  facet normal 0 0 -1
    outer loop
      vertex 40.625 -38.3711 1.5
      vertex 41.35 -37.1153 1.5
      vertex 40.8045 -38.491 1.5
    endloop
  endfacet
  facet normal -0 0 -1
    outer loop
      vertex 41.35 -37.1153 1.5
      vertex 40.625 -38.3711 1.5
      vertex 40.9863 -36.936 1.5
    endloop
  endfacet
  facet normal 0 0 -1
    outer loop
      vertex 40.4314 -38.2756 1.5
      vertex 40.9863 -36.936 1.5
      vertex 40.625 -38.3711 1.5
    endloop
  endfacet
  facet normal -0 0 -1
    outer loop
      vertex 40.9863 -36.936 1.5
      vertex 40.4314 -38.2756 1.5
      vertex 40.6023 -36.8056 1.5
    endloop
  endfacet
  facet normal 0 0 -1
    outer loop
      vertex 40.2271 -38.2062 1.5
      vertex 40.6023 -36.8056 1.5
      vertex 40.4314 -38.2756 1.5
    endloop
  endfacet
  facet normal 0 0 -1
    outer loop
      vertex 40.2271 -38.2062 1.5
      vertex 40.2046 -36.7265 1.5
      vertex 40.6023 -36.8056 1.5
    endloop
  endfacet
  facet normal 0 0 -1
    outer loop
      vertex 40.0154 -38.1641 1.5
      vertex 40.2046 -36.7265 1.5
      vertex 40.2271 -38.2062 1.5
    endloop
  endfacet
  facet normal 0 0 -1
    outer loop
      vertex 39.8 -38.15 1.5
      vertex 40.2046 -36.7265 1.5
      vertex 40.0154 -38.1641 1.5
    endloop
  endfacet
  facet normal 0 0 -1
    outer loop
      vertex 39.8 -38.15 1.5
      vertex 39.8 -36.7 1.5
      vertex 40.2046 -36.7265 1.5
    endloop
  endfacet
  facet normal 0 0 -1
    outer loop
      vertex 39.5846 -38.1641 1.5
      vertex 39.8 -36.7 1.5
      vertex 39.8 -38.15 1.5
    endloop
  endfacet
  facet normal 0 0 -1
    outer loop
      vertex 39.5846 -38.1641 1.5
      vertex 39.3954 -36.7265 1.5
      vertex 39.8 -36.7 1.5
    endloop
  endfacet
  facet normal 0 0 -1
    outer loop
      vertex 39.3729 -38.2062 1.5
      vertex 39.3954 -36.7265 1.5
      vertex 39.5846 -38.1641 1.5
    endloop
  endfacet
  facet normal 0 0 -1
    outer loop
      vertex 38.9977 -36.8056 1.5
      vertex 39.3729 -38.2062 1.5
      vertex 39.1686 -38.2756 1.5
    endloop
  endfacet
  facet normal 0 0 -1
    outer loop
      vertex 39.3729 -38.2062 1.5
      vertex 38.9977 -36.8056 1.5
      vertex 39.3954 -36.7265 1.5
    endloop
  endfacet
  facet normal 0 0 -1
    outer loop
      vertex 38.6137 -36.936 1.5
      vertex 39.1686 -38.2756 1.5
      vertex 38.975 -38.3711 1.5
    endloop
  endfacet
  facet normal 0 0 -1
    outer loop
      vertex 38.25 -37.1153 1.5
      vertex 38.975 -38.3711 1.5
      vertex 38.7955 -38.491 1.5
    endloop
  endfacet
  facet normal 0 0 -1
    outer loop
      vertex 37.9128 -37.3406 1.5
      vertex 38.7955 -38.491 1.5
      vertex 38.6333 -38.6333 1.5
    endloop
  endfacet
  facet normal 0 0 -1
    outer loop
      vertex 39.1686 -38.2756 1.5
      vertex 38.6137 -36.936 1.5
      vertex 38.9977 -36.8056 1.5
    endloop
  endfacet
  facet normal 0 0 -1
    outer loop
      vertex 37.608 -37.608 1.5
      vertex 38.6333 -38.6333 1.5
      vertex 38.491 -38.7955 1.5
    endloop
  endfacet
  facet normal 0 0 -1
    outer loop
      vertex 37.3406 -37.9128 1.5
      vertex 38.491 -38.7955 1.5
      vertex 38.3711 -38.975 1.5
    endloop
  endfacet
  facet normal 0 0 -1
    outer loop
      vertex 37.1153 -38.25 1.5
      vertex 38.3711 -38.975 1.5
      vertex 38.2756 -39.1686 1.5
    endloop
  endfacet
  facet normal 0 0 -1
    outer loop
      vertex 38.975 -38.3711 1.5
      vertex 38.25 -37.1153 1.5
      vertex 38.6137 -36.936 1.5
    endloop
  endfacet
  facet normal 0 0 -1
    outer loop
      vertex 36.936 -38.6137 1.5
      vertex 38.2756 -39.1686 1.5
      vertex 38.2062 -39.3729 1.5
    endloop
  endfacet
  facet normal 0 0 -1
    outer loop
      vertex 36.8056 -38.9977 1.5
      vertex 38.2062 -39.3729 1.5
      vertex 38.1641 -39.5846 1.5
    endloop
  endfacet
  facet normal 0 0 -1
    outer loop
      vertex 36.7265 -39.3954 1.5
      vertex 38.1641 -39.5846 1.5
      vertex 38.15 -39.8 1.5
    endloop
  endfacet
  facet normal 0 0 -1
    outer loop
      vertex 36.936 -40.9863 1.5
      vertex 38.2756 -40.4314 1.5
      vertex 37.1153 -41.35 1.5
    endloop
  endfacet
  facet normal 0 0 -1
    outer loop
      vertex 38.7955 -38.491 1.5
      vertex 37.9128 -37.3406 1.5
      vertex 38.25 -37.1153 1.5
    endloop
  endfacet
  facet normal -0 0 -1
    outer loop
      vertex 38.2756 -40.4314 1.5
      vertex 36.936 -40.9863 1.5
      vertex 38.2062 -40.2271 1.5
    endloop
  endfacet
  facet normal 0 0 -1
    outer loop
      vertex 38.6333 -38.6333 1.5
      vertex 37.608 -37.608 1.5
      vertex 37.9128 -37.3406 1.5
    endloop
  endfacet
  facet normal 0 0 -1
    outer loop
      vertex 36.8056 -40.6023 1.5
      vertex 38.2062 -40.2271 1.5
      vertex 36.936 -40.9863 1.5
    endloop
  endfacet
  facet normal 0 0 -1
    outer loop
      vertex 38.491 -38.7955 1.5
      vertex 37.3406 -37.9128 1.5
      vertex 37.608 -37.608 1.5
    endloop
  endfacet
  facet normal -0 0 -1
    outer loop
      vertex 38.2062 -40.2271 1.5
      vertex 36.8056 -40.6023 1.5
      vertex 38.1641 -40.0154 1.5
    endloop
  endfacet
  facet normal 0 0 -1
    outer loop
      vertex 38.3711 -38.975 1.5
      vertex 37.1153 -38.25 1.5
      vertex 37.3406 -37.9128 1.5
    endloop
  endfacet
  facet normal 0 0 -1
    outer loop
      vertex 36.7265 -40.2046 1.5
      vertex 38.1641 -40.0154 1.5
      vertex 36.8056 -40.6023 1.5
    endloop
  endfacet
  facet normal 0 0 -1
    outer loop
      vertex 38.2756 -39.1686 1.5
      vertex 36.936 -38.6137 1.5
      vertex 37.1153 -38.25 1.5
    endloop
  endfacet
  facet normal -0 0 -1
    outer loop
      vertex 38.1641 -40.0154 1.5
      vertex 36.7265 -40.2046 1.5
      vertex 38.15 -39.8 1.5
    endloop
  endfacet
  facet normal 0 0 -1
    outer loop
      vertex 38.2062 -39.3729 1.5
      vertex 36.8056 -38.9977 1.5
      vertex 36.936 -38.6137 1.5
    endloop
  endfacet
  facet normal 0 0 -1
    outer loop
      vertex 36.7 -39.8 1.5
      vertex 38.15 -39.8 1.5
      vertex 36.7265 -40.2046 1.5
    endloop
  endfacet
  facet normal 0 0 -1
    outer loop
      vertex 38.1641 -39.5846 1.5
      vertex 36.7265 -39.3954 1.5
      vertex 36.8056 -38.9977 1.5
    endloop
  endfacet
  facet normal 0 0 -1
    outer loop
      vertex 38.15 -39.8 1.5
      vertex 36.7 -39.8 1.5
      vertex 36.7265 -39.3954 1.5
    endloop
  endfacet
  facet normal 0.195073 -0.980789 0
    outer loop
      vertex 38.9977 -36.8056 0
      vertex 39.3954 -36.7265 1.5
      vertex 38.9977 -36.8056 1.5
    endloop
  endfacet
  facet normal 0.195073 -0.980789 0
    outer loop
      vertex 39.3954 -36.7265 1.5
      vertex 38.9977 -36.8056 0
      vertex 39.3954 -36.7265 0
    endloop
  endfacet
  facet normal -0.896928 0.442176 0
    outer loop
      vertex 42.4847 -41.35 0
      vertex 42.664 -40.9863 1.5
      vertex 42.664 -40.9863 0
    endloop
  endfacet
  facet normal -0.896928 0.442176 0
    outer loop
      vertex 42.664 -40.9863 1.5
      vertex 42.4847 -41.35 0
      vertex 42.4847 -41.35 1.5
    endloop
  endfacet
  facet normal -0.195073 0.980789 0
    outer loop
      vertex 40.6023 -42.7944 0
      vertex 40.2046 -42.8735 1.5
      vertex 40.6023 -42.7944 1.5
    endloop
  endfacet
  facet normal -0.195073 0.980789 0
    outer loop
      vertex 40.2046 -42.8735 1.5
      vertex 40.6023 -42.7944 0
      vertex 40.2046 -42.8735 0
    endloop
  endfacet
  facet normal -0.442176 0.896928 0
    outer loop
      vertex 41.35 -42.4847 0
      vertex 40.9863 -42.664 1.5
      vertex 41.35 -42.4847 1.5
    endloop
  endfacet
  facet normal -0.442176 0.896928 0
    outer loop
      vertex 40.9863 -42.664 1.5
      vertex 41.35 -42.4847 0
      vertex 40.9863 -42.664 0
    endloop
  endfacet
  facet normal -0.946893 -0.321549 0
    outer loop
      vertex 42.7944 -38.9977 0
      vertex 42.664 -38.6137 1.5
      vertex 42.664 -38.6137 0
    endloop
  endfacet
  facet normal -0.946893 -0.321549 0
    outer loop
      vertex 42.664 -38.6137 1.5
      vertex 42.7944 -38.9977 0
      vertex 42.7944 -38.9977 1.5
    endloop
  endfacet
  facet normal -0.980789 -0.195073 0
    outer loop
      vertex 42.8735 -39.3954 0
      vertex 42.7944 -38.9977 1.5
      vertex 42.7944 -38.9977 0
    endloop
  endfacet
  facet normal -0.980789 -0.195073 0
    outer loop
      vertex 42.7944 -38.9977 1.5
      vertex 42.8735 -39.3954 0
      vertex 42.8735 -39.3954 1.5
    endloop
  endfacet
  facet normal -0.751721 -0.659482 0
    outer loop
      vertex 42.2594 -37.9128 0
      vertex 41.992 -37.608 1.5
      vertex 41.992 -37.608 0
    endloop
  endfacet
  facet normal -0.751721 -0.659482 0
    outer loop
      vertex 41.992 -37.608 1.5
      vertex 42.2594 -37.9128 0
      vertex 42.2594 -37.9128 1.5
    endloop
  endfacet
  facet normal -0.831481 -0.555553 0
    outer loop
      vertex 42.4847 -38.25 0
      vertex 42.2594 -37.9128 1.5
      vertex 42.2594 -37.9128 0
    endloop
  endfacet
  facet normal -0.831481 -0.555553 0
    outer loop
      vertex 42.2594 -37.9128 1.5
      vertex 42.4847 -38.25 0
      vertex 42.4847 -38.25 1.5
    endloop
  endfacet
  facet normal -0.0653568 -0.997862 0
    outer loop
      vertex 39.8 -36.7 0
      vertex 40.2046 -36.7265 1.5
      vertex 39.8 -36.7 1.5
    endloop
  endfacet
  facet normal -0.0653568 -0.997862 -0
    outer loop
      vertex 40.2046 -36.7265 1.5
      vertex 39.8 -36.7 0
      vertex 40.2046 -36.7265 0
    endloop
  endfacet
  facet normal -0.555553 -0.831481 0
    outer loop
      vertex 41.35 -37.1153 0
      vertex 41.6872 -37.3406 1.5
      vertex 41.35 -37.1153 1.5
    endloop
  endfacet
  facet normal -0.555553 -0.831481 -0
    outer loop
      vertex 41.6872 -37.3406 1.5
      vertex 41.35 -37.1153 0
      vertex 41.6872 -37.3406 0
    endloop
  endfacet
  facet normal 0.831481 -0.555553 0
    outer loop
      vertex 37.1153 -38.25 1.5
      vertex 37.3406 -37.9128 0
      vertex 37.3406 -37.9128 1.5
    endloop
  endfacet
  facet normal 0.831481 -0.555553 0
    outer loop
      vertex 37.3406 -37.9128 0
      vertex 37.1153 -38.25 1.5
      vertex 37.1153 -38.25 0
    endloop
  endfacet
  facet normal 0.946893 -0.321549 0
    outer loop
      vertex 36.8056 -38.9977 1.5
      vertex 36.936 -38.6137 0
      vertex 36.936 -38.6137 1.5
    endloop
  endfacet
  facet normal 0.946893 -0.321549 0
    outer loop
      vertex 36.936 -38.6137 0
      vertex 36.8056 -38.9977 1.5
      vertex 36.8056 -38.9977 0
    endloop
  endfacet
  facet normal 0.980789 -0.195073 0
    outer loop
      vertex 36.7265 -39.3954 1.5
      vertex 36.8056 -38.9977 0
      vertex 36.8056 -38.9977 1.5
    endloop
  endfacet
  facet normal 0.980789 -0.195073 0
    outer loop
      vertex 36.8056 -38.9977 0
      vertex 36.7265 -39.3954 1.5
      vertex 36.7265 -39.3954 0
    endloop
  endfacet
  facet normal 0.442176 -0.896928 0
    outer loop
      vertex 38.25 -37.1153 0
      vertex 38.6137 -36.936 1.5
      vertex 38.25 -37.1153 1.5
    endloop
  endfacet
  facet normal 0.442176 -0.896928 0
    outer loop
      vertex 38.6137 -36.936 1.5
      vertex 38.25 -37.1153 0
      vertex 38.6137 -36.936 0
    endloop
  endfacet
  facet normal 0.555553 -0.831481 0
    outer loop
      vertex 37.9128 -37.3406 0
      vertex 38.25 -37.1153 1.5
      vertex 37.9128 -37.3406 1.5
    endloop
  endfacet
  facet normal 0.555553 -0.831481 0
    outer loop
      vertex 38.25 -37.1153 1.5
      vertex 37.9128 -37.3406 0
      vertex 38.25 -37.1153 0
    endloop
  endfacet
  facet normal -0.751721 0.659482 0
    outer loop
      vertex 41.992 -41.992 0
      vertex 42.2594 -41.6872 1.5
      vertex 42.2594 -41.6872 0
    endloop
  endfacet
  facet normal -0.751721 0.659482 0
    outer loop
      vertex 42.2594 -41.6872 1.5
      vertex 41.992 -41.992 0
      vertex 41.992 -41.992 1.5
    endloop
  endfacet
  facet normal -0.946893 0.321549 0
    outer loop
      vertex 42.664 -40.9863 0
      vertex 42.7944 -40.6023 1.5
      vertex 42.7944 -40.6023 0
    endloop
  endfacet
  facet normal -0.946893 0.321549 0
    outer loop
      vertex 42.7944 -40.6023 1.5
      vertex 42.664 -40.9863 0
      vertex 42.664 -40.9863 1.5
    endloop
  endfacet
  facet normal -0.980789 0.195073 0
    outer loop
      vertex 42.7944 -40.6023 0
      vertex 42.8735 -40.2046 1.5
      vertex 42.8735 -40.2046 0
    endloop
  endfacet
  facet normal -0.980789 0.195073 0
    outer loop
      vertex 42.8735 -40.2046 1.5
      vertex 42.7944 -40.6023 0
      vertex 42.7944 -40.6023 1.5
    endloop
  endfacet
  facet normal 0.659482 0.751721 -0
    outer loop
      vertex 37.9128 -42.2594 0
      vertex 37.608 -41.992 1.5
      vertex 37.9128 -42.2594 1.5
    endloop
  endfacet
  facet normal 0.659482 0.751721 0
    outer loop
      vertex 37.608 -41.992 1.5
      vertex 37.9128 -42.2594 0
      vertex 37.608 -41.992 0
    endloop
  endfacet
  facet normal 0.896928 0.442176 0
    outer loop
      vertex 37.1153 -41.35 1.5
      vertex 36.936 -40.9863 0
      vertex 36.936 -40.9863 1.5
    endloop
  endfacet
  facet normal 0.896928 0.442176 0
    outer loop
      vertex 36.936 -40.9863 0
      vertex 37.1153 -41.35 1.5
      vertex 37.1153 -41.35 0
    endloop
  endfacet
  facet normal 0.751721 0.659482 0
    outer loop
      vertex 37.608 -41.992 1.5
      vertex 37.3406 -41.6872 0
      vertex 37.3406 -41.6872 1.5
    endloop
  endfacet
  facet normal 0.751721 0.659482 0
    outer loop
      vertex 37.3406 -41.6872 0
      vertex 37.608 -41.992 1.5
      vertex 37.608 -41.992 0
    endloop
  endfacet
  facet normal -0.831481 0.555553 0
    outer loop
      vertex 42.2594 -41.6872 0
      vertex 42.4847 -41.35 1.5
      vertex 42.4847 -41.35 0
    endloop
  endfacet
  facet normal -0.831481 0.555553 0
    outer loop
      vertex 42.4847 -41.35 1.5
      vertex 42.2594 -41.6872 0
      vertex 42.2594 -41.6872 1.5
    endloop
  endfacet
  facet normal -0.997862 0.0653568 0
    outer loop
      vertex 42.8735 -40.2046 0
      vertex 42.9 -39.8 1.5
      vertex 42.9 -39.8 0
    endloop
  endfacet
  facet normal -0.997862 0.0653568 0
    outer loop
      vertex 42.9 -39.8 1.5
      vertex 42.8735 -40.2046 0
      vertex 42.8735 -40.2046 1.5
    endloop
  endfacet
  facet normal 0.980789 0.195073 0
    outer loop
      vertex 36.8056 -40.6023 1.5
      vertex 36.7265 -40.2046 0
      vertex 36.7265 -40.2046 1.5
    endloop
  endfacet
  facet normal 0.980789 0.195073 0
    outer loop
      vertex 36.7265 -40.2046 0
      vertex 36.8056 -40.6023 1.5
      vertex 36.8056 -40.6023 0
    endloop
  endfacet
  facet normal 0.997862 0.0653568 0
    outer loop
      vertex 36.7265 -40.2046 1.5
      vertex 36.7 -39.8 0
      vertex 36.7 -39.8 1.5
    endloop
  endfacet
  facet normal 0.997862 0.0653568 0
    outer loop
      vertex 36.7 -39.8 0
      vertex 36.7265 -40.2046 1.5
      vertex 36.7265 -40.2046 0
    endloop
  endfacet
  facet normal 0.946893 0.321549 0
    outer loop
      vertex 36.936 -40.9863 1.5
      vertex 36.8056 -40.6023 0
      vertex 36.8056 -40.6023 1.5
    endloop
  endfacet
  facet normal 0.946893 0.321549 0
    outer loop
      vertex 36.8056 -40.6023 0
      vertex 36.936 -40.9863 1.5
      vertex 36.936 -40.9863 0
    endloop
  endfacet
  facet normal -0.321549 0.946893 0
    outer loop
      vertex 40.9863 -42.664 0
      vertex 40.6023 -42.7944 1.5
      vertex 40.9863 -42.664 1.5
    endloop
  endfacet
  facet normal -0.321549 0.946893 0
    outer loop
      vertex 40.6023 -42.7944 1.5
      vertex 40.9863 -42.664 0
      vertex 40.6023 -42.7944 0
    endloop
  endfacet
  facet normal -0.659482 0.751721 0
    outer loop
      vertex 41.992 -41.992 0
      vertex 41.6872 -42.2594 1.5
      vertex 41.992 -41.992 1.5
    endloop
  endfacet
  facet normal -0.659482 0.751721 0
    outer loop
      vertex 41.6872 -42.2594 1.5
      vertex 41.992 -41.992 0
      vertex 41.6872 -42.2594 0
    endloop
  endfacet
  facet normal -0.555553 0.831481 0
    outer loop
      vertex 41.6872 -42.2594 0
      vertex 41.35 -42.4847 1.5
      vertex 41.6872 -42.2594 1.5
    endloop
  endfacet
  facet normal -0.555553 0.831481 0
    outer loop
      vertex 41.35 -42.4847 1.5
      vertex 41.6872 -42.2594 0
      vertex 41.35 -42.4847 0
    endloop
  endfacet
  facet normal 0.0653568 0.997862 -0
    outer loop
      vertex 39.8 -42.9 0
      vertex 39.3954 -42.8735 1.5
      vertex 39.8 -42.9 1.5
    endloop
  endfacet
  facet normal 0.0653568 0.997862 0
    outer loop
      vertex 39.3954 -42.8735 1.5
      vertex 39.8 -42.9 0
      vertex 39.3954 -42.8735 0
    endloop
  endfacet
  facet normal 0.321549 0.946893 -0
    outer loop
      vertex 38.9977 -42.7944 0
      vertex 38.6137 -42.664 1.5
      vertex 38.9977 -42.7944 1.5
    endloop
  endfacet
  facet normal 0.321549 0.946893 0
    outer loop
      vertex 38.6137 -42.664 1.5
      vertex 38.9977 -42.7944 0
      vertex 38.6137 -42.664 0
    endloop
  endfacet
  facet normal 0.555553 0.831481 -0
    outer loop
      vertex 38.25 -42.4847 0
      vertex 37.9128 -42.2594 1.5
      vertex 38.25 -42.4847 1.5
    endloop
  endfacet
  facet normal 0.555553 0.831481 0
    outer loop
      vertex 37.9128 -42.2594 1.5
      vertex 38.25 -42.4847 0
      vertex 37.9128 -42.2594 0
    endloop
  endfacet
  facet normal 0.831481 0.555553 0
    outer loop
      vertex 37.3406 -41.6872 1.5
      vertex 37.1153 -41.35 0
      vertex 37.1153 -41.35 1.5
    endloop
  endfacet
  facet normal 0.831481 0.555553 0
    outer loop
      vertex 37.1153 -41.35 0
      vertex 37.3406 -41.6872 1.5
      vertex 37.3406 -41.6872 0
    endloop
  endfacet
  facet normal 0.195073 0.980789 -0
    outer loop
      vertex 39.3954 -42.8735 0
      vertex 38.9977 -42.7944 1.5
      vertex 39.3954 -42.8735 1.5
    endloop
  endfacet
  facet normal 0.195073 0.980789 0
    outer loop
      vertex 38.9977 -42.7944 1.5
      vertex 39.3954 -42.8735 0
      vertex 38.9977 -42.7944 0
    endloop
  endfacet
  facet normal 0.442176 0.896928 -0
    outer loop
      vertex 38.6137 -42.664 0
      vertex 38.25 -42.4847 1.5
      vertex 38.6137 -42.664 1.5
    endloop
  endfacet
  facet normal 0.442176 0.896928 0
    outer loop
      vertex 38.25 -42.4847 1.5
      vertex 38.6137 -42.664 0
      vertex 38.25 -42.4847 0
    endloop
  endfacet
  facet normal -0.997864 -0.0653198 0
    outer loop
      vertex 41.45 39.8 1.5
      vertex 41.4359 40.0154 2.4
      vertex 41.4359 40.0154 1.5
    endloop
  endfacet
  facet normal -0.997864 -0.0653198 0
    outer loop
      vertex 41.4359 40.0154 2.4
      vertex 41.45 39.8 1.5
      vertex 41.45 39.8 2.4
    endloop
  endfacet
  facet normal 0.997864 -0.0653198 0
    outer loop
      vertex 38.15 39.8 2.4
      vertex 38.1641 40.0154 1.5
      vertex 38.1641 40.0154 2.4
    endloop
  endfacet
  facet normal 0.997864 -0.0653198 0
    outer loop
      vertex 38.1641 40.0154 1.5
      vertex 38.15 39.8 2.4
      vertex 38.15 39.8 1.5
    endloop
  endfacet
  facet normal -0.0653198 -0.997864 0
    outer loop
      vertex 39.8 41.45 1.5
      vertex 40.0154 41.4359 2.4
      vertex 39.8 41.45 2.4
    endloop
  endfacet
  facet normal -0.0653198 -0.997864 -0
    outer loop
      vertex 40.0154 41.4359 2.4
      vertex 39.8 41.45 1.5
      vertex 40.0154 41.4359 1.5
    endloop
  endfacet
  facet normal 0.0653198 0.997864 -0
    outer loop
      vertex 39.8 38.15 1.5
      vertex 39.5846 38.1641 2.4
      vertex 39.8 38.15 2.4
    endloop
  endfacet
  facet normal 0.0653198 0.997864 0
    outer loop
      vertex 39.5846 38.1641 2.4
      vertex 39.8 38.15 1.5
      vertex 39.5846 38.1641 1.5
    endloop
  endfacet
  facet normal -0.751715 -0.659488 0
    outer loop
      vertex 41.109 40.8045 1.5
      vertex 40.9667 40.9667 2.4
      vertex 40.9667 40.9667 1.5
    endloop
  endfacet
  facet normal -0.751715 -0.659488 0
    outer loop
      vertex 40.9667 40.9667 2.4
      vertex 41.109 40.8045 1.5
      vertex 41.109 40.8045 2.4
    endloop
  endfacet
  facet normal 0.659488 -0.751715 0
    outer loop
      vertex 38.6333 40.9667 1.5
      vertex 38.7955 41.109 2.4
      vertex 38.6333 40.9667 2.4
    endloop
  endfacet
  facet normal 0.659488 -0.751715 0
    outer loop
      vertex 38.7955 41.109 2.4
      vertex 38.6333 40.9667 1.5
      vertex 38.7955 41.109 1.5
    endloop
  endfacet
  facet normal 0.321645 -0.94686 0
    outer loop
      vertex 39.1686 41.3244 1.5
      vertex 39.3729 41.3938 2.4
      vertex 39.1686 41.3244 2.4
    endloop
  endfacet
  facet normal 0.321645 -0.94686 0
    outer loop
      vertex 39.3729 41.3938 2.4
      vertex 39.1686 41.3244 1.5
      vertex 39.3729 41.3938 1.5
    endloop
  endfacet
  facet normal 0.980794 0.195047 0
    outer loop
      vertex 38.2062 39.3729 2.4
      vertex 38.1641 39.5846 1.5
      vertex 38.1641 39.5846 2.4
    endloop
  endfacet
  facet normal 0.980794 0.195047 0
    outer loop
      vertex 38.1641 39.5846 1.5
      vertex 38.2062 39.3729 2.4
      vertex 38.2062 39.3729 1.5
    endloop
  endfacet
  facet normal -0.896823 -0.442389 0
    outer loop
      vertex 41.3244 40.4314 1.5
      vertex 41.2289 40.625 2.4
      vertex 41.2289 40.625 1.5
    endloop
  endfacet
  facet normal -0.896823 -0.442389 0
    outer loop
      vertex 41.2289 40.625 2.4
      vertex 41.3244 40.4314 1.5
      vertex 41.3244 40.4314 2.4
    endloop
  endfacet
  facet normal -0.831551 -0.555448 0
    outer loop
      vertex 41.2289 40.625 1.5
      vertex 41.109 40.8045 2.4
      vertex 41.109 40.8045 1.5
    endloop
  endfacet
  facet normal -0.831551 -0.555448 0
    outer loop
      vertex 41.109 40.8045 2.4
      vertex 41.2289 40.625 1.5
      vertex 41.2289 40.625 2.4
    endloop
  endfacet
  facet normal -0.442389 -0.896823 0
    outer loop
      vertex 40.4314 41.3244 1.5
      vertex 40.625 41.2289 2.4
      vertex 40.4314 41.3244 2.4
    endloop
  endfacet
  facet normal -0.442389 -0.896823 -0
    outer loop
      vertex 40.625 41.2289 2.4
      vertex 40.4314 41.3244 1.5
      vertex 40.625 41.2289 1.5
    endloop
  endfacet
  facet normal -0.555448 -0.831551 0
    outer loop
      vertex 40.625 41.2289 1.5
      vertex 40.8045 41.109 2.4
      vertex 40.625 41.2289 2.4
    endloop
  endfacet
  facet normal -0.555448 -0.831551 -0
    outer loop
      vertex 40.8045 41.109 2.4
      vertex 40.625 41.2289 1.5
      vertex 40.8045 41.109 1.5
    endloop
  endfacet
  facet normal 0.896823 -0.442389 0
    outer loop
      vertex 38.2756 40.4314 2.4
      vertex 38.3711 40.625 1.5
      vertex 38.3711 40.625 2.4
    endloop
  endfacet
  facet normal 0.896823 -0.442389 0
    outer loop
      vertex 38.3711 40.625 1.5
      vertex 38.2756 40.4314 2.4
      vertex 38.2756 40.4314 1.5
    endloop
  endfacet
  facet normal 0.831551 -0.555448 0
    outer loop
      vertex 38.3711 40.625 2.4
      vertex 38.491 40.8045 1.5
      vertex 38.491 40.8045 2.4
    endloop
  endfacet
  facet normal 0.831551 -0.555448 0
    outer loop
      vertex 38.491 40.8045 1.5
      vertex 38.3711 40.625 2.4
      vertex 38.3711 40.625 1.5
    endloop
  endfacet
  facet normal 0.442389 -0.896823 0
    outer loop
      vertex 38.975 41.2289 1.5
      vertex 39.1686 41.3244 2.4
      vertex 38.975 41.2289 2.4
    endloop
  endfacet
  facet normal 0.442389 -0.896823 0
    outer loop
      vertex 39.1686 41.3244 2.4
      vertex 38.975 41.2289 1.5
      vertex 39.1686 41.3244 1.5
    endloop
  endfacet
  facet normal 0.0653198 -0.997864 0
    outer loop
      vertex 39.5846 41.4359 1.5
      vertex 39.8 41.45 2.4
      vertex 39.5846 41.4359 2.4
    endloop
  endfacet
  facet normal 0.0653198 -0.997864 0
    outer loop
      vertex 39.8 41.45 2.4
      vertex 39.5846 41.4359 1.5
      vertex 39.8 41.45 1.5
    endloop
  endfacet
  facet normal -0.195047 0.980794 0
    outer loop
      vertex 40.2271 38.2062 1.5
      vertex 40.0154 38.1641 2.4
      vertex 40.2271 38.2062 2.4
    endloop
  endfacet
  facet normal -0.195047 0.980794 0
    outer loop
      vertex 40.0154 38.1641 2.4
      vertex 40.2271 38.2062 1.5
      vertex 40.0154 38.1641 1.5
    endloop
  endfacet
  facet normal -0.0653198 0.997864 0
    outer loop
      vertex 40.0154 38.1641 1.5
      vertex 39.8 38.15 2.4
      vertex 40.0154 38.1641 2.4
    endloop
  endfacet
  facet normal -0.0653198 0.997864 0
    outer loop
      vertex 39.8 38.15 2.4
      vertex 40.0154 38.1641 1.5
      vertex 39.8 38.15 1.5
    endloop
  endfacet
  facet normal -0.659488 0.751715 0
    outer loop
      vertex 40.9667 38.6333 1.5
      vertex 40.8045 38.491 2.4
      vertex 40.9667 38.6333 2.4
    endloop
  endfacet
  facet normal -0.659488 0.751715 0
    outer loop
      vertex 40.8045 38.491 2.4
      vertex 40.9667 38.6333 1.5
      vertex 40.8045 38.491 1.5
    endloop
  endfacet
  facet normal -0.442389 0.896823 0
    outer loop
      vertex 40.625 38.3711 1.5
      vertex 40.4314 38.2756 2.4
      vertex 40.625 38.3711 2.4
    endloop
  endfacet
  facet normal -0.442389 0.896823 0
    outer loop
      vertex 40.4314 38.2756 2.4
      vertex 40.625 38.3711 1.5
      vertex 40.4314 38.2756 1.5
    endloop
  endfacet
  facet normal -0.94686 0.321645 0
    outer loop
      vertex 41.3244 39.1686 1.5
      vertex 41.3938 39.3729 2.4
      vertex 41.3938 39.3729 1.5
    endloop
  endfacet
  facet normal -0.94686 0.321645 0
    outer loop
      vertex 41.3938 39.3729 2.4
      vertex 41.3244 39.1686 1.5
      vertex 41.3244 39.1686 2.4
    endloop
  endfacet
  facet normal 0.442389 0.896823 -0
    outer loop
      vertex 39.1686 38.2756 1.5
      vertex 38.975 38.3711 2.4
      vertex 39.1686 38.2756 2.4
    endloop
  endfacet
  facet normal 0.442389 0.896823 0
    outer loop
      vertex 38.975 38.3711 2.4
      vertex 39.1686 38.2756 1.5
      vertex 38.975 38.3711 1.5
    endloop
  endfacet
  facet normal 0.321645 0.94686 -0
    outer loop
      vertex 39.3729 38.2062 1.5
      vertex 39.1686 38.2756 2.4
      vertex 39.3729 38.2062 2.4
    endloop
  endfacet
  facet normal 0.321645 0.94686 0
    outer loop
      vertex 39.1686 38.2756 2.4
      vertex 39.3729 38.2062 1.5
      vertex 39.1686 38.2756 1.5
    endloop
  endfacet
  facet normal 0.896823 0.442389 0
    outer loop
      vertex 38.3711 38.975 2.4
      vertex 38.2756 39.1686 1.5
      vertex 38.2756 39.1686 2.4
    endloop
  endfacet
  facet normal 0.896823 0.442389 0
    outer loop
      vertex 38.2756 39.1686 1.5
      vertex 38.3711 38.975 2.4
      vertex 38.3711 38.975 1.5
    endloop
  endfacet
  facet normal 0.831551 0.555448 0
    outer loop
      vertex 38.491 38.7955 2.4
      vertex 38.3711 38.975 1.5
      vertex 38.3711 38.975 2.4
    endloop
  endfacet
  facet normal 0.831551 0.555448 0
    outer loop
      vertex 38.3711 38.975 1.5
      vertex 38.491 38.7955 2.4
      vertex 38.491 38.7955 1.5
    endloop
  endfacet
  facet normal 0.997864 0.0653198 0
    outer loop
      vertex 38.1641 39.5846 2.4
      vertex 38.15 39.8 1.5
      vertex 38.15 39.8 2.4
    endloop
  endfacet
  facet normal 0.997864 0.0653198 0
    outer loop
      vertex 38.15 39.8 1.5
      vertex 38.1641 39.5846 2.4
      vertex 38.1641 39.5846 1.5
    endloop
  endfacet
  facet normal -0.94686 -0.321645 0
    outer loop
      vertex 41.3938 40.2271 1.5
      vertex 41.3244 40.4314 2.4
      vertex 41.3244 40.4314 1.5
    endloop
  endfacet
  facet normal -0.94686 -0.321645 0
    outer loop
      vertex 41.3244 40.4314 2.4
      vertex 41.3938 40.2271 1.5
      vertex 41.3938 40.2271 2.4
    endloop
  endfacet
  facet normal -0.980794 -0.195047 0
    outer loop
      vertex 41.4359 40.0154 1.5
      vertex 41.3938 40.2271 2.4
      vertex 41.3938 40.2271 1.5
    endloop
  endfacet
  facet normal -0.980794 -0.195047 0
    outer loop
      vertex 41.3938 40.2271 2.4
      vertex 41.4359 40.0154 1.5
      vertex 41.4359 40.0154 2.4
    endloop
  endfacet
  facet normal -0.195047 -0.980794 0
    outer loop
      vertex 40.0154 41.4359 1.5
      vertex 40.2271 41.3938 2.4
      vertex 40.0154 41.4359 2.4
    endloop
  endfacet
  facet normal -0.195047 -0.980794 -0
    outer loop
      vertex 40.2271 41.3938 2.4
      vertex 40.0154 41.4359 1.5
      vertex 40.2271 41.3938 1.5
    endloop
  endfacet
  facet normal -0.659488 -0.751715 0
    outer loop
      vertex 40.8045 41.109 1.5
      vertex 40.9667 40.9667 2.4
      vertex 40.8045 41.109 2.4
    endloop
  endfacet
  facet normal -0.659488 -0.751715 -0
    outer loop
      vertex 40.9667 40.9667 2.4
      vertex 40.8045 41.109 1.5
      vertex 40.9667 40.9667 1.5
    endloop
  endfacet
  facet normal 0.980794 -0.195047 0
    outer loop
      vertex 38.1641 40.0154 2.4
      vertex 38.2062 40.2271 1.5
      vertex 38.2062 40.2271 2.4
    endloop
  endfacet
  facet normal 0.980794 -0.195047 0
    outer loop
      vertex 38.2062 40.2271 1.5
      vertex 38.1641 40.0154 2.4
      vertex 38.1641 40.0154 1.5
    endloop
  endfacet
  facet normal -0.997864 0.0653198 0
    outer loop
      vertex 41.4359 39.5846 1.5
      vertex 41.45 39.8 2.4
      vertex 41.45 39.8 1.5
    endloop
  endfacet
  facet normal -0.997864 0.0653198 0
    outer loop
      vertex 41.45 39.8 2.4
      vertex 41.4359 39.5846 1.5
      vertex 41.4359 39.5846 2.4
    endloop
  endfacet
  facet normal -0.555448 0.831551 0
    outer loop
      vertex 40.8045 38.491 1.5
      vertex 40.625 38.3711 2.4
      vertex 40.8045 38.491 2.4
    endloop
  endfacet
  facet normal -0.555448 0.831551 0
    outer loop
      vertex 40.625 38.3711 2.4
      vertex 40.8045 38.491 1.5
      vertex 40.625 38.3711 1.5
    endloop
  endfacet
  facet normal -0.896823 0.442389 0
    outer loop
      vertex 41.2289 38.975 1.5
      vertex 41.3244 39.1686 2.4
      vertex 41.3244 39.1686 1.5
    endloop
  endfacet
  facet normal -0.896823 0.442389 0
    outer loop
      vertex 41.3244 39.1686 2.4
      vertex 41.2289 38.975 1.5
      vertex 41.2289 38.975 2.4
    endloop
  endfacet
  facet normal -0.751715 0.659488 0
    outer loop
      vertex 40.9667 38.6333 1.5
      vertex 41.109 38.7955 2.4
      vertex 41.109 38.7955 1.5
    endloop
  endfacet
  facet normal -0.751715 0.659488 0
    outer loop
      vertex 41.109 38.7955 2.4
      vertex 40.9667 38.6333 1.5
      vertex 40.9667 38.6333 2.4
    endloop
  endfacet
  facet normal -0.831551 0.555448 0
    outer loop
      vertex 41.109 38.7955 1.5
      vertex 41.2289 38.975 2.4
      vertex 41.2289 38.975 1.5
    endloop
  endfacet
  facet normal -0.831551 0.555448 0
    outer loop
      vertex 41.2289 38.975 2.4
      vertex 41.109 38.7955 1.5
      vertex 41.109 38.7955 2.4
    endloop
  endfacet
  facet normal 0.659488 0.751715 -0
    outer loop
      vertex 38.7955 38.491 1.5
      vertex 38.6333 38.6333 2.4
      vertex 38.7955 38.491 2.4
    endloop
  endfacet
  facet normal 0.659488 0.751715 0
    outer loop
      vertex 38.6333 38.6333 2.4
      vertex 38.7955 38.491 1.5
      vertex 38.6333 38.6333 1.5
    endloop
  endfacet
  facet normal 0.555448 0.831551 -0
    outer loop
      vertex 38.975 38.3711 1.5
      vertex 38.7955 38.491 2.4
      vertex 38.975 38.3711 2.4
    endloop
  endfacet
  facet normal 0.555448 0.831551 0
    outer loop
      vertex 38.7955 38.491 2.4
      vertex 38.975 38.3711 1.5
      vertex 38.7955 38.491 1.5
    endloop
  endfacet
  facet normal 0.751715 0.659488 0
    outer loop
      vertex 38.6333 38.6333 2.4
      vertex 38.491 38.7955 1.5
      vertex 38.491 38.7955 2.4
    endloop
  endfacet
  facet normal 0.751715 0.659488 0
    outer loop
      vertex 38.491 38.7955 1.5
      vertex 38.6333 38.6333 2.4
      vertex 38.6333 38.6333 1.5
    endloop
  endfacet
  facet normal 0.94686 0.321645 0
    outer loop
      vertex 38.2756 39.1686 2.4
      vertex 38.2062 39.3729 1.5
      vertex 38.2062 39.3729 2.4
    endloop
  endfacet
  facet normal 0.94686 0.321645 0
    outer loop
      vertex 38.2062 39.3729 1.5
      vertex 38.2756 39.1686 2.4
      vertex 38.2756 39.1686 1.5
    endloop
  endfacet
  facet normal -0.321645 -0.94686 0
    outer loop
      vertex 40.2271 41.3938 1.5
      vertex 40.4314 41.3244 2.4
      vertex 40.2271 41.3938 2.4
    endloop
  endfacet
  facet normal -0.321645 -0.94686 -0
    outer loop
      vertex 40.4314 41.3244 2.4
      vertex 40.2271 41.3938 1.5
      vertex 40.4314 41.3244 1.5
    endloop
  endfacet
  facet normal 0.751715 -0.659488 0
    outer loop
      vertex 38.491 40.8045 2.4
      vertex 38.6333 40.9667 1.5
      vertex 38.6333 40.9667 2.4
    endloop
  endfacet
  facet normal 0.751715 -0.659488 0
    outer loop
      vertex 38.6333 40.9667 1.5
      vertex 38.491 40.8045 2.4
      vertex 38.491 40.8045 1.5
    endloop
  endfacet
  facet normal 0.94686 -0.321645 0
    outer loop
      vertex 38.2062 40.2271 2.4
      vertex 38.2756 40.4314 1.5
      vertex 38.2756 40.4314 2.4
    endloop
  endfacet
  facet normal 0.94686 -0.321645 0
    outer loop
      vertex 38.2756 40.4314 1.5
      vertex 38.2062 40.2271 2.4
      vertex 38.2062 40.2271 1.5
    endloop
  endfacet
  facet normal 0.555448 -0.831551 0
    outer loop
      vertex 38.7955 41.109 1.5
      vertex 38.975 41.2289 2.4
      vertex 38.7955 41.109 2.4
    endloop
  endfacet
  facet normal 0.555448 -0.831551 0
    outer loop
      vertex 38.975 41.2289 2.4
      vertex 38.7955 41.109 1.5
      vertex 38.975 41.2289 1.5
    endloop
  endfacet
  facet normal 0.195047 -0.980794 0
    outer loop
      vertex 39.3729 41.3938 1.5
      vertex 39.5846 41.4359 2.4
      vertex 39.3729 41.3938 2.4
    endloop
  endfacet
  facet normal 0.195047 -0.980794 0
    outer loop
      vertex 39.5846 41.4359 2.4
      vertex 39.3729 41.3938 1.5
      vertex 39.5846 41.4359 1.5
    endloop
  endfacet
  facet normal -0.321645 0.94686 0
    outer loop
      vertex 40.4314 38.2756 1.5
      vertex 40.2271 38.2062 2.4
      vertex 40.4314 38.2756 2.4
    endloop
  endfacet
  facet normal -0.321645 0.94686 0
    outer loop
      vertex 40.2271 38.2062 2.4
      vertex 40.4314 38.2756 1.5
      vertex 40.2271 38.2062 1.5
    endloop
  endfacet
  facet normal -0.980794 0.195047 0
    outer loop
      vertex 41.3938 39.3729 1.5
      vertex 41.4359 39.5846 2.4
      vertex 41.4359 39.5846 1.5
    endloop
  endfacet
  facet normal -0.980794 0.195047 0
    outer loop
      vertex 41.4359 39.5846 2.4
      vertex 41.3938 39.3729 1.5
      vertex 41.3938 39.3729 2.4
    endloop
  endfacet
  facet normal 0.195047 0.980794 -0
    outer loop
      vertex 39.5846 38.1641 1.5
      vertex 39.3729 38.2062 2.4
      vertex 39.5846 38.1641 2.4
    endloop
  endfacet
  facet normal 0.195047 0.980794 0
    outer loop
      vertex 39.3729 38.2062 2.4
      vertex 39.5846 38.1641 1.5
      vertex 39.3729 38.2062 1.5
    endloop
  endfacet
  facet normal -0.997862 -0.0653568 0
    outer loop
      vertex 42.9 39.8 0
      vertex 42.8735 40.2046 1.5
      vertex 42.8735 40.2046 0
    endloop
  endfacet
  facet normal -0.997862 -0.0653568 0
    outer loop
      vertex 42.8735 40.2046 1.5
      vertex 42.9 39.8 0
      vertex 42.9 39.8 1.5
    endloop
  endfacet
  facet normal 0.997862 -0.0653568 0
    outer loop
      vertex 36.7 39.8 1.5
      vertex 36.7265 40.2046 0
      vertex 36.7265 40.2046 1.5
    endloop
  endfacet
  facet normal 0.997862 -0.0653568 0
    outer loop
      vertex 36.7265 40.2046 0
      vertex 36.7 39.8 1.5
      vertex 36.7 39.8 0
    endloop
  endfacet
  facet normal 0.0653568 -0.997862 0
    outer loop
      vertex 39.3954 42.8735 0
      vertex 39.8 42.9 1.5
      vertex 39.3954 42.8735 1.5
    endloop
  endfacet
  facet normal 0.0653568 -0.997862 0
    outer loop
      vertex 39.8 42.9 1.5
      vertex 39.3954 42.8735 0
      vertex 39.8 42.9 0
    endloop
  endfacet
  facet normal -0.0653568 0.997862 0
    outer loop
      vertex 40.2046 36.7265 0
      vertex 39.8 36.7 1.5
      vertex 40.2046 36.7265 1.5
    endloop
  endfacet
  facet normal -0.0653568 0.997862 0
    outer loop
      vertex 39.8 36.7 1.5
      vertex 40.2046 36.7265 0
      vertex 39.8 36.7 0
    endloop
  endfacet
  facet normal -0.659482 -0.751721 0
    outer loop
      vertex 41.6872 42.2594 0
      vertex 41.992 41.992 1.5
      vertex 41.6872 42.2594 1.5
    endloop
  endfacet
  facet normal -0.659482 -0.751721 -0
    outer loop
      vertex 41.992 41.992 1.5
      vertex 41.6872 42.2594 0
      vertex 41.992 41.992 0
    endloop
  endfacet
  facet normal 0.659482 -0.751721 0
    outer loop
      vertex 37.608 41.992 0
      vertex 37.9128 42.2594 1.5
      vertex 37.608 41.992 1.5
    endloop
  endfacet
  facet normal 0.659482 -0.751721 0
    outer loop
      vertex 37.9128 42.2594 1.5
      vertex 37.608 41.992 0
      vertex 37.9128 42.2594 0
    endloop
  endfacet
  facet normal 0.321549 -0.946893 0
    outer loop
      vertex 38.6137 42.664 0
      vertex 38.9977 42.7944 1.5
      vertex 38.6137 42.664 1.5
    endloop
  endfacet
  facet normal 0.321549 -0.946893 0
    outer loop
      vertex 38.9977 42.7944 1.5
      vertex 38.6137 42.664 0
      vertex 38.9977 42.7944 0
    endloop
  endfacet
  facet normal -0.896928 -0.442176 0
    outer loop
      vertex 42.664 40.9863 0
      vertex 42.4847 41.35 1.5
      vertex 42.4847 41.35 0
    endloop
  endfacet
  facet normal -0.896928 -0.442176 0
    outer loop
      vertex 42.4847 41.35 1.5
      vertex 42.664 40.9863 0
      vertex 42.664 40.9863 1.5
    endloop
  endfacet
  facet normal -0.321549 -0.946893 0
    outer loop
      vertex 40.6023 42.7944 0
      vertex 40.9863 42.664 1.5
      vertex 40.6023 42.7944 1.5
    endloop
  endfacet
  facet normal -0.321549 -0.946893 -0
    outer loop
      vertex 40.9863 42.664 1.5
      vertex 40.6023 42.7944 0
      vertex 40.9863 42.664 0
    endloop
  endfacet
  facet normal -0.195073 -0.980789 0
    outer loop
      vertex 40.2046 42.8735 0
      vertex 40.6023 42.7944 1.5
      vertex 40.2046 42.8735 1.5
    endloop
  endfacet
  facet normal -0.195073 -0.980789 -0
    outer loop
      vertex 40.6023 42.7944 1.5
      vertex 40.2046 42.8735 0
      vertex 40.6023 42.7944 0
    endloop
  endfacet
  facet normal -0.442176 -0.896928 0
    outer loop
      vertex 40.9863 42.664 0
      vertex 41.35 42.4847 1.5
      vertex 40.9863 42.664 1.5
    endloop
  endfacet
  facet normal -0.442176 -0.896928 -0
    outer loop
      vertex 41.35 42.4847 1.5
      vertex 40.9863 42.664 0
      vertex 41.35 42.4847 0
    endloop
  endfacet
  facet normal 0.831481 -0.555553 0
    outer loop
      vertex 37.1153 41.35 1.5
      vertex 37.3406 41.6872 0
      vertex 37.3406 41.6872 1.5
    endloop
  endfacet
  facet normal 0.831481 -0.555553 0
    outer loop
      vertex 37.3406 41.6872 0
      vertex 37.1153 41.35 1.5
      vertex 37.1153 41.35 0
    endloop
  endfacet
  facet normal 0.751721 -0.659482 0
    outer loop
      vertex 37.3406 41.6872 1.5
      vertex 37.608 41.992 0
      vertex 37.608 41.992 1.5
    endloop
  endfacet
  facet normal 0.751721 -0.659482 0
    outer loop
      vertex 37.608 41.992 0
      vertex 37.3406 41.6872 1.5
      vertex 37.3406 41.6872 0
    endloop
  endfacet
  facet normal 0 0 -1
    outer loop
      vertex 41.45 39.8 1.5
      vertex 42.9 39.8 1.5
      vertex 42.8735 39.3954 1.5
    endloop
  endfacet
  facet normal 0 0 -1
    outer loop
      vertex 41.4359 39.5846 1.5
      vertex 42.8735 39.3954 1.5
      vertex 42.7944 38.9977 1.5
    endloop
  endfacet
  facet normal 0 0 -1
    outer loop
      vertex 42.9 39.8 1.5
      vertex 41.45 39.8 1.5
      vertex 42.8735 40.2046 1.5
    endloop
  endfacet
  facet normal 0 0 -1
    outer loop
      vertex 41.3938 39.3729 1.5
      vertex 42.7944 38.9977 1.5
      vertex 42.664 38.6137 1.5
    endloop
  endfacet
  facet normal 0 0 -1
    outer loop
      vertex 41.4359 40.0154 1.5
      vertex 42.8735 40.2046 1.5
      vertex 41.45 39.8 1.5
    endloop
  endfacet
  facet normal 0 0 -1
    outer loop
      vertex 41.3244 39.1686 1.5
      vertex 42.664 38.6137 1.5
      vertex 42.4847 38.25 1.5
    endloop
  endfacet
  facet normal -0 0 -1
    outer loop
      vertex 42.8735 40.2046 1.5
      vertex 41.4359 40.0154 1.5
      vertex 42.7944 40.6023 1.5
    endloop
  endfacet
  facet normal 0 0 -1
    outer loop
      vertex 41.2289 38.975 1.5
      vertex 42.4847 38.25 1.5
      vertex 42.2594 37.9128 1.5
    endloop
  endfacet
  facet normal 0 0 -1
    outer loop
      vertex 41.3938 40.2271 1.5
      vertex 42.7944 40.6023 1.5
      vertex 41.4359 40.0154 1.5
    endloop
  endfacet
  facet normal 0 0 -1
    outer loop
      vertex 41.109 38.7955 1.5
      vertex 42.2594 37.9128 1.5
      vertex 41.992 37.608 1.5
    endloop
  endfacet
  facet normal -0 0 -1
    outer loop
      vertex 42.7944 40.6023 1.5
      vertex 41.3938 40.2271 1.5
      vertex 42.664 40.9863 1.5
    endloop
  endfacet
  facet normal 0 0 -1
    outer loop
      vertex 40.9667 38.6333 1.5
      vertex 41.992 37.608 1.5
      vertex 41.6872 37.3406 1.5
    endloop
  endfacet
  facet normal 0 0 -1
    outer loop
      vertex 41.3244 40.4314 1.5
      vertex 42.664 40.9863 1.5
      vertex 41.3938 40.2271 1.5
    endloop
  endfacet
  facet normal -0 0 -1
    outer loop
      vertex 42.664 40.9863 1.5
      vertex 41.3244 40.4314 1.5
      vertex 42.4847 41.35 1.5
    endloop
  endfacet
  facet normal 0 0 -1
    outer loop
      vertex 42.8735 39.3954 1.5
      vertex 41.4359 39.5846 1.5
      vertex 41.45 39.8 1.5
    endloop
  endfacet
  facet normal 0 0 -1
    outer loop
      vertex 42.7944 38.9977 1.5
      vertex 41.3938 39.3729 1.5
      vertex 41.4359 39.5846 1.5
    endloop
  endfacet
  facet normal 0 0 -1
    outer loop
      vertex 40.8045 38.491 1.5
      vertex 41.6872 37.3406 1.5
      vertex 41.35 37.1153 1.5
    endloop
  endfacet
  facet normal 0 0 -1
    outer loop
      vertex 42.664 38.6137 1.5
      vertex 41.3244 39.1686 1.5
      vertex 41.3938 39.3729 1.5
    endloop
  endfacet
  facet normal 0 0 -1
    outer loop
      vertex 42.4847 38.25 1.5
      vertex 41.2289 38.975 1.5
      vertex 41.3244 39.1686 1.5
    endloop
  endfacet
  facet normal 0 0 -1
    outer loop
      vertex 42.2594 37.9128 1.5
      vertex 41.109 38.7955 1.5
      vertex 41.2289 38.975 1.5
    endloop
  endfacet
  facet normal 0 0 -1
    outer loop
      vertex 40.625 38.3711 1.5
      vertex 41.35 37.1153 1.5
      vertex 40.9863 36.936 1.5
    endloop
  endfacet
  facet normal 0 0 -1
    outer loop
      vertex 41.992 37.608 1.5
      vertex 40.9667 38.6333 1.5
      vertex 41.109 38.7955 1.5
    endloop
  endfacet
  facet normal 0 0 -1
    outer loop
      vertex 41.6872 37.3406 1.5
      vertex 40.8045 38.491 1.5
      vertex 40.9667 38.6333 1.5
    endloop
  endfacet
  facet normal 0 0 -1
    outer loop
      vertex 41.35 37.1153 1.5
      vertex 40.625 38.3711 1.5
      vertex 40.8045 38.491 1.5
    endloop
  endfacet
  facet normal 0 0 -1
    outer loop
      vertex 40.4314 38.2756 1.5
      vertex 40.9863 36.936 1.5
      vertex 40.6023 36.8056 1.5
    endloop
  endfacet
  facet normal 0 0 -1
    outer loop
      vertex 40.9863 36.936 1.5
      vertex 40.4314 38.2756 1.5
      vertex 40.625 38.3711 1.5
    endloop
  endfacet
  facet normal 0 0 -1
    outer loop
      vertex 40.6023 36.8056 1.5
      vertex 40.2271 38.2062 1.5
      vertex 40.4314 38.2756 1.5
    endloop
  endfacet
  facet normal 0 0 -1
    outer loop
      vertex 40.2046 36.7265 1.5
      vertex 40.2271 38.2062 1.5
      vertex 40.6023 36.8056 1.5
    endloop
  endfacet
  facet normal 0 0 -1
    outer loop
      vertex 40.2046 36.7265 1.5
      vertex 40.0154 38.1641 1.5
      vertex 40.2271 38.2062 1.5
    endloop
  endfacet
  facet normal 0 0 -1
    outer loop
      vertex 39.8 36.7 1.5
      vertex 40.0154 38.1641 1.5
      vertex 40.2046 36.7265 1.5
    endloop
  endfacet
  facet normal 0 0 -1
    outer loop
      vertex 39.8 36.7 1.5
      vertex 39.8 38.15 1.5
      vertex 40.0154 38.1641 1.5
    endloop
  endfacet
  facet normal 0 0 -1
    outer loop
      vertex 39.8 36.7 1.5
      vertex 39.5846 38.1641 1.5
      vertex 39.8 38.15 1.5
    endloop
  endfacet
  facet normal 0 0 -1
    outer loop
      vertex 39.3954 36.7265 1.5
      vertex 39.5846 38.1641 1.5
      vertex 39.8 36.7 1.5
    endloop
  endfacet
  facet normal 0 0 -1
    outer loop
      vertex 39.3954 36.7265 1.5
      vertex 39.3729 38.2062 1.5
      vertex 39.5846 38.1641 1.5
    endloop
  endfacet
  facet normal 0 0 -1
    outer loop
      vertex 38.9977 36.8056 1.5
      vertex 39.3729 38.2062 1.5
      vertex 39.3954 36.7265 1.5
    endloop
  endfacet
  facet normal -0 0 -1
    outer loop
      vertex 39.3729 38.2062 1.5
      vertex 38.9977 36.8056 1.5
      vertex 39.1686 38.2756 1.5
    endloop
  endfacet
  facet normal 0 0 -1
    outer loop
      vertex 38.6137 36.936 1.5
      vertex 39.1686 38.2756 1.5
      vertex 38.9977 36.8056 1.5
    endloop
  endfacet
  facet normal -0 0 -1
    outer loop
      vertex 39.1686 38.2756 1.5
      vertex 38.6137 36.936 1.5
      vertex 38.975 38.3711 1.5
    endloop
  endfacet
  facet normal 0 0 -1
    outer loop
      vertex 38.25 37.1153 1.5
      vertex 38.975 38.3711 1.5
      vertex 38.6137 36.936 1.5
    endloop
  endfacet
  facet normal -0 0 -1
    outer loop
      vertex 38.975 38.3711 1.5
      vertex 38.25 37.1153 1.5
      vertex 38.7955 38.491 1.5
    endloop
  endfacet
  facet normal 0 0 -1
    outer loop
      vertex 37.9128 37.3406 1.5
      vertex 38.7955 38.491 1.5
      vertex 38.25 37.1153 1.5
    endloop
  endfacet
  facet normal -0 0 -1
    outer loop
      vertex 38.7955 38.491 1.5
      vertex 37.9128 37.3406 1.5
      vertex 38.6333 38.6333 1.5
    endloop
  endfacet
  facet normal 0 0 -1
    outer loop
      vertex 37.608 37.608 1.5
      vertex 38.6333 38.6333 1.5
      vertex 37.9128 37.3406 1.5
    endloop
  endfacet
  facet normal -0 0 -1
    outer loop
      vertex 38.6333 38.6333 1.5
      vertex 37.608 37.608 1.5
      vertex 38.491 38.7955 1.5
    endloop
  endfacet
  facet normal 0 0 -1
    outer loop
      vertex 37.3406 37.9128 1.5
      vertex 38.491 38.7955 1.5
      vertex 37.608 37.608 1.5
    endloop
  endfacet
  facet normal -0 0 -1
    outer loop
      vertex 38.491 38.7955 1.5
      vertex 37.3406 37.9128 1.5
      vertex 38.3711 38.975 1.5
    endloop
  endfacet
  facet normal 0 0 -1
    outer loop
      vertex 37.1153 38.25 1.5
      vertex 38.3711 38.975 1.5
      vertex 37.3406 37.9128 1.5
    endloop
  endfacet
  facet normal -0 0 -1
    outer loop
      vertex 38.3711 38.975 1.5
      vertex 37.1153 38.25 1.5
      vertex 38.2756 39.1686 1.5
    endloop
  endfacet
  facet normal 0 0 -1
    outer loop
      vertex 41.2289 40.625 1.5
      vertex 42.4847 41.35 1.5
      vertex 41.3244 40.4314 1.5
    endloop
  endfacet
  facet normal -0 0 -1
    outer loop
      vertex 42.4847 41.35 1.5
      vertex 41.2289 40.625 1.5
      vertex 42.2594 41.6872 1.5
    endloop
  endfacet
  facet normal 0 0 -1
    outer loop
      vertex 41.109 40.8045 1.5
      vertex 42.2594 41.6872 1.5
      vertex 41.2289 40.625 1.5
    endloop
  endfacet
  facet normal -0 0 -1
    outer loop
      vertex 42.2594 41.6872 1.5
      vertex 41.109 40.8045 1.5
      vertex 41.992 41.992 1.5
    endloop
  endfacet
  facet normal 0 0 -1
    outer loop
      vertex 40.9667 40.9667 1.5
      vertex 41.992 41.992 1.5
      vertex 41.109 40.8045 1.5
    endloop
  endfacet
  facet normal -0 0 -1
    outer loop
      vertex 41.992 41.992 1.5
      vertex 40.9667 40.9667 1.5
      vertex 41.6872 42.2594 1.5
    endloop
  endfacet
  facet normal 0 0 -1
    outer loop
      vertex 40.8045 41.109 1.5
      vertex 41.6872 42.2594 1.5
      vertex 40.9667 40.9667 1.5
    endloop
  endfacet
  facet normal -0 0 -1
    outer loop
      vertex 41.6872 42.2594 1.5
      vertex 40.8045 41.109 1.5
      vertex 41.35 42.4847 1.5
    endloop
  endfacet
  facet normal 0 0 -1
    outer loop
      vertex 40.625 41.2289 1.5
      vertex 41.35 42.4847 1.5
      vertex 40.8045 41.109 1.5
    endloop
  endfacet
  facet normal -0 0 -1
    outer loop
      vertex 41.35 42.4847 1.5
      vertex 40.625 41.2289 1.5
      vertex 40.9863 42.664 1.5
    endloop
  endfacet
  facet normal 0 0 -1
    outer loop
      vertex 40.4314 41.3244 1.5
      vertex 40.9863 42.664 1.5
      vertex 40.625 41.2289 1.5
    endloop
  endfacet
  facet normal -0 0 -1
    outer loop
      vertex 40.9863 42.664 1.5
      vertex 40.4314 41.3244 1.5
      vertex 40.6023 42.7944 1.5
    endloop
  endfacet
  facet normal 0 0 -1
    outer loop
      vertex 40.2271 41.3938 1.5
      vertex 40.6023 42.7944 1.5
      vertex 40.4314 41.3244 1.5
    endloop
  endfacet
  facet normal 0 0 -1
    outer loop
      vertex 40.2271 41.3938 1.5
      vertex 40.2046 42.8735 1.5
      vertex 40.6023 42.7944 1.5
    endloop
  endfacet
  facet normal 0 0 -1
    outer loop
      vertex 40.0154 41.4359 1.5
      vertex 40.2046 42.8735 1.5
      vertex 40.2271 41.3938 1.5
    endloop
  endfacet
  facet normal 0 0 -1
    outer loop
      vertex 39.8 41.45 1.5
      vertex 40.2046 42.8735 1.5
      vertex 40.0154 41.4359 1.5
    endloop
  endfacet
  facet normal 0 0 -1
    outer loop
      vertex 39.8 41.45 1.5
      vertex 39.8 42.9 1.5
      vertex 40.2046 42.8735 1.5
    endloop
  endfacet
  facet normal 0 0 -1
    outer loop
      vertex 39.5846 41.4359 1.5
      vertex 39.8 42.9 1.5
      vertex 39.8 41.45 1.5
    endloop
  endfacet
  facet normal 0 0 -1
    outer loop
      vertex 39.5846 41.4359 1.5
      vertex 39.3954 42.8735 1.5
      vertex 39.8 42.9 1.5
    endloop
  endfacet
  facet normal 0 0 -1
    outer loop
      vertex 39.3729 41.3938 1.5
      vertex 39.3954 42.8735 1.5
      vertex 39.5846 41.4359 1.5
    endloop
  endfacet
  facet normal 0 0 -1
    outer loop
      vertex 38.9977 42.7944 1.5
      vertex 39.3729 41.3938 1.5
      vertex 39.1686 41.3244 1.5
    endloop
  endfacet
  facet normal 0 0 -1
    outer loop
      vertex 39.3729 41.3938 1.5
      vertex 38.9977 42.7944 1.5
      vertex 39.3954 42.8735 1.5
    endloop
  endfacet
  facet normal 0 0 -1
    outer loop
      vertex 38.6137 42.664 1.5
      vertex 39.1686 41.3244 1.5
      vertex 38.975 41.2289 1.5
    endloop
  endfacet
  facet normal 0 0 -1
    outer loop
      vertex 38.25 42.4847 1.5
      vertex 38.975 41.2289 1.5
      vertex 38.7955 41.109 1.5
    endloop
  endfacet
  facet normal 0 0 -1
    outer loop
      vertex 37.9128 42.2594 1.5
      vertex 38.7955 41.109 1.5
      vertex 38.6333 40.9667 1.5
    endloop
  endfacet
  facet normal 0 0 -1
    outer loop
      vertex 39.1686 41.3244 1.5
      vertex 38.6137 42.664 1.5
      vertex 38.9977 42.7944 1.5
    endloop
  endfacet
  facet normal 0 0 -1
    outer loop
      vertex 37.608 41.992 1.5
      vertex 38.6333 40.9667 1.5
      vertex 38.491 40.8045 1.5
    endloop
  endfacet
  facet normal 0 0 -1
    outer loop
      vertex 37.3406 41.6872 1.5
      vertex 38.491 40.8045 1.5
      vertex 38.3711 40.625 1.5
    endloop
  endfacet
  facet normal 0 0 -1
    outer loop
      vertex 37.1153 41.35 1.5
      vertex 38.3711 40.625 1.5
      vertex 38.2756 40.4314 1.5
    endloop
  endfacet
  facet normal 0 0 -1
    outer loop
      vertex 38.975 41.2289 1.5
      vertex 38.25 42.4847 1.5
      vertex 38.6137 42.664 1.5
    endloop
  endfacet
  facet normal 0 0 -1
    outer loop
      vertex 36.936 40.9863 1.5
      vertex 38.2756 40.4314 1.5
      vertex 38.2062 40.2271 1.5
    endloop
  endfacet
  facet normal 0 0 -1
    outer loop
      vertex 36.8056 40.6023 1.5
      vertex 38.2062 40.2271 1.5
      vertex 38.1641 40.0154 1.5
    endloop
  endfacet
  facet normal 0 0 -1
    outer loop
      vertex 36.7265 40.2046 1.5
      vertex 38.1641 40.0154 1.5
      vertex 38.15 39.8 1.5
    endloop
  endfacet
  facet normal 0 0 -1
    outer loop
      vertex 36.936 38.6137 1.5
      vertex 38.2756 39.1686 1.5
      vertex 37.1153 38.25 1.5
    endloop
  endfacet
  facet normal 0 0 -1
    outer loop
      vertex 38.7955 41.109 1.5
      vertex 37.9128 42.2594 1.5
      vertex 38.25 42.4847 1.5
    endloop
  endfacet
  facet normal -0 0 -1
    outer loop
      vertex 38.2756 39.1686 1.5
      vertex 36.936 38.6137 1.5
      vertex 38.2062 39.3729 1.5
    endloop
  endfacet
  facet normal 0 0 -1
    outer loop
      vertex 38.6333 40.9667 1.5
      vertex 37.608 41.992 1.5
      vertex 37.9128 42.2594 1.5
    endloop
  endfacet
  facet normal 0 0 -1
    outer loop
      vertex 36.8056 38.9977 1.5
      vertex 38.2062 39.3729 1.5
      vertex 36.936 38.6137 1.5
    endloop
  endfacet
  facet normal 0 0 -1
    outer loop
      vertex 38.491 40.8045 1.5
      vertex 37.3406 41.6872 1.5
      vertex 37.608 41.992 1.5
    endloop
  endfacet
  facet normal -0 0 -1
    outer loop
      vertex 38.2062 39.3729 1.5
      vertex 36.8056 38.9977 1.5
      vertex 38.1641 39.5846 1.5
    endloop
  endfacet
  facet normal 0 0 -1
    outer loop
      vertex 38.3711 40.625 1.5
      vertex 37.1153 41.35 1.5
      vertex 37.3406 41.6872 1.5
    endloop
  endfacet
  facet normal 0 0 -1
    outer loop
      vertex 36.7265 39.3954 1.5
      vertex 38.1641 39.5846 1.5
      vertex 36.8056 38.9977 1.5
    endloop
  endfacet
  facet normal 0 0 -1
    outer loop
      vertex 38.2756 40.4314 1.5
      vertex 36.936 40.9863 1.5
      vertex 37.1153 41.35 1.5
    endloop
  endfacet
  facet normal -0 0 -1
    outer loop
      vertex 38.1641 39.5846 1.5
      vertex 36.7265 39.3954 1.5
      vertex 38.15 39.8 1.5
    endloop
  endfacet
  facet normal 0 0 -1
    outer loop
      vertex 38.2062 40.2271 1.5
      vertex 36.8056 40.6023 1.5
      vertex 36.936 40.9863 1.5
    endloop
  endfacet
  facet normal 0 0 -1
    outer loop
      vertex 36.7 39.8 1.5
      vertex 38.15 39.8 1.5
      vertex 36.7265 39.3954 1.5
    endloop
  endfacet
  facet normal 0 0 -1
    outer loop
      vertex 38.1641 40.0154 1.5
      vertex 36.7265 40.2046 1.5
      vertex 36.8056 40.6023 1.5
    endloop
  endfacet
  facet normal 0 0 -1
    outer loop
      vertex 38.15 39.8 1.5
      vertex 36.7 39.8 1.5
      vertex 36.7265 40.2046 1.5
    endloop
  endfacet
  facet normal 0.555553 -0.831481 0
    outer loop
      vertex 37.9128 42.2594 0
      vertex 38.25 42.4847 1.5
      vertex 37.9128 42.2594 1.5
    endloop
  endfacet
  facet normal 0.555553 -0.831481 0
    outer loop
      vertex 38.25 42.4847 1.5
      vertex 37.9128 42.2594 0
      vertex 38.25 42.4847 0
    endloop
  endfacet
  facet normal 0.195073 -0.980789 0
    outer loop
      vertex 38.9977 42.7944 0
      vertex 39.3954 42.8735 1.5
      vertex 38.9977 42.7944 1.5
    endloop
  endfacet
  facet normal 0.195073 -0.980789 0
    outer loop
      vertex 39.3954 42.8735 1.5
      vertex 38.9977 42.7944 0
      vertex 39.3954 42.8735 0
    endloop
  endfacet
  facet normal -0.195073 0.980789 0
    outer loop
      vertex 40.6023 36.8056 0
      vertex 40.2046 36.7265 1.5
      vertex 40.6023 36.8056 1.5
    endloop
  endfacet
  facet normal -0.195073 0.980789 0
    outer loop
      vertex 40.2046 36.7265 1.5
      vertex 40.6023 36.8056 0
      vertex 40.2046 36.7265 0
    endloop
  endfacet
  facet normal -0.946893 -0.321549 0
    outer loop
      vertex 42.7944 40.6023 0
      vertex 42.664 40.9863 1.5
      vertex 42.664 40.9863 0
    endloop
  endfacet
  facet normal -0.946893 -0.321549 0
    outer loop
      vertex 42.664 40.9863 1.5
      vertex 42.7944 40.6023 0
      vertex 42.7944 40.6023 1.5
    endloop
  endfacet
  facet normal -0.980789 -0.195073 0
    outer loop
      vertex 42.8735 40.2046 0
      vertex 42.7944 40.6023 1.5
      vertex 42.7944 40.6023 0
    endloop
  endfacet
  facet normal -0.980789 -0.195073 0
    outer loop
      vertex 42.7944 40.6023 1.5
      vertex 42.8735 40.2046 0
      vertex 42.8735 40.2046 1.5
    endloop
  endfacet
  facet normal -0.751721 -0.659482 0
    outer loop
      vertex 42.2594 41.6872 0
      vertex 41.992 41.992 1.5
      vertex 41.992 41.992 0
    endloop
  endfacet
  facet normal -0.751721 -0.659482 0
    outer loop
      vertex 41.992 41.992 1.5
      vertex 42.2594 41.6872 0
      vertex 42.2594 41.6872 1.5
    endloop
  endfacet
  facet normal -0.831481 -0.555553 0
    outer loop
      vertex 42.4847 41.35 0
      vertex 42.2594 41.6872 1.5
      vertex 42.2594 41.6872 0
    endloop
  endfacet
  facet normal -0.831481 -0.555553 0
    outer loop
      vertex 42.2594 41.6872 1.5
      vertex 42.4847 41.35 0
      vertex 42.4847 41.35 1.5
    endloop
  endfacet
  facet normal -0.0653568 -0.997862 0
    outer loop
      vertex 39.8 42.9 0
      vertex 40.2046 42.8735 1.5
      vertex 39.8 42.9 1.5
    endloop
  endfacet
  facet normal -0.0653568 -0.997862 -0
    outer loop
      vertex 40.2046 42.8735 1.5
      vertex 39.8 42.9 0
      vertex 40.2046 42.8735 0
    endloop
  endfacet
  facet normal -0.555553 -0.831481 0
    outer loop
      vertex 41.35 42.4847 0
      vertex 41.6872 42.2594 1.5
      vertex 41.35 42.4847 1.5
    endloop
  endfacet
  facet normal -0.555553 -0.831481 -0
    outer loop
      vertex 41.6872 42.2594 1.5
      vertex 41.35 42.4847 0
      vertex 41.6872 42.2594 0
    endloop
  endfacet
  facet normal 0.896928 -0.442176 0
    outer loop
      vertex 36.936 40.9863 1.5
      vertex 37.1153 41.35 0
      vertex 37.1153 41.35 1.5
    endloop
  endfacet
  facet normal 0.896928 -0.442176 0
    outer loop
      vertex 37.1153 41.35 0
      vertex 36.936 40.9863 1.5
      vertex 36.936 40.9863 0
    endloop
  endfacet
  facet normal 0.946893 -0.321549 0
    outer loop
      vertex 36.8056 40.6023 1.5
      vertex 36.936 40.9863 0
      vertex 36.936 40.9863 1.5
    endloop
  endfacet
  facet normal 0.946893 -0.321549 0
    outer loop
      vertex 36.936 40.9863 0
      vertex 36.8056 40.6023 1.5
      vertex 36.8056 40.6023 0
    endloop
  endfacet
  facet normal 0.980789 -0.195073 0
    outer loop
      vertex 36.7265 40.2046 1.5
      vertex 36.8056 40.6023 0
      vertex 36.8056 40.6023 1.5
    endloop
  endfacet
  facet normal 0.980789 -0.195073 0
    outer loop
      vertex 36.8056 40.6023 0
      vertex 36.7265 40.2046 1.5
      vertex 36.7265 40.2046 0
    endloop
  endfacet
  facet normal 0.442176 -0.896928 0
    outer loop
      vertex 38.25 42.4847 0
      vertex 38.6137 42.664 1.5
      vertex 38.25 42.4847 1.5
    endloop
  endfacet
  facet normal 0.442176 -0.896928 0
    outer loop
      vertex 38.6137 42.664 1.5
      vertex 38.25 42.4847 0
      vertex 38.6137 42.664 0
    endloop
  endfacet
  facet normal -0.751721 0.659482 0
    outer loop
      vertex 41.992 37.608 0
      vertex 42.2594 37.9128 1.5
      vertex 42.2594 37.9128 0
    endloop
  endfacet
  facet normal -0.751721 0.659482 0
    outer loop
      vertex 42.2594 37.9128 1.5
      vertex 41.992 37.608 0
      vertex 41.992 37.608 1.5
    endloop
  endfacet
  facet normal -0.946893 0.321549 0
    outer loop
      vertex 42.664 38.6137 0
      vertex 42.7944 38.9977 1.5
      vertex 42.7944 38.9977 0
    endloop
  endfacet
  facet normal -0.946893 0.321549 0
    outer loop
      vertex 42.7944 38.9977 1.5
      vertex 42.664 38.6137 0
      vertex 42.664 38.6137 1.5
    endloop
  endfacet
  facet normal -0.980789 0.195073 0
    outer loop
      vertex 42.7944 38.9977 0
      vertex 42.8735 39.3954 1.5
      vertex 42.8735 39.3954 0
    endloop
  endfacet
  facet normal -0.980789 0.195073 0
    outer loop
      vertex 42.8735 39.3954 1.5
      vertex 42.7944 38.9977 0
      vertex 42.7944 38.9977 1.5
    endloop
  endfacet
  facet normal 0.442176 0.896928 -0
    outer loop
      vertex 38.6137 36.936 0
      vertex 38.25 37.1153 1.5
      vertex 38.6137 36.936 1.5
    endloop
  endfacet
  facet normal 0.442176 0.896928 0
    outer loop
      vertex 38.25 37.1153 1.5
      vertex 38.6137 36.936 0
      vertex 38.25 37.1153 0
    endloop
  endfacet
  facet normal 0.997862 0.0653568 0
    outer loop
      vertex 36.7265 39.3954 1.5
      vertex 36.7 39.8 0
      vertex 36.7 39.8 1.5
    endloop
  endfacet
  facet normal 0.997862 0.0653568 0
    outer loop
      vertex 36.7 39.8 0
      vertex 36.7265 39.3954 1.5
      vertex 36.7265 39.3954 0
    endloop
  endfacet
  facet normal -0.442176 0.896928 0
    outer loop
      vertex 41.35 37.1153 0
      vertex 40.9863 36.936 1.5
      vertex 41.35 37.1153 1.5
    endloop
  endfacet
  facet normal -0.442176 0.896928 0
    outer loop
      vertex 40.9863 36.936 1.5
      vertex 41.35 37.1153 0
      vertex 40.9863 36.936 0
    endloop
  endfacet
  facet normal -0.555553 0.831481 0
    outer loop
      vertex 41.6872 37.3406 0
      vertex 41.35 37.1153 1.5
      vertex 41.6872 37.3406 1.5
    endloop
  endfacet
  facet normal -0.555553 0.831481 0
    outer loop
      vertex 41.35 37.1153 1.5
      vertex 41.6872 37.3406 0
      vertex 41.35 37.1153 0
    endloop
  endfacet
  facet normal -0.831481 0.555553 0
    outer loop
      vertex 42.2594 37.9128 0
      vertex 42.4847 38.25 1.5
      vertex 42.4847 38.25 0
    endloop
  endfacet
  facet normal -0.831481 0.555553 0
    outer loop
      vertex 42.4847 38.25 1.5
      vertex 42.2594 37.9128 0
      vertex 42.2594 37.9128 1.5
    endloop
  endfacet
  facet normal -0.997862 0.0653568 0
    outer loop
      vertex 42.8735 39.3954 0
      vertex 42.9 39.8 1.5
      vertex 42.9 39.8 0
    endloop
  endfacet
  facet normal -0.997862 0.0653568 0
    outer loop
      vertex 42.9 39.8 1.5
      vertex 42.8735 39.3954 0
      vertex 42.8735 39.3954 1.5
    endloop
  endfacet
  facet normal 0.659482 0.751721 -0
    outer loop
      vertex 37.9128 37.3406 0
      vertex 37.608 37.608 1.5
      vertex 37.9128 37.3406 1.5
    endloop
  endfacet
  facet normal 0.659482 0.751721 0
    outer loop
      vertex 37.608 37.608 1.5
      vertex 37.9128 37.3406 0
      vertex 37.608 37.608 0
    endloop
  endfacet
  facet normal 0.751721 0.659482 0
    outer loop
      vertex 37.608 37.608 1.5
      vertex 37.3406 37.9128 0
      vertex 37.3406 37.9128 1.5
    endloop
  endfacet
  facet normal 0.751721 0.659482 0
    outer loop
      vertex 37.3406 37.9128 0
      vertex 37.608 37.608 1.5
      vertex 37.608 37.608 0
    endloop
  endfacet
  facet normal 0.896928 0.442176 0
    outer loop
      vertex 37.1153 38.25 1.5
      vertex 36.936 38.6137 0
      vertex 36.936 38.6137 1.5
    endloop
  endfacet
  facet normal 0.896928 0.442176 0
    outer loop
      vertex 36.936 38.6137 0
      vertex 37.1153 38.25 1.5
      vertex 37.1153 38.25 0
    endloop
  endfacet
  facet normal 0.980789 0.195073 0
    outer loop
      vertex 36.8056 38.9977 1.5
      vertex 36.7265 39.3954 0
      vertex 36.7265 39.3954 1.5
    endloop
  endfacet
  facet normal 0.980789 0.195073 0
    outer loop
      vertex 36.7265 39.3954 0
      vertex 36.8056 38.9977 1.5
      vertex 36.8056 38.9977 0
    endloop
  endfacet
  facet normal 0.946893 0.321549 0
    outer loop
      vertex 36.936 38.6137 1.5
      vertex 36.8056 38.9977 0
      vertex 36.8056 38.9977 1.5
    endloop
  endfacet
  facet normal 0.946893 0.321549 0
    outer loop
      vertex 36.8056 38.9977 0
      vertex 36.936 38.6137 1.5
      vertex 36.936 38.6137 0
    endloop
  endfacet
  facet normal -0.321549 0.946893 0
    outer loop
      vertex 40.9863 36.936 0
      vertex 40.6023 36.8056 1.5
      vertex 40.9863 36.936 1.5
    endloop
  endfacet
  facet normal -0.321549 0.946893 0
    outer loop
      vertex 40.6023 36.8056 1.5
      vertex 40.9863 36.936 0
      vertex 40.6023 36.8056 0
    endloop
  endfacet
  facet normal -0.659482 0.751721 0
    outer loop
      vertex 41.992 37.608 0
      vertex 41.6872 37.3406 1.5
      vertex 41.992 37.608 1.5
    endloop
  endfacet
  facet normal -0.659482 0.751721 0
    outer loop
      vertex 41.6872 37.3406 1.5
      vertex 41.992 37.608 0
      vertex 41.6872 37.3406 0
    endloop
  endfacet
  facet normal -0.896928 0.442176 0
    outer loop
      vertex 42.4847 38.25 0
      vertex 42.664 38.6137 1.5
      vertex 42.664 38.6137 0
    endloop
  endfacet
  facet normal -0.896928 0.442176 0
    outer loop
      vertex 42.664 38.6137 1.5
      vertex 42.4847 38.25 0
      vertex 42.4847 38.25 1.5
    endloop
  endfacet
  facet normal 0.321549 0.946893 -0
    outer loop
      vertex 38.9977 36.8056 0
      vertex 38.6137 36.936 1.5
      vertex 38.9977 36.8056 1.5
    endloop
  endfacet
  facet normal 0.321549 0.946893 0
    outer loop
      vertex 38.6137 36.936 1.5
      vertex 38.9977 36.8056 0
      vertex 38.6137 36.936 0
    endloop
  endfacet
  facet normal 0.0653568 0.997862 -0
    outer loop
      vertex 39.8 36.7 0
      vertex 39.3954 36.7265 1.5
      vertex 39.8 36.7 1.5
    endloop
  endfacet
  facet normal 0.0653568 0.997862 0
    outer loop
      vertex 39.3954 36.7265 1.5
      vertex 39.8 36.7 0
      vertex 39.3954 36.7265 0
    endloop
  endfacet
  facet normal 0.555553 0.831481 -0
    outer loop
      vertex 38.25 37.1153 0
      vertex 37.9128 37.3406 1.5
      vertex 38.25 37.1153 1.5
    endloop
  endfacet
  facet normal 0.555553 0.831481 0
    outer loop
      vertex 37.9128 37.3406 1.5
      vertex 38.25 37.1153 0
      vertex 37.9128 37.3406 0
    endloop
  endfacet
  facet normal 0.831481 0.555553 0
    outer loop
      vertex 37.3406 37.9128 1.5
      vertex 37.1153 38.25 0
      vertex 37.1153 38.25 1.5
    endloop
  endfacet
  facet normal 0.831481 0.555553 0
    outer loop
      vertex 37.1153 38.25 0
      vertex 37.3406 37.9128 1.5
      vertex 37.3406 37.9128 0
    endloop
  endfacet
  facet normal 0.195073 0.980789 -0
    outer loop
      vertex 39.3954 36.7265 0
      vertex 38.9977 36.8056 1.5
      vertex 39.3954 36.7265 1.5
    endloop
  endfacet
  facet normal 0.195073 0.980789 0
    outer loop
      vertex 38.9977 36.8056 1.5
      vertex 39.3954 36.7265 0
      vertex 38.9977 36.8056 0
    endloop
  endfacet
  facet normal -0.0656309 0.997844 0
    outer loop
      vertex -23.7434 18.0103 0
      vertex -23.9 18 2.4
      vertex -23.7434 18.0103 2.4
    endloop
  endfacet
  facet normal -0.0656309 0.997844 0
    outer loop
      vertex -23.9 18 2.4
      vertex -23.7434 18.0103 0
      vertex -23.9 18 0
    endloop
  endfacet
  facet normal -0.194891 0.980825 0
    outer loop
      vertex -23.5894 18.0409 0
      vertex -23.7434 18.0103 2.4
      vertex -23.5894 18.0409 2.4
    endloop
  endfacet
  facet normal -0.194891 0.980825 0
    outer loop
      vertex -23.7434 18.0103 2.4
      vertex -23.5894 18.0409 0
      vertex -23.7434 18.0103 0
    endloop
  endfacet
  facet normal 1 -0 0
    outer loop
      vertex -25.3 19.2 2.4
      vertex -25.3 32.8 0
      vertex -25.3 32.8 2.4
    endloop
  endfacet
  facet normal 1 0 0
    outer loop
      vertex -25.3 32.8 0
      vertex -25.3 19.2 2.4
      vertex -25.3 19.2 0
    endloop
  endfacet
  facet normal 0.0656309 -0.997844 0
    outer loop
      vertex -24.2566 33.9897 0
      vertex -24.1 34 2.4
      vertex -24.2566 33.9897 2.4
    endloop
  endfacet
  facet normal 0.0656309 -0.997844 0
    outer loop
      vertex -24.1 34 2.4
      vertex -24.2566 33.9897 0
      vertex -24.1 34 0
    endloop
  endfacet
  facet normal 0.751787 -0.659406 0
    outer loop
      vertex -25.052 33.5305 2.4
      vertex -24.9485 33.6485 0
      vertex -24.9485 33.6485 2.4
    endloop
  endfacet
  facet normal 0.751787 -0.659406 0
    outer loop
      vertex -24.9485 33.6485 0
      vertex -25.052 33.5305 2.4
      vertex -25.052 33.5305 0
    endloop
  endfacet
  facet normal 0.321194 -0.947013 0
    outer loop
      vertex -24.5592 33.9087 0
      vertex -24.4106 33.9591 2.4
      vertex -24.5592 33.9087 2.4
    endloop
  endfacet
  facet normal 0.321194 -0.947013 0
    outer loop
      vertex -24.4106 33.9591 2.4
      vertex -24.5592 33.9087 0
      vertex -24.4106 33.9591 0
    endloop
  endfacet
  facet normal 0.997844 -0.0656309 0
    outer loop
      vertex -25.3 32.8 2.4
      vertex -25.2897 32.9566 0
      vertex -25.2897 32.9566 2.4
    endloop
  endfacet
  facet normal 0.997844 -0.0656309 0
    outer loop
      vertex -25.2897 32.9566 0
      vertex -25.3 32.8 2.4
      vertex -25.3 32.8 0
    endloop
  endfacet
  facet normal 0.831462 0.555582 0
    outer loop
      vertex -25.052 18.4695 2.4
      vertex -25.1392 18.6 0
      vertex -25.1392 18.6 2.4
    endloop
  endfacet
  facet normal 0.831462 0.555582 0
    outer loop
      vertex -25.1392 18.6 0
      vertex -25.052 18.4695 2.4
      vertex -25.052 18.4695 0
    endloop
  endfacet
  facet normal 0.751787 0.659406 0
    outer loop
      vertex -24.9485 18.3515 2.4
      vertex -25.052 18.4695 0
      vertex -25.052 18.4695 2.4
    endloop
  endfacet
  facet normal 0.751787 0.659406 0
    outer loop
      vertex -25.052 18.4695 0
      vertex -24.9485 18.3515 2.4
      vertex -24.9485 18.3515 0
    endloop
  endfacet
  facet normal 0.321194 0.947013 -0
    outer loop
      vertex -24.4106 18.0409 0
      vertex -24.5592 18.0913 2.4
      vertex -24.4106 18.0409 2.4
    endloop
  endfacet
  facet normal 0.321194 0.947013 0
    outer loop
      vertex -24.5592 18.0913 2.4
      vertex -24.4106 18.0409 0
      vertex -24.5592 18.0913 0
    endloop
  endfacet
  facet normal 0.194891 0.980825 -0
    outer loop
      vertex -24.2566 18.0103 0
      vertex -24.4106 18.0409 2.4
      vertex -24.2566 18.0103 2.4
    endloop
  endfacet
  facet normal 0.194891 0.980825 0
    outer loop
      vertex -24.4106 18.0409 2.4
      vertex -24.2566 18.0103 0
      vertex -24.4106 18.0409 0
    endloop
  endfacet
  facet normal -1 0 0
    outer loop
      vertex -22.7 19.2 0
      vertex -22.7 32.8 2.4
      vertex -22.7 32.8 0
    endloop
  endfacet
  facet normal -1 -0 0
    outer loop
      vertex -22.7 32.8 2.4
      vertex -22.7 19.2 0
      vertex -22.7 19.2 2.4
    endloop
  endfacet
  facet normal -0.946819 -0.321766 0
    outer loop
      vertex -22.7409 33.1106 0
      vertex -22.7914 33.2592 2.4
      vertex -22.7914 33.2592 0
    endloop
  endfacet
  facet normal -0.946819 -0.321766 0
    outer loop
      vertex -22.7914 33.2592 2.4
      vertex -22.7409 33.1106 0
      vertex -22.7409 33.1106 2.4
    endloop
  endfacet
  facet normal -0.997844 -0.0656309 0
    outer loop
      vertex -22.7 32.8 0
      vertex -22.7103 32.9566 2.4
      vertex -22.7103 32.9566 0
    endloop
  endfacet
  facet normal -0.997844 -0.0656309 0
    outer loop
      vertex -22.7103 32.9566 2.4
      vertex -22.7 32.8 0
      vertex -22.7 32.8 2.4
    endloop
  endfacet
  facet normal 0.896961 -0.44211 0
    outer loop
      vertex -25.2086 33.2592 2.4
      vertex -25.1392 33.4 0
      vertex -25.1392 33.4 2.4
    endloop
  endfacet
  facet normal 0.896961 -0.44211 0
    outer loop
      vertex -25.1392 33.4 0
      vertex -25.2086 33.2592 2.4
      vertex -25.2086 33.2592 0
    endloop
  endfacet
  facet normal 0.0656309 0.997844 -0
    outer loop
      vertex -24.1 18 0
      vertex -24.2566 18.0103 2.4
      vertex -24.1 18 2.4
    endloop
  endfacet
  facet normal 0.0656309 0.997844 0
    outer loop
      vertex -24.2566 18.0103 2.4
      vertex -24.1 18 0
      vertex -24.2566 18.0103 0
    endloop
  endfacet
  facet normal 0 1 -0
    outer loop
      vertex -23.9 18 0
      vertex -24.1 18 2.4
      vertex -23.9 18 2.4
    endloop
  endfacet
  facet normal 0 1 0
    outer loop
      vertex -24.1 18 2.4
      vertex -23.9 18 0
      vertex -24.1 18 0
    endloop
  endfacet
  facet normal 0.946819 0.321766 0
    outer loop
      vertex -25.2086 18.7408 2.4
      vertex -25.2591 18.8894 0
      vertex -25.2591 18.8894 2.4
    endloop
  endfacet
  facet normal 0.946819 0.321766 0
    outer loop
      vertex -25.2591 18.8894 0
      vertex -25.2086 18.7408 2.4
      vertex -25.2086 18.7408 0
    endloop
  endfacet
  facet normal 0.997844 0.0656309 0
    outer loop
      vertex -25.2897 19.0434 2.4
      vertex -25.3 19.2 0
      vertex -25.3 19.2 2.4
    endloop
  endfacet
  facet normal 0.997844 0.0656309 0
    outer loop
      vertex -25.3 19.2 0
      vertex -25.2897 19.0434 2.4
      vertex -25.2897 19.0434 0
    endloop
  endfacet
  facet normal 0.980825 0.194891 0
    outer loop
      vertex -25.2591 18.8894 2.4
      vertex -25.2897 19.0434 0
      vertex -25.2897 19.0434 2.4
    endloop
  endfacet
  facet normal 0.980825 0.194891 0
    outer loop
      vertex -25.2897 19.0434 0
      vertex -25.2591 18.8894 2.4
      vertex -25.2591 18.8894 0
    endloop
  endfacet
  facet normal 0.555582 0.831462 -0
    outer loop
      vertex -24.7 18.1608 0
      vertex -24.8305 18.248 2.4
      vertex -24.7 18.1608 2.4
    endloop
  endfacet
  facet normal 0.555582 0.831462 0
    outer loop
      vertex -24.8305 18.248 2.4
      vertex -24.7 18.1608 0
      vertex -24.8305 18.248 0
    endloop
  endfacet
  facet normal 0 -1 0
    outer loop
      vertex -24.1 34 0
      vertex -23.9 34 2.4
      vertex -24.1 34 2.4
    endloop
  endfacet
  facet normal 0 -1 -0
    outer loop
      vertex -23.9 34 2.4
      vertex -24.1 34 0
      vertex -23.9 34 0
    endloop
  endfacet
  facet normal -0.194891 -0.980825 0
    outer loop
      vertex -23.7434 33.9897 0
      vertex -23.5894 33.9591 2.4
      vertex -23.7434 33.9897 2.4
    endloop
  endfacet
  facet normal -0.194891 -0.980825 -0
    outer loop
      vertex -23.5894 33.9591 2.4
      vertex -23.7434 33.9897 0
      vertex -23.5894 33.9591 0
    endloop
  endfacet
  facet normal -0.946819 0.321766 0
    outer loop
      vertex -22.7914 18.7408 0
      vertex -22.7409 18.8894 2.4
      vertex -22.7409 18.8894 0
    endloop
  endfacet
  facet normal -0.946819 0.321766 0
    outer loop
      vertex -22.7409 18.8894 2.4
      vertex -22.7914 18.7408 0
      vertex -22.7914 18.7408 2.4
    endloop
  endfacet
  facet normal -0.751787 0.659406 0
    outer loop
      vertex -23.0515 18.3515 0
      vertex -22.948 18.4695 2.4
      vertex -22.948 18.4695 0
    endloop
  endfacet
  facet normal -0.751787 0.659406 0
    outer loop
      vertex -22.948 18.4695 2.4
      vertex -23.0515 18.3515 0
      vertex -23.0515 18.3515 2.4
    endloop
  endfacet
  facet normal -0.831462 -0.555582 0
    outer loop
      vertex -22.8608 33.4 0
      vertex -22.948 33.5305 2.4
      vertex -22.948 33.5305 0
    endloop
  endfacet
  facet normal -0.831462 -0.555582 0
    outer loop
      vertex -22.948 33.5305 2.4
      vertex -22.8608 33.4 0
      vertex -22.8608 33.4 2.4
    endloop
  endfacet
  facet normal -0.980825 -0.194891 0
    outer loop
      vertex -22.7103 32.9566 0
      vertex -22.7409 33.1106 2.4
      vertex -22.7409 33.1106 0
    endloop
  endfacet
  facet normal -0.980825 -0.194891 0
    outer loop
      vertex -22.7409 33.1106 2.4
      vertex -22.7103 32.9566 0
      vertex -22.7103 32.9566 2.4
    endloop
  endfacet
  facet normal -0.321194 -0.947013 0
    outer loop
      vertex -23.5894 33.9591 0
      vertex -23.4408 33.9087 2.4
      vertex -23.5894 33.9591 2.4
    endloop
  endfacet
  facet normal -0.321194 -0.947013 -0
    outer loop
      vertex -23.4408 33.9087 2.4
      vertex -23.5894 33.9591 0
      vertex -23.4408 33.9087 0
    endloop
  endfacet
  facet normal -0.442622 -0.896708 0
    outer loop
      vertex -23.4408 33.9087 0
      vertex -23.3 33.8392 2.4
      vertex -23.4408 33.9087 2.4
    endloop
  endfacet
  facet normal -0.442622 -0.896708 -0
    outer loop
      vertex -23.3 33.8392 2.4
      vertex -23.4408 33.9087 0
      vertex -23.3 33.8392 0
    endloop
  endfacet
  facet normal 0.442622 -0.896708 0
    outer loop
      vertex -24.7 33.8392 0
      vertex -24.5592 33.9087 2.4
      vertex -24.7 33.8392 2.4
    endloop
  endfacet
  facet normal 0.442622 -0.896708 0
    outer loop
      vertex -24.5592 33.9087 2.4
      vertex -24.7 33.8392 0
      vertex -24.5592 33.9087 0
    endloop
  endfacet
  facet normal 0.980825 -0.194891 0
    outer loop
      vertex -25.2897 32.9566 2.4
      vertex -25.2591 33.1106 0
      vertex -25.2591 33.1106 2.4
    endloop
  endfacet
  facet normal 0.980825 -0.194891 0
    outer loop
      vertex -25.2591 33.1106 0
      vertex -25.2897 32.9566 2.4
      vertex -25.2897 32.9566 0
    endloop
  endfacet
  facet normal 0.896961 0.44211 0
    outer loop
      vertex -25.1392 18.6 2.4
      vertex -25.2086 18.7408 0
      vertex -25.2086 18.7408 2.4
    endloop
  endfacet
  facet normal 0.896961 0.44211 0
    outer loop
      vertex -25.2086 18.7408 0
      vertex -25.1392 18.6 2.4
      vertex -25.1392 18.6 0
    endloop
  endfacet
  facet normal 0.442622 0.896708 -0
    outer loop
      vertex -24.5592 18.0913 0
      vertex -24.7 18.1608 2.4
      vertex -24.5592 18.0913 2.4
    endloop
  endfacet
  facet normal 0.442622 0.896708 0
    outer loop
      vertex -24.7 18.1608 2.4
      vertex -24.5592 18.0913 0
      vertex -24.7 18.1608 0
    endloop
  endfacet
  facet normal 0.659406 0.751787 -0
    outer loop
      vertex -24.8305 18.248 0
      vertex -24.9485 18.3515 2.4
      vertex -24.8305 18.248 2.4
    endloop
  endfacet
  facet normal 0.659406 0.751787 0
    outer loop
      vertex -24.9485 18.3515 2.4
      vertex -24.8305 18.248 0
      vertex -24.9485 18.3515 0
    endloop
  endfacet
  facet normal -0.0656309 -0.997844 0
    outer loop
      vertex -23.9 34 0
      vertex -23.7434 33.9897 2.4
      vertex -23.9 34 2.4
    endloop
  endfacet
  facet normal -0.0656309 -0.997844 -0
    outer loop
      vertex -23.7434 33.9897 2.4
      vertex -23.9 34 0
      vertex -23.7434 33.9897 0
    endloop
  endfacet
  facet normal -0.831462 0.555582 0
    outer loop
      vertex -22.948 18.4695 0
      vertex -22.8608 18.6 2.4
      vertex -22.8608 18.6 0
    endloop
  endfacet
  facet normal -0.831462 0.555582 0
    outer loop
      vertex -22.8608 18.6 2.4
      vertex -22.948 18.4695 0
      vertex -22.948 18.4695 2.4
    endloop
  endfacet
  facet normal -0.555582 0.831462 0
    outer loop
      vertex -23.1695 18.248 0
      vertex -23.3 18.1608 2.4
      vertex -23.1695 18.248 2.4
    endloop
  endfacet
  facet normal -0.555582 0.831462 0
    outer loop
      vertex -23.3 18.1608 2.4
      vertex -23.1695 18.248 0
      vertex -23.3 18.1608 0
    endloop
  endfacet
  facet normal -0.896961 -0.44211 0
    outer loop
      vertex -22.7914 33.2592 0
      vertex -22.8608 33.4 2.4
      vertex -22.8608 33.4 0
    endloop
  endfacet
  facet normal -0.896961 -0.44211 0
    outer loop
      vertex -22.8608 33.4 2.4
      vertex -22.7914 33.2592 0
      vertex -22.7914 33.2592 2.4
    endloop
  endfacet
  facet normal 0.194891 -0.980825 0
    outer loop
      vertex -24.4106 33.9591 0
      vertex -24.2566 33.9897 2.4
      vertex -24.4106 33.9591 2.4
    endloop
  endfacet
  facet normal 0.194891 -0.980825 0
    outer loop
      vertex -24.2566 33.9897 2.4
      vertex -24.4106 33.9591 0
      vertex -24.2566 33.9897 0
    endloop
  endfacet
  facet normal 0.946819 -0.321766 0
    outer loop
      vertex -25.2591 33.1106 2.4
      vertex -25.2086 33.2592 0
      vertex -25.2086 33.2592 2.4
    endloop
  endfacet
  facet normal 0.946819 -0.321766 0
    outer loop
      vertex -25.2086 33.2592 0
      vertex -25.2591 33.1106 2.4
      vertex -25.2591 33.1106 0
    endloop
  endfacet
  facet normal -0.997844 0.0656309 0
    outer loop
      vertex -22.7103 19.0434 0
      vertex -22.7 19.2 2.4
      vertex -22.7 19.2 0
    endloop
  endfacet
  facet normal -0.997844 0.0656309 0
    outer loop
      vertex -22.7 19.2 2.4
      vertex -22.7103 19.0434 0
      vertex -22.7103 19.0434 2.4
    endloop
  endfacet
  facet normal -0.896961 0.44211 0
    outer loop
      vertex -22.8608 18.6 0
      vertex -22.7914 18.7408 2.4
      vertex -22.7914 18.7408 0
    endloop
  endfacet
  facet normal -0.896961 0.44211 0
    outer loop
      vertex -22.7914 18.7408 2.4
      vertex -22.8608 18.6 0
      vertex -22.8608 18.6 2.4
    endloop
  endfacet
  facet normal -0.659406 0.751787 0
    outer loop
      vertex -23.0515 18.3515 0
      vertex -23.1695 18.248 2.4
      vertex -23.0515 18.3515 2.4
    endloop
  endfacet
  facet normal -0.659406 0.751787 0
    outer loop
      vertex -23.1695 18.248 2.4
      vertex -23.0515 18.3515 0
      vertex -23.1695 18.248 0
    endloop
  endfacet
  facet normal -0.321194 0.947013 0
    outer loop
      vertex -23.4408 18.0913 0
      vertex -23.5894 18.0409 2.4
      vertex -23.4408 18.0913 2.4
    endloop
  endfacet
  facet normal -0.321194 0.947013 0
    outer loop
      vertex -23.5894 18.0409 2.4
      vertex -23.4408 18.0913 0
      vertex -23.5894 18.0409 0
    endloop
  endfacet
  facet normal -0.442622 0.896708 0
    outer loop
      vertex -23.3 18.1608 0
      vertex -23.4408 18.0913 2.4
      vertex -23.3 18.1608 2.4
    endloop
  endfacet
  facet normal -0.442622 0.896708 0
    outer loop
      vertex -23.4408 18.0913 2.4
      vertex -23.3 18.1608 0
      vertex -23.4408 18.0913 0
    endloop
  endfacet
  facet normal -0.659406 -0.751787 0
    outer loop
      vertex -23.1695 33.752 0
      vertex -23.0515 33.6485 2.4
      vertex -23.1695 33.752 2.4
    endloop
  endfacet
  facet normal -0.659406 -0.751787 -0
    outer loop
      vertex -23.0515 33.6485 2.4
      vertex -23.1695 33.752 0
      vertex -23.0515 33.6485 0
    endloop
  endfacet
  facet normal -0.751787 -0.659406 0
    outer loop
      vertex -22.948 33.5305 0
      vertex -23.0515 33.6485 2.4
      vertex -23.0515 33.6485 0
    endloop
  endfacet
  facet normal -0.751787 -0.659406 0
    outer loop
      vertex -23.0515 33.6485 2.4
      vertex -22.948 33.5305 0
      vertex -22.948 33.5305 2.4
    endloop
  endfacet
  facet normal -0.555582 -0.831462 0
    outer loop
      vertex -23.3 33.8392 0
      vertex -23.1695 33.752 2.4
      vertex -23.3 33.8392 2.4
    endloop
  endfacet
  facet normal -0.555582 -0.831462 -0
    outer loop
      vertex -23.1695 33.752 2.4
      vertex -23.3 33.8392 0
      vertex -23.1695 33.752 0
    endloop
  endfacet
  facet normal 0.831462 -0.555582 0
    outer loop
      vertex -25.1392 33.4 2.4
      vertex -25.052 33.5305 0
      vertex -25.052 33.5305 2.4
    endloop
  endfacet
  facet normal 0.831462 -0.555582 0
    outer loop
      vertex -25.052 33.5305 0
      vertex -25.1392 33.4 2.4
      vertex -25.1392 33.4 0
    endloop
  endfacet
  facet normal 0.659406 -0.751787 0
    outer loop
      vertex -24.9485 33.6485 0
      vertex -24.8305 33.752 2.4
      vertex -24.9485 33.6485 2.4
    endloop
  endfacet
  facet normal 0.659406 -0.751787 0
    outer loop
      vertex -24.8305 33.752 2.4
      vertex -24.9485 33.6485 0
      vertex -24.8305 33.752 0
    endloop
  endfacet
  facet normal 0.555582 -0.831462 0
    outer loop
      vertex -24.8305 33.752 0
      vertex -24.7 33.8392 2.4
      vertex -24.8305 33.752 2.4
    endloop
  endfacet
  facet normal 0.555582 -0.831462 0
    outer loop
      vertex -24.7 33.8392 2.4
      vertex -24.8305 33.752 0
      vertex -24.7 33.8392 0
    endloop
  endfacet
  facet normal -0.980825 0.194891 0
    outer loop
      vertex -22.7409 18.8894 0
      vertex -22.7103 19.0434 2.4
      vertex -22.7103 19.0434 0
    endloop
  endfacet
  facet normal -0.980825 0.194891 0
    outer loop
      vertex -22.7103 19.0434 2.4
      vertex -22.7409 18.8894 0
      vertex -22.7409 18.8894 2.4
    endloop
  endfacet
  facet normal -0.0656309 0.997844 0
    outer loop
      vertex -15.7434 18.0103 0
      vertex -15.9 18 2.4
      vertex -15.7434 18.0103 2.4
    endloop
  endfacet
  facet normal -0.0656309 0.997844 0
    outer loop
      vertex -15.9 18 2.4
      vertex -15.7434 18.0103 0
      vertex -15.9 18 0
    endloop
  endfacet
  facet normal -0.194891 0.980825 0
    outer loop
      vertex -15.5894 18.0409 0
      vertex -15.7434 18.0103 2.4
      vertex -15.5894 18.0409 2.4
    endloop
  endfacet
  facet normal -0.194891 0.980825 0
    outer loop
      vertex -15.7434 18.0103 2.4
      vertex -15.5894 18.0409 0
      vertex -15.7434 18.0103 0
    endloop
  endfacet
  facet normal 1 -0 0
    outer loop
      vertex -17.3 19.2 2.4
      vertex -17.3 32.8 0
      vertex -17.3 32.8 2.4
    endloop
  endfacet
  facet normal 1 0 0
    outer loop
      vertex -17.3 32.8 0
      vertex -17.3 19.2 2.4
      vertex -17.3 19.2 0
    endloop
  endfacet
  facet normal 0.0656309 -0.997844 0
    outer loop
      vertex -16.2566 33.9897 0
      vertex -16.1 34 2.4
      vertex -16.2566 33.9897 2.4
    endloop
  endfacet
  facet normal 0.0656309 -0.997844 0
    outer loop
      vertex -16.1 34 2.4
      vertex -16.2566 33.9897 0
      vertex -16.1 34 0
    endloop
  endfacet
  facet normal 0.751787 -0.659406 0
    outer loop
      vertex -17.052 33.5305 2.4
      vertex -16.9485 33.6485 0
      vertex -16.9485 33.6485 2.4
    endloop
  endfacet
  facet normal 0.751787 -0.659406 0
    outer loop
      vertex -16.9485 33.6485 0
      vertex -17.052 33.5305 2.4
      vertex -17.052 33.5305 0
    endloop
  endfacet
  facet normal 0.321194 -0.947013 0
    outer loop
      vertex -16.5592 33.9087 0
      vertex -16.4106 33.9591 2.4
      vertex -16.5592 33.9087 2.4
    endloop
  endfacet
  facet normal 0.321194 -0.947013 0
    outer loop
      vertex -16.4106 33.9591 2.4
      vertex -16.5592 33.9087 0
      vertex -16.4106 33.9591 0
    endloop
  endfacet
  facet normal 0.997844 -0.0656309 0
    outer loop
      vertex -17.3 32.8 2.4
      vertex -17.2897 32.9566 0
      vertex -17.2897 32.9566 2.4
    endloop
  endfacet
  facet normal 0.997844 -0.0656309 0
    outer loop
      vertex -17.2897 32.9566 0
      vertex -17.3 32.8 2.4
      vertex -17.3 32.8 0
    endloop
  endfacet
  facet normal 0.831462 0.555582 0
    outer loop
      vertex -17.052 18.4695 2.4
      vertex -17.1392 18.6 0
      vertex -17.1392 18.6 2.4
    endloop
  endfacet
  facet normal 0.831462 0.555582 0
    outer loop
      vertex -17.1392 18.6 0
      vertex -17.052 18.4695 2.4
      vertex -17.052 18.4695 0
    endloop
  endfacet
  facet normal 0.751787 0.659406 0
    outer loop
      vertex -16.9485 18.3515 2.4
      vertex -17.052 18.4695 0
      vertex -17.052 18.4695 2.4
    endloop
  endfacet
  facet normal 0.751787 0.659406 0
    outer loop
      vertex -17.052 18.4695 0
      vertex -16.9485 18.3515 2.4
      vertex -16.9485 18.3515 0
    endloop
  endfacet
  facet normal 0.321194 0.947013 -0
    outer loop
      vertex -16.4106 18.0409 0
      vertex -16.5592 18.0913 2.4
      vertex -16.4106 18.0409 2.4
    endloop
  endfacet
  facet normal 0.321194 0.947013 0
    outer loop
      vertex -16.5592 18.0913 2.4
      vertex -16.4106 18.0409 0
      vertex -16.5592 18.0913 0
    endloop
  endfacet
  facet normal 0.194891 0.980825 -0
    outer loop
      vertex -16.2566 18.0103 0
      vertex -16.4106 18.0409 2.4
      vertex -16.2566 18.0103 2.4
    endloop
  endfacet
  facet normal 0.194891 0.980825 0
    outer loop
      vertex -16.4106 18.0409 2.4
      vertex -16.2566 18.0103 0
      vertex -16.4106 18.0409 0
    endloop
  endfacet
  facet normal -1 0 0
    outer loop
      vertex -14.7 19.2 0
      vertex -14.7 32.8 2.4
      vertex -14.7 32.8 0
    endloop
  endfacet
  facet normal -1 -0 0
    outer loop
      vertex -14.7 32.8 2.4
      vertex -14.7 19.2 0
      vertex -14.7 19.2 2.4
    endloop
  endfacet
  facet normal -0.946819 -0.321766 0
    outer loop
      vertex -14.7409 33.1106 0
      vertex -14.7914 33.2592 2.4
      vertex -14.7914 33.2592 0
    endloop
  endfacet
  facet normal -0.946819 -0.321766 0
    outer loop
      vertex -14.7914 33.2592 2.4
      vertex -14.7409 33.1106 0
      vertex -14.7409 33.1106 2.4
    endloop
  endfacet
  facet normal -0.997844 -0.0656309 0
    outer loop
      vertex -14.7 32.8 0
      vertex -14.7103 32.9566 2.4
      vertex -14.7103 32.9566 0
    endloop
  endfacet
  facet normal -0.997844 -0.0656309 0
    outer loop
      vertex -14.7103 32.9566 2.4
      vertex -14.7 32.8 0
      vertex -14.7 32.8 2.4
    endloop
  endfacet
  facet normal 0.896961 -0.44211 0
    outer loop
      vertex -17.2086 33.2592 2.4
      vertex -17.1392 33.4 0
      vertex -17.1392 33.4 2.4
    endloop
  endfacet
  facet normal 0.896961 -0.44211 0
    outer loop
      vertex -17.1392 33.4 0
      vertex -17.2086 33.2592 2.4
      vertex -17.2086 33.2592 0
    endloop
  endfacet
  facet normal 0.0656309 0.997844 -0
    outer loop
      vertex -16.1 18 0
      vertex -16.2566 18.0103 2.4
      vertex -16.1 18 2.4
    endloop
  endfacet
  facet normal 0.0656309 0.997844 0
    outer loop
      vertex -16.2566 18.0103 2.4
      vertex -16.1 18 0
      vertex -16.2566 18.0103 0
    endloop
  endfacet
  facet normal 0 1 -0
    outer loop
      vertex -15.9 18 0
      vertex -16.1 18 2.4
      vertex -15.9 18 2.4
    endloop
  endfacet
  facet normal 0 1 0
    outer loop
      vertex -16.1 18 2.4
      vertex -15.9 18 0
      vertex -16.1 18 0
    endloop
  endfacet
  facet normal 0.946819 0.321766 0
    outer loop
      vertex -17.2086 18.7408 2.4
      vertex -17.2591 18.8894 0
      vertex -17.2591 18.8894 2.4
    endloop
  endfacet
  facet normal 0.946819 0.321766 0
    outer loop
      vertex -17.2591 18.8894 0
      vertex -17.2086 18.7408 2.4
      vertex -17.2086 18.7408 0
    endloop
  endfacet
  facet normal 0.997844 0.0656309 0
    outer loop
      vertex -17.2897 19.0434 2.4
      vertex -17.3 19.2 0
      vertex -17.3 19.2 2.4
    endloop
  endfacet
  facet normal 0.997844 0.0656309 0
    outer loop
      vertex -17.3 19.2 0
      vertex -17.2897 19.0434 2.4
      vertex -17.2897 19.0434 0
    endloop
  endfacet
  facet normal 0.980825 0.194891 0
    outer loop
      vertex -17.2591 18.8894 2.4
      vertex -17.2897 19.0434 0
      vertex -17.2897 19.0434 2.4
    endloop
  endfacet
  facet normal 0.980825 0.194891 0
    outer loop
      vertex -17.2897 19.0434 0
      vertex -17.2591 18.8894 2.4
      vertex -17.2591 18.8894 0
    endloop
  endfacet
  facet normal 0.555582 0.831462 -0
    outer loop
      vertex -16.7 18.1608 0
      vertex -16.8305 18.248 2.4
      vertex -16.7 18.1608 2.4
    endloop
  endfacet
  facet normal 0.555582 0.831462 0
    outer loop
      vertex -16.8305 18.248 2.4
      vertex -16.7 18.1608 0
      vertex -16.8305 18.248 0
    endloop
  endfacet
  facet normal 0 -1 0
    outer loop
      vertex -16.1 34 0
      vertex -15.9 34 2.4
      vertex -16.1 34 2.4
    endloop
  endfacet
  facet normal 0 -1 -0
    outer loop
      vertex -15.9 34 2.4
      vertex -16.1 34 0
      vertex -15.9 34 0
    endloop
  endfacet
  facet normal -0.194891 -0.980825 0
    outer loop
      vertex -15.7434 33.9897 0
      vertex -15.5894 33.9591 2.4
      vertex -15.7434 33.9897 2.4
    endloop
  endfacet
  facet normal -0.194891 -0.980825 -0
    outer loop
      vertex -15.5894 33.9591 2.4
      vertex -15.7434 33.9897 0
      vertex -15.5894 33.9591 0
    endloop
  endfacet
  facet normal -0.751787 0.659406 0
    outer loop
      vertex -15.0515 18.3515 0
      vertex -14.948 18.4695 2.4
      vertex -14.948 18.4695 0
    endloop
  endfacet
  facet normal -0.751787 0.659406 0
    outer loop
      vertex -14.948 18.4695 2.4
      vertex -15.0515 18.3515 0
      vertex -15.0515 18.3515 2.4
    endloop
  endfacet
  facet normal -0.831462 -0.555582 0
    outer loop
      vertex -14.8608 33.4 0
      vertex -14.948 33.5305 2.4
      vertex -14.948 33.5305 0
    endloop
  endfacet
  facet normal -0.831462 -0.555582 0
    outer loop
      vertex -14.948 33.5305 2.4
      vertex -14.8608 33.4 0
      vertex -14.8608 33.4 2.4
    endloop
  endfacet
  facet normal -0.321194 -0.947013 0
    outer loop
      vertex -15.5894 33.9591 0
      vertex -15.4408 33.9087 2.4
      vertex -15.5894 33.9591 2.4
    endloop
  endfacet
  facet normal -0.321194 -0.947013 -0
    outer loop
      vertex -15.4408 33.9087 2.4
      vertex -15.5894 33.9591 0
      vertex -15.4408 33.9087 0
    endloop
  endfacet
  facet normal -0.442622 -0.896708 0
    outer loop
      vertex -15.4408 33.9087 0
      vertex -15.3 33.8392 2.4
      vertex -15.4408 33.9087 2.4
    endloop
  endfacet
  facet normal -0.442622 -0.896708 -0
    outer loop
      vertex -15.3 33.8392 2.4
      vertex -15.4408 33.9087 0
      vertex -15.3 33.8392 0
    endloop
  endfacet
  facet normal 0.442622 -0.896708 0
    outer loop
      vertex -16.7 33.8392 0
      vertex -16.5592 33.9087 2.4
      vertex -16.7 33.8392 2.4
    endloop
  endfacet
  facet normal 0.442622 -0.896708 0
    outer loop
      vertex -16.5592 33.9087 2.4
      vertex -16.7 33.8392 0
      vertex -16.5592 33.9087 0
    endloop
  endfacet
  facet normal 0.980825 -0.194891 0
    outer loop
      vertex -17.2897 32.9566 2.4
      vertex -17.2591 33.1106 0
      vertex -17.2591 33.1106 2.4
    endloop
  endfacet
  facet normal 0.980825 -0.194891 0
    outer loop
      vertex -17.2591 33.1106 0
      vertex -17.2897 32.9566 2.4
      vertex -17.2897 32.9566 0
    endloop
  endfacet
  facet normal 0.946819 -0.321766 0
    outer loop
      vertex -17.2591 33.1106 2.4
      vertex -17.2086 33.2592 0
      vertex -17.2086 33.2592 2.4
    endloop
  endfacet
  facet normal 0.946819 -0.321766 0
    outer loop
      vertex -17.2086 33.2592 0
      vertex -17.2591 33.1106 2.4
      vertex -17.2591 33.1106 0
    endloop
  endfacet
  facet normal 0.896961 0.44211 0
    outer loop
      vertex -17.1392 18.6 2.4
      vertex -17.2086 18.7408 0
      vertex -17.2086 18.7408 2.4
    endloop
  endfacet
  facet normal 0.896961 0.44211 0
    outer loop
      vertex -17.2086 18.7408 0
      vertex -17.1392 18.6 2.4
      vertex -17.1392 18.6 0
    endloop
  endfacet
  facet normal 0.442622 0.896708 -0
    outer loop
      vertex -16.5592 18.0913 0
      vertex -16.7 18.1608 2.4
      vertex -16.5592 18.0913 2.4
    endloop
  endfacet
  facet normal 0.442622 0.896708 0
    outer loop
      vertex -16.7 18.1608 2.4
      vertex -16.5592 18.0913 0
      vertex -16.7 18.1608 0
    endloop
  endfacet
  facet normal 0.659406 0.751787 -0
    outer loop
      vertex -16.8305 18.248 0
      vertex -16.9485 18.3515 2.4
      vertex -16.8305 18.248 2.4
    endloop
  endfacet
  facet normal 0.659406 0.751787 0
    outer loop
      vertex -16.9485 18.3515 2.4
      vertex -16.8305 18.248 0
      vertex -16.9485 18.3515 0
    endloop
  endfacet
  facet normal -0.0656309 -0.997844 0
    outer loop
      vertex -15.9 34 0
      vertex -15.7434 33.9897 2.4
      vertex -15.9 34 2.4
    endloop
  endfacet
  facet normal -0.0656309 -0.997844 -0
    outer loop
      vertex -15.7434 33.9897 2.4
      vertex -15.9 34 0
      vertex -15.7434 33.9897 0
    endloop
  endfacet
  facet normal -0.831462 0.555582 0
    outer loop
      vertex -14.948 18.4695 0
      vertex -14.8608 18.6 2.4
      vertex -14.8608 18.6 0
    endloop
  endfacet
  facet normal -0.831462 0.555582 0
    outer loop
      vertex -14.8608 18.6 2.4
      vertex -14.948 18.4695 0
      vertex -14.948 18.4695 2.4
    endloop
  endfacet
  facet normal -0.555582 0.831462 0
    outer loop
      vertex -15.1695 18.248 0
      vertex -15.3 18.1608 2.4
      vertex -15.1695 18.248 2.4
    endloop
  endfacet
  facet normal -0.555582 0.831462 0
    outer loop
      vertex -15.3 18.1608 2.4
      vertex -15.1695 18.248 0
      vertex -15.3 18.1608 0
    endloop
  endfacet
  facet normal -0.980825 -0.194891 0
    outer loop
      vertex -14.7103 32.9566 0
      vertex -14.7409 33.1106 2.4
      vertex -14.7409 33.1106 0
    endloop
  endfacet
  facet normal -0.980825 -0.194891 0
    outer loop
      vertex -14.7409 33.1106 2.4
      vertex -14.7103 32.9566 0
      vertex -14.7103 32.9566 2.4
    endloop
  endfacet
  facet normal -0.896961 -0.44211 0
    outer loop
      vertex -14.7914 33.2592 0
      vertex -14.8608 33.4 2.4
      vertex -14.8608 33.4 0
    endloop
  endfacet
  facet normal -0.896961 -0.44211 0
    outer loop
      vertex -14.8608 33.4 2.4
      vertex -14.7914 33.2592 0
      vertex -14.7914 33.2592 2.4
    endloop
  endfacet
  facet normal 0.194891 -0.980825 0
    outer loop
      vertex -16.4106 33.9591 0
      vertex -16.2566 33.9897 2.4
      vertex -16.4106 33.9591 2.4
    endloop
  endfacet
  facet normal 0.194891 -0.980825 0
    outer loop
      vertex -16.2566 33.9897 2.4
      vertex -16.4106 33.9591 0
      vertex -16.2566 33.9897 0
    endloop
  endfacet
  facet normal -0.997844 0.0656309 0
    outer loop
      vertex -14.7103 19.0434 0
      vertex -14.7 19.2 2.4
      vertex -14.7 19.2 0
    endloop
  endfacet
  facet normal -0.997844 0.0656309 0
    outer loop
      vertex -14.7 19.2 2.4
      vertex -14.7103 19.0434 0
      vertex -14.7103 19.0434 2.4
    endloop
  endfacet
  facet normal -0.896961 0.44211 0
    outer loop
      vertex -14.8608 18.6 0
      vertex -14.7914 18.7408 2.4
      vertex -14.7914 18.7408 0
    endloop
  endfacet
  facet normal -0.896961 0.44211 0
    outer loop
      vertex -14.7914 18.7408 2.4
      vertex -14.8608 18.6 0
      vertex -14.8608 18.6 2.4
    endloop
  endfacet
  facet normal -0.659406 0.751787 0
    outer loop
      vertex -15.0515 18.3515 0
      vertex -15.1695 18.248 2.4
      vertex -15.0515 18.3515 2.4
    endloop
  endfacet
  facet normal -0.659406 0.751787 0
    outer loop
      vertex -15.1695 18.248 2.4
      vertex -15.0515 18.3515 0
      vertex -15.1695 18.248 0
    endloop
  endfacet
  facet normal -0.321194 0.947013 0
    outer loop
      vertex -15.4408 18.0913 0
      vertex -15.5894 18.0409 2.4
      vertex -15.4408 18.0913 2.4
    endloop
  endfacet
  facet normal -0.321194 0.947013 0
    outer loop
      vertex -15.5894 18.0409 2.4
      vertex -15.4408 18.0913 0
      vertex -15.5894 18.0409 0
    endloop
  endfacet
  facet normal -0.442622 0.896708 0
    outer loop
      vertex -15.3 18.1608 0
      vertex -15.4408 18.0913 2.4
      vertex -15.3 18.1608 2.4
    endloop
  endfacet
  facet normal -0.442622 0.896708 0
    outer loop
      vertex -15.4408 18.0913 2.4
      vertex -15.3 18.1608 0
      vertex -15.4408 18.0913 0
    endloop
  endfacet
  facet normal -0.659406 -0.751787 0
    outer loop
      vertex -15.1695 33.752 0
      vertex -15.0515 33.6485 2.4
      vertex -15.1695 33.752 2.4
    endloop
  endfacet
  facet normal -0.659406 -0.751787 -0
    outer loop
      vertex -15.0515 33.6485 2.4
      vertex -15.1695 33.752 0
      vertex -15.0515 33.6485 0
    endloop
  endfacet
  facet normal -0.751787 -0.659406 0
    outer loop
      vertex -14.948 33.5305 0
      vertex -15.0515 33.6485 2.4
      vertex -15.0515 33.6485 0
    endloop
  endfacet
  facet normal -0.751787 -0.659406 0
    outer loop
      vertex -15.0515 33.6485 2.4
      vertex -14.948 33.5305 0
      vertex -14.948 33.5305 2.4
    endloop
  endfacet
  facet normal -0.555582 -0.831462 0
    outer loop
      vertex -15.3 33.8392 0
      vertex -15.1695 33.752 2.4
      vertex -15.3 33.8392 2.4
    endloop
  endfacet
  facet normal -0.555582 -0.831462 -0
    outer loop
      vertex -15.1695 33.752 2.4
      vertex -15.3 33.8392 0
      vertex -15.1695 33.752 0
    endloop
  endfacet
  facet normal 0.831462 -0.555582 0
    outer loop
      vertex -17.1392 33.4 2.4
      vertex -17.052 33.5305 0
      vertex -17.052 33.5305 2.4
    endloop
  endfacet
  facet normal 0.831462 -0.555582 0
    outer loop
      vertex -17.052 33.5305 0
      vertex -17.1392 33.4 2.4
      vertex -17.1392 33.4 0
    endloop
  endfacet
  facet normal 0.659406 -0.751787 0
    outer loop
      vertex -16.9485 33.6485 0
      vertex -16.8305 33.752 2.4
      vertex -16.9485 33.6485 2.4
    endloop
  endfacet
  facet normal 0.659406 -0.751787 0
    outer loop
      vertex -16.8305 33.752 2.4
      vertex -16.9485 33.6485 0
      vertex -16.8305 33.752 0
    endloop
  endfacet
  facet normal 0.555582 -0.831462 0
    outer loop
      vertex -16.8305 33.752 0
      vertex -16.7 33.8392 2.4
      vertex -16.8305 33.752 2.4
    endloop
  endfacet
  facet normal 0.555582 -0.831462 0
    outer loop
      vertex -16.7 33.8392 2.4
      vertex -16.8305 33.752 0
      vertex -16.7 33.8392 0
    endloop
  endfacet
  facet normal -0.980825 0.194891 0
    outer loop
      vertex -14.7409 18.8894 0
      vertex -14.7103 19.0434 2.4
      vertex -14.7103 19.0434 0
    endloop
  endfacet
  facet normal -0.980825 0.194891 0
    outer loop
      vertex -14.7103 19.0434 2.4
      vertex -14.7409 18.8894 0
      vertex -14.7409 18.8894 2.4
    endloop
  endfacet
  facet normal -0.946819 0.321766 0
    outer loop
      vertex -14.7914 18.7408 0
      vertex -14.7409 18.8894 2.4
      vertex -14.7409 18.8894 0
    endloop
  endfacet
  facet normal -0.946819 0.321766 0
    outer loop
      vertex -14.7409 18.8894 2.4
      vertex -14.7914 18.7408 0
      vertex -14.7914 18.7408 2.4
    endloop
  endfacet
  facet normal -0.0656183 0.997845 0
    outer loop
      vertex -7.74338 18.0103 0
      vertex -7.90001 18 2.4
      vertex -7.74338 18.0103 2.4
    endloop
  endfacet
  facet normal -0.0656183 0.997845 0
    outer loop
      vertex -7.90001 18 2.4
      vertex -7.74338 18.0103 0
      vertex -7.90001 18 0
    endloop
  endfacet
  facet normal -0.194952 0.980813 0
    outer loop
      vertex -7.58943 18.0409 0
      vertex -7.74338 18.0103 2.4
      vertex -7.58943 18.0409 2.4
    endloop
  endfacet
  facet normal -0.194952 0.980813 0
    outer loop
      vertex -7.74338 18.0103 2.4
      vertex -7.58943 18.0409 0
      vertex -7.74338 18.0103 0
    endloop
  endfacet
  facet normal 1 -0 0
    outer loop
      vertex -9.29999 19.2 2.4
      vertex -9.29999 32.8 0
      vertex -9.29999 32.8 2.4
    endloop
  endfacet
  facet normal 1 0 0
    outer loop
      vertex -9.29999 32.8 0
      vertex -9.29999 19.2 2.4
      vertex -9.29999 19.2 0
    endloop
  endfacet
  facet normal 0.0656183 -0.997845 0
    outer loop
      vertex -8.25662 33.9897 0
      vertex -8.09999 34 2.4
      vertex -8.25662 33.9897 2.4
    endloop
  endfacet
  facet normal 0.0656183 -0.997845 0
    outer loop
      vertex -8.09999 34 2.4
      vertex -8.25662 33.9897 0
      vertex -8.09999 34 0
    endloop
  endfacet
  facet normal 0.751787 -0.659406 0
    outer loop
      vertex -9.05202 33.5305 2.4
      vertex -8.94852 33.6485 0
      vertex -8.94852 33.6485 2.4
    endloop
  endfacet
  facet normal 0.751787 -0.659406 0
    outer loop
      vertex -8.94852 33.6485 0
      vertex -9.05202 33.5305 2.4
      vertex -9.05202 33.5305 0
    endloop
  endfacet
  facet normal 0.442622 -0.896708 0
    outer loop
      vertex -8.7 33.8392 0
      vertex -8.5592 33.9087 2.4
      vertex -8.7 33.8392 2.4
    endloop
  endfacet
  facet normal 0.442622 -0.896708 0
    outer loop
      vertex -8.5592 33.9087 2.4
      vertex -8.7 33.8392 0
      vertex -8.5592 33.9087 0
    endloop
  endfacet
  facet normal 0.997856 -0.0654405 0
    outer loop
      vertex -9.29999 32.8 2.4
      vertex -9.28972 32.9566 0
      vertex -9.28972 32.9566 2.4
    endloop
  endfacet
  facet normal 0.997856 -0.0654405 0
    outer loop
      vertex -9.28972 32.9566 0
      vertex -9.29999 32.8 2.4
      vertex -9.29999 32.8 0
    endloop
  endfacet
  facet normal 0.831462 0.555582 0
    outer loop
      vertex -9.05202 18.4695 2.4
      vertex -9.13922 18.6 0
      vertex -9.13922 18.6 2.4
    endloop
  endfacet
  facet normal 0.831462 0.555582 0
    outer loop
      vertex -9.13922 18.6 0
      vertex -9.05202 18.4695 2.4
      vertex -9.05202 18.4695 0
    endloop
  endfacet
  facet normal 0.321136 0.947033 -0
    outer loop
      vertex -8.41057 18.0409 0
      vertex -8.5592 18.0913 2.4
      vertex -8.41057 18.0409 2.4
    endloop
  endfacet
  facet normal 0.321136 0.947033 0
    outer loop
      vertex -8.5592 18.0913 2.4
      vertex -8.41057 18.0409 0
      vertex -8.5592 18.0913 0
    endloop
  endfacet
  facet normal 0.194952 0.980813 -0
    outer loop
      vertex -8.25662 18.0103 0
      vertex -8.41057 18.0409 2.4
      vertex -8.25662 18.0103 2.4
    endloop
  endfacet
  facet normal 0.194952 0.980813 0
    outer loop
      vertex -8.41057 18.0409 2.4
      vertex -8.25662 18.0103 0
      vertex -8.41057 18.0409 0
    endloop
  endfacet
  facet normal -1 0 0
    outer loop
      vertex -6.70001 19.2 0
      vertex -6.70001 32.8 2.4
      vertex -6.70001 32.8 0
    endloop
  endfacet
  facet normal -1 -0 0
    outer loop
      vertex -6.70001 32.8 2.4
      vertex -6.70001 19.2 0
      vertex -6.70001 19.2 2.4
    endloop
  endfacet
  facet normal 0.896885 -0.442264 0
    outer loop
      vertex -9.20865 33.2592 2.4
      vertex -9.13922 33.4 0
      vertex -9.13922 33.4 2.4
    endloop
  endfacet
  facet normal 0.896885 -0.442264 0
    outer loop
      vertex -9.13922 33.4 0
      vertex -9.20865 33.2592 2.4
      vertex -9.20865 33.2592 0
    endloop
  endfacet
  facet normal 0.0656183 0.997845 -0
    outer loop
      vertex -8.09999 18 0
      vertex -8.25662 18.0103 2.4
      vertex -8.09999 18 2.4
    endloop
  endfacet
  facet normal 0.0656183 0.997845 0
    outer loop
      vertex -8.25662 18.0103 2.4
      vertex -8.09999 18 0
      vertex -8.25662 18.0103 0
    endloop
  endfacet
  facet normal 0 1 -0
    outer loop
      vertex -7.90001 18 0
      vertex -8.09999 18 2.4
      vertex -7.90001 18 2.4
    endloop
  endfacet
  facet normal 0 1 0
    outer loop
      vertex -8.09999 18 2.4
      vertex -7.90001 18 0
      vertex -8.09999 18 0
    endloop
  endfacet
  facet normal 0.946936 0.321423 0
    outer loop
      vertex -9.20865 18.7408 2.4
      vertex -9.25909 18.8894 0
      vertex -9.25909 18.8894 2.4
    endloop
  endfacet
  facet normal 0.946936 0.321423 0
    outer loop
      vertex -9.25909 18.8894 0
      vertex -9.20865 18.7408 2.4
      vertex -9.20865 18.7408 0
    endloop
  endfacet
  facet normal 0.751787 0.659406 0
    outer loop
      vertex -8.94852 18.3515 2.4
      vertex -9.05202 18.4695 0
      vertex -9.05202 18.4695 2.4
    endloop
  endfacet
  facet normal 0.751787 0.659406 0
    outer loop
      vertex -9.05202 18.4695 0
      vertex -8.94852 18.3515 2.4
      vertex -8.94852 18.3515 0
    endloop
  endfacet
  facet normal 0 -1 0
    outer loop
      vertex -8.09999 34 0
      vertex -7.90001 34 2.4
      vertex -8.09999 34 2.4
    endloop
  endfacet
  facet normal 0 -1 -0
    outer loop
      vertex -7.90001 34 2.4
      vertex -8.09999 34 0
      vertex -7.90001 34 0
    endloop
  endfacet
  facet normal -0.194952 -0.980813 0
    outer loop
      vertex -7.74338 33.9897 0
      vertex -7.58943 33.9591 2.4
      vertex -7.74338 33.9897 2.4
    endloop
  endfacet
  facet normal -0.194952 -0.980813 -0
    outer loop
      vertex -7.58943 33.9591 2.4
      vertex -7.74338 33.9897 0
      vertex -7.58943 33.9591 0
    endloop
  endfacet
  facet normal -0.946936 0.321423 0
    outer loop
      vertex -6.79135 18.7408 0
      vertex -6.74091 18.8894 2.4
      vertex -6.74091 18.8894 0
    endloop
  endfacet
  facet normal -0.946936 0.321423 0
    outer loop
      vertex -6.74091 18.8894 2.4
      vertex -6.79135 18.7408 0
      vertex -6.79135 18.7408 2.4
    endloop
  endfacet
  facet normal -0.831462 -0.555582 0
    outer loop
      vertex -6.86078 33.4 0
      vertex -6.94798 33.5305 2.4
      vertex -6.94798 33.5305 0
    endloop
  endfacet
  facet normal -0.831462 -0.555582 0
    outer loop
      vertex -6.94798 33.5305 2.4
      vertex -6.86078 33.4 0
      vertex -6.86078 33.4 2.4
    endloop
  endfacet
  facet normal -0.946936 -0.321423 0
    outer loop
      vertex -6.74091 33.1106 0
      vertex -6.79135 33.2592 2.4
      vertex -6.79135 33.2592 0
    endloop
  endfacet
  facet normal -0.946936 -0.321423 0
    outer loop
      vertex -6.79135 33.2592 2.4
      vertex -6.74091 33.1106 0
      vertex -6.74091 33.1106 2.4
    endloop
  endfacet
  facet normal -0.896885 -0.442264 0
    outer loop
      vertex -6.79135 33.2592 0
      vertex -6.86078 33.4 2.4
      vertex -6.86078 33.4 0
    endloop
  endfacet
  facet normal -0.896885 -0.442264 0
    outer loop
      vertex -6.86078 33.4 2.4
      vertex -6.79135 33.2592 0
      vertex -6.79135 33.2592 2.4
    endloop
  endfacet
  facet normal -0.659375 -0.751815 0
    outer loop
      vertex -7.16949 33.752 0
      vertex -7.05148 33.6485 2.4
      vertex -7.16949 33.752 2.4
    endloop
  endfacet
  facet normal -0.659375 -0.751815 -0
    outer loop
      vertex -7.05148 33.6485 2.4
      vertex -7.16949 33.752 0
      vertex -7.05148 33.6485 0
    endloop
  endfacet
  facet normal -0.321136 -0.947033 0
    outer loop
      vertex -7.58943 33.9591 0
      vertex -7.4408 33.9087 2.4
      vertex -7.58943 33.9591 2.4
    endloop
  endfacet
  facet normal -0.321136 -0.947033 -0
    outer loop
      vertex -7.4408 33.9087 2.4
      vertex -7.58943 33.9591 0
      vertex -7.4408 33.9087 0
    endloop
  endfacet
  facet normal 0.980788 -0.195075 0
    outer loop
      vertex -9.28972 32.9566 2.4
      vertex -9.25909 33.1106 0
      vertex -9.25909 33.1106 2.4
    endloop
  endfacet
  facet normal 0.980788 -0.195075 0
    outer loop
      vertex -9.25909 33.1106 0
      vertex -9.28972 32.9566 2.4
      vertex -9.28972 32.9566 0
    endloop
  endfacet
  facet normal 0.946936 -0.321423 0
    outer loop
      vertex -9.25909 33.1106 2.4
      vertex -9.20865 33.2592 0
      vertex -9.20865 33.2592 2.4
    endloop
  endfacet
  facet normal 0.946936 -0.321423 0
    outer loop
      vertex -9.20865 33.2592 0
      vertex -9.25909 33.1106 2.4
      vertex -9.25909 33.1106 0
    endloop
  endfacet
  facet normal 0.896885 0.442264 0
    outer loop
      vertex -9.13922 18.6 2.4
      vertex -9.20865 18.7408 0
      vertex -9.20865 18.7408 2.4
    endloop
  endfacet
  facet normal 0.896885 0.442264 0
    outer loop
      vertex -9.20865 18.7408 0
      vertex -9.13922 18.6 2.4
      vertex -9.13922 18.6 0
    endloop
  endfacet
  facet normal 0.980788 0.195075 0
    outer loop
      vertex -9.25909 18.8894 2.4
      vertex -9.28972 19.0434 0
      vertex -9.28972 19.0434 2.4
    endloop
  endfacet
  facet normal 0.980788 0.195075 0
    outer loop
      vertex -9.28972 19.0434 0
      vertex -9.25909 18.8894 2.4
      vertex -9.25909 18.8894 0
    endloop
  endfacet
  facet normal 0.997856 0.0654405 0
    outer loop
      vertex -9.28972 19.0434 2.4
      vertex -9.29999 19.2 0
      vertex -9.29999 19.2 2.4
    endloop
  endfacet
  facet normal 0.997856 0.0654405 0
    outer loop
      vertex -9.29999 19.2 0
      vertex -9.28972 19.0434 2.4
      vertex -9.28972 19.0434 0
    endloop
  endfacet
  facet normal 0.442622 0.896708 -0
    outer loop
      vertex -8.5592 18.0913 0
      vertex -8.7 18.1608 2.4
      vertex -8.5592 18.0913 2.4
    endloop
  endfacet
  facet normal 0.442622 0.896708 0
    outer loop
      vertex -8.7 18.1608 2.4
      vertex -8.5592 18.0913 0
      vertex -8.7 18.1608 0
    endloop
  endfacet
  facet normal 0.555553 0.831481 -0
    outer loop
      vertex -8.7 18.1608 0
      vertex -8.83051 18.248 2.4
      vertex -8.7 18.1608 2.4
    endloop
  endfacet
  facet normal 0.555553 0.831481 0
    outer loop
      vertex -8.83051 18.248 2.4
      vertex -8.7 18.1608 0
      vertex -8.83051 18.248 0
    endloop
  endfacet
  facet normal 0.659375 0.751815 -0
    outer loop
      vertex -8.83051 18.248 0
      vertex -8.94852 18.3515 2.4
      vertex -8.83051 18.248 2.4
    endloop
  endfacet
  facet normal 0.659375 0.751815 0
    outer loop
      vertex -8.94852 18.3515 2.4
      vertex -8.83051 18.248 0
      vertex -8.94852 18.3515 0
    endloop
  endfacet
  facet normal -0.0656183 -0.997845 0
    outer loop
      vertex -7.90001 34 0
      vertex -7.74338 33.9897 2.4
      vertex -7.90001 34 2.4
    endloop
  endfacet
  facet normal -0.0656183 -0.997845 -0
    outer loop
      vertex -7.74338 33.9897 2.4
      vertex -7.90001 34 0
      vertex -7.74338 33.9897 0
    endloop
  endfacet
  facet normal -0.831462 0.555582 0
    outer loop
      vertex -6.94798 18.4695 0
      vertex -6.86078 18.6 2.4
      vertex -6.86078 18.6 0
    endloop
  endfacet
  facet normal -0.831462 0.555582 0
    outer loop
      vertex -6.86078 18.6 2.4
      vertex -6.94798 18.4695 0
      vertex -6.94798 18.4695 2.4
    endloop
  endfacet
  facet normal -0.555553 0.831481 0
    outer loop
      vertex -7.16949 18.248 0
      vertex -7.3 18.1608 2.4
      vertex -7.16949 18.248 2.4
    endloop
  endfacet
  facet normal -0.555553 0.831481 0
    outer loop
      vertex -7.3 18.1608 2.4
      vertex -7.16949 18.248 0
      vertex -7.3 18.1608 0
    endloop
  endfacet
  facet normal -0.751787 0.659406 0
    outer loop
      vertex -7.05148 18.3515 0
      vertex -6.94798 18.4695 2.4
      vertex -6.94798 18.4695 0
    endloop
  endfacet
  facet normal -0.751787 0.659406 0
    outer loop
      vertex -6.94798 18.4695 2.4
      vertex -7.05148 18.3515 0
      vertex -7.05148 18.3515 2.4
    endloop
  endfacet
  facet normal -0.321136 0.947033 0
    outer loop
      vertex -7.4408 18.0913 0
      vertex -7.58943 18.0409 2.4
      vertex -7.4408 18.0913 2.4
    endloop
  endfacet
  facet normal -0.321136 0.947033 0
    outer loop
      vertex -7.58943 18.0409 2.4
      vertex -7.4408 18.0913 0
      vertex -7.58943 18.0409 0
    endloop
  endfacet
  facet normal -0.980788 -0.195075 0
    outer loop
      vertex -6.71028 32.9566 0
      vertex -6.74091 33.1106 2.4
      vertex -6.74091 33.1106 0
    endloop
  endfacet
  facet normal -0.980788 -0.195075 0
    outer loop
      vertex -6.74091 33.1106 2.4
      vertex -6.71028 32.9566 0
      vertex -6.71028 32.9566 2.4
    endloop
  endfacet
  facet normal -0.997856 -0.0654405 0
    outer loop
      vertex -6.70001 32.8 0
      vertex -6.71028 32.9566 2.4
      vertex -6.71028 32.9566 0
    endloop
  endfacet
  facet normal -0.997856 -0.0654405 0
    outer loop
      vertex -6.71028 32.9566 2.4
      vertex -6.70001 32.8 0
      vertex -6.70001 32.8 2.4
    endloop
  endfacet
  facet normal -0.751787 -0.659406 0
    outer loop
      vertex -6.94798 33.5305 0
      vertex -7.05148 33.6485 2.4
      vertex -7.05148 33.6485 0
    endloop
  endfacet
  facet normal -0.751787 -0.659406 0
    outer loop
      vertex -7.05148 33.6485 2.4
      vertex -6.94798 33.5305 0
      vertex -6.94798 33.5305 2.4
    endloop
  endfacet
  facet normal -0.997856 0.0654405 0
    outer loop
      vertex -6.71028 19.0434 0
      vertex -6.70001 19.2 2.4
      vertex -6.70001 19.2 0
    endloop
  endfacet
  facet normal -0.997856 0.0654405 0
    outer loop
      vertex -6.70001 19.2 2.4
      vertex -6.71028 19.0434 0
      vertex -6.71028 19.0434 2.4
    endloop
  endfacet
  facet normal -0.896885 0.442264 0
    outer loop
      vertex -6.86078 18.6 0
      vertex -6.79135 18.7408 2.4
      vertex -6.79135 18.7408 0
    endloop
  endfacet
  facet normal -0.896885 0.442264 0
    outer loop
      vertex -6.79135 18.7408 2.4
      vertex -6.86078 18.6 0
      vertex -6.86078 18.6 2.4
    endloop
  endfacet
  facet normal -0.659375 0.751815 0
    outer loop
      vertex -7.05148 18.3515 0
      vertex -7.16949 18.248 2.4
      vertex -7.05148 18.3515 2.4
    endloop
  endfacet
  facet normal -0.659375 0.751815 0
    outer loop
      vertex -7.16949 18.248 2.4
      vertex -7.05148 18.3515 0
      vertex -7.16949 18.248 0
    endloop
  endfacet
  facet normal -0.442622 0.896708 0
    outer loop
      vertex -7.3 18.1608 0
      vertex -7.4408 18.0913 2.4
      vertex -7.3 18.1608 2.4
    endloop
  endfacet
  facet normal -0.442622 0.896708 0
    outer loop
      vertex -7.4408 18.0913 2.4
      vertex -7.3 18.1608 0
      vertex -7.4408 18.0913 0
    endloop
  endfacet
  facet normal -0.442622 -0.896708 0
    outer loop
      vertex -7.4408 33.9087 0
      vertex -7.3 33.8392 2.4
      vertex -7.4408 33.9087 2.4
    endloop
  endfacet
  facet normal -0.442622 -0.896708 -0
    outer loop
      vertex -7.3 33.8392 2.4
      vertex -7.4408 33.9087 0
      vertex -7.3 33.8392 0
    endloop
  endfacet
  facet normal -0.555553 -0.831481 0
    outer loop
      vertex -7.3 33.8392 0
      vertex -7.16949 33.752 2.4
      vertex -7.3 33.8392 2.4
    endloop
  endfacet
  facet normal -0.555553 -0.831481 -0
    outer loop
      vertex -7.16949 33.752 2.4
      vertex -7.3 33.8392 0
      vertex -7.16949 33.752 0
    endloop
  endfacet
  facet normal 0.831462 -0.555582 0
    outer loop
      vertex -9.13922 33.4 2.4
      vertex -9.05202 33.5305 0
      vertex -9.05202 33.5305 2.4
    endloop
  endfacet
  facet normal 0.831462 -0.555582 0
    outer loop
      vertex -9.05202 33.5305 0
      vertex -9.13922 33.4 2.4
      vertex -9.13922 33.4 0
    endloop
  endfacet
  facet normal 0.659375 -0.751815 0
    outer loop
      vertex -8.94852 33.6485 0
      vertex -8.83051 33.752 2.4
      vertex -8.94852 33.6485 2.4
    endloop
  endfacet
  facet normal 0.659375 -0.751815 0
    outer loop
      vertex -8.83051 33.752 2.4
      vertex -8.94852 33.6485 0
      vertex -8.83051 33.752 0
    endloop
  endfacet
  facet normal 0.555553 -0.831481 0
    outer loop
      vertex -8.83051 33.752 0
      vertex -8.7 33.8392 2.4
      vertex -8.83051 33.752 2.4
    endloop
  endfacet
  facet normal 0.555553 -0.831481 0
    outer loop
      vertex -8.7 33.8392 2.4
      vertex -8.83051 33.752 0
      vertex -8.7 33.8392 0
    endloop
  endfacet
  facet normal 0.321136 -0.947033 0
    outer loop
      vertex -8.5592 33.9087 0
      vertex -8.41057 33.9591 2.4
      vertex -8.5592 33.9087 2.4
    endloop
  endfacet
  facet normal 0.321136 -0.947033 0
    outer loop
      vertex -8.41057 33.9591 2.4
      vertex -8.5592 33.9087 0
      vertex -8.41057 33.9591 0
    endloop
  endfacet
  facet normal 0.194952 -0.980813 0
    outer loop
      vertex -8.41057 33.9591 0
      vertex -8.25662 33.9897 2.4
      vertex -8.41057 33.9591 2.4
    endloop
  endfacet
  facet normal 0.194952 -0.980813 0
    outer loop
      vertex -8.25662 33.9897 2.4
      vertex -8.41057 33.9591 0
      vertex -8.25662 33.9897 0
    endloop
  endfacet
  facet normal -0.980788 0.195075 0
    outer loop
      vertex -6.74091 18.8894 0
      vertex -6.71028 19.0434 2.4
      vertex -6.71028 19.0434 0
    endloop
  endfacet
  facet normal -0.980788 0.195075 0
    outer loop
      vertex -6.71028 19.0434 2.4
      vertex -6.74091 18.8894 0
      vertex -6.74091 18.8894 2.4
    endloop
  endfacet
  facet normal -0.0656178 0.997845 0
    outer loop
      vertex 0.256622 18.0103 0
      vertex 0.0999908 18 2.4
      vertex 0.256622 18.0103 2.4
    endloop
  endfacet
  facet normal -0.0656178 0.997845 0
    outer loop
      vertex 0.0999908 18 2.4
      vertex 0.256622 18.0103 0
      vertex 0.0999908 18 0
    endloop
  endfacet
  facet normal -0.194957 0.980812 0
    outer loop
      vertex 0.410568 18.0409 0
      vertex 0.256622 18.0103 2.4
      vertex 0.410568 18.0409 2.4
    endloop
  endfacet
  facet normal -0.194957 0.980812 0
    outer loop
      vertex 0.256622 18.0103 2.4
      vertex 0.410568 18.0409 0
      vertex 0.256622 18.0103 0
    endloop
  endfacet
  facet normal 1 -0 0
    outer loop
      vertex -1.29999 19.2 2.4
      vertex -1.29999 32.8 0
      vertex -1.29999 32.8 2.4
    endloop
  endfacet
  facet normal 1 0 0
    outer loop
      vertex -1.29999 32.8 0
      vertex -1.29999 19.2 2.4
      vertex -1.29999 19.2 0
    endloop
  endfacet
  facet normal 0.0656178 -0.997845 0
    outer loop
      vertex -0.256622 33.9897 0
      vertex -0.0999908 34 2.4
      vertex -0.256622 33.9897 2.4
    endloop
  endfacet
  facet normal 0.0656178 -0.997845 0
    outer loop
      vertex -0.0999908 34 2.4
      vertex -0.256622 33.9897 0
      vertex -0.0999908 34 0
    endloop
  endfacet
  facet normal 0.751777 -0.659417 0
    outer loop
      vertex -1.05202 33.5305 2.4
      vertex -0.948517 33.6485 0
      vertex -0.948517 33.6485 2.4
    endloop
  endfacet
  facet normal 0.751777 -0.659417 0
    outer loop
      vertex -0.948517 33.6485 0
      vertex -1.05202 33.5305 2.4
      vertex -1.05202 33.5305 0
    endloop
  endfacet
  facet normal 0.44264 -0.896699 0
    outer loop
      vertex -0.699997 33.8392 0
      vertex -0.559204 33.9087 2.4
      vertex -0.699997 33.8392 2.4
    endloop
  endfacet
  facet normal 0.44264 -0.896699 0
    outer loop
      vertex -0.559204 33.9087 2.4
      vertex -0.699997 33.8392 0
      vertex -0.559204 33.9087 0
    endloop
  endfacet
  facet normal 0.997856 -0.0654405 0
    outer loop
      vertex -1.29999 32.8 2.4
      vertex -1.28972 32.9566 0
      vertex -1.28972 32.9566 2.4
    endloop
  endfacet
  facet normal 0.997856 -0.0654405 0
    outer loop
      vertex -1.28972 32.9566 0
      vertex -1.29999 32.8 2.4
      vertex -1.29999 32.8 0
    endloop
  endfacet
  facet normal 0.831462 0.555582 0
    outer loop
      vertex -1.05202 18.4695 2.4
      vertex -1.13922 18.6 0
      vertex -1.13922 18.6 2.4
    endloop
  endfacet
  facet normal 0.831462 0.555582 0
    outer loop
      vertex -1.13922 18.6 0
      vertex -1.05202 18.4695 2.4
      vertex -1.05202 18.4695 0
    endloop
  endfacet
  facet normal 0.321125 0.947037 -0
    outer loop
      vertex -0.410568 18.0409 0
      vertex -0.559204 18.0913 2.4
      vertex -0.410568 18.0409 2.4
    endloop
  endfacet
  facet normal 0.321125 0.947037 0
    outer loop
      vertex -0.559204 18.0913 2.4
      vertex -0.410568 18.0409 0
      vertex -0.559204 18.0913 0
    endloop
  endfacet
  facet normal 0.194957 0.980812 -0
    outer loop
      vertex -0.256622 18.0103 0
      vertex -0.410568 18.0409 2.4
      vertex -0.256622 18.0103 2.4
    endloop
  endfacet
  facet normal 0.194957 0.980812 0
    outer loop
      vertex -0.410568 18.0409 2.4
      vertex -0.256622 18.0103 0
      vertex -0.410568 18.0409 0
    endloop
  endfacet
  facet normal -1 0 0
    outer loop
      vertex 1.29999 19.2 0
      vertex 1.29999 32.8 2.4
      vertex 1.29999 32.8 0
    endloop
  endfacet
  facet normal -1 -0 0
    outer loop
      vertex 1.29999 32.8 2.4
      vertex 1.29999 19.2 0
      vertex 1.29999 19.2 2.4
    endloop
  endfacet
  facet normal 0.896885 -0.442264 0
    outer loop
      vertex -1.20865 33.2592 2.4
      vertex -1.13922 33.4 0
      vertex -1.13922 33.4 2.4
    endloop
  endfacet
  facet normal 0.896885 -0.442264 0
    outer loop
      vertex -1.13922 33.4 0
      vertex -1.20865 33.2592 2.4
      vertex -1.20865 33.2592 0
    endloop
  endfacet
  facet normal 0.0656178 0.997845 -0
    outer loop
      vertex -0.0999908 18 0
      vertex -0.256622 18.0103 2.4
      vertex -0.0999908 18 2.4
    endloop
  endfacet
  facet normal 0.0656178 0.997845 0
    outer loop
      vertex -0.256622 18.0103 2.4
      vertex -0.0999908 18 0
      vertex -0.256622 18.0103 0
    endloop
  endfacet
  facet normal 0 1 -0
    outer loop
      vertex 0.0999908 18 0
      vertex -0.0999908 18 2.4
      vertex 0.0999908 18 2.4
    endloop
  endfacet
  facet normal 0 1 0
    outer loop
      vertex -0.0999908 18 2.4
      vertex 0.0999908 18 0
      vertex -0.0999908 18 0
    endloop
  endfacet
  facet normal 0.946936 0.321423 0
    outer loop
      vertex -1.20865 18.7408 2.4
      vertex -1.25909 18.8894 0
      vertex -1.25909 18.8894 2.4
    endloop
  endfacet
  facet normal 0.946936 0.321423 0
    outer loop
      vertex -1.25909 18.8894 0
      vertex -1.20865 18.7408 2.4
      vertex -1.20865 18.7408 0
    endloop
  endfacet
  facet normal 0.751777 0.659417 0
    outer loop
      vertex -0.948517 18.3515 2.4
      vertex -1.05202 18.4695 0
      vertex -1.05202 18.4695 2.4
    endloop
  endfacet
  facet normal 0.751777 0.659417 0
    outer loop
      vertex -1.05202 18.4695 0
      vertex -0.948517 18.3515 2.4
      vertex -0.948517 18.3515 0
    endloop
  endfacet
  facet normal 0 -1 0
    outer loop
      vertex -0.0999908 34 0
      vertex 0.0999908 34 2.4
      vertex -0.0999908 34 2.4
    endloop
  endfacet
  facet normal 0 -1 -0
    outer loop
      vertex 0.0999908 34 2.4
      vertex -0.0999908 34 0
      vertex 0.0999908 34 0
    endloop
  endfacet
  facet normal -0.194957 -0.980812 0
    outer loop
      vertex 0.256622 33.9897 0
      vertex 0.410568 33.9591 2.4
      vertex 0.256622 33.9897 2.4
    endloop
  endfacet
  facet normal -0.194957 -0.980812 -0
    outer loop
      vertex 0.410568 33.9591 2.4
      vertex 0.256622 33.9897 0
      vertex 0.410568 33.9591 0
    endloop
  endfacet
  facet normal -0.831462 -0.555582 0
    outer loop
      vertex 1.13922 33.4 0
      vertex 1.05202 33.5305 2.4
      vertex 1.05202 33.5305 0
    endloop
  endfacet
  facet normal -0.831462 -0.555582 0
    outer loop
      vertex 1.05202 33.5305 2.4
      vertex 1.13922 33.4 0
      vertex 1.13922 33.4 2.4
    endloop
  endfacet
  facet normal -0.946936 -0.321423 0
    outer loop
      vertex 1.25909 33.1106 0
      vertex 1.20865 33.2592 2.4
      vertex 1.20865 33.2592 0
    endloop
  endfacet
  facet normal -0.946936 -0.321423 0
    outer loop
      vertex 1.20865 33.2592 2.4
      vertex 1.25909 33.1106 0
      vertex 1.25909 33.1106 2.4
    endloop
  endfacet
  facet normal -0.896885 -0.442264 0
    outer loop
      vertex 1.20865 33.2592 0
      vertex 1.13922 33.4 2.4
      vertex 1.13922 33.4 0
    endloop
  endfacet
  facet normal -0.896885 -0.442264 0
    outer loop
      vertex 1.13922 33.4 2.4
      vertex 1.20865 33.2592 0
      vertex 1.20865 33.2592 2.4
    endloop
  endfacet
  facet normal -0.659368 -0.75182 0
    outer loop
      vertex 0.830505 33.752 0
      vertex 0.948517 33.6485 2.4
      vertex 0.830505 33.752 2.4
    endloop
  endfacet
  facet normal -0.659368 -0.75182 -0
    outer loop
      vertex 0.948517 33.6485 2.4
      vertex 0.830505 33.752 0
      vertex 0.948517 33.6485 0
    endloop
  endfacet
  facet normal -0.321125 -0.947037 0
    outer loop
      vertex 0.410568 33.9591 0
      vertex 0.559204 33.9087 2.4
      vertex 0.410568 33.9591 2.4
    endloop
  endfacet
  facet normal -0.321125 -0.947037 -0
    outer loop
      vertex 0.559204 33.9087 2.4
      vertex 0.410568 33.9591 0
      vertex 0.559204 33.9087 0
    endloop
  endfacet
  facet normal 0.980788 -0.195075 0
    outer loop
      vertex -1.28972 32.9566 2.4
      vertex -1.25909 33.1106 0
      vertex -1.25909 33.1106 2.4
    endloop
  endfacet
  facet normal 0.980788 -0.195075 0
    outer loop
      vertex -1.25909 33.1106 0
      vertex -1.28972 32.9566 2.4
      vertex -1.28972 32.9566 0
    endloop
  endfacet
  facet normal 0.946936 -0.321423 0
    outer loop
      vertex -1.25909 33.1106 2.4
      vertex -1.20865 33.2592 0
      vertex -1.20865 33.2592 2.4
    endloop
  endfacet
  facet normal 0.946936 -0.321423 0
    outer loop
      vertex -1.20865 33.2592 0
      vertex -1.25909 33.1106 2.4
      vertex -1.25909 33.1106 0
    endloop
  endfacet
  facet normal 0.896885 0.442264 0
    outer loop
      vertex -1.13922 18.6 2.4
      vertex -1.20865 18.7408 0
      vertex -1.20865 18.7408 2.4
    endloop
  endfacet
  facet normal 0.896885 0.442264 0
    outer loop
      vertex -1.20865 18.7408 0
      vertex -1.13922 18.6 2.4
      vertex -1.13922 18.6 0
    endloop
  endfacet
  facet normal 0.980788 0.195075 0
    outer loop
      vertex -1.25909 18.8894 2.4
      vertex -1.28972 19.0434 0
      vertex -1.28972 19.0434 2.4
    endloop
  endfacet
  facet normal 0.980788 0.195075 0
    outer loop
      vertex -1.28972 19.0434 0
      vertex -1.25909 18.8894 2.4
      vertex -1.25909 18.8894 0
    endloop
  endfacet
  facet normal 0.997856 0.0654405 0
    outer loop
      vertex -1.28972 19.0434 2.4
      vertex -1.29999 19.2 0
      vertex -1.29999 19.2 2.4
    endloop
  endfacet
  facet normal 0.997856 0.0654405 0
    outer loop
      vertex -1.29999 19.2 0
      vertex -1.28972 19.0434 2.4
      vertex -1.28972 19.0434 0
    endloop
  endfacet
  facet normal 0.44264 0.896699 -0
    outer loop
      vertex -0.559204 18.0913 0
      vertex -0.699997 18.1608 2.4
      vertex -0.559204 18.0913 2.4
    endloop
  endfacet
  facet normal 0.44264 0.896699 0
    outer loop
      vertex -0.699997 18.1608 2.4
      vertex -0.559204 18.0913 0
      vertex -0.699997 18.1608 0
    endloop
  endfacet
  facet normal 0.555559 0.831477 -0
    outer loop
      vertex -0.699997 18.1608 0
      vertex -0.830505 18.248 2.4
      vertex -0.699997 18.1608 2.4
    endloop
  endfacet
  facet normal 0.555559 0.831477 0
    outer loop
      vertex -0.830505 18.248 2.4
      vertex -0.699997 18.1608 0
      vertex -0.830505 18.248 0
    endloop
  endfacet
  facet normal 0.659368 0.75182 -0
    outer loop
      vertex -0.830505 18.248 0
      vertex -0.948517 18.3515 2.4
      vertex -0.830505 18.248 2.4
    endloop
  endfacet
  facet normal 0.659368 0.75182 0
    outer loop
      vertex -0.948517 18.3515 2.4
      vertex -0.830505 18.248 0
      vertex -0.948517 18.3515 0
    endloop
  endfacet
  facet normal -0.0656178 -0.997845 0
    outer loop
      vertex 0.0999908 34 0
      vertex 0.256622 33.9897 2.4
      vertex 0.0999908 34 2.4
    endloop
  endfacet
  facet normal -0.0656178 -0.997845 -0
    outer loop
      vertex 0.256622 33.9897 2.4
      vertex 0.0999908 34 0
      vertex 0.256622 33.9897 0
    endloop
  endfacet
  facet normal -0.831462 0.555582 0
    outer loop
      vertex 1.05202 18.4695 0
      vertex 1.13922 18.6 2.4
      vertex 1.13922 18.6 0
    endloop
  endfacet
  facet normal -0.831462 0.555582 0
    outer loop
      vertex 1.13922 18.6 2.4
      vertex 1.05202 18.4695 0
      vertex 1.05202 18.4695 2.4
    endloop
  endfacet
  facet normal -0.555559 0.831477 0
    outer loop
      vertex 0.830505 18.248 0
      vertex 0.699997 18.1608 2.4
      vertex 0.830505 18.248 2.4
    endloop
  endfacet
  facet normal -0.555559 0.831477 0
    outer loop
      vertex 0.699997 18.1608 2.4
      vertex 0.830505 18.248 0
      vertex 0.699997 18.1608 0
    endloop
  endfacet
  facet normal -0.751777 0.659417 0
    outer loop
      vertex 0.948517 18.3515 0
      vertex 1.05202 18.4695 2.4
      vertex 1.05202 18.4695 0
    endloop
  endfacet
  facet normal -0.751777 0.659417 0
    outer loop
      vertex 1.05202 18.4695 2.4
      vertex 0.948517 18.3515 0
      vertex 0.948517 18.3515 2.4
    endloop
  endfacet
  facet normal -0.321125 0.947037 0
    outer loop
      vertex 0.559204 18.0913 0
      vertex 0.410568 18.0409 2.4
      vertex 0.559204 18.0913 2.4
    endloop
  endfacet
  facet normal -0.321125 0.947037 0
    outer loop
      vertex 0.410568 18.0409 2.4
      vertex 0.559204 18.0913 0
      vertex 0.410568 18.0409 0
    endloop
  endfacet
  facet normal -0.980788 -0.195075 0
    outer loop
      vertex 1.28972 32.9566 0
      vertex 1.25909 33.1106 2.4
      vertex 1.25909 33.1106 0
    endloop
  endfacet
  facet normal -0.980788 -0.195075 0
    outer loop
      vertex 1.25909 33.1106 2.4
      vertex 1.28972 32.9566 0
      vertex 1.28972 32.9566 2.4
    endloop
  endfacet
  facet normal -0.997856 -0.0654405 0
    outer loop
      vertex 1.29999 32.8 0
      vertex 1.28972 32.9566 2.4
      vertex 1.28972 32.9566 0
    endloop
  endfacet
  facet normal -0.997856 -0.0654405 0
    outer loop
      vertex 1.28972 32.9566 2.4
      vertex 1.29999 32.8 0
      vertex 1.29999 32.8 2.4
    endloop
  endfacet
  facet normal -0.751777 -0.659417 0
    outer loop
      vertex 1.05202 33.5305 0
      vertex 0.948517 33.6485 2.4
      vertex 0.948517 33.6485 0
    endloop
  endfacet
  facet normal -0.751777 -0.659417 0
    outer loop
      vertex 0.948517 33.6485 2.4
      vertex 1.05202 33.5305 0
      vertex 1.05202 33.5305 2.4
    endloop
  endfacet
  facet normal -0.997856 0.0654405 0
    outer loop
      vertex 1.28972 19.0434 0
      vertex 1.29999 19.2 2.4
      vertex 1.29999 19.2 0
    endloop
  endfacet
  facet normal -0.997856 0.0654405 0
    outer loop
      vertex 1.29999 19.2 2.4
      vertex 1.28972 19.0434 0
      vertex 1.28972 19.0434 2.4
    endloop
  endfacet
  facet normal -0.896885 0.442264 0
    outer loop
      vertex 1.13922 18.6 0
      vertex 1.20865 18.7408 2.4
      vertex 1.20865 18.7408 0
    endloop
  endfacet
  facet normal -0.896885 0.442264 0
    outer loop
      vertex 1.20865 18.7408 2.4
      vertex 1.13922 18.6 0
      vertex 1.13922 18.6 2.4
    endloop
  endfacet
  facet normal -0.659368 0.75182 0
    outer loop
      vertex 0.948517 18.3515 0
      vertex 0.830505 18.248 2.4
      vertex 0.948517 18.3515 2.4
    endloop
  endfacet
  facet normal -0.659368 0.75182 0
    outer loop
      vertex 0.830505 18.248 2.4
      vertex 0.948517 18.3515 0
      vertex 0.830505 18.248 0
    endloop
  endfacet
  facet normal -0.44264 0.896699 0
    outer loop
      vertex 0.699997 18.1608 0
      vertex 0.559204 18.0913 2.4
      vertex 0.699997 18.1608 2.4
    endloop
  endfacet
  facet normal -0.44264 0.896699 0
    outer loop
      vertex 0.559204 18.0913 2.4
      vertex 0.699997 18.1608 0
      vertex 0.559204 18.0913 0
    endloop
  endfacet
  facet normal -0.44264 -0.896699 0
    outer loop
      vertex 0.559204 33.9087 0
      vertex 0.699997 33.8392 2.4
      vertex 0.559204 33.9087 2.4
    endloop
  endfacet
  facet normal -0.44264 -0.896699 -0
    outer loop
      vertex 0.699997 33.8392 2.4
      vertex 0.559204 33.9087 0
      vertex 0.699997 33.8392 0
    endloop
  endfacet
  facet normal -0.555559 -0.831477 0
    outer loop
      vertex 0.699997 33.8392 0
      vertex 0.830505 33.752 2.4
      vertex 0.699997 33.8392 2.4
    endloop
  endfacet
  facet normal -0.555559 -0.831477 -0
    outer loop
      vertex 0.830505 33.752 2.4
      vertex 0.699997 33.8392 0
      vertex 0.830505 33.752 0
    endloop
  endfacet
  facet normal 0.831462 -0.555582 0
    outer loop
      vertex -1.13922 33.4 2.4
      vertex -1.05202 33.5305 0
      vertex -1.05202 33.5305 2.4
    endloop
  endfacet
  facet normal 0.831462 -0.555582 0
    outer loop
      vertex -1.05202 33.5305 0
      vertex -1.13922 33.4 2.4
      vertex -1.13922 33.4 0
    endloop
  endfacet
  facet normal 0.659368 -0.75182 0
    outer loop
      vertex -0.948517 33.6485 0
      vertex -0.830505 33.752 2.4
      vertex -0.948517 33.6485 2.4
    endloop
  endfacet
  facet normal 0.659368 -0.75182 0
    outer loop
      vertex -0.830505 33.752 2.4
      vertex -0.948517 33.6485 0
      vertex -0.830505 33.752 0
    endloop
  endfacet
  facet normal 0.555559 -0.831477 0
    outer loop
      vertex -0.830505 33.752 0
      vertex -0.699997 33.8392 2.4
      vertex -0.830505 33.752 2.4
    endloop
  endfacet
  facet normal 0.555559 -0.831477 0
    outer loop
      vertex -0.699997 33.8392 2.4
      vertex -0.830505 33.752 0
      vertex -0.699997 33.8392 0
    endloop
  endfacet
  facet normal 0.321125 -0.947037 0
    outer loop
      vertex -0.559204 33.9087 0
      vertex -0.410568 33.9591 2.4
      vertex -0.559204 33.9087 2.4
    endloop
  endfacet
  facet normal 0.321125 -0.947037 0
    outer loop
      vertex -0.410568 33.9591 2.4
      vertex -0.559204 33.9087 0
      vertex -0.410568 33.9591 0
    endloop
  endfacet
  facet normal 0.194957 -0.980812 0
    outer loop
      vertex -0.410568 33.9591 0
      vertex -0.256622 33.9897 2.4
      vertex -0.410568 33.9591 2.4
    endloop
  endfacet
  facet normal 0.194957 -0.980812 0
    outer loop
      vertex -0.256622 33.9897 2.4
      vertex -0.410568 33.9591 0
      vertex -0.256622 33.9897 0
    endloop
  endfacet
  facet normal -0.980788 0.195075 0
    outer loop
      vertex 1.25909 18.8894 0
      vertex 1.28972 19.0434 2.4
      vertex 1.28972 19.0434 0
    endloop
  endfacet
  facet normal -0.980788 0.195075 0
    outer loop
      vertex 1.28972 19.0434 2.4
      vertex 1.25909 18.8894 0
      vertex 1.25909 18.8894 2.4
    endloop
  endfacet
  facet normal -0.946936 0.321423 0
    outer loop
      vertex 1.20865 18.7408 0
      vertex 1.25909 18.8894 2.4
      vertex 1.25909 18.8894 0
    endloop
  endfacet
  facet normal -0.946936 0.321423 0
    outer loop
      vertex 1.25909 18.8894 2.4
      vertex 1.20865 18.7408 0
      vertex 1.20865 18.7408 2.4
    endloop
  endfacet
  facet normal -0.0656183 0.997845 0
    outer loop
      vertex 8.25662 18.0103 0
      vertex 8.09999 18 2.4
      vertex 8.25662 18.0103 2.4
    endloop
  endfacet
  facet normal -0.0656183 0.997845 0
    outer loop
      vertex 8.09999 18 2.4
      vertex 8.25662 18.0103 0
      vertex 8.09999 18 0
    endloop
  endfacet
  facet normal -0.194952 0.980813 0
    outer loop
      vertex 8.41057 18.0409 0
      vertex 8.25662 18.0103 2.4
      vertex 8.41057 18.0409 2.4
    endloop
  endfacet
  facet normal -0.194952 0.980813 0
    outer loop
      vertex 8.25662 18.0103 2.4
      vertex 8.41057 18.0409 0
      vertex 8.25662 18.0103 0
    endloop
  endfacet
  facet normal 1 -0 0
    outer loop
      vertex 6.70001 19.2 2.4
      vertex 6.70001 32.8 0
      vertex 6.70001 32.8 2.4
    endloop
  endfacet
  facet normal 1 0 0
    outer loop
      vertex 6.70001 32.8 0
      vertex 6.70001 19.2 2.4
      vertex 6.70001 19.2 0
    endloop
  endfacet
  facet normal 0.0656183 -0.997845 0
    outer loop
      vertex 7.74338 33.9897 0
      vertex 7.90001 34 2.4
      vertex 7.74338 33.9897 2.4
    endloop
  endfacet
  facet normal 0.0656183 -0.997845 0
    outer loop
      vertex 7.90001 34 2.4
      vertex 7.74338 33.9897 0
      vertex 7.90001 34 0
    endloop
  endfacet
  facet normal 0.751787 -0.659406 0
    outer loop
      vertex 6.94798 33.5305 2.4
      vertex 7.05148 33.6485 0
      vertex 7.05148 33.6485 2.4
    endloop
  endfacet
  facet normal 0.751787 -0.659406 0
    outer loop
      vertex 7.05148 33.6485 0
      vertex 6.94798 33.5305 2.4
      vertex 6.94798 33.5305 0
    endloop
  endfacet
  facet normal 0.442622 -0.896708 0
    outer loop
      vertex 7.3 33.8392 0
      vertex 7.4408 33.9087 2.4
      vertex 7.3 33.8392 2.4
    endloop
  endfacet
  facet normal 0.442622 -0.896708 0
    outer loop
      vertex 7.4408 33.9087 2.4
      vertex 7.3 33.8392 0
      vertex 7.4408 33.9087 0
    endloop
  endfacet
  facet normal 0.997856 -0.0654405 0
    outer loop
      vertex 6.70001 32.8 2.4
      vertex 6.71028 32.9566 0
      vertex 6.71028 32.9566 2.4
    endloop
  endfacet
  facet normal 0.997856 -0.0654405 0
    outer loop
      vertex 6.71028 32.9566 0
      vertex 6.70001 32.8 2.4
      vertex 6.70001 32.8 0
    endloop
  endfacet
  facet normal 0.831462 0.555582 0
    outer loop
      vertex 6.94798 18.4695 2.4
      vertex 6.86078 18.6 0
      vertex 6.86078 18.6 2.4
    endloop
  endfacet
  facet normal 0.831462 0.555582 0
    outer loop
      vertex 6.86078 18.6 0
      vertex 6.94798 18.4695 2.4
      vertex 6.94798 18.4695 0
    endloop
  endfacet
  facet normal 0.321136 0.947033 -0
    outer loop
      vertex 7.58943 18.0409 0
      vertex 7.4408 18.0913 2.4
      vertex 7.58943 18.0409 2.4
    endloop
  endfacet
  facet normal 0.321136 0.947033 0
    outer loop
      vertex 7.4408 18.0913 2.4
      vertex 7.58943 18.0409 0
      vertex 7.4408 18.0913 0
    endloop
  endfacet
  facet normal 0.194952 0.980813 -0
    outer loop
      vertex 7.74338 18.0103 0
      vertex 7.58943 18.0409 2.4
      vertex 7.74338 18.0103 2.4
    endloop
  endfacet
  facet normal 0.194952 0.980813 0
    outer loop
      vertex 7.58943 18.0409 2.4
      vertex 7.74338 18.0103 0
      vertex 7.58943 18.0409 0
    endloop
  endfacet
  facet normal -1 0 0
    outer loop
      vertex 9.29999 19.2 0
      vertex 9.29999 32.8 2.4
      vertex 9.29999 32.8 0
    endloop
  endfacet
  facet normal -1 -0 0
    outer loop
      vertex 9.29999 32.8 2.4
      vertex 9.29999 19.2 0
      vertex 9.29999 19.2 2.4
    endloop
  endfacet
  facet normal 0.896885 -0.442264 0
    outer loop
      vertex 6.79135 33.2592 2.4
      vertex 6.86078 33.4 0
      vertex 6.86078 33.4 2.4
    endloop
  endfacet
  facet normal 0.896885 -0.442264 0
    outer loop
      vertex 6.86078 33.4 0
      vertex 6.79135 33.2592 2.4
      vertex 6.79135 33.2592 0
    endloop
  endfacet
  facet normal 0.0656183 0.997845 -0
    outer loop
      vertex 7.90001 18 0
      vertex 7.74338 18.0103 2.4
      vertex 7.90001 18 2.4
    endloop
  endfacet
  facet normal 0.0656183 0.997845 0
    outer loop
      vertex 7.74338 18.0103 2.4
      vertex 7.90001 18 0
      vertex 7.74338 18.0103 0
    endloop
  endfacet
  facet normal 0 1 -0
    outer loop
      vertex 8.09999 18 0
      vertex 7.90001 18 2.4
      vertex 8.09999 18 2.4
    endloop
  endfacet
  facet normal 0 1 0
    outer loop
      vertex 7.90001 18 2.4
      vertex 8.09999 18 0
      vertex 7.90001 18 0
    endloop
  endfacet
  facet normal 0.946936 0.321423 0
    outer loop
      vertex 6.79135 18.7408 2.4
      vertex 6.74091 18.8894 0
      vertex 6.74091 18.8894 2.4
    endloop
  endfacet
  facet normal 0.946936 0.321423 0
    outer loop
      vertex 6.74091 18.8894 0
      vertex 6.79135 18.7408 2.4
      vertex 6.79135 18.7408 0
    endloop
  endfacet
  facet normal 0.751787 0.659406 0
    outer loop
      vertex 7.05148 18.3515 2.4
      vertex 6.94798 18.4695 0
      vertex 6.94798 18.4695 2.4
    endloop
  endfacet
  facet normal 0.751787 0.659406 0
    outer loop
      vertex 6.94798 18.4695 0
      vertex 7.05148 18.3515 2.4
      vertex 7.05148 18.3515 0
    endloop
  endfacet
  facet normal 0 -1 0
    outer loop
      vertex 7.90001 34 0
      vertex 8.09999 34 2.4
      vertex 7.90001 34 2.4
    endloop
  endfacet
  facet normal 0 -1 -0
    outer loop
      vertex 8.09999 34 2.4
      vertex 7.90001 34 0
      vertex 8.09999 34 0
    endloop
  endfacet
  facet normal -0.194952 -0.980813 0
    outer loop
      vertex 8.25662 33.9897 0
      vertex 8.41057 33.9591 2.4
      vertex 8.25662 33.9897 2.4
    endloop
  endfacet
  facet normal -0.194952 -0.980813 -0
    outer loop
      vertex 8.41057 33.9591 2.4
      vertex 8.25662 33.9897 0
      vertex 8.41057 33.9591 0
    endloop
  endfacet
  facet normal -0.946936 0.321423 0
    outer loop
      vertex 9.20865 18.7408 0
      vertex 9.25909 18.8894 2.4
      vertex 9.25909 18.8894 0
    endloop
  endfacet
  facet normal -0.946936 0.321423 0
    outer loop
      vertex 9.25909 18.8894 2.4
      vertex 9.20865 18.7408 0
      vertex 9.20865 18.7408 2.4
    endloop
  endfacet
  facet normal -0.831462 -0.555582 0
    outer loop
      vertex 9.13922 33.4 0
      vertex 9.05202 33.5305 2.4
      vertex 9.05202 33.5305 0
    endloop
  endfacet
  facet normal -0.831462 -0.555582 0
    outer loop
      vertex 9.05202 33.5305 2.4
      vertex 9.13922 33.4 0
      vertex 9.13922 33.4 2.4
    endloop
  endfacet
  facet normal -0.946936 -0.321423 0
    outer loop
      vertex 9.25909 33.1106 0
      vertex 9.20865 33.2592 2.4
      vertex 9.20865 33.2592 0
    endloop
  endfacet
  facet normal -0.946936 -0.321423 0
    outer loop
      vertex 9.20865 33.2592 2.4
      vertex 9.25909 33.1106 0
      vertex 9.25909 33.1106 2.4
    endloop
  endfacet
  facet normal -0.896885 -0.442264 0
    outer loop
      vertex 9.20865 33.2592 0
      vertex 9.13922 33.4 2.4
      vertex 9.13922 33.4 0
    endloop
  endfacet
  facet normal -0.896885 -0.442264 0
    outer loop
      vertex 9.13922 33.4 2.4
      vertex 9.20865 33.2592 0
      vertex 9.20865 33.2592 2.4
    endloop
  endfacet
  facet normal -0.659375 -0.751815 0
    outer loop
      vertex 8.83051 33.752 0
      vertex 8.94852 33.6485 2.4
      vertex 8.83051 33.752 2.4
    endloop
  endfacet
  facet normal -0.659375 -0.751815 -0
    outer loop
      vertex 8.94852 33.6485 2.4
      vertex 8.83051 33.752 0
      vertex 8.94852 33.6485 0
    endloop
  endfacet
  facet normal -0.321136 -0.947033 0
    outer loop
      vertex 8.41057 33.9591 0
      vertex 8.5592 33.9087 2.4
      vertex 8.41057 33.9591 2.4
    endloop
  endfacet
  facet normal -0.321136 -0.947033 -0
    outer loop
      vertex 8.5592 33.9087 2.4
      vertex 8.41057 33.9591 0
      vertex 8.5592 33.9087 0
    endloop
  endfacet
  facet normal 0.980788 -0.195075 0
    outer loop
      vertex 6.71028 32.9566 2.4
      vertex 6.74091 33.1106 0
      vertex 6.74091 33.1106 2.4
    endloop
  endfacet
  facet normal 0.980788 -0.195075 0
    outer loop
      vertex 6.74091 33.1106 0
      vertex 6.71028 32.9566 2.4
      vertex 6.71028 32.9566 0
    endloop
  endfacet
  facet normal 0.946936 -0.321423 0
    outer loop
      vertex 6.74091 33.1106 2.4
      vertex 6.79135 33.2592 0
      vertex 6.79135 33.2592 2.4
    endloop
  endfacet
  facet normal 0.946936 -0.321423 0
    outer loop
      vertex 6.79135 33.2592 0
      vertex 6.74091 33.1106 2.4
      vertex 6.74091 33.1106 0
    endloop
  endfacet
  facet normal 0.896885 0.442264 0
    outer loop
      vertex 6.86078 18.6 2.4
      vertex 6.79135 18.7408 0
      vertex 6.79135 18.7408 2.4
    endloop
  endfacet
  facet normal 0.896885 0.442264 0
    outer loop
      vertex 6.79135 18.7408 0
      vertex 6.86078 18.6 2.4
      vertex 6.86078 18.6 0
    endloop
  endfacet
  facet normal 0.980788 0.195075 0
    outer loop
      vertex 6.74091 18.8894 2.4
      vertex 6.71028 19.0434 0
      vertex 6.71028 19.0434 2.4
    endloop
  endfacet
  facet normal 0.980788 0.195075 0
    outer loop
      vertex 6.71028 19.0434 0
      vertex 6.74091 18.8894 2.4
      vertex 6.74091 18.8894 0
    endloop
  endfacet
  facet normal 0.997856 0.0654405 0
    outer loop
      vertex 6.71028 19.0434 2.4
      vertex 6.70001 19.2 0
      vertex 6.70001 19.2 2.4
    endloop
  endfacet
  facet normal 0.997856 0.0654405 0
    outer loop
      vertex 6.70001 19.2 0
      vertex 6.71028 19.0434 2.4
      vertex 6.71028 19.0434 0
    endloop
  endfacet
  facet normal 0.442622 0.896708 -0
    outer loop
      vertex 7.4408 18.0913 0
      vertex 7.3 18.1608 2.4
      vertex 7.4408 18.0913 2.4
    endloop
  endfacet
  facet normal 0.442622 0.896708 0
    outer loop
      vertex 7.3 18.1608 2.4
      vertex 7.4408 18.0913 0
      vertex 7.3 18.1608 0
    endloop
  endfacet
  facet normal 0.555553 0.831481 -0
    outer loop
      vertex 7.3 18.1608 0
      vertex 7.16949 18.248 2.4
      vertex 7.3 18.1608 2.4
    endloop
  endfacet
  facet normal 0.555553 0.831481 0
    outer loop
      vertex 7.16949 18.248 2.4
      vertex 7.3 18.1608 0
      vertex 7.16949 18.248 0
    endloop
  endfacet
  facet normal 0.659375 0.751815 -0
    outer loop
      vertex 7.16949 18.248 0
      vertex 7.05148 18.3515 2.4
      vertex 7.16949 18.248 2.4
    endloop
  endfacet
  facet normal 0.659375 0.751815 0
    outer loop
      vertex 7.05148 18.3515 2.4
      vertex 7.16949 18.248 0
      vertex 7.05148 18.3515 0
    endloop
  endfacet
  facet normal -0.0656183 -0.997845 0
    outer loop
      vertex 8.09999 34 0
      vertex 8.25662 33.9897 2.4
      vertex 8.09999 34 2.4
    endloop
  endfacet
  facet normal -0.0656183 -0.997845 -0
    outer loop
      vertex 8.25662 33.9897 2.4
      vertex 8.09999 34 0
      vertex 8.25662 33.9897 0
    endloop
  endfacet
  facet normal -0.831462 0.555582 0
    outer loop
      vertex 9.05202 18.4695 0
      vertex 9.13922 18.6 2.4
      vertex 9.13922 18.6 0
    endloop
  endfacet
  facet normal -0.831462 0.555582 0
    outer loop
      vertex 9.13922 18.6 2.4
      vertex 9.05202 18.4695 0
      vertex 9.05202 18.4695 2.4
    endloop
  endfacet
  facet normal -0.555553 0.831481 0
    outer loop
      vertex 8.83051 18.248 0
      vertex 8.7 18.1608 2.4
      vertex 8.83051 18.248 2.4
    endloop
  endfacet
  facet normal -0.555553 0.831481 0
    outer loop
      vertex 8.7 18.1608 2.4
      vertex 8.83051 18.248 0
      vertex 8.7 18.1608 0
    endloop
  endfacet
  facet normal -0.751787 0.659406 0
    outer loop
      vertex 8.94852 18.3515 0
      vertex 9.05202 18.4695 2.4
      vertex 9.05202 18.4695 0
    endloop
  endfacet
  facet normal -0.751787 0.659406 0
    outer loop
      vertex 9.05202 18.4695 2.4
      vertex 8.94852 18.3515 0
      vertex 8.94852 18.3515 2.4
    endloop
  endfacet
  facet normal -0.321136 0.947033 0
    outer loop
      vertex 8.5592 18.0913 0
      vertex 8.41057 18.0409 2.4
      vertex 8.5592 18.0913 2.4
    endloop
  endfacet
  facet normal -0.321136 0.947033 0
    outer loop
      vertex 8.41057 18.0409 2.4
      vertex 8.5592 18.0913 0
      vertex 8.41057 18.0409 0
    endloop
  endfacet
  facet normal -0.980788 -0.195075 0
    outer loop
      vertex 9.28972 32.9566 0
      vertex 9.25909 33.1106 2.4
      vertex 9.25909 33.1106 0
    endloop
  endfacet
  facet normal -0.980788 -0.195075 0
    outer loop
      vertex 9.25909 33.1106 2.4
      vertex 9.28972 32.9566 0
      vertex 9.28972 32.9566 2.4
    endloop
  endfacet
  facet normal -0.997856 -0.0654405 0
    outer loop
      vertex 9.29999 32.8 0
      vertex 9.28972 32.9566 2.4
      vertex 9.28972 32.9566 0
    endloop
  endfacet
  facet normal -0.997856 -0.0654405 0
    outer loop
      vertex 9.28972 32.9566 2.4
      vertex 9.29999 32.8 0
      vertex 9.29999 32.8 2.4
    endloop
  endfacet
  facet normal -0.751787 -0.659406 0
    outer loop
      vertex 9.05202 33.5305 0
      vertex 8.94852 33.6485 2.4
      vertex 8.94852 33.6485 0
    endloop
  endfacet
  facet normal -0.751787 -0.659406 0
    outer loop
      vertex 8.94852 33.6485 2.4
      vertex 9.05202 33.5305 0
      vertex 9.05202 33.5305 2.4
    endloop
  endfacet
  facet normal -0.997856 0.0654405 0
    outer loop
      vertex 9.28972 19.0434 0
      vertex 9.29999 19.2 2.4
      vertex 9.29999 19.2 0
    endloop
  endfacet
  facet normal -0.997856 0.0654405 0
    outer loop
      vertex 9.29999 19.2 2.4
      vertex 9.28972 19.0434 0
      vertex 9.28972 19.0434 2.4
    endloop
  endfacet
  facet normal -0.896885 0.442264 0
    outer loop
      vertex 9.13922 18.6 0
      vertex 9.20865 18.7408 2.4
      vertex 9.20865 18.7408 0
    endloop
  endfacet
  facet normal -0.896885 0.442264 0
    outer loop
      vertex 9.20865 18.7408 2.4
      vertex 9.13922 18.6 0
      vertex 9.13922 18.6 2.4
    endloop
  endfacet
  facet normal -0.659375 0.751815 0
    outer loop
      vertex 8.94852 18.3515 0
      vertex 8.83051 18.248 2.4
      vertex 8.94852 18.3515 2.4
    endloop
  endfacet
  facet normal -0.659375 0.751815 0
    outer loop
      vertex 8.83051 18.248 2.4
      vertex 8.94852 18.3515 0
      vertex 8.83051 18.248 0
    endloop
  endfacet
  facet normal -0.442622 0.896708 0
    outer loop
      vertex 8.7 18.1608 0
      vertex 8.5592 18.0913 2.4
      vertex 8.7 18.1608 2.4
    endloop
  endfacet
  facet normal -0.442622 0.896708 0
    outer loop
      vertex 8.5592 18.0913 2.4
      vertex 8.7 18.1608 0
      vertex 8.5592 18.0913 0
    endloop
  endfacet
  facet normal -0.442622 -0.896708 0
    outer loop
      vertex 8.5592 33.9087 0
      vertex 8.7 33.8392 2.4
      vertex 8.5592 33.9087 2.4
    endloop
  endfacet
  facet normal -0.442622 -0.896708 -0
    outer loop
      vertex 8.7 33.8392 2.4
      vertex 8.5592 33.9087 0
      vertex 8.7 33.8392 0
    endloop
  endfacet
  facet normal -0.555553 -0.831481 0
    outer loop
      vertex 8.7 33.8392 0
      vertex 8.83051 33.752 2.4
      vertex 8.7 33.8392 2.4
    endloop
  endfacet
  facet normal -0.555553 -0.831481 -0
    outer loop
      vertex 8.83051 33.752 2.4
      vertex 8.7 33.8392 0
      vertex 8.83051 33.752 0
    endloop
  endfacet
  facet normal 0.831462 -0.555582 0
    outer loop
      vertex 6.86078 33.4 2.4
      vertex 6.94798 33.5305 0
      vertex 6.94798 33.5305 2.4
    endloop
  endfacet
  facet normal 0.831462 -0.555582 0
    outer loop
      vertex 6.94798 33.5305 0
      vertex 6.86078 33.4 2.4
      vertex 6.86078 33.4 0
    endloop
  endfacet
  facet normal 0.659375 -0.751815 0
    outer loop
      vertex 7.05148 33.6485 0
      vertex 7.16949 33.752 2.4
      vertex 7.05148 33.6485 2.4
    endloop
  endfacet
  facet normal 0.659375 -0.751815 0
    outer loop
      vertex 7.16949 33.752 2.4
      vertex 7.05148 33.6485 0
      vertex 7.16949 33.752 0
    endloop
  endfacet
  facet normal 0.555553 -0.831481 0
    outer loop
      vertex 7.16949 33.752 0
      vertex 7.3 33.8392 2.4
      vertex 7.16949 33.752 2.4
    endloop
  endfacet
  facet normal 0.555553 -0.831481 0
    outer loop
      vertex 7.3 33.8392 2.4
      vertex 7.16949 33.752 0
      vertex 7.3 33.8392 0
    endloop
  endfacet
  facet normal 0.321136 -0.947033 0
    outer loop
      vertex 7.4408 33.9087 0
      vertex 7.58943 33.9591 2.4
      vertex 7.4408 33.9087 2.4
    endloop
  endfacet
  facet normal 0.321136 -0.947033 0
    outer loop
      vertex 7.58943 33.9591 2.4
      vertex 7.4408 33.9087 0
      vertex 7.58943 33.9591 0
    endloop
  endfacet
  facet normal 0.194952 -0.980813 0
    outer loop
      vertex 7.58943 33.9591 0
      vertex 7.74338 33.9897 2.4
      vertex 7.58943 33.9591 2.4
    endloop
  endfacet
  facet normal 0.194952 -0.980813 0
    outer loop
      vertex 7.74338 33.9897 2.4
      vertex 7.58943 33.9591 0
      vertex 7.74338 33.9897 0
    endloop
  endfacet
  facet normal -0.980788 0.195075 0
    outer loop
      vertex 9.25909 18.8894 0
      vertex 9.28972 19.0434 2.4
      vertex 9.28972 19.0434 0
    endloop
  endfacet
  facet normal -0.980788 0.195075 0
    outer loop
      vertex 9.28972 19.0434 2.4
      vertex 9.25909 18.8894 0
      vertex 9.25909 18.8894 2.4
    endloop
  endfacet
  facet normal -0.0656309 0.997844 0
    outer loop
      vertex 16.2566 18.0103 0
      vertex 16.1 18 2.4
      vertex 16.2566 18.0103 2.4
    endloop
  endfacet
  facet normal -0.0656309 0.997844 0
    outer loop
      vertex 16.1 18 2.4
      vertex 16.2566 18.0103 0
      vertex 16.1 18 0
    endloop
  endfacet
  facet normal -0.194891 0.980825 0
    outer loop
      vertex 16.4106 18.0409 0
      vertex 16.2566 18.0103 2.4
      vertex 16.4106 18.0409 2.4
    endloop
  endfacet
  facet normal -0.194891 0.980825 0
    outer loop
      vertex 16.2566 18.0103 2.4
      vertex 16.4106 18.0409 0
      vertex 16.2566 18.0103 0
    endloop
  endfacet
  facet normal 1 -0 0
    outer loop
      vertex 14.7 19.2 2.4
      vertex 14.7 32.8 0
      vertex 14.7 32.8 2.4
    endloop
  endfacet
  facet normal 1 0 0
    outer loop
      vertex 14.7 32.8 0
      vertex 14.7 19.2 2.4
      vertex 14.7 19.2 0
    endloop
  endfacet
  facet normal 0.0656309 -0.997844 0
    outer loop
      vertex 15.7434 33.9897 0
      vertex 15.9 34 2.4
      vertex 15.7434 33.9897 2.4
    endloop
  endfacet
  facet normal 0.0656309 -0.997844 0
    outer loop
      vertex 15.9 34 2.4
      vertex 15.7434 33.9897 0
      vertex 15.9 34 0
    endloop
  endfacet
  facet normal 0.442622 -0.896708 0
    outer loop
      vertex 15.3 33.8392 0
      vertex 15.4408 33.9087 2.4
      vertex 15.3 33.8392 2.4
    endloop
  endfacet
  facet normal 0.442622 -0.896708 0
    outer loop
      vertex 15.4408 33.9087 2.4
      vertex 15.3 33.8392 0
      vertex 15.4408 33.9087 0
    endloop
  endfacet
  facet normal 0.997844 -0.0656309 0
    outer loop
      vertex 14.7 32.8 2.4
      vertex 14.7103 32.9566 0
      vertex 14.7103 32.9566 2.4
    endloop
  endfacet
  facet normal 0.997844 -0.0656309 0
    outer loop
      vertex 14.7103 32.9566 0
      vertex 14.7 32.8 2.4
      vertex 14.7 32.8 0
    endloop
  endfacet
  facet normal 0.555582 -0.831462 0
    outer loop
      vertex 15.1695 33.752 0
      vertex 15.3 33.8392 2.4
      vertex 15.1695 33.752 2.4
    endloop
  endfacet
  facet normal 0.555582 -0.831462 0
    outer loop
      vertex 15.3 33.8392 2.4
      vertex 15.1695 33.752 0
      vertex 15.3 33.8392 0
    endloop
  endfacet
  facet normal 0.831462 0.555582 0
    outer loop
      vertex 14.948 18.4695 2.4
      vertex 14.8608 18.6 0
      vertex 14.8608 18.6 2.4
    endloop
  endfacet
  facet normal 0.831462 0.555582 0
    outer loop
      vertex 14.8608 18.6 0
      vertex 14.948 18.4695 2.4
      vertex 14.948 18.4695 0
    endloop
  endfacet
  facet normal 0.321194 0.947013 -0
    outer loop
      vertex 15.5894 18.0409 0
      vertex 15.4408 18.0913 2.4
      vertex 15.5894 18.0409 2.4
    endloop
  endfacet
  facet normal 0.321194 0.947013 0
    outer loop
      vertex 15.4408 18.0913 2.4
      vertex 15.5894 18.0409 0
      vertex 15.4408 18.0913 0
    endloop
  endfacet
  facet normal 0.194891 0.980825 -0
    outer loop
      vertex 15.7434 18.0103 0
      vertex 15.5894 18.0409 2.4
      vertex 15.7434 18.0103 2.4
    endloop
  endfacet
  facet normal 0.194891 0.980825 0
    outer loop
      vertex 15.5894 18.0409 2.4
      vertex 15.7434 18.0103 0
      vertex 15.5894 18.0409 0
    endloop
  endfacet
  facet normal 0.0656309 0.997844 -0
    outer loop
      vertex 15.9 18 0
      vertex 15.7434 18.0103 2.4
      vertex 15.9 18 2.4
    endloop
  endfacet
  facet normal 0.0656309 0.997844 0
    outer loop
      vertex 15.7434 18.0103 2.4
      vertex 15.9 18 0
      vertex 15.7434 18.0103 0
    endloop
  endfacet
  facet normal -1 0 0
    outer loop
      vertex 17.3 19.2 0
      vertex 17.3 32.8 2.4
      vertex 17.3 32.8 0
    endloop
  endfacet
  facet normal -1 -0 0
    outer loop
      vertex 17.3 32.8 2.4
      vertex 17.3 19.2 0
      vertex 17.3 19.2 2.4
    endloop
  endfacet
  facet normal 0.896961 -0.44211 0
    outer loop
      vertex 14.7914 33.2592 2.4
      vertex 14.8608 33.4 0
      vertex 14.8608 33.4 2.4
    endloop
  endfacet
  facet normal 0.896961 -0.44211 0
    outer loop
      vertex 14.8608 33.4 0
      vertex 14.7914 33.2592 2.4
      vertex 14.7914 33.2592 0
    endloop
  endfacet
  facet normal 0 1 -0
    outer loop
      vertex 16.1 18 0
      vertex 15.9 18 2.4
      vertex 16.1 18 2.4
    endloop
  endfacet
  facet normal 0 1 0
    outer loop
      vertex 15.9 18 2.4
      vertex 16.1 18 0
      vertex 15.9 18 0
    endloop
  endfacet
  facet normal 0.946819 0.321766 0
    outer loop
      vertex 14.7914 18.7408 2.4
      vertex 14.7409 18.8894 0
      vertex 14.7409 18.8894 2.4
    endloop
  endfacet
  facet normal 0.946819 0.321766 0
    outer loop
      vertex 14.7409 18.8894 0
      vertex 14.7914 18.7408 2.4
      vertex 14.7914 18.7408 0
    endloop
  endfacet
  facet normal 0.896961 0.44211 0
    outer loop
      vertex 14.8608 18.6 2.4
      vertex 14.7914 18.7408 0
      vertex 14.7914 18.7408 2.4
    endloop
  endfacet
  facet normal 0.896961 0.44211 0
    outer loop
      vertex 14.7914 18.7408 0
      vertex 14.8608 18.6 2.4
      vertex 14.8608 18.6 0
    endloop
  endfacet
  facet normal 0.751787 0.659406 0
    outer loop
      vertex 15.0515 18.3515 2.4
      vertex 14.948 18.4695 0
      vertex 14.948 18.4695 2.4
    endloop
  endfacet
  facet normal 0.751787 0.659406 0
    outer loop
      vertex 14.948 18.4695 0
      vertex 15.0515 18.3515 2.4
      vertex 15.0515 18.3515 0
    endloop
  endfacet
  facet normal 0 -1 0
    outer loop
      vertex 15.9 34 0
      vertex 16.1 34 2.4
      vertex 15.9 34 2.4
    endloop
  endfacet
  facet normal 0 -1 -0
    outer loop
      vertex 16.1 34 2.4
      vertex 15.9 34 0
      vertex 16.1 34 0
    endloop
  endfacet
  facet normal -0.831462 0.555582 0
    outer loop
      vertex 17.052 18.4695 0
      vertex 17.1392 18.6 2.4
      vertex 17.1392 18.6 0
    endloop
  endfacet
  facet normal -0.831462 0.555582 0
    outer loop
      vertex 17.1392 18.6 2.4
      vertex 17.052 18.4695 0
      vertex 17.052 18.4695 2.4
    endloop
  endfacet
  facet normal -0.831462 -0.555582 0
    outer loop
      vertex 17.1392 33.4 0
      vertex 17.052 33.5305 2.4
      vertex 17.052 33.5305 0
    endloop
  endfacet
  facet normal -0.831462 -0.555582 0
    outer loop
      vertex 17.052 33.5305 2.4
      vertex 17.1392 33.4 0
      vertex 17.1392 33.4 2.4
    endloop
  endfacet
  facet normal -0.896961 -0.44211 0
    outer loop
      vertex 17.2086 33.2592 0
      vertex 17.1392 33.4 2.4
      vertex 17.1392 33.4 0
    endloop
  endfacet
  facet normal -0.896961 -0.44211 0
    outer loop
      vertex 17.1392 33.4 2.4
      vertex 17.2086 33.2592 0
      vertex 17.2086 33.2592 2.4
    endloop
  endfacet
  facet normal -0.659406 -0.751787 0
    outer loop
      vertex 16.8305 33.752 0
      vertex 16.9485 33.6485 2.4
      vertex 16.8305 33.752 2.4
    endloop
  endfacet
  facet normal -0.659406 -0.751787 -0
    outer loop
      vertex 16.9485 33.6485 2.4
      vertex 16.8305 33.752 0
      vertex 16.9485 33.6485 0
    endloop
  endfacet
  facet normal -0.321194 -0.947013 0
    outer loop
      vertex 16.4106 33.9591 0
      vertex 16.5592 33.9087 2.4
      vertex 16.4106 33.9591 2.4
    endloop
  endfacet
  facet normal -0.321194 -0.947013 -0
    outer loop
      vertex 16.5592 33.9087 2.4
      vertex 16.4106 33.9591 0
      vertex 16.5592 33.9087 0
    endloop
  endfacet
  facet normal 0.980825 -0.194891 0
    outer loop
      vertex 14.7103 32.9566 2.4
      vertex 14.7409 33.1106 0
      vertex 14.7409 33.1106 2.4
    endloop
  endfacet
  facet normal 0.980825 -0.194891 0
    outer loop
      vertex 14.7409 33.1106 0
      vertex 14.7103 32.9566 2.4
      vertex 14.7103 32.9566 0
    endloop
  endfacet
  facet normal 0.946819 -0.321766 0
    outer loop
      vertex 14.7409 33.1106 2.4
      vertex 14.7914 33.2592 0
      vertex 14.7914 33.2592 2.4
    endloop
  endfacet
  facet normal 0.946819 -0.321766 0
    outer loop
      vertex 14.7914 33.2592 0
      vertex 14.7409 33.1106 2.4
      vertex 14.7409 33.1106 0
    endloop
  endfacet
  facet normal 0.980825 0.194891 0
    outer loop
      vertex 14.7409 18.8894 2.4
      vertex 14.7103 19.0434 0
      vertex 14.7103 19.0434 2.4
    endloop
  endfacet
  facet normal 0.980825 0.194891 0
    outer loop
      vertex 14.7103 19.0434 0
      vertex 14.7409 18.8894 2.4
      vertex 14.7409 18.8894 0
    endloop
  endfacet
  facet normal 0.997844 0.0656309 0
    outer loop
      vertex 14.7103 19.0434 2.4
      vertex 14.7 19.2 0
      vertex 14.7 19.2 2.4
    endloop
  endfacet
  facet normal 0.997844 0.0656309 0
    outer loop
      vertex 14.7 19.2 0
      vertex 14.7103 19.0434 2.4
      vertex 14.7103 19.0434 0
    endloop
  endfacet
  facet normal 0.442622 0.896708 -0
    outer loop
      vertex 15.4408 18.0913 0
      vertex 15.3 18.1608 2.4
      vertex 15.4408 18.0913 2.4
    endloop
  endfacet
  facet normal 0.442622 0.896708 0
    outer loop
      vertex 15.3 18.1608 2.4
      vertex 15.4408 18.0913 0
      vertex 15.3 18.1608 0
    endloop
  endfacet
  facet normal 0.555582 0.831462 -0
    outer loop
      vertex 15.3 18.1608 0
      vertex 15.1695 18.248 2.4
      vertex 15.3 18.1608 2.4
    endloop
  endfacet
  facet normal 0.555582 0.831462 0
    outer loop
      vertex 15.1695 18.248 2.4
      vertex 15.3 18.1608 0
      vertex 15.1695 18.248 0
    endloop
  endfacet
  facet normal 0.659406 0.751787 -0
    outer loop
      vertex 15.1695 18.248 0
      vertex 15.0515 18.3515 2.4
      vertex 15.1695 18.248 2.4
    endloop
  endfacet
  facet normal 0.659406 0.751787 0
    outer loop
      vertex 15.0515 18.3515 2.4
      vertex 15.1695 18.248 0
      vertex 15.0515 18.3515 0
    endloop
  endfacet
  facet normal -0.0656309 -0.997844 0
    outer loop
      vertex 16.1 34 0
      vertex 16.2566 33.9897 2.4
      vertex 16.1 34 2.4
    endloop
  endfacet
  facet normal -0.0656309 -0.997844 -0
    outer loop
      vertex 16.2566 33.9897 2.4
      vertex 16.1 34 0
      vertex 16.2566 33.9897 0
    endloop
  endfacet
  facet normal -0.194891 -0.980825 0
    outer loop
      vertex 16.2566 33.9897 0
      vertex 16.4106 33.9591 2.4
      vertex 16.2566 33.9897 2.4
    endloop
  endfacet
  facet normal -0.194891 -0.980825 -0
    outer loop
      vertex 16.4106 33.9591 2.4
      vertex 16.2566 33.9897 0
      vertex 16.4106 33.9591 0
    endloop
  endfacet
  facet normal -0.997844 0.0656309 0
    outer loop
      vertex 17.2897 19.0434 0
      vertex 17.3 19.2 2.4
      vertex 17.3 19.2 0
    endloop
  endfacet
  facet normal -0.997844 0.0656309 0
    outer loop
      vertex 17.3 19.2 2.4
      vertex 17.2897 19.0434 0
      vertex 17.2897 19.0434 2.4
    endloop
  endfacet
  facet normal -0.555582 0.831462 0
    outer loop
      vertex 16.8305 18.248 0
      vertex 16.7 18.1608 2.4
      vertex 16.8305 18.248 2.4
    endloop
  endfacet
  facet normal -0.555582 0.831462 0
    outer loop
      vertex 16.7 18.1608 2.4
      vertex 16.8305 18.248 0
      vertex 16.7 18.1608 0
    endloop
  endfacet
  facet normal -0.659406 0.751787 0
    outer loop
      vertex 16.9485 18.3515 0
      vertex 16.8305 18.248 2.4
      vertex 16.9485 18.3515 2.4
    endloop
  endfacet
  facet normal -0.659406 0.751787 0
    outer loop
      vertex 16.8305 18.248 2.4
      vertex 16.9485 18.3515 0
      vertex 16.8305 18.248 0
    endloop
  endfacet
  facet normal -0.321194 0.947013 0
    outer loop
      vertex 16.5592 18.0913 0
      vertex 16.4106 18.0409 2.4
      vertex 16.5592 18.0913 2.4
    endloop
  endfacet
  facet normal -0.321194 0.947013 0
    outer loop
      vertex 16.4106 18.0409 2.4
      vertex 16.5592 18.0913 0
      vertex 16.4106 18.0409 0
    endloop
  endfacet
  facet normal -0.946819 -0.321766 0
    outer loop
      vertex 17.2591 33.1106 0
      vertex 17.2086 33.2592 2.4
      vertex 17.2086 33.2592 0
    endloop
  endfacet
  facet normal -0.946819 -0.321766 0
    outer loop
      vertex 17.2086 33.2592 2.4
      vertex 17.2591 33.1106 0
      vertex 17.2591 33.1106 2.4
    endloop
  endfacet
  facet normal -0.980825 -0.194891 0
    outer loop
      vertex 17.2897 32.9566 0
      vertex 17.2591 33.1106 2.4
      vertex 17.2591 33.1106 0
    endloop
  endfacet
  facet normal -0.980825 -0.194891 0
    outer loop
      vertex 17.2591 33.1106 2.4
      vertex 17.2897 32.9566 0
      vertex 17.2897 32.9566 2.4
    endloop
  endfacet
  facet normal -0.997844 -0.0656309 0
    outer loop
      vertex 17.3 32.8 0
      vertex 17.2897 32.9566 2.4
      vertex 17.2897 32.9566 0
    endloop
  endfacet
  facet normal -0.997844 -0.0656309 0
    outer loop
      vertex 17.2897 32.9566 2.4
      vertex 17.3 32.8 0
      vertex 17.3 32.8 2.4
    endloop
  endfacet
  facet normal -0.751787 -0.659406 0
    outer loop
      vertex 17.052 33.5305 0
      vertex 16.9485 33.6485 2.4
      vertex 16.9485 33.6485 0
    endloop
  endfacet
  facet normal -0.751787 -0.659406 0
    outer loop
      vertex 16.9485 33.6485 2.4
      vertex 17.052 33.5305 0
      vertex 17.052 33.5305 2.4
    endloop
  endfacet
  facet normal 0.831462 -0.555582 0
    outer loop
      vertex 14.8608 33.4 2.4
      vertex 14.948 33.5305 0
      vertex 14.948 33.5305 2.4
    endloop
  endfacet
  facet normal 0.831462 -0.555582 0
    outer loop
      vertex 14.948 33.5305 0
      vertex 14.8608 33.4 2.4
      vertex 14.8608 33.4 0
    endloop
  endfacet
  facet normal -0.896961 0.44211 0
    outer loop
      vertex 17.1392 18.6 0
      vertex 17.2086 18.7408 2.4
      vertex 17.2086 18.7408 0
    endloop
  endfacet
  facet normal -0.896961 0.44211 0
    outer loop
      vertex 17.2086 18.7408 2.4
      vertex 17.1392 18.6 0
      vertex 17.1392 18.6 2.4
    endloop
  endfacet
  facet normal -0.751787 0.659406 0
    outer loop
      vertex 16.9485 18.3515 0
      vertex 17.052 18.4695 2.4
      vertex 17.052 18.4695 0
    endloop
  endfacet
  facet normal -0.751787 0.659406 0
    outer loop
      vertex 17.052 18.4695 2.4
      vertex 16.9485 18.3515 0
      vertex 16.9485 18.3515 2.4
    endloop
  endfacet
  facet normal -0.442622 0.896708 0
    outer loop
      vertex 16.7 18.1608 0
      vertex 16.5592 18.0913 2.4
      vertex 16.7 18.1608 2.4
    endloop
  endfacet
  facet normal -0.442622 0.896708 0
    outer loop
      vertex 16.5592 18.0913 2.4
      vertex 16.7 18.1608 0
      vertex 16.5592 18.0913 0
    endloop
  endfacet
  facet normal -0.442622 -0.896708 0
    outer loop
      vertex 16.5592 33.9087 0
      vertex 16.7 33.8392 2.4
      vertex 16.5592 33.9087 2.4
    endloop
  endfacet
  facet normal -0.442622 -0.896708 -0
    outer loop
      vertex 16.7 33.8392 2.4
      vertex 16.5592 33.9087 0
      vertex 16.7 33.8392 0
    endloop
  endfacet
  facet normal -0.555582 -0.831462 0
    outer loop
      vertex 16.7 33.8392 0
      vertex 16.8305 33.752 2.4
      vertex 16.7 33.8392 2.4
    endloop
  endfacet
  facet normal -0.555582 -0.831462 -0
    outer loop
      vertex 16.8305 33.752 2.4
      vertex 16.7 33.8392 0
      vertex 16.8305 33.752 0
    endloop
  endfacet
  facet normal 0.659406 -0.751787 0
    outer loop
      vertex 15.0515 33.6485 0
      vertex 15.1695 33.752 2.4
      vertex 15.0515 33.6485 2.4
    endloop
  endfacet
  facet normal 0.659406 -0.751787 0
    outer loop
      vertex 15.1695 33.752 2.4
      vertex 15.0515 33.6485 0
      vertex 15.1695 33.752 0
    endloop
  endfacet
  facet normal 0.751787 -0.659406 0
    outer loop
      vertex 14.948 33.5305 2.4
      vertex 15.0515 33.6485 0
      vertex 15.0515 33.6485 2.4
    endloop
  endfacet
  facet normal 0.751787 -0.659406 0
    outer loop
      vertex 15.0515 33.6485 0
      vertex 14.948 33.5305 2.4
      vertex 14.948 33.5305 0
    endloop
  endfacet
  facet normal 0.321194 -0.947013 0
    outer loop
      vertex 15.4408 33.9087 0
      vertex 15.5894 33.9591 2.4
      vertex 15.4408 33.9087 2.4
    endloop
  endfacet
  facet normal 0.321194 -0.947013 0
    outer loop
      vertex 15.5894 33.9591 2.4
      vertex 15.4408 33.9087 0
      vertex 15.5894 33.9591 0
    endloop
  endfacet
  facet normal 0.194891 -0.980825 0
    outer loop
      vertex 15.5894 33.9591 0
      vertex 15.7434 33.9897 2.4
      vertex 15.5894 33.9591 2.4
    endloop
  endfacet
  facet normal 0.194891 -0.980825 0
    outer loop
      vertex 15.7434 33.9897 2.4
      vertex 15.5894 33.9591 0
      vertex 15.7434 33.9897 0
    endloop
  endfacet
  facet normal -0.980825 0.194891 0
    outer loop
      vertex 17.2591 18.8894 0
      vertex 17.2897 19.0434 2.4
      vertex 17.2897 19.0434 0
    endloop
  endfacet
  facet normal -0.980825 0.194891 0
    outer loop
      vertex 17.2897 19.0434 2.4
      vertex 17.2591 18.8894 0
      vertex 17.2591 18.8894 2.4
    endloop
  endfacet
  facet normal -0.946819 0.321766 0
    outer loop
      vertex 17.2086 18.7408 0
      vertex 17.2591 18.8894 2.4
      vertex 17.2591 18.8894 0
    endloop
  endfacet
  facet normal -0.946819 0.321766 0
    outer loop
      vertex 17.2591 18.8894 2.4
      vertex 17.2086 18.7408 0
      vertex 17.2086 18.7408 2.4
    endloop
  endfacet
  facet normal -0.0656309 0.997844 0
    outer loop
      vertex 24.2566 18.0103 0
      vertex 24.1 18 2.4
      vertex 24.2566 18.0103 2.4
    endloop
  endfacet
  facet normal -0.0656309 0.997844 0
    outer loop
      vertex 24.1 18 2.4
      vertex 24.2566 18.0103 0
      vertex 24.1 18 0
    endloop
  endfacet
  facet normal -0.194891 0.980825 0
    outer loop
      vertex 24.4106 18.0409 0
      vertex 24.2566 18.0103 2.4
      vertex 24.4106 18.0409 2.4
    endloop
  endfacet
  facet normal -0.194891 0.980825 0
    outer loop
      vertex 24.2566 18.0103 2.4
      vertex 24.4106 18.0409 0
      vertex 24.2566 18.0103 0
    endloop
  endfacet
  facet normal 1 -0 0
    outer loop
      vertex 22.7 19.2 2.4
      vertex 22.7 32.8 0
      vertex 22.7 32.8 2.4
    endloop
  endfacet
  facet normal 1 0 0
    outer loop
      vertex 22.7 32.8 0
      vertex 22.7 19.2 2.4
      vertex 22.7 19.2 0
    endloop
  endfacet
  facet normal 0.0656309 -0.997844 0
    outer loop
      vertex 23.7434 33.9897 0
      vertex 23.9 34 2.4
      vertex 23.7434 33.9897 2.4
    endloop
  endfacet
  facet normal 0.0656309 -0.997844 0
    outer loop
      vertex 23.9 34 2.4
      vertex 23.7434 33.9897 0
      vertex 23.9 34 0
    endloop
  endfacet
  facet normal 0.442622 -0.896708 0
    outer loop
      vertex 23.3 33.8392 0
      vertex 23.4408 33.9087 2.4
      vertex 23.3 33.8392 2.4
    endloop
  endfacet
  facet normal 0.442622 -0.896708 0
    outer loop
      vertex 23.4408 33.9087 2.4
      vertex 23.3 33.8392 0
      vertex 23.4408 33.9087 0
    endloop
  endfacet
  facet normal 0.997844 -0.0656309 0
    outer loop
      vertex 22.7 32.8 2.4
      vertex 22.7103 32.9566 0
      vertex 22.7103 32.9566 2.4
    endloop
  endfacet
  facet normal 0.997844 -0.0656309 0
    outer loop
      vertex 22.7103 32.9566 0
      vertex 22.7 32.8 2.4
      vertex 22.7 32.8 0
    endloop
  endfacet
  facet normal 0.555582 -0.831462 0
    outer loop
      vertex 23.1695 33.752 0
      vertex 23.3 33.8392 2.4
      vertex 23.1695 33.752 2.4
    endloop
  endfacet
  facet normal 0.555582 -0.831462 0
    outer loop
      vertex 23.3 33.8392 2.4
      vertex 23.1695 33.752 0
      vertex 23.3 33.8392 0
    endloop
  endfacet
  facet normal 0.831462 0.555582 0
    outer loop
      vertex 22.948 18.4695 2.4
      vertex 22.8608 18.6 0
      vertex 22.8608 18.6 2.4
    endloop
  endfacet
  facet normal 0.831462 0.555582 0
    outer loop
      vertex 22.8608 18.6 0
      vertex 22.948 18.4695 2.4
      vertex 22.948 18.4695 0
    endloop
  endfacet
  facet normal 0.321194 0.947013 -0
    outer loop
      vertex 23.5894 18.0409 0
      vertex 23.4408 18.0913 2.4
      vertex 23.5894 18.0409 2.4
    endloop
  endfacet
  facet normal 0.321194 0.947013 0
    outer loop
      vertex 23.4408 18.0913 2.4
      vertex 23.5894 18.0409 0
      vertex 23.4408 18.0913 0
    endloop
  endfacet
  facet normal 0.194891 0.980825 -0
    outer loop
      vertex 23.7434 18.0103 0
      vertex 23.5894 18.0409 2.4
      vertex 23.7434 18.0103 2.4
    endloop
  endfacet
  facet normal 0.194891 0.980825 0
    outer loop
      vertex 23.5894 18.0409 2.4
      vertex 23.7434 18.0103 0
      vertex 23.5894 18.0409 0
    endloop
  endfacet
  facet normal 0.0656309 0.997844 -0
    outer loop
      vertex 23.9 18 0
      vertex 23.7434 18.0103 2.4
      vertex 23.9 18 2.4
    endloop
  endfacet
  facet normal 0.0656309 0.997844 0
    outer loop
      vertex 23.7434 18.0103 2.4
      vertex 23.9 18 0
      vertex 23.7434 18.0103 0
    endloop
  endfacet
  facet normal -1 0 0
    outer loop
      vertex 25.3 19.2 0
      vertex 25.3 32.8 2.4
      vertex 25.3 32.8 0
    endloop
  endfacet
  facet normal -1 -0 0
    outer loop
      vertex 25.3 32.8 2.4
      vertex 25.3 19.2 0
      vertex 25.3 19.2 2.4
    endloop
  endfacet
  facet normal 0.896961 -0.44211 0
    outer loop
      vertex 22.7914 33.2592 2.4
      vertex 22.8608 33.4 0
      vertex 22.8608 33.4 2.4
    endloop
  endfacet
  facet normal 0.896961 -0.44211 0
    outer loop
      vertex 22.8608 33.4 0
      vertex 22.7914 33.2592 2.4
      vertex 22.7914 33.2592 0
    endloop
  endfacet
  facet normal 0 1 -0
    outer loop
      vertex 24.1 18 0
      vertex 23.9 18 2.4
      vertex 24.1 18 2.4
    endloop
  endfacet
  facet normal 0 1 0
    outer loop
      vertex 23.9 18 2.4
      vertex 24.1 18 0
      vertex 23.9 18 0
    endloop
  endfacet
  facet normal 0.946819 0.321766 0
    outer loop
      vertex 22.7914 18.7408 2.4
      vertex 22.7409 18.8894 0
      vertex 22.7409 18.8894 2.4
    endloop
  endfacet
  facet normal 0.946819 0.321766 0
    outer loop
      vertex 22.7409 18.8894 0
      vertex 22.7914 18.7408 2.4
      vertex 22.7914 18.7408 0
    endloop
  endfacet
  facet normal 0.896961 0.44211 0
    outer loop
      vertex 22.8608 18.6 2.4
      vertex 22.7914 18.7408 0
      vertex 22.7914 18.7408 2.4
    endloop
  endfacet
  facet normal 0.896961 0.44211 0
    outer loop
      vertex 22.7914 18.7408 0
      vertex 22.8608 18.6 2.4
      vertex 22.8608 18.6 0
    endloop
  endfacet
  facet normal 0.997844 0.0656309 0
    outer loop
      vertex 22.7103 19.0434 2.4
      vertex 22.7 19.2 0
      vertex 22.7 19.2 2.4
    endloop
  endfacet
  facet normal 0.997844 0.0656309 0
    outer loop
      vertex 22.7 19.2 0
      vertex 22.7103 19.0434 2.4
      vertex 22.7103 19.0434 0
    endloop
  endfacet
  facet normal 0.555582 0.831462 -0
    outer loop
      vertex 23.3 18.1608 0
      vertex 23.1695 18.248 2.4
      vertex 23.3 18.1608 2.4
    endloop
  endfacet
  facet normal 0.555582 0.831462 0
    outer loop
      vertex 23.1695 18.248 2.4
      vertex 23.3 18.1608 0
      vertex 23.1695 18.248 0
    endloop
  endfacet
  facet normal 0.751787 0.659406 0
    outer loop
      vertex 23.0515 18.3515 2.4
      vertex 22.948 18.4695 0
      vertex 22.948 18.4695 2.4
    endloop
  endfacet
  facet normal 0.751787 0.659406 0
    outer loop
      vertex 22.948 18.4695 0
      vertex 23.0515 18.3515 2.4
      vertex 23.0515 18.3515 0
    endloop
  endfacet
  facet normal 0 -1 0
    outer loop
      vertex 23.9 34 0
      vertex 24.1 34 2.4
      vertex 23.9 34 2.4
    endloop
  endfacet
  facet normal 0 -1 -0
    outer loop
      vertex 24.1 34 2.4
      vertex 23.9 34 0
      vertex 24.1 34 0
    endloop
  endfacet
  facet normal -0.831462 0.555582 0
    outer loop
      vertex 25.052 18.4695 0
      vertex 25.1392 18.6 2.4
      vertex 25.1392 18.6 0
    endloop
  endfacet
  facet normal -0.831462 0.555582 0
    outer loop
      vertex 25.1392 18.6 2.4
      vertex 25.052 18.4695 0
      vertex 25.052 18.4695 2.4
    endloop
  endfacet
  facet normal -0.831462 -0.555582 0
    outer loop
      vertex 25.1392 33.4 0
      vertex 25.052 33.5305 2.4
      vertex 25.052 33.5305 0
    endloop
  endfacet
  facet normal -0.831462 -0.555582 0
    outer loop
      vertex 25.052 33.5305 2.4
      vertex 25.1392 33.4 0
      vertex 25.1392 33.4 2.4
    endloop
  endfacet
  facet normal -0.896961 -0.44211 0
    outer loop
      vertex 25.2086 33.2592 0
      vertex 25.1392 33.4 2.4
      vertex 25.1392 33.4 0
    endloop
  endfacet
  facet normal -0.896961 -0.44211 0
    outer loop
      vertex 25.1392 33.4 2.4
      vertex 25.2086 33.2592 0
      vertex 25.2086 33.2592 2.4
    endloop
  endfacet
  facet normal -0.659406 -0.751787 0
    outer loop
      vertex 24.8305 33.752 0
      vertex 24.9485 33.6485 2.4
      vertex 24.8305 33.752 2.4
    endloop
  endfacet
  facet normal -0.659406 -0.751787 -0
    outer loop
      vertex 24.9485 33.6485 2.4
      vertex 24.8305 33.752 0
      vertex 24.9485 33.6485 0
    endloop
  endfacet
  facet normal -0.321194 -0.947013 0
    outer loop
      vertex 24.4106 33.9591 0
      vertex 24.5592 33.9087 2.4
      vertex 24.4106 33.9591 2.4
    endloop
  endfacet
  facet normal -0.321194 -0.947013 -0
    outer loop
      vertex 24.5592 33.9087 2.4
      vertex 24.4106 33.9591 0
      vertex 24.5592 33.9087 0
    endloop
  endfacet
  facet normal 0.980825 -0.194891 0
    outer loop
      vertex 22.7103 32.9566 2.4
      vertex 22.7409 33.1106 0
      vertex 22.7409 33.1106 2.4
    endloop
  endfacet
  facet normal 0.980825 -0.194891 0
    outer loop
      vertex 22.7409 33.1106 0
      vertex 22.7103 32.9566 2.4
      vertex 22.7103 32.9566 0
    endloop
  endfacet
  facet normal 0.946819 -0.321766 0
    outer loop
      vertex 22.7409 33.1106 2.4
      vertex 22.7914 33.2592 0
      vertex 22.7914 33.2592 2.4
    endloop
  endfacet
  facet normal 0.946819 -0.321766 0
    outer loop
      vertex 22.7914 33.2592 0
      vertex 22.7409 33.1106 2.4
      vertex 22.7409 33.1106 0
    endloop
  endfacet
  facet normal 0.980825 0.194891 0
    outer loop
      vertex 22.7409 18.8894 2.4
      vertex 22.7103 19.0434 0
      vertex 22.7103 19.0434 2.4
    endloop
  endfacet
  facet normal 0.980825 0.194891 0
    outer loop
      vertex 22.7103 19.0434 0
      vertex 22.7409 18.8894 2.4
      vertex 22.7409 18.8894 0
    endloop
  endfacet
  facet normal 0.442622 0.896708 -0
    outer loop
      vertex 23.4408 18.0913 0
      vertex 23.3 18.1608 2.4
      vertex 23.4408 18.0913 2.4
    endloop
  endfacet
  facet normal 0.442622 0.896708 0
    outer loop
      vertex 23.3 18.1608 2.4
      vertex 23.4408 18.0913 0
      vertex 23.3 18.1608 0
    endloop
  endfacet
  facet normal 0.659406 0.751787 -0
    outer loop
      vertex 23.1695 18.248 0
      vertex 23.0515 18.3515 2.4
      vertex 23.1695 18.248 2.4
    endloop
  endfacet
  facet normal 0.659406 0.751787 0
    outer loop
      vertex 23.0515 18.3515 2.4
      vertex 23.1695 18.248 0
      vertex 23.0515 18.3515 0
    endloop
  endfacet
  facet normal -0.0656309 -0.997844 0
    outer loop
      vertex 24.1 34 0
      vertex 24.2566 33.9897 2.4
      vertex 24.1 34 2.4
    endloop
  endfacet
  facet normal -0.0656309 -0.997844 -0
    outer loop
      vertex 24.2566 33.9897 2.4
      vertex 24.1 34 0
      vertex 24.2566 33.9897 0
    endloop
  endfacet
  facet normal -0.194891 -0.980825 0
    outer loop
      vertex 24.2566 33.9897 0
      vertex 24.4106 33.9591 2.4
      vertex 24.2566 33.9897 2.4
    endloop
  endfacet
  facet normal -0.194891 -0.980825 -0
    outer loop
      vertex 24.4106 33.9591 2.4
      vertex 24.2566 33.9897 0
      vertex 24.4106 33.9591 0
    endloop
  endfacet
  facet normal -0.997844 0.0656309 0
    outer loop
      vertex 25.2897 19.0434 0
      vertex 25.3 19.2 2.4
      vertex 25.3 19.2 0
    endloop
  endfacet
  facet normal -0.997844 0.0656309 0
    outer loop
      vertex 25.3 19.2 2.4
      vertex 25.2897 19.0434 0
      vertex 25.2897 19.0434 2.4
    endloop
  endfacet
  facet normal -0.555582 0.831462 0
    outer loop
      vertex 24.8305 18.248 0
      vertex 24.7 18.1608 2.4
      vertex 24.8305 18.248 2.4
    endloop
  endfacet
  facet normal -0.555582 0.831462 0
    outer loop
      vertex 24.7 18.1608 2.4
      vertex 24.8305 18.248 0
      vertex 24.7 18.1608 0
    endloop
  endfacet
  facet normal -0.659406 0.751787 0
    outer loop
      vertex 24.9485 18.3515 0
      vertex 24.8305 18.248 2.4
      vertex 24.9485 18.3515 2.4
    endloop
  endfacet
  facet normal -0.659406 0.751787 0
    outer loop
      vertex 24.8305 18.248 2.4
      vertex 24.9485 18.3515 0
      vertex 24.8305 18.248 0
    endloop
  endfacet
  facet normal -0.321194 0.947013 0
    outer loop
      vertex 24.5592 18.0913 0
      vertex 24.4106 18.0409 2.4
      vertex 24.5592 18.0913 2.4
    endloop
  endfacet
  facet normal -0.321194 0.947013 0
    outer loop
      vertex 24.4106 18.0409 2.4
      vertex 24.5592 18.0913 0
      vertex 24.4106 18.0409 0
    endloop
  endfacet
  facet normal -0.946819 -0.321766 0
    outer loop
      vertex 25.2591 33.1106 0
      vertex 25.2086 33.2592 2.4
      vertex 25.2086 33.2592 0
    endloop
  endfacet
  facet normal -0.946819 -0.321766 0
    outer loop
      vertex 25.2086 33.2592 2.4
      vertex 25.2591 33.1106 0
      vertex 25.2591 33.1106 2.4
    endloop
  endfacet
  facet normal -0.980825 -0.194891 0
    outer loop
      vertex 25.2897 32.9566 0
      vertex 25.2591 33.1106 2.4
      vertex 25.2591 33.1106 0
    endloop
  endfacet
  facet normal -0.980825 -0.194891 0
    outer loop
      vertex 25.2591 33.1106 2.4
      vertex 25.2897 32.9566 0
      vertex 25.2897 32.9566 2.4
    endloop
  endfacet
  facet normal -0.997844 -0.0656309 0
    outer loop
      vertex 25.3 32.8 0
      vertex 25.2897 32.9566 2.4
      vertex 25.2897 32.9566 0
    endloop
  endfacet
  facet normal -0.997844 -0.0656309 0
    outer loop
      vertex 25.2897 32.9566 2.4
      vertex 25.3 32.8 0
      vertex 25.3 32.8 2.4
    endloop
  endfacet
  facet normal -0.751787 -0.659406 0
    outer loop
      vertex 25.052 33.5305 0
      vertex 24.9485 33.6485 2.4
      vertex 24.9485 33.6485 0
    endloop
  endfacet
  facet normal -0.751787 -0.659406 0
    outer loop
      vertex 24.9485 33.6485 2.4
      vertex 25.052 33.5305 0
      vertex 25.052 33.5305 2.4
    endloop
  endfacet
  facet normal 0.831462 -0.555582 0
    outer loop
      vertex 22.8608 33.4 2.4
      vertex 22.948 33.5305 0
      vertex 22.948 33.5305 2.4
    endloop
  endfacet
  facet normal 0.831462 -0.555582 0
    outer loop
      vertex 22.948 33.5305 0
      vertex 22.8608 33.4 2.4
      vertex 22.8608 33.4 0
    endloop
  endfacet
  facet normal -0.896961 0.44211 0
    outer loop
      vertex 25.1392 18.6 0
      vertex 25.2086 18.7408 2.4
      vertex 25.2086 18.7408 0
    endloop
  endfacet
  facet normal -0.896961 0.44211 0
    outer loop
      vertex 25.2086 18.7408 2.4
      vertex 25.1392 18.6 0
      vertex 25.1392 18.6 2.4
    endloop
  endfacet
  facet normal -0.751787 0.659406 0
    outer loop
      vertex 24.9485 18.3515 0
      vertex 25.052 18.4695 2.4
      vertex 25.052 18.4695 0
    endloop
  endfacet
  facet normal -0.751787 0.659406 0
    outer loop
      vertex 25.052 18.4695 2.4
      vertex 24.9485 18.3515 0
      vertex 24.9485 18.3515 2.4
    endloop
  endfacet
  facet normal -0.442622 0.896708 0
    outer loop
      vertex 24.7 18.1608 0
      vertex 24.5592 18.0913 2.4
      vertex 24.7 18.1608 2.4
    endloop
  endfacet
  facet normal -0.442622 0.896708 0
    outer loop
      vertex 24.5592 18.0913 2.4
      vertex 24.7 18.1608 0
      vertex 24.5592 18.0913 0
    endloop
  endfacet
  facet normal -0.442622 -0.896708 0
    outer loop
      vertex 24.5592 33.9087 0
      vertex 24.7 33.8392 2.4
      vertex 24.5592 33.9087 2.4
    endloop
  endfacet
  facet normal -0.442622 -0.896708 -0
    outer loop
      vertex 24.7 33.8392 2.4
      vertex 24.5592 33.9087 0
      vertex 24.7 33.8392 0
    endloop
  endfacet
  facet normal -0.555582 -0.831462 0
    outer loop
      vertex 24.7 33.8392 0
      vertex 24.8305 33.752 2.4
      vertex 24.7 33.8392 2.4
    endloop
  endfacet
  facet normal -0.555582 -0.831462 -0
    outer loop
      vertex 24.8305 33.752 2.4
      vertex 24.7 33.8392 0
      vertex 24.8305 33.752 0
    endloop
  endfacet
  facet normal 0.659406 -0.751787 0
    outer loop
      vertex 23.0515 33.6485 0
      vertex 23.1695 33.752 2.4
      vertex 23.0515 33.6485 2.4
    endloop
  endfacet
  facet normal 0.659406 -0.751787 0
    outer loop
      vertex 23.1695 33.752 2.4
      vertex 23.0515 33.6485 0
      vertex 23.1695 33.752 0
    endloop
  endfacet
  facet normal 0.751787 -0.659406 0
    outer loop
      vertex 22.948 33.5305 2.4
      vertex 23.0515 33.6485 0
      vertex 23.0515 33.6485 2.4
    endloop
  endfacet
  facet normal 0.751787 -0.659406 0
    outer loop
      vertex 23.0515 33.6485 0
      vertex 22.948 33.5305 2.4
      vertex 22.948 33.5305 0
    endloop
  endfacet
  facet normal 0.321194 -0.947013 0
    outer loop
      vertex 23.4408 33.9087 0
      vertex 23.5894 33.9591 2.4
      vertex 23.4408 33.9087 2.4
    endloop
  endfacet
  facet normal 0.321194 -0.947013 0
    outer loop
      vertex 23.5894 33.9591 2.4
      vertex 23.4408 33.9087 0
      vertex 23.5894 33.9591 0
    endloop
  endfacet
  facet normal 0.194891 -0.980825 0
    outer loop
      vertex 23.5894 33.9591 0
      vertex 23.7434 33.9897 2.4
      vertex 23.5894 33.9591 2.4
    endloop
  endfacet
  facet normal 0.194891 -0.980825 0
    outer loop
      vertex 23.7434 33.9897 2.4
      vertex 23.5894 33.9591 0
      vertex 23.7434 33.9897 0
    endloop
  endfacet
  facet normal -0.980825 0.194891 0
    outer loop
      vertex 25.2591 18.8894 0
      vertex 25.2897 19.0434 2.4
      vertex 25.2897 19.0434 0
    endloop
  endfacet
  facet normal -0.980825 0.194891 0
    outer loop
      vertex 25.2897 19.0434 2.4
      vertex 25.2591 18.8894 0
      vertex 25.2591 18.8894 2.4
    endloop
  endfacet
  facet normal -0.946819 0.321766 0
    outer loop
      vertex 25.2086 18.7408 0
      vertex 25.2591 18.8894 2.4
      vertex 25.2591 18.8894 0
    endloop
  endfacet
  facet normal -0.946819 0.321766 0
    outer loop
      vertex 25.2591 18.8894 2.4
      vertex 25.2086 18.7408 0
      vertex 25.2086 18.7408 2.4
    endloop
  endfacet
endsolid OpenSCAD_Model
