solid OpenSCAD_Model
  facet normal 0.321498 -0.94691 0
    outer loop
      vertex 41.9353 -44.7637 0
      vertex 42.4307 -44.5955 27.8
      vertex 41.9353 -44.7637 27.8
    endloop
  endfacet
  facet normal 0.321498 -0.94691 0
    outer loop
      vertex 42.4307 -44.5955 27.8
      vertex 41.9353 -44.7637 0
      vertex 42.4307 -44.5955 0
    endloop
  endfacet
  facet normal 0.195124 -0.980779 0
    outer loop
      vertex 41.4221 -44.8658 0
      vertex 41.9353 -44.7637 27.8
      vertex 41.4221 -44.8658 27.8
    endloop
  endfacet
  facet normal 0.195124 -0.980779 0
    outer loop
      vertex 41.9353 -44.7637 27.8
      vertex 41.4221 -44.8658 0
      vertex 41.9353 -44.7637 0
    endloop
  endfacet
  facet normal -1 0 0
    outer loop
      vertex -44.9 1.3 14.1
      vertex -44.9 40.9 0
      vertex -44.9 1.3 7.6
    endloop
  endfacet
  facet normal -1 0 0
    outer loop
      vertex -44.9 -40.9 0
      vertex -44.9 1.3 7.6
      vertex -44.9 40.9 0
    endloop
  endfacet
  facet normal -1 -0 0
    outer loop
      vertex -44.9 -11.7 7.6
      vertex -44.9 -40.9 0
      vertex -44.9 -11.7 14.1
    endloop
  endfacet
  facet normal -1 -0 0
    outer loop
      vertex -44.9 1.3 7.6
      vertex -44.9 -40.9 0
      vertex -44.9 -11.7 7.6
    endloop
  endfacet
  facet normal -1 0 0
    outer loop
      vertex -44.9 40.9 0
      vertex -44.9 1.3 14.1
      vertex -44.9 40.9 27.8
    endloop
  endfacet
  facet normal -1 0 0
    outer loop
      vertex -44.9 -40.9 27.8
      vertex -44.9 1.3 14.1
      vertex -44.9 -11.7 14.1
    endloop
  endfacet
  facet normal -1 0 0
    outer loop
      vertex -44.9 1.3 14.1
      vertex -44.9 -40.9 27.8
      vertex -44.9 40.9 27.8
    endloop
  endfacet
  facet normal -1 0 0
    outer loop
      vertex -44.9 -40.9 27.8
      vertex -44.9 -11.7 14.1
      vertex -44.9 -40.9 0
    endloop
  endfacet
  facet normal 0.0653646 -0.997861 0
    outer loop
      vertex 40.9 -44.9 0
      vertex 41.4221 -44.8658 27.8
      vertex 40.9 -44.9 27.8
    endloop
  endfacet
  facet normal 0.0653646 -0.997861 0
    outer loop
      vertex 41.4221 -44.8658 27.8
      vertex 40.9 -44.9 0
      vertex 41.4221 -44.8658 0
    endloop
  endfacet
  facet normal 0.659343 0.751842 -0
    outer loop
      vertex 43.7284 43.7284 0
      vertex 43.335 44.0734 27.8
      vertex 43.7284 43.7284 27.8
    endloop
  endfacet
  facet normal 0.659343 0.751842 0
    outer loop
      vertex 43.335 44.0734 27.8
      vertex 43.7284 43.7284 0
      vertex 43.335 44.0734 0
    endloop
  endfacet
  facet normal 0 -1 0
    outer loop
      vertex -40.9 -44.9 0
      vertex 40.9 -44.9 27.8
      vertex -40.9 -44.9 27.8
    endloop
  endfacet
  facet normal 0 -1 -0
    outer loop
      vertex 40.9 -44.9 27.8
      vertex -40.9 -44.9 0
      vertex 40.9 -44.9 0
    endloop
  endfacet
  facet normal -0.0653646 0.997861 0
    outer loop
      vertex -40.9 44.9 0
      vertex -41.4221 44.8658 27.8
      vertex -40.9 44.9 27.8
    endloop
  endfacet
  facet normal -0.0653646 0.997861 0
    outer loop
      vertex -41.4221 44.8658 27.8
      vertex -40.9 44.9 0
      vertex -41.4221 44.8658 0
    endloop
  endfacet
  facet normal 1 -0 0
    outer loop
      vertex 44.9 -40.9 27.8
      vertex 44.9 40.9 0
      vertex 44.9 40.9 27.8
    endloop
  endfacet
  facet normal 1 0 0
    outer loop
      vertex 44.9 40.9 0
      vertex 44.9 -40.9 27.8
      vertex 44.9 -40.9 0
    endloop
  endfacet
  facet normal 0 0 1
    outer loop
      vertex -44.9 40.9 27.8
      vertex -42.5 39.308 27.8
      vertex -42.5265 39.4411 27.8
    endloop
  endfacet
  facet normal 0 0 1
    outer loop
      vertex -42.5 39.308 27.8
      vertex -44.9 40.9 27.8
      vertex -42.5 -39.308 27.8
    endloop
  endfacet
  facet normal 0 0 1
    outer loop
      vertex -44.9 40.9 27.8
      vertex -42.5265 39.4411 27.8
      vertex -42.55 39.8 27.8
    endloop
  endfacet
  facet normal 0 0 1
    outer loop
      vertex -44.9 -40.9 27.8
      vertex -42.5 -39.308 27.8
      vertex -44.9 40.9 27.8
    endloop
  endfacet
  facet normal 0 0 1
    outer loop
      vertex -42.5 -40.292 27.8
      vertex -42.5265 -40.1589 27.8
      vertex -42.5 -40.5 27.8
    endloop
  endfacet
  facet normal 0 0 1
    outer loop
      vertex 44.9 40.9 27.8
      vertex 42.5 39.308 27.8
      vertex 44.9 -40.9 27.8
    endloop
  endfacet
  facet normal 0 0 1
    outer loop
      vertex 44.9 -40.9 27.8
      vertex 42.5265 -39.4411 27.8
      vertex 42.55 -39.8 27.8
    endloop
  endfacet
  facet normal -0 0 1
    outer loop
      vertex 42.5 -39.308 27.8
      vertex 44.9 -40.9 27.8
      vertex 42.5 39.308 27.8
    endloop
  endfacet
  facet normal 0 0 1
    outer loop
      vertex 44.9 -40.9 27.8
      vertex 42.5 -39.308 27.8
      vertex 42.5265 -39.4411 27.8
    endloop
  endfacet
  facet normal 0 0 1
    outer loop
      vertex 42.4829 40.761 27.8
      vertex 44.9 40.9 27.8
      vertex 44.8658 41.4221 27.8
    endloop
  endfacet
  facet normal 0 0 1
    outer loop
      vertex 42.5265 39.4411 27.8
      vertex 44.9 40.9 27.8
      vertex 42.55 39.8 27.8
    endloop
  endfacet
  facet normal 0 0 1
    outer loop
      vertex 42.4319 41.0176 27.8
      vertex 44.8658 41.4221 27.8
      vertex 44.7637 41.9353 27.8
    endloop
  endfacet
  facet normal 0 0 1
    outer loop
      vertex 42.5 39.308 27.8
      vertex 44.9 40.9 27.8
      vertex 42.5265 39.4411 27.8
    endloop
  endfacet
  facet normal 0 0 1
    outer loop
      vertex 42.3478 41.2654 27.8
      vertex 44.7637 41.9353 27.8
      vertex 44.5955 42.4307 27.8
    endloop
  endfacet
  facet normal -0 0 1
    outer loop
      vertex 42.5265 -40.1589 27.8
      vertex 44.9 -40.9 27.8
      vertex 42.55 -39.8 27.8
    endloop
  endfacet
  facet normal 0 0 1
    outer loop
      vertex 42.2321 41.5 27.8
      vertex 44.5955 42.4307 27.8
      vertex 44.3641 42.9 27.8
    endloop
  endfacet
  facet normal -0 0 1
    outer loop
      vertex 42.5 -40.5 27.8
      vertex 44.9 -40.9 27.8
      vertex 42.5265 -40.1589 27.8
    endloop
  endfacet
  facet normal 0 0 1
    outer loop
      vertex 42.0867 41.7175 27.8
      vertex 44.3641 42.9 27.8
      vertex 44.0734 43.335 27.8
    endloop
  endfacet
  facet normal -0 0 1
    outer loop
      vertex 42.4829 -40.761 27.8
      vertex 44.9 -40.9 27.8
      vertex 42.5 -40.5 27.8
    endloop
  endfacet
  facet normal 0 0 1
    outer loop
      vertex 41.9142 41.9142 27.8
      vertex 44.0734 43.335 27.8
      vertex 43.7284 43.7284 27.8
    endloop
  endfacet
  facet normal 0 0 1
    outer loop
      vertex 44.9 -40.9 27.8
      vertex 42.4829 -40.761 27.8
      vertex 44.8658 -41.4221 27.8
    endloop
  endfacet
  facet normal 0 0 1
    outer loop
      vertex 41.9142 41.9142 27.8
      vertex 43.7284 43.7284 27.8
      vertex 43.335 44.0734 27.8
    endloop
  endfacet
  facet normal -0 0 1
    outer loop
      vertex 42.4319 -41.0176 27.8
      vertex 44.8658 -41.4221 27.8
      vertex 42.4829 -40.761 27.8
    endloop
  endfacet
  facet normal 0 0 1
    outer loop
      vertex 41.7175 42.0867 27.8
      vertex 43.335 44.0734 27.8
      vertex 42.9 44.3641 27.8
    endloop
  endfacet
  facet normal 0 0 1
    outer loop
      vertex 44.8658 -41.4221 27.8
      vertex 42.4319 -41.0176 27.8
      vertex 44.7637 -41.9353 27.8
    endloop
  endfacet
  facet normal -0 0 1
    outer loop
      vertex 42.3478 -41.2654 27.8
      vertex 44.7637 -41.9353 27.8
      vertex 42.4319 -41.0176 27.8
    endloop
  endfacet
  facet normal 0 0 1
    outer loop
      vertex 44.9 40.9 27.8
      vertex 42.5265 40.1589 27.8
      vertex 42.55 39.8 27.8
    endloop
  endfacet
  facet normal 0 0 1
    outer loop
      vertex 44.9 40.9 27.8
      vertex 42.5 40.5 27.8
      vertex 42.5265 40.1589 27.8
    endloop
  endfacet
  facet normal 0 0 1
    outer loop
      vertex 44.9 40.9 27.8
      vertex 42.4829 40.761 27.8
      vertex 42.5 40.5 27.8
    endloop
  endfacet
  facet normal 0 0 1
    outer loop
      vertex 44.8658 41.4221 27.8
      vertex 42.4319 41.0176 27.8
      vertex 42.4829 40.761 27.8
    endloop
  endfacet
  facet normal 0 0 1
    outer loop
      vertex 41.5 42.2321 27.8
      vertex 42.9 44.3641 27.8
      vertex 42.4307 44.5955 27.8
    endloop
  endfacet
  facet normal 0 0 1
    outer loop
      vertex 44.7637 41.9353 27.8
      vertex 42.3478 41.2654 27.8
      vertex 42.4319 41.0176 27.8
    endloop
  endfacet
  facet normal 0 0 1
    outer loop
      vertex 44.5955 42.4307 27.8
      vertex 42.2321 41.5 27.8
      vertex 42.3478 41.2654 27.8
    endloop
  endfacet
  facet normal 0 0 1
    outer loop
      vertex 44.3641 42.9 27.8
      vertex 42.0867 41.7175 27.8
      vertex 42.2321 41.5 27.8
    endloop
  endfacet
  facet normal 0 0 1
    outer loop
      vertex 41.2654 42.3478 27.8
      vertex 42.4307 44.5955 27.8
      vertex 41.9353 44.7637 27.8
    endloop
  endfacet
  facet normal 0 0 1
    outer loop
      vertex 44.0734 43.335 27.8
      vertex 41.9142 41.9142 27.8
      vertex 42.0867 41.7175 27.8
    endloop
  endfacet
  facet normal 0 0 1
    outer loop
      vertex 43.335 44.0734 27.8
      vertex 41.7175 42.0867 27.8
      vertex 41.9142 41.9142 27.8
    endloop
  endfacet
  facet normal 0 0 1
    outer loop
      vertex 42.9 44.3641 27.8
      vertex 41.5 42.2321 27.8
      vertex 41.7175 42.0867 27.8
    endloop
  endfacet
  facet normal 0 0 1
    outer loop
      vertex 41.0176 42.4319 27.8
      vertex 41.9353 44.7637 27.8
      vertex 41.4221 44.8658 27.8
    endloop
  endfacet
  facet normal 0 0 1
    outer loop
      vertex 42.4307 44.5955 27.8
      vertex 41.2654 42.3478 27.8
      vertex 41.5 42.2321 27.8
    endloop
  endfacet
  facet normal 0 0 1
    outer loop
      vertex 41.9353 44.7637 27.8
      vertex 41.0176 42.4319 27.8
      vertex 41.2654 42.3478 27.8
    endloop
  endfacet
  facet normal 0 0 1
    outer loop
      vertex 40.761 42.4829 27.8
      vertex 41.4221 44.8658 27.8
      vertex 40.9 44.9 27.8
    endloop
  endfacet
  facet normal 0 0 1
    outer loop
      vertex 41.4221 44.8658 27.8
      vertex 40.761 42.4829 27.8
      vertex 41.0176 42.4319 27.8
    endloop
  endfacet
  facet normal 0 0 1
    outer loop
      vertex 40.9 44.9 27.8
      vertex 40.5 42.5 27.8
      vertex 40.761 42.4829 27.8
    endloop
  endfacet
  facet normal -0 0 1
    outer loop
      vertex 40.1589 42.5265 27.8
      vertex 40.5 42.5 27.8
      vertex 40.9 44.9 27.8
    endloop
  endfacet
  facet normal 0 0 1
    outer loop
      vertex 40.5 42.5 27.8
      vertex 40.1589 42.5265 27.8
      vertex 40.292 42.5 27.8
    endloop
  endfacet
  facet normal 0 0 1
    outer loop
      vertex 40.9 44.9 27.8
      vertex 39.8 42.55 27.8
      vertex 40.1589 42.5265 27.8
    endloop
  endfacet
  facet normal 0 0 1
    outer loop
      vertex 40.9 44.9 27.8
      vertex 39.4411 42.5265 27.8
      vertex 39.8 42.55 27.8
    endloop
  endfacet
  facet normal 0 0 1
    outer loop
      vertex 40.9 44.9 27.8
      vertex 39.308 42.5 27.8
      vertex 39.4411 42.5265 27.8
    endloop
  endfacet
  facet normal 0 0 1
    outer loop
      vertex 40.9 44.9 27.8
      vertex -39.308 42.5 27.8
      vertex 39.308 42.5 27.8
    endloop
  endfacet
  facet normal -0 0 1
    outer loop
      vertex -40.9 44.9 27.8
      vertex -39.308 42.5 27.8
      vertex 40.9 44.9 27.8
    endloop
  endfacet
  facet normal 0 0 1
    outer loop
      vertex -39.308 42.5 27.8
      vertex -40.9 44.9 27.8
      vertex -39.4411 42.5265 27.8
    endloop
  endfacet
  facet normal 0 0 1
    outer loop
      vertex -40.1589 42.5265 27.8
      vertex -40.5 42.5 27.8
      vertex -40.292 42.5 27.8
    endloop
  endfacet
  facet normal 0 0 1
    outer loop
      vertex -40.9 44.9 27.8
      vertex -40.5 42.5 27.8
      vertex -40.1589 42.5265 27.8
    endloop
  endfacet
  facet normal 0 0 1
    outer loop
      vertex -39.4411 42.5265 27.8
      vertex -40.9 44.9 27.8
      vertex -39.8 42.55 27.8
    endloop
  endfacet
  facet normal 0 0 1
    outer loop
      vertex -40.9 44.9 27.8
      vertex -40.1589 42.5265 27.8
      vertex -39.8 42.55 27.8
    endloop
  endfacet
  facet normal 0 0 1
    outer loop
      vertex -40.5 42.5 27.8
      vertex -40.9 44.9 27.8
      vertex -40.761 42.4829 27.8
    endloop
  endfacet
  facet normal -0 0 1
    outer loop
      vertex -41.4221 44.8658 27.8
      vertex -40.761 42.4829 27.8
      vertex -40.9 44.9 27.8
    endloop
  endfacet
  facet normal 0 0 1
    outer loop
      vertex -40.761 42.4829 27.8
      vertex -41.4221 44.8658 27.8
      vertex -41.0176 42.4319 27.8
    endloop
  endfacet
  facet normal -0 0 1
    outer loop
      vertex -41.9353 44.7637 27.8
      vertex -41.0176 42.4319 27.8
      vertex -41.4221 44.8658 27.8
    endloop
  endfacet
  facet normal 0 0 1
    outer loop
      vertex -41.0176 42.4319 27.8
      vertex -41.9353 44.7637 27.8
      vertex -41.2654 42.3478 27.8
    endloop
  endfacet
  facet normal -0 0 1
    outer loop
      vertex -42.4307 44.5955 27.8
      vertex -41.2654 42.3478 27.8
      vertex -41.9353 44.7637 27.8
    endloop
  endfacet
  facet normal 0 0 1
    outer loop
      vertex -41.2654 42.3478 27.8
      vertex -42.4307 44.5955 27.8
      vertex -41.5 42.2321 27.8
    endloop
  endfacet
  facet normal -0 0 1
    outer loop
      vertex -42.9 44.3641 27.8
      vertex -41.5 42.2321 27.8
      vertex -42.4307 44.5955 27.8
    endloop
  endfacet
  facet normal 0 0 1
    outer loop
      vertex -41.5 42.2321 27.8
      vertex -42.9 44.3641 27.8
      vertex -41.7175 42.0867 27.8
    endloop
  endfacet
  facet normal -0 0 1
    outer loop
      vertex -43.335 44.0734 27.8
      vertex -41.7175 42.0867 27.8
      vertex -42.9 44.3641 27.8
    endloop
  endfacet
  facet normal 0 0 1
    outer loop
      vertex -41.7175 42.0867 27.8
      vertex -43.335 44.0734 27.8
      vertex -41.9142 41.9142 27.8
    endloop
  endfacet
  facet normal -0 0 1
    outer loop
      vertex -43.7284 43.7284 27.8
      vertex -41.9142 41.9142 27.8
      vertex -43.335 44.0734 27.8
    endloop
  endfacet
  facet normal -0 0 1
    outer loop
      vertex -44.0734 43.335 27.8
      vertex -41.9142 41.9142 27.8
      vertex -43.7284 43.7284 27.8
    endloop
  endfacet
  facet normal 0 0 1
    outer loop
      vertex -41.9142 41.9142 27.8
      vertex -44.0734 43.335 27.8
      vertex -42.0867 41.7175 27.8
    endloop
  endfacet
  facet normal -0 0 1
    outer loop
      vertex -44.3641 42.9 27.8
      vertex -42.0867 41.7175 27.8
      vertex -44.0734 43.335 27.8
    endloop
  endfacet
  facet normal 0 0 1
    outer loop
      vertex -42.5 40.5 27.8
      vertex -42.5265 40.1589 27.8
      vertex -42.5 40.292 27.8
    endloop
  endfacet
  facet normal 0 0 1
    outer loop
      vertex -42.0867 41.7175 27.8
      vertex -44.3641 42.9 27.8
      vertex -42.2321 41.5 27.8
    endloop
  endfacet
  facet normal -0 0 1
    outer loop
      vertex -44.5955 42.4307 27.8
      vertex -42.2321 41.5 27.8
      vertex -44.3641 42.9 27.8
    endloop
  endfacet
  facet normal -0 0 1
    outer loop
      vertex -44.7637 41.9353 27.8
      vertex -42.3478 41.2654 27.8
      vertex -44.5955 42.4307 27.8
    endloop
  endfacet
  facet normal 0 0 1
    outer loop
      vertex -42.2321 41.5 27.8
      vertex -44.5955 42.4307 27.8
      vertex -42.3478 41.2654 27.8
    endloop
  endfacet
  facet normal 0 0 1
    outer loop
      vertex 44.7637 -41.9353 27.8
      vertex 42.3478 -41.2654 27.8
      vertex 44.5955 -42.4307 27.8
    endloop
  endfacet
  facet normal -0 0 1
    outer loop
      vertex 42.2321 -41.5 27.8
      vertex 44.5955 -42.4307 27.8
      vertex 42.3478 -41.2654 27.8
    endloop
  endfacet
  facet normal 0 0 1
    outer loop
      vertex 42.5 -40.5 27.8
      vertex 42.5265 -40.1589 27.8
      vertex 42.5 -40.292 27.8
    endloop
  endfacet
  facet normal 0 0 1
    outer loop
      vertex 44.5955 -42.4307 27.8
      vertex 42.2321 -41.5 27.8
      vertex 44.3641 -42.9 27.8
    endloop
  endfacet
  facet normal -0 0 1
    outer loop
      vertex 42.0867 -41.7175 27.8
      vertex 44.3641 -42.9 27.8
      vertex 42.2321 -41.5 27.8
    endloop
  endfacet
  facet normal 0 0 1
    outer loop
      vertex 44.3641 -42.9 27.8
      vertex 42.0867 -41.7175 27.8
      vertex 44.0734 -43.335 27.8
    endloop
  endfacet
  facet normal -0 0 1
    outer loop
      vertex 41.9142 -41.9142 27.8
      vertex 44.0734 -43.335 27.8
      vertex 42.0867 -41.7175 27.8
    endloop
  endfacet
  facet normal 0 0 1
    outer loop
      vertex 44.0734 -43.335 27.8
      vertex 41.9142 -41.9142 27.8
      vertex 43.7284 -43.7284 27.8
    endloop
  endfacet
  facet normal 0 0 1
    outer loop
      vertex 43.7284 -43.7284 27.8
      vertex 41.9142 -41.9142 27.8
      vertex 43.335 -44.0734 27.8
    endloop
  endfacet
  facet normal -0 0 1
    outer loop
      vertex 41.7175 -42.0867 27.8
      vertex 43.335 -44.0734 27.8
      vertex 41.9142 -41.9142 27.8
    endloop
  endfacet
  facet normal 0 0 1
    outer loop
      vertex 43.335 -44.0734 27.8
      vertex 41.7175 -42.0867 27.8
      vertex 42.9 -44.3641 27.8
    endloop
  endfacet
  facet normal -0 0 1
    outer loop
      vertex 41.5 -42.2321 27.8
      vertex 42.9 -44.3641 27.8
      vertex 41.7175 -42.0867 27.8
    endloop
  endfacet
  facet normal 0 0 1
    outer loop
      vertex 42.9 -44.3641 27.8
      vertex 41.5 -42.2321 27.8
      vertex 42.4307 -44.5955 27.8
    endloop
  endfacet
  facet normal -0 0 1
    outer loop
      vertex 41.2654 -42.3478 27.8
      vertex 42.4307 -44.5955 27.8
      vertex 41.5 -42.2321 27.8
    endloop
  endfacet
  facet normal 0 0 1
    outer loop
      vertex 42.4307 -44.5955 27.8
      vertex 41.2654 -42.3478 27.8
      vertex 41.9353 -44.7637 27.8
    endloop
  endfacet
  facet normal -0 0 1
    outer loop
      vertex 41.0176 -42.4319 27.8
      vertex 41.9353 -44.7637 27.8
      vertex 41.2654 -42.3478 27.8
    endloop
  endfacet
  facet normal 0 0 1
    outer loop
      vertex 41.9353 -44.7637 27.8
      vertex 41.0176 -42.4319 27.8
      vertex 41.4221 -44.8658 27.8
    endloop
  endfacet
  facet normal -0 0 1
    outer loop
      vertex 40.761 -42.4829 27.8
      vertex 41.4221 -44.8658 27.8
      vertex 41.0176 -42.4319 27.8
    endloop
  endfacet
  facet normal 0 0 1
    outer loop
      vertex 41.4221 -44.8658 27.8
      vertex 40.761 -42.4829 27.8
      vertex 40.9 -44.9 27.8
    endloop
  endfacet
  facet normal -0 0 1
    outer loop
      vertex 40.5 -42.5 27.8
      vertex 40.9 -44.9 27.8
      vertex 40.761 -42.4829 27.8
    endloop
  endfacet
  facet normal 0 0 1
    outer loop
      vertex 40.1589 -42.5265 27.8
      vertex 40.5 -42.5 27.8
      vertex 40.292 -42.5 27.8
    endloop
  endfacet
  facet normal 0 0 1
    outer loop
      vertex 40.5 -42.5 27.8
      vertex 40.1589 -42.5265 27.8
      vertex 40.9 -44.9 27.8
    endloop
  endfacet
  facet normal -0 0 1
    outer loop
      vertex 39.8 -42.55 27.8
      vertex 40.9 -44.9 27.8
      vertex 40.1589 -42.5265 27.8
    endloop
  endfacet
  facet normal 0 0 1
    outer loop
      vertex 39.4411 -42.5265 27.8
      vertex 40.9 -44.9 27.8
      vertex 39.8 -42.55 27.8
    endloop
  endfacet
  facet normal 0 0 1
    outer loop
      vertex 39.308 -42.5 27.8
      vertex 40.9 -44.9 27.8
      vertex 39.4411 -42.5265 27.8
    endloop
  endfacet
  facet normal -0 0 1
    outer loop
      vertex -39.308 -42.5 27.8
      vertex 40.9 -44.9 27.8
      vertex 39.308 -42.5 27.8
    endloop
  endfacet
  facet normal 0 0 1
    outer loop
      vertex -40.9 -44.9 27.8
      vertex -39.308 -42.5 27.8
      vertex -39.4411 -42.5265 27.8
    endloop
  endfacet
  facet normal 0 0 1
    outer loop
      vertex -40.9 -44.9 27.8
      vertex -39.4411 -42.5265 27.8
      vertex -39.8 -42.55 27.8
    endloop
  endfacet
  facet normal -0 0 1
    outer loop
      vertex -40.5 -42.5 27.8
      vertex -40.1589 -42.5265 27.8
      vertex -40.292 -42.5 27.8
    endloop
  endfacet
  facet normal 0 0 1
    outer loop
      vertex -40.9 -44.9 27.8
      vertex -40.5 -42.5 27.8
      vertex -40.761 -42.4829 27.8
    endloop
  endfacet
  facet normal 0 0 1
    outer loop
      vertex -39.308 -42.5 27.8
      vertex -40.9 -44.9 27.8
      vertex 40.9 -44.9 27.8
    endloop
  endfacet
  facet normal 0 0 1
    outer loop
      vertex -40.1589 -42.5265 27.8
      vertex -40.9 -44.9 27.8
      vertex -39.8 -42.55 27.8
    endloop
  endfacet
  facet normal 0 0 1
    outer loop
      vertex -40.5 -42.5 27.8
      vertex -40.9 -44.9 27.8
      vertex -40.1589 -42.5265 27.8
    endloop
  endfacet
  facet normal 0 0 1
    outer loop
      vertex -41.4221 -44.8658 27.8
      vertex -40.761 -42.4829 27.8
      vertex -41.0176 -42.4319 27.8
    endloop
  endfacet
  facet normal 0 0 1
    outer loop
      vertex -41.9353 -44.7637 27.8
      vertex -41.0176 -42.4319 27.8
      vertex -41.2654 -42.3478 27.8
    endloop
  endfacet
  facet normal 0 0 1
    outer loop
      vertex -40.761 -42.4829 27.8
      vertex -41.4221 -44.8658 27.8
      vertex -40.9 -44.9 27.8
    endloop
  endfacet
  facet normal 0 0 1
    outer loop
      vertex -42.4307 -44.5955 27.8
      vertex -41.2654 -42.3478 27.8
      vertex -41.5 -42.2321 27.8
    endloop
  endfacet
  facet normal 0 0 1
    outer loop
      vertex -42.9 -44.3641 27.8
      vertex -41.5 -42.2321 27.8
      vertex -41.7175 -42.0867 27.8
    endloop
  endfacet
  facet normal 0 0 1
    outer loop
      vertex -43.335 -44.0734 27.8
      vertex -41.7175 -42.0867 27.8
      vertex -41.9142 -41.9142 27.8
    endloop
  endfacet
  facet normal 0 0 1
    outer loop
      vertex -41.0176 -42.4319 27.8
      vertex -41.9353 -44.7637 27.8
      vertex -41.4221 -44.8658 27.8
    endloop
  endfacet
  facet normal 0 0 1
    outer loop
      vertex -44.0734 -43.335 27.8
      vertex -41.9142 -41.9142 27.8
      vertex -42.0867 -41.7175 27.8
    endloop
  endfacet
  facet normal 0 0 1
    outer loop
      vertex -44.3641 -42.9 27.8
      vertex -42.0867 -41.7175 27.8
      vertex -42.2321 -41.5 27.8
    endloop
  endfacet
  facet normal 0 0 1
    outer loop
      vertex -44.5955 -42.4307 27.8
      vertex -42.2321 -41.5 27.8
      vertex -42.3478 -41.2654 27.8
    endloop
  endfacet
  facet normal 0 0 1
    outer loop
      vertex -41.2654 -42.3478 27.8
      vertex -42.4307 -44.5955 27.8
      vertex -41.9353 -44.7637 27.8
    endloop
  endfacet
  facet normal 0 0 1
    outer loop
      vertex -44.7637 -41.9353 27.8
      vertex -42.3478 -41.2654 27.8
      vertex -42.4319 -41.0176 27.8
    endloop
  endfacet
  facet normal 0 0 1
    outer loop
      vertex -44.8658 -41.4221 27.8
      vertex -42.4319 -41.0176 27.8
      vertex -42.4829 -40.761 27.8
    endloop
  endfacet
  facet normal 0 0 1
    outer loop
      vertex -44.9 -40.9 27.8
      vertex -42.4829 -40.761 27.8
      vertex -42.5 -40.5 27.8
    endloop
  endfacet
  facet normal 0 0 1
    outer loop
      vertex -44.9 -40.9 27.8
      vertex -42.5 -40.5 27.8
      vertex -42.5265 -40.1589 27.8
    endloop
  endfacet
  facet normal 0 0 1
    outer loop
      vertex -44.9 -40.9 27.8
      vertex -42.5265 -40.1589 27.8
      vertex -42.55 -39.8 27.8
    endloop
  endfacet
  facet normal 0 0 1
    outer loop
      vertex -41.5 -42.2321 27.8
      vertex -42.9 -44.3641 27.8
      vertex -42.4307 -44.5955 27.8
    endloop
  endfacet
  facet normal 0 0 1
    outer loop
      vertex -42.5 -39.308 27.8
      vertex -44.9 -40.9 27.8
      vertex -42.5265 -39.4411 27.8
    endloop
  endfacet
  facet normal 0 0 1
    outer loop
      vertex -42.3478 41.2654 27.8
      vertex -44.7637 41.9353 27.8
      vertex -42.4319 41.0176 27.8
    endloop
  endfacet
  facet normal 0 0 1
    outer loop
      vertex -42.5265 -39.4411 27.8
      vertex -44.9 -40.9 27.8
      vertex -42.55 -39.8 27.8
    endloop
  endfacet
  facet normal -0 0 1
    outer loop
      vertex -44.8658 41.4221 27.8
      vertex -42.4319 41.0176 27.8
      vertex -44.7637 41.9353 27.8
    endloop
  endfacet
  facet normal 0 0 1
    outer loop
      vertex -42.4829 -40.761 27.8
      vertex -44.9 -40.9 27.8
      vertex -44.8658 -41.4221 27.8
    endloop
  endfacet
  facet normal 0 0 1
    outer loop
      vertex -42.4319 41.0176 27.8
      vertex -44.8658 41.4221 27.8
      vertex -42.4829 40.761 27.8
    endloop
  endfacet
  facet normal 0 0 1
    outer loop
      vertex -41.7175 -42.0867 27.8
      vertex -43.335 -44.0734 27.8
      vertex -42.9 -44.3641 27.8
    endloop
  endfacet
  facet normal -0 0 1
    outer loop
      vertex -44.9 40.9 27.8
      vertex -42.4829 40.761 27.8
      vertex -44.8658 41.4221 27.8
    endloop
  endfacet
  facet normal 0 0 1
    outer loop
      vertex -41.9142 -41.9142 27.8
      vertex -43.7284 -43.7284 27.8
      vertex -43.335 -44.0734 27.8
    endloop
  endfacet
  facet normal 0 0 1
    outer loop
      vertex -42.4829 40.761 27.8
      vertex -44.9 40.9 27.8
      vertex -42.5 40.5 27.8
    endloop
  endfacet
  facet normal 0 0 1
    outer loop
      vertex -41.9142 -41.9142 27.8
      vertex -44.0734 -43.335 27.8
      vertex -43.7284 -43.7284 27.8
    endloop
  endfacet
  facet normal 0 0 1
    outer loop
      vertex -42.5 40.5 27.8
      vertex -44.9 40.9 27.8
      vertex -42.5265 40.1589 27.8
    endloop
  endfacet
  facet normal 0 0 1
    outer loop
      vertex -42.0867 -41.7175 27.8
      vertex -44.3641 -42.9 27.8
      vertex -44.0734 -43.335 27.8
    endloop
  endfacet
  facet normal 0 0 1
    outer loop
      vertex -42.5265 40.1589 27.8
      vertex -44.9 40.9 27.8
      vertex -42.55 39.8 27.8
    endloop
  endfacet
  facet normal 0 0 1
    outer loop
      vertex -42.2321 -41.5 27.8
      vertex -44.5955 -42.4307 27.8
      vertex -44.3641 -42.9 27.8
    endloop
  endfacet
  facet normal 0 0 1
    outer loop
      vertex -42.3478 -41.2654 27.8
      vertex -44.7637 -41.9353 27.8
      vertex -44.5955 -42.4307 27.8
    endloop
  endfacet
  facet normal 0 0 1
    outer loop
      vertex -42.4319 -41.0176 27.8
      vertex -44.8658 -41.4221 27.8
      vertex -44.7637 -41.9353 27.8
    endloop
  endfacet
  facet normal 0 0 1
    outer loop
      vertex 42.5265 40.1589 27.8
      vertex 42.5 40.5 27.8
      vertex 42.5 40.292 27.8
    endloop
  endfacet
  facet normal -0.659343 -0.751842 0
    outer loop
      vertex -43.7284 -43.7284 0
      vertex -43.335 -44.0734 27.8
      vertex -43.7284 -43.7284 27.8
    endloop
  endfacet
  facet normal -0.659343 -0.751842 -0
    outer loop
      vertex -43.335 -44.0734 27.8
      vertex -43.7284 -43.7284 0
      vertex -43.335 -44.0734 0
    endloop
  endfacet
  facet normal -0.442238 -0.896898 0
    outer loop
      vertex -42.9 -44.3641 0
      vertex -42.4307 -44.5955 27.8
      vertex -42.9 -44.3641 27.8
    endloop
  endfacet
  facet normal -0.442238 -0.896898 -0
    outer loop
      vertex -42.4307 -44.5955 27.8
      vertex -42.9 -44.3641 0
      vertex -42.4307 -44.5955 0
    endloop
  endfacet
  facet normal -0.321498 -0.94691 0
    outer loop
      vertex -42.4307 -44.5955 0
      vertex -41.9353 -44.7637 27.8
      vertex -42.4307 -44.5955 27.8
    endloop
  endfacet
  facet normal -0.321498 -0.94691 -0
    outer loop
      vertex -41.9353 -44.7637 27.8
      vertex -42.4307 -44.5955 0
      vertex -41.9353 -44.7637 0
    endloop
  endfacet
  facet normal -0.195124 0.980779 0
    outer loop
      vertex -41.4221 44.8658 0
      vertex -41.9353 44.7637 27.8
      vertex -41.4221 44.8658 27.8
    endloop
  endfacet
  facet normal -0.195124 0.980779 0
    outer loop
      vertex -41.9353 44.7637 27.8
      vertex -41.4221 44.8658 0
      vertex -41.9353 44.7637 0
    endloop
  endfacet
  facet normal 0.442238 0.896898 -0
    outer loop
      vertex 42.9 44.3641 0
      vertex 42.4307 44.5955 27.8
      vertex 42.9 44.3641 27.8
    endloop
  endfacet
  facet normal 0.442238 0.896898 0
    outer loop
      vertex 42.4307 44.5955 27.8
      vertex 42.9 44.3641 0
      vertex 42.4307 44.5955 0
    endloop
  endfacet
  facet normal 0.321498 0.94691 -0
    outer loop
      vertex 42.4307 44.5955 0
      vertex 41.9353 44.7637 27.8
      vertex 42.4307 44.5955 27.8
    endloop
  endfacet
  facet normal 0.321498 0.94691 0
    outer loop
      vertex 41.9353 44.7637 27.8
      vertex 42.4307 44.5955 0
      vertex 41.9353 44.7637 0
    endloop
  endfacet
  facet normal 0 1 -0
    outer loop
      vertex 40.9 44.9 0
      vertex -40.9 44.9 27.8
      vertex 40.9 44.9 27.8
    endloop
  endfacet
  facet normal 0 1 0
    outer loop
      vertex -40.9 44.9 27.8
      vertex 40.9 44.9 0
      vertex -40.9 44.9 0
    endloop
  endfacet
  facet normal 0.555626 -0.831432 0
    outer loop
      vertex 42.9 -44.3641 0
      vertex 43.335 -44.0734 27.8
      vertex 42.9 -44.3641 27.8
    endloop
  endfacet
  facet normal 0.555626 -0.831432 0
    outer loop
      vertex 43.335 -44.0734 27.8
      vertex 42.9 -44.3641 0
      vertex 43.335 -44.0734 0
    endloop
  endfacet
  facet normal -0.659343 0.751842 0
    outer loop
      vertex -43.335 44.0734 0
      vertex -43.7284 43.7284 27.8
      vertex -43.335 44.0734 27.8
    endloop
  endfacet
  facet normal -0.659343 0.751842 0
    outer loop
      vertex -43.7284 43.7284 27.8
      vertex -43.335 44.0734 0
      vertex -43.7284 43.7284 0
    endloop
  endfacet
  facet normal -0.751842 -0.659343 0
    outer loop
      vertex -43.7284 -43.7284 0
      vertex -44.0734 -43.335 27.8
      vertex -44.0734 -43.335 0
    endloop
  endfacet
  facet normal -0.751842 -0.659343 0
    outer loop
      vertex -44.0734 -43.335 27.8
      vertex -43.7284 -43.7284 0
      vertex -43.7284 -43.7284 27.8
    endloop
  endfacet
  facet normal 0 0 -1
    outer loop
      vertex 40.9 -44.9 0
      vertex 44.9 -40.9 0
      vertex 44.8658 -41.4221 0
    endloop
  endfacet
  facet normal 0 0 -1
    outer loop
      vertex 44.9 -40.9 0
      vertex 37.43 -34.59 0
      vertex 44.9 40.9 0
    endloop
  endfacet
  facet normal 0 0 -1
    outer loop
      vertex 40.9 -44.9 0
      vertex 44.8658 -41.4221 0
      vertex 44.7637 -41.9353 0
    endloop
  endfacet
  facet normal 0 0 -1
    outer loop
      vertex 37.43 34.59 0
      vertex 44.9 40.9 0
      vertex 37.43 -34.59 0
    endloop
  endfacet
  facet normal 0 0 -1
    outer loop
      vertex 40.9 -44.9 0
      vertex 44.7637 -41.9353 0
      vertex 44.5955 -42.4307 0
    endloop
  endfacet
  facet normal 0 0 -1
    outer loop
      vertex 37.4129 34.851 0
      vertex 44.9 40.9 0
      vertex 37.43 34.59 0
    endloop
  endfacet
  facet normal 0 0 -1
    outer loop
      vertex 40.9 -44.9 0
      vertex 44.5955 -42.4307 0
      vertex 44.3641 -42.9 0
    endloop
  endfacet
  facet normal 0 0 -1
    outer loop
      vertex 37.3618 35.1076 0
      vertex 44.9 40.9 0
      vertex 37.4129 34.851 0
    endloop
  endfacet
  facet normal 0 0 -1
    outer loop
      vertex 40.9 -44.9 0
      vertex 44.3641 -42.9 0
      vertex 44.0734 -43.335 0
    endloop
  endfacet
  facet normal 0 0 -1
    outer loop
      vertex 37.2778 35.3554 0
      vertex 44.9 40.9 0
      vertex 37.3618 35.1076 0
    endloop
  endfacet
  facet normal 0 0 -1
    outer loop
      vertex 40.9 -44.9 0
      vertex 44.0734 -43.335 0
      vertex 43.7284 -43.7284 0
    endloop
  endfacet
  facet normal 0 0 -1
    outer loop
      vertex 37.162 35.59 0
      vertex 44.9 40.9 0
      vertex 37.2778 35.3554 0
    endloop
  endfacet
  facet normal 0 0 -1
    outer loop
      vertex 40.9 -44.9 0
      vertex 43.7284 -43.7284 0
      vertex 43.335 -44.0734 0
    endloop
  endfacet
  facet normal 0 0 -1
    outer loop
      vertex 37.0167 35.8075 0
      vertex 44.9 40.9 0
      vertex 37.162 35.59 0
    endloop
  endfacet
  facet normal 0 0 -1
    outer loop
      vertex 40.9 -44.9 0
      vertex 43.335 -44.0734 0
      vertex 42.9 -44.3641 0
    endloop
  endfacet
  facet normal 0 0 -1
    outer loop
      vertex 36.8442 36.0042 0
      vertex 44.9 40.9 0
      vertex 37.0167 35.8075 0
    endloop
  endfacet
  facet normal 0 0 -1
    outer loop
      vertex 40.9 -44.9 0
      vertex 42.9 -44.3641 0
      vertex 42.4307 -44.5955 0
    endloop
  endfacet
  facet normal 0 0 -1
    outer loop
      vertex 36.6475 36.1767 0
      vertex 44.9 40.9 0
      vertex 36.8442 36.0042 0
    endloop
  endfacet
  facet normal 0 0 -1
    outer loop
      vertex 40.9 -44.9 0
      vertex 42.4307 -44.5955 0
      vertex 41.9353 -44.7637 0
    endloop
  endfacet
  facet normal 0 0 -1
    outer loop
      vertex 44.9 40.9 0
      vertex 40.9 44.9 0
      vertex 44.8658 41.4221 0
    endloop
  endfacet
  facet normal 0 0 -1
    outer loop
      vertex 40.9 -44.9 0
      vertex 41.9353 -44.7637 0
      vertex 41.4221 -44.8658 0
    endloop
  endfacet
  facet normal 0 0 -1
    outer loop
      vertex 44.8658 41.4221 0
      vertex 40.9 44.9 0
      vertex 44.7637 41.9353 0
    endloop
  endfacet
  facet normal 0 0 -1
    outer loop
      vertex 36.6475 -36.1767 0
      vertex 44.9 -40.9 0
      vertex 40.9 -44.9 0
    endloop
  endfacet
  facet normal 0 0 -1
    outer loop
      vertex 44.7637 41.9353 0
      vertex 40.9 44.9 0
      vertex 44.5955 42.4307 0
    endloop
  endfacet
  facet normal 0 0 -1
    outer loop
      vertex 44.5955 42.4307 0
      vertex 40.9 44.9 0
      vertex 44.3641 42.9 0
    endloop
  endfacet
  facet normal 0 0 -1
    outer loop
      vertex 44.9 -40.9 0
      vertex 37.4129 -34.851 0
      vertex 37.43 -34.59 0
    endloop
  endfacet
  facet normal 0 0 -1
    outer loop
      vertex 44.9 -40.9 0
      vertex 37.3618 -35.1076 0
      vertex 37.4129 -34.851 0
    endloop
  endfacet
  facet normal 0 0 -1
    outer loop
      vertex 44.9 -40.9 0
      vertex 37.2778 -35.3554 0
      vertex 37.3618 -35.1076 0
    endloop
  endfacet
  facet normal 0 0 -1
    outer loop
      vertex 44.9 -40.9 0
      vertex 37.162 -35.59 0
      vertex 37.2778 -35.3554 0
    endloop
  endfacet
  facet normal 0 0 -1
    outer loop
      vertex 44.9 -40.9 0
      vertex 37.0167 -35.8075 0
      vertex 37.162 -35.59 0
    endloop
  endfacet
  facet normal 0 0 -1
    outer loop
      vertex 44.9 -40.9 0
      vertex 36.8442 -36.0042 0
      vertex 37.0167 -35.8075 0
    endloop
  endfacet
  facet normal 0 0 -1
    outer loop
      vertex 44.9 -40.9 0
      vertex 36.6475 -36.1767 0
      vertex 36.8442 -36.0042 0
    endloop
  endfacet
  facet normal 0 0 -1
    outer loop
      vertex 40.9 -44.9 0
      vertex 36.43 -36.3221 0
      vertex 36.6475 -36.1767 0
    endloop
  endfacet
  facet normal 0 0 -1
    outer loop
      vertex 40.9 -44.9 0
      vertex 36.1954 -36.4378 0
      vertex 36.43 -36.3221 0
    endloop
  endfacet
  facet normal 0 0 -1
    outer loop
      vertex 40.9 -44.9 0
      vertex 35.9476 -36.5219 0
      vertex 36.1954 -36.4378 0
    endloop
  endfacet
  facet normal 0 0 -1
    outer loop
      vertex 40.9 -44.9 0
      vertex 35.691 -36.5729 0
      vertex 35.9476 -36.5219 0
    endloop
  endfacet
  facet normal 0 0 -1
    outer loop
      vertex 40.9 -44.9 0
      vertex 35.43 -36.59 0
      vertex 35.691 -36.5729 0
    endloop
  endfacet
  facet normal 0 0 -1
    outer loop
      vertex 40.9 -44.9 0
      vertex -35.43 -36.59 0
      vertex 35.43 -36.59 0
    endloop
  endfacet
  facet normal 0 0 -1
    outer loop
      vertex -40.9 -44.9 0
      vertex -35.43 -36.59 0
      vertex 40.9 -44.9 0
    endloop
  endfacet
  facet normal -0 0 -1
    outer loop
      vertex -37.4129 -34.851 0
      vertex -44.9 -40.9 0
      vertex -37.43 -34.59 0
    endloop
  endfacet
  facet normal -0 0 -1
    outer loop
      vertex -37.3618 -35.1076 0
      vertex -44.9 -40.9 0
      vertex -37.4129 -34.851 0
    endloop
  endfacet
  facet normal -0 0 -1
    outer loop
      vertex -37.2778 -35.3554 0
      vertex -44.9 -40.9 0
      vertex -37.3618 -35.1076 0
    endloop
  endfacet
  facet normal -0 0 -1
    outer loop
      vertex -37.162 -35.59 0
      vertex -44.9 -40.9 0
      vertex -37.2778 -35.3554 0
    endloop
  endfacet
  facet normal -0 0 -1
    outer loop
      vertex -37.0167 -35.8075 0
      vertex -44.9 -40.9 0
      vertex -37.162 -35.59 0
    endloop
  endfacet
  facet normal -0 0 -1
    outer loop
      vertex -36.8442 -36.0042 0
      vertex -44.9 -40.9 0
      vertex -37.0167 -35.8075 0
    endloop
  endfacet
  facet normal -0 0 -1
    outer loop
      vertex -36.6475 -36.1767 0
      vertex -44.9 -40.9 0
      vertex -36.8442 -36.0042 0
    endloop
  endfacet
  facet normal 0 0 -1
    outer loop
      vertex -44.9 -40.9 0
      vertex -36.6475 -36.1767 0
      vertex -40.9 -44.9 0
    endloop
  endfacet
  facet normal -0 0 -1
    outer loop
      vertex -36.43 -36.3221 0
      vertex -40.9 -44.9 0
      vertex -36.6475 -36.1767 0
    endloop
  endfacet
  facet normal -0 0 -1
    outer loop
      vertex -36.1954 -36.4378 0
      vertex -40.9 -44.9 0
      vertex -36.43 -36.3221 0
    endloop
  endfacet
  facet normal -0 0 -1
    outer loop
      vertex -35.9476 -36.5219 0
      vertex -40.9 -44.9 0
      vertex -36.1954 -36.4378 0
    endloop
  endfacet
  facet normal -0 0 -1
    outer loop
      vertex -35.691 -36.5729 0
      vertex -40.9 -44.9 0
      vertex -35.9476 -36.5219 0
    endloop
  endfacet
  facet normal -0 0 -1
    outer loop
      vertex -35.43 -36.59 0
      vertex -40.9 -44.9 0
      vertex -35.691 -36.5729 0
    endloop
  endfacet
  facet normal 0 0 -1
    outer loop
      vertex 44.3641 42.9 0
      vertex 40.9 44.9 0
      vertex 44.0734 43.335 0
    endloop
  endfacet
  facet normal 0 0 -1
    outer loop
      vertex 44.0734 43.335 0
      vertex 40.9 44.9 0
      vertex 43.7284 43.7284 0
    endloop
  endfacet
  facet normal 0 0 -1
    outer loop
      vertex 43.7284 43.7284 0
      vertex 40.9 44.9 0
      vertex 43.335 44.0734 0
    endloop
  endfacet
  facet normal 0 0 -1
    outer loop
      vertex 43.335 44.0734 0
      vertex 40.9 44.9 0
      vertex 42.9 44.3641 0
    endloop
  endfacet
  facet normal 0 0 -1
    outer loop
      vertex 42.9 44.3641 0
      vertex 40.9 44.9 0
      vertex 42.4307 44.5955 0
    endloop
  endfacet
  facet normal 0 0 -1
    outer loop
      vertex 42.4307 44.5955 0
      vertex 40.9 44.9 0
      vertex 41.9353 44.7637 0
    endloop
  endfacet
  facet normal 0 0 -1
    outer loop
      vertex 41.9353 44.7637 0
      vertex 40.9 44.9 0
      vertex 41.4221 44.8658 0
    endloop
  endfacet
  facet normal -0 0 -1
    outer loop
      vertex 44.9 40.9 0
      vertex 36.6475 36.1767 0
      vertex 40.9 44.9 0
    endloop
  endfacet
  facet normal 0 0 -1
    outer loop
      vertex 36.43 36.3221 0
      vertex 40.9 44.9 0
      vertex 36.6475 36.1767 0
    endloop
  endfacet
  facet normal 0 0 -1
    outer loop
      vertex 36.1954 36.4378 0
      vertex 40.9 44.9 0
      vertex 36.43 36.3221 0
    endloop
  endfacet
  facet normal 0 0 -1
    outer loop
      vertex 35.9476 36.5219 0
      vertex 40.9 44.9 0
      vertex 36.1954 36.4378 0
    endloop
  endfacet
  facet normal 0 0 -1
    outer loop
      vertex 35.691 36.5729 0
      vertex 40.9 44.9 0
      vertex 35.9476 36.5219 0
    endloop
  endfacet
  facet normal 0 0 -1
    outer loop
      vertex 35.43 36.59 0
      vertex 40.9 44.9 0
      vertex 35.691 36.5729 0
    endloop
  endfacet
  facet normal 0 0 -1
    outer loop
      vertex -35.43 36.59 0
      vertex 40.9 44.9 0
      vertex 35.43 36.59 0
    endloop
  endfacet
  facet normal 0 0 -1
    outer loop
      vertex -40.9 44.9 0
      vertex -35.43 36.59 0
      vertex -35.691 36.5729 0
    endloop
  endfacet
  facet normal 0 0 -1
    outer loop
      vertex -35.43 36.59 0
      vertex -40.9 44.9 0
      vertex 40.9 44.9 0
    endloop
  endfacet
  facet normal 0 0 -1
    outer loop
      vertex -35.9476 36.5219 0
      vertex -40.9 44.9 0
      vertex -35.691 36.5729 0
    endloop
  endfacet
  facet normal 0 0 -1
    outer loop
      vertex -36.1954 36.4378 0
      vertex -40.9 44.9 0
      vertex -35.9476 36.5219 0
    endloop
  endfacet
  facet normal 0 0 -1
    outer loop
      vertex -36.43 36.3221 0
      vertex -40.9 44.9 0
      vertex -36.1954 36.4378 0
    endloop
  endfacet
  facet normal 0 0 -1
    outer loop
      vertex -36.6475 36.1767 0
      vertex -40.9 44.9 0
      vertex -36.43 36.3221 0
    endloop
  endfacet
  facet normal 0 0 -1
    outer loop
      vertex -44.9 40.9 0
      vertex -36.6475 36.1767 0
      vertex -36.8442 36.0042 0
    endloop
  endfacet
  facet normal 0 0 -1
    outer loop
      vertex -44.9 40.9 0
      vertex -36.8442 36.0042 0
      vertex -37.0167 35.8075 0
    endloop
  endfacet
  facet normal 0 0 -1
    outer loop
      vertex -44.9 40.9 0
      vertex -37.0167 35.8075 0
      vertex -37.162 35.59 0
    endloop
  endfacet
  facet normal 0 0 -1
    outer loop
      vertex -44.9 40.9 0
      vertex -37.162 35.59 0
      vertex -37.2778 35.3554 0
    endloop
  endfacet
  facet normal 0 0 -1
    outer loop
      vertex -44.9 40.9 0
      vertex -37.2778 35.3554 0
      vertex -37.3618 35.1076 0
    endloop
  endfacet
  facet normal 0 0 -1
    outer loop
      vertex -44.9 40.9 0
      vertex -37.3618 35.1076 0
      vertex -37.4129 34.851 0
    endloop
  endfacet
  facet normal 0 0 -1
    outer loop
      vertex -44.9 40.9 0
      vertex -37.4129 34.851 0
      vertex -37.43 34.59 0
    endloop
  endfacet
  facet normal -0 0 -1
    outer loop
      vertex -37.43 -34.59 0
      vertex -44.9 -40.9 0
      vertex -37.43 34.59 0
    endloop
  endfacet
  facet normal 0 0 -1
    outer loop
      vertex -44.9 -40.9 0
      vertex -40.9 -44.9 0
      vertex -41.4221 -44.8658 0
    endloop
  endfacet
  facet normal 0 0 -1
    outer loop
      vertex -44.9 40.9 0
      vertex -37.43 34.59 0
      vertex -44.9 -40.9 0
    endloop
  endfacet
  facet normal 0 0 -1
    outer loop
      vertex -44.9 -40.9 0
      vertex -41.4221 -44.8658 0
      vertex -41.9353 -44.7637 0
    endloop
  endfacet
  facet normal 0 0 -1
    outer loop
      vertex -36.6475 36.1767 0
      vertex -44.9 40.9 0
      vertex -40.9 44.9 0
    endloop
  endfacet
  facet normal 0 0 -1
    outer loop
      vertex -44.9 -40.9 0
      vertex -41.9353 -44.7637 0
      vertex -42.4307 -44.5955 0
    endloop
  endfacet
  facet normal 0 0 -1
    outer loop
      vertex -40.9 44.9 0
      vertex -44.9 40.9 0
      vertex -41.4221 44.8658 0
    endloop
  endfacet
  facet normal 0 0 -1
    outer loop
      vertex -44.9 -40.9 0
      vertex -42.4307 -44.5955 0
      vertex -42.9 -44.3641 0
    endloop
  endfacet
  facet normal 0 0 -1
    outer loop
      vertex -41.4221 44.8658 0
      vertex -44.9 40.9 0
      vertex -41.9353 44.7637 0
    endloop
  endfacet
  facet normal 0 0 -1
    outer loop
      vertex -44.9 -40.9 0
      vertex -42.9 -44.3641 0
      vertex -43.335 -44.0734 0
    endloop
  endfacet
  facet normal 0 0 -1
    outer loop
      vertex -41.9353 44.7637 0
      vertex -44.9 40.9 0
      vertex -42.4307 44.5955 0
    endloop
  endfacet
  facet normal 0 0 -1
    outer loop
      vertex -44.9 -40.9 0
      vertex -43.335 -44.0734 0
      vertex -43.7284 -43.7284 0
    endloop
  endfacet
  facet normal 0 0 -1
    outer loop
      vertex -42.4307 44.5955 0
      vertex -44.9 40.9 0
      vertex -42.9 44.3641 0
    endloop
  endfacet
  facet normal 0 0 -1
    outer loop
      vertex -44.9 -40.9 0
      vertex -43.7284 -43.7284 0
      vertex -44.0734 -43.335 0
    endloop
  endfacet
  facet normal 0 0 -1
    outer loop
      vertex -42.9 44.3641 0
      vertex -44.9 40.9 0
      vertex -43.335 44.0734 0
    endloop
  endfacet
  facet normal 0 0 -1
    outer loop
      vertex -44.9 -40.9 0
      vertex -44.0734 -43.335 0
      vertex -44.3641 -42.9 0
    endloop
  endfacet
  facet normal 0 0 -1
    outer loop
      vertex -43.335 44.0734 0
      vertex -44.9 40.9 0
      vertex -43.7284 43.7284 0
    endloop
  endfacet
  facet normal 0 0 -1
    outer loop
      vertex -44.9 -40.9 0
      vertex -44.3641 -42.9 0
      vertex -44.5955 -42.4307 0
    endloop
  endfacet
  facet normal 0 0 -1
    outer loop
      vertex -43.7284 43.7284 0
      vertex -44.9 40.9 0
      vertex -44.0734 43.335 0
    endloop
  endfacet
  facet normal 0 0 -1
    outer loop
      vertex -44.9 -40.9 0
      vertex -44.5955 -42.4307 0
      vertex -44.7637 -41.9353 0
    endloop
  endfacet
  facet normal 0 0 -1
    outer loop
      vertex -44.0734 43.335 0
      vertex -44.9 40.9 0
      vertex -44.3641 42.9 0
    endloop
  endfacet
  facet normal 0 0 -1
    outer loop
      vertex -44.9 -40.9 0
      vertex -44.7637 -41.9353 0
      vertex -44.8658 -41.4221 0
    endloop
  endfacet
  facet normal 0 0 -1
    outer loop
      vertex -44.3641 42.9 0
      vertex -44.9 40.9 0
      vertex -44.5955 42.4307 0
    endloop
  endfacet
  facet normal 0 0 -1
    outer loop
      vertex -44.5955 42.4307 0
      vertex -44.9 40.9 0
      vertex -44.7637 41.9353 0
    endloop
  endfacet
  facet normal 0 0 -1
    outer loop
      vertex -44.7637 41.9353 0
      vertex -44.9 40.9 0
      vertex -44.8658 41.4221 0
    endloop
  endfacet
  facet normal -0.555626 -0.831432 0
    outer loop
      vertex -43.335 -44.0734 0
      vertex -42.9 -44.3641 27.8
      vertex -43.335 -44.0734 27.8
    endloop
  endfacet
  facet normal -0.555626 -0.831432 -0
    outer loop
      vertex -42.9 -44.3641 27.8
      vertex -43.335 -44.0734 0
      vertex -42.9 -44.3641 0
    endloop
  endfacet
  facet normal -0.0653646 -0.997861 0
    outer loop
      vertex -41.4221 -44.8658 0
      vertex -40.9 -44.9 27.8
      vertex -41.4221 -44.8658 27.8
    endloop
  endfacet
  facet normal -0.0653646 -0.997861 -0
    outer loop
      vertex -40.9 -44.9 27.8
      vertex -41.4221 -44.8658 0
      vertex -40.9 -44.9 0
    endloop
  endfacet
  facet normal -0.195124 -0.980779 0
    outer loop
      vertex -41.9353 -44.7637 0
      vertex -41.4221 -44.8658 27.8
      vertex -41.9353 -44.7637 27.8
    endloop
  endfacet
  facet normal -0.195124 -0.980779 -0
    outer loop
      vertex -41.4221 -44.8658 27.8
      vertex -41.9353 -44.7637 0
      vertex -41.4221 -44.8658 0
    endloop
  endfacet
  facet normal 0.555626 0.831432 -0
    outer loop
      vertex 43.335 44.0734 0
      vertex 42.9 44.3641 27.8
      vertex 43.335 44.0734 27.8
    endloop
  endfacet
  facet normal 0.555626 0.831432 0
    outer loop
      vertex 42.9 44.3641 27.8
      vertex 43.335 44.0734 0
      vertex 42.9 44.3641 0
    endloop
  endfacet
  facet normal 0.0653646 0.997861 -0
    outer loop
      vertex 41.4221 44.8658 0
      vertex 40.9 44.9 27.8
      vertex 41.4221 44.8658 27.8
    endloop
  endfacet
  facet normal 0.0653646 0.997861 0
    outer loop
      vertex 40.9 44.9 27.8
      vertex 41.4221 44.8658 0
      vertex 40.9 44.9 0
    endloop
  endfacet
  facet normal 0.195124 0.980779 -0
    outer loop
      vertex 41.9353 44.7637 0
      vertex 41.4221 44.8658 27.8
      vertex 41.9353 44.7637 27.8
    endloop
  endfacet
  facet normal 0.195124 0.980779 0
    outer loop
      vertex 41.4221 44.8658 27.8
      vertex 41.9353 44.7637 0
      vertex 41.4221 44.8658 0
    endloop
  endfacet
  facet normal 0.831432 -0.555626 0
    outer loop
      vertex 44.0734 -43.335 27.8
      vertex 44.3641 -42.9 0
      vertex 44.3641 -42.9 27.8
    endloop
  endfacet
  facet normal 0.831432 -0.555626 0
    outer loop
      vertex 44.3641 -42.9 0
      vertex 44.0734 -43.335 27.8
      vertex 44.0734 -43.335 0
    endloop
  endfacet
  facet normal 0.980779 -0.195124 0
    outer loop
      vertex 44.7637 -41.9353 27.8
      vertex 44.8658 -41.4221 0
      vertex 44.8658 -41.4221 27.8
    endloop
  endfacet
  facet normal 0.980779 -0.195124 0
    outer loop
      vertex 44.8658 -41.4221 0
      vertex 44.7637 -41.9353 27.8
      vertex 44.7637 -41.9353 0
    endloop
  endfacet
  facet normal 0.659343 -0.751842 0
    outer loop
      vertex 43.335 -44.0734 0
      vertex 43.7284 -43.7284 27.8
      vertex 43.335 -44.0734 27.8
    endloop
  endfacet
  facet normal 0.659343 -0.751842 0
    outer loop
      vertex 43.7284 -43.7284 27.8
      vertex 43.335 -44.0734 0
      vertex 43.7284 -43.7284 0
    endloop
  endfacet
  facet normal 0.442238 -0.896898 0
    outer loop
      vertex 42.4307 -44.5955 0
      vertex 42.9 -44.3641 27.8
      vertex 42.4307 -44.5955 27.8
    endloop
  endfacet
  facet normal 0.442238 -0.896898 0
    outer loop
      vertex 42.9 -44.3641 27.8
      vertex 42.4307 -44.5955 0
      vertex 42.9 -44.3641 0
    endloop
  endfacet
  facet normal 0.94691 0.321498 0
    outer loop
      vertex 44.7637 41.9353 27.8
      vertex 44.5955 42.4307 0
      vertex 44.5955 42.4307 27.8
    endloop
  endfacet
  facet normal 0.94691 0.321498 0
    outer loop
      vertex 44.5955 42.4307 0
      vertex 44.7637 41.9353 27.8
      vertex 44.7637 41.9353 0
    endloop
  endfacet
  facet normal 0.980779 0.195124 0
    outer loop
      vertex 44.8658 41.4221 27.8
      vertex 44.7637 41.9353 0
      vertex 44.7637 41.9353 27.8
    endloop
  endfacet
  facet normal 0.980779 0.195124 0
    outer loop
      vertex 44.7637 41.9353 0
      vertex 44.8658 41.4221 27.8
      vertex 44.8658 41.4221 0
    endloop
  endfacet
  facet normal 0.751842 0.659343 0
    outer loop
      vertex 44.0734 43.335 27.8
      vertex 43.7284 43.7284 0
      vertex 43.7284 43.7284 27.8
    endloop
  endfacet
  facet normal 0.751842 0.659343 0
    outer loop
      vertex 43.7284 43.7284 0
      vertex 44.0734 43.335 27.8
      vertex 44.0734 43.335 0
    endloop
  endfacet
  facet normal -0.751842 0.659343 0
    outer loop
      vertex -44.0734 43.335 0
      vertex -43.7284 43.7284 27.8
      vertex -43.7284 43.7284 0
    endloop
  endfacet
  facet normal -0.751842 0.659343 0
    outer loop
      vertex -43.7284 43.7284 27.8
      vertex -44.0734 43.335 0
      vertex -44.0734 43.335 27.8
    endloop
  endfacet
  facet normal -0.321498 0.94691 0
    outer loop
      vertex -41.9353 44.7637 0
      vertex -42.4307 44.5955 27.8
      vertex -41.9353 44.7637 27.8
    endloop
  endfacet
  facet normal -0.321498 0.94691 0
    outer loop
      vertex -42.4307 44.5955 27.8
      vertex -41.9353 44.7637 0
      vertex -42.4307 44.5955 0
    endloop
  endfacet
  facet normal -0.831432 0.555626 0
    outer loop
      vertex -44.3641 42.9 0
      vertex -44.0734 43.335 27.8
      vertex -44.0734 43.335 0
    endloop
  endfacet
  facet normal -0.831432 0.555626 0
    outer loop
      vertex -44.0734 43.335 27.8
      vertex -44.3641 42.9 0
      vertex -44.3641 42.9 27.8
    endloop
  endfacet
  facet normal -0.997861 0.0653646 0
    outer loop
      vertex -44.9 40.9 0
      vertex -44.8658 41.4221 27.8
      vertex -44.8658 41.4221 0
    endloop
  endfacet
  facet normal -0.997861 0.0653646 0
    outer loop
      vertex -44.8658 41.4221 27.8
      vertex -44.9 40.9 0
      vertex -44.9 40.9 27.8
    endloop
  endfacet
  facet normal -0.980779 0.195124 0
    outer loop
      vertex -44.8658 41.4221 0
      vertex -44.7637 41.9353 27.8
      vertex -44.7637 41.9353 0
    endloop
  endfacet
  facet normal -0.980779 0.195124 0
    outer loop
      vertex -44.7637 41.9353 27.8
      vertex -44.8658 41.4221 0
      vertex -44.8658 41.4221 27.8
    endloop
  endfacet
  facet normal -0.997861 -0.0653646 0
    outer loop
      vertex -44.8658 -41.4221 0
      vertex -44.9 -40.9 27.8
      vertex -44.9 -40.9 0
    endloop
  endfacet
  facet normal -0.997861 -0.0653646 0
    outer loop
      vertex -44.9 -40.9 27.8
      vertex -44.8658 -41.4221 0
      vertex -44.8658 -41.4221 27.8
    endloop
  endfacet
  facet normal -0.896898 -0.442238 0
    outer loop
      vertex -44.3641 -42.9 0
      vertex -44.5955 -42.4307 27.8
      vertex -44.5955 -42.4307 0
    endloop
  endfacet
  facet normal -0.896898 -0.442238 0
    outer loop
      vertex -44.5955 -42.4307 27.8
      vertex -44.3641 -42.9 0
      vertex -44.3641 -42.9 27.8
    endloop
  endfacet
  facet normal -0.94691 -0.321498 0
    outer loop
      vertex -44.5955 -42.4307 0
      vertex -44.7637 -41.9353 27.8
      vertex -44.7637 -41.9353 0
    endloop
  endfacet
  facet normal -0.94691 -0.321498 0
    outer loop
      vertex -44.7637 -41.9353 27.8
      vertex -44.5955 -42.4307 0
      vertex -44.5955 -42.4307 27.8
    endloop
  endfacet
  facet normal 0.896898 -0.442238 0
    outer loop
      vertex 44.3641 -42.9 27.8
      vertex 44.5955 -42.4307 0
      vertex 44.5955 -42.4307 27.8
    endloop
  endfacet
  facet normal 0.896898 -0.442238 0
    outer loop
      vertex 44.5955 -42.4307 0
      vertex 44.3641 -42.9 27.8
      vertex 44.3641 -42.9 0
    endloop
  endfacet
  facet normal 0.997861 -0.0653646 0
    outer loop
      vertex 44.8658 -41.4221 27.8
      vertex 44.9 -40.9 0
      vertex 44.9 -40.9 27.8
    endloop
  endfacet
  facet normal 0.997861 -0.0653646 0
    outer loop
      vertex 44.9 -40.9 0
      vertex 44.8658 -41.4221 27.8
      vertex 44.8658 -41.4221 0
    endloop
  endfacet
  facet normal 0.751842 -0.659343 0
    outer loop
      vertex 43.7284 -43.7284 27.8
      vertex 44.0734 -43.335 0
      vertex 44.0734 -43.335 27.8
    endloop
  endfacet
  facet normal 0.751842 -0.659343 0
    outer loop
      vertex 44.0734 -43.335 0
      vertex 43.7284 -43.7284 27.8
      vertex 43.7284 -43.7284 0
    endloop
  endfacet
  facet normal 0.997861 0.0653646 0
    outer loop
      vertex 44.9 40.9 27.8
      vertex 44.8658 41.4221 0
      vertex 44.8658 41.4221 27.8
    endloop
  endfacet
  facet normal 0.997861 0.0653646 0
    outer loop
      vertex 44.8658 41.4221 0
      vertex 44.9 40.9 27.8
      vertex 44.9 40.9 0
    endloop
  endfacet
  facet normal 0.831432 0.555626 0
    outer loop
      vertex 44.3641 42.9 27.8
      vertex 44.0734 43.335 0
      vertex 44.0734 43.335 27.8
    endloop
  endfacet
  facet normal 0.831432 0.555626 0
    outer loop
      vertex 44.0734 43.335 0
      vertex 44.3641 42.9 27.8
      vertex 44.3641 42.9 0
    endloop
  endfacet
  facet normal 0.896898 0.442238 0
    outer loop
      vertex 44.5955 42.4307 27.8
      vertex 44.3641 42.9 0
      vertex 44.3641 42.9 27.8
    endloop
  endfacet
  facet normal 0.896898 0.442238 0
    outer loop
      vertex 44.3641 42.9 0
      vertex 44.5955 42.4307 27.8
      vertex 44.5955 42.4307 0
    endloop
  endfacet
  facet normal -0.555626 0.831432 0
    outer loop
      vertex -42.9 44.3641 0
      vertex -43.335 44.0734 27.8
      vertex -42.9 44.3641 27.8
    endloop
  endfacet
  facet normal -0.555626 0.831432 0
    outer loop
      vertex -43.335 44.0734 27.8
      vertex -42.9 44.3641 0
      vertex -43.335 44.0734 0
    endloop
  endfacet
  facet normal -0.94691 0.321498 0
    outer loop
      vertex -44.7637 41.9353 0
      vertex -44.5955 42.4307 27.8
      vertex -44.5955 42.4307 0
    endloop
  endfacet
  facet normal -0.94691 0.321498 0
    outer loop
      vertex -44.5955 42.4307 27.8
      vertex -44.7637 41.9353 0
      vertex -44.7637 41.9353 27.8
    endloop
  endfacet
  facet normal -0.896898 0.442238 0
    outer loop
      vertex -44.5955 42.4307 0
      vertex -44.3641 42.9 27.8
      vertex -44.3641 42.9 0
    endloop
  endfacet
  facet normal -0.896898 0.442238 0
    outer loop
      vertex -44.3641 42.9 27.8
      vertex -44.5955 42.4307 0
      vertex -44.5955 42.4307 27.8
    endloop
  endfacet
  facet normal -0.831432 -0.555626 0
    outer loop
      vertex -44.0734 -43.335 0
      vertex -44.3641 -42.9 27.8
      vertex -44.3641 -42.9 0
    endloop
  endfacet
  facet normal -0.831432 -0.555626 0
    outer loop
      vertex -44.3641 -42.9 27.8
      vertex -44.0734 -43.335 0
      vertex -44.0734 -43.335 27.8
    endloop
  endfacet
  facet normal -0.980779 -0.195124 0
    outer loop
      vertex -44.7637 -41.9353 0
      vertex -44.8658 -41.4221 27.8
      vertex -44.8658 -41.4221 0
    endloop
  endfacet
  facet normal -0.980779 -0.195124 0
    outer loop
      vertex -44.8658 -41.4221 27.8
      vertex -44.7637 -41.9353 0
      vertex -44.7637 -41.9353 27.8
    endloop
  endfacet
  facet normal 0.94691 -0.321498 0
    outer loop
      vertex 44.5955 -42.4307 27.8
      vertex 44.7637 -41.9353 0
      vertex 44.7637 -41.9353 27.8
    endloop
  endfacet
  facet normal 0.94691 -0.321498 0
    outer loop
      vertex 44.7637 -41.9353 0
      vertex 44.5955 -42.4307 27.8
      vertex 44.5955 -42.4307 0
    endloop
  endfacet
  facet normal -0.442238 0.896898 0
    outer loop
      vertex -42.4307 44.5955 0
      vertex -42.9 44.3641 27.8
      vertex -42.4307 44.5955 27.8
    endloop
  endfacet
  facet normal -0.442238 0.896898 0
    outer loop
      vertex -42.9 44.3641 27.8
      vertex -42.4307 44.5955 0
      vertex -42.9 44.3641 0
    endloop
  endfacet
  facet normal -0.0653771 0.997861 0
    outer loop
      vertex 35.691 -36.5729 0
      vertex 35.43 -36.59 2
      vertex 35.691 -36.5729 2
    endloop
  endfacet
  facet normal -0.0653771 0.997861 0
    outer loop
      vertex 35.43 -36.59 2
      vertex 35.691 -36.5729 0
      vertex 35.43 -36.59 0
    endloop
  endfacet
  facet normal -0.19494 0.980815 0
    outer loop
      vertex 35.9476 -36.5219 0
      vertex 35.691 -36.5729 2
      vertex 35.9476 -36.5219 2
    endloop
  endfacet
  facet normal -0.19494 0.980815 0
    outer loop
      vertex 35.691 -36.5729 2
      vertex 35.9476 -36.5219 0
      vertex 35.691 -36.5729 0
    endloop
  endfacet
  facet normal 0.0653771 -0.997861 0
    outer loop
      vertex -35.691 36.5729 0
      vertex -35.43 36.59 2
      vertex -35.691 36.5729 2
    endloop
  endfacet
  facet normal 0.0653771 -0.997861 0
    outer loop
      vertex -35.43 36.59 2
      vertex -35.691 36.5729 0
      vertex -35.43 36.59 0
    endloop
  endfacet
  facet normal -0.0653771 -0.997861 0
    outer loop
      vertex 35.43 36.59 0
      vertex 35.691 36.5729 2
      vertex 35.43 36.59 2
    endloop
  endfacet
  facet normal -0.0653771 -0.997861 -0
    outer loop
      vertex 35.691 36.5729 2
      vertex 35.43 36.59 0
      vertex 35.691 36.5729 0
    endloop
  endfacet
  facet normal 0.751842 0.659343 0
    outer loop
      vertex -36.8442 -36.0042 2
      vertex -37.0167 -35.8075 0
      vertex -37.0167 -35.8075 2
    endloop
  endfacet
  facet normal 0.751842 0.659343 0
    outer loop
      vertex -37.0167 -35.8075 0
      vertex -36.8442 -36.0042 2
      vertex -36.8442 -36.0042 0
    endloop
  endfacet
  facet normal 0 1 -0
    outer loop
      vertex 35.43 -36.59 0
      vertex -35.43 -36.59 2
      vertex 35.43 -36.59 2
    endloop
  endfacet
  facet normal 0 1 0
    outer loop
      vertex -35.43 -36.59 2
      vertex 35.43 -36.59 0
      vertex -35.43 -36.59 0
    endloop
  endfacet
  facet normal 0 -1 0
    outer loop
      vertex -35.43 36.59 0
      vertex 35.43 36.59 2
      vertex -35.43 36.59 2
    endloop
  endfacet
  facet normal 0 -1 -0
    outer loop
      vertex 35.43 36.59 2
      vertex -35.43 36.59 0
      vertex 35.43 36.59 0
    endloop
  endfacet
  facet normal 1 -0 0
    outer loop
      vertex -37.43 -34.59 2
      vertex -37.43 34.59 0
      vertex -37.43 34.59 2
    endloop
  endfacet
  facet normal 1 0 0
    outer loop
      vertex -37.43 34.59 0
      vertex -37.43 -34.59 2
      vertex -37.43 -34.59 0
    endloop
  endfacet
  facet normal 0.321382 0.94695 -0
    outer loop
      vertex -35.9476 -36.5219 0
      vertex -36.1954 -36.4378 2
      vertex -35.9476 -36.5219 2
    endloop
  endfacet
  facet normal 0.321382 0.94695 0
    outer loop
      vertex -36.1954 -36.4378 2
      vertex -35.9476 -36.5219 0
      vertex -36.1954 -36.4378 0
    endloop
  endfacet
  facet normal -1 0 0
    outer loop
      vertex 37.43 -34.59 0
      vertex 37.43 34.59 2
      vertex 37.43 34.59 0
    endloop
  endfacet
  facet normal -1 -0 0
    outer loop
      vertex 37.43 34.59 2
      vertex 37.43 -34.59 0
      vertex 37.43 -34.59 2
    endloop
  endfacet
  facet normal -0.751842 -0.659343 0
    outer loop
      vertex 37.0167 35.8075 0
      vertex 36.8442 36.0042 2
      vertex 36.8442 36.0042 0
    endloop
  endfacet
  facet normal -0.751842 -0.659343 0
    outer loop
      vertex 36.8442 36.0042 2
      vertex 37.0167 35.8075 0
      vertex 37.0167 35.8075 2
    endloop
  endfacet
  facet normal -0.442314 -0.89686 0
    outer loop
      vertex 36.1954 36.4378 0
      vertex 36.43 36.3221 2
      vertex 36.1954 36.4378 2
    endloop
  endfacet
  facet normal -0.442314 -0.89686 -0
    outer loop
      vertex 36.43 36.3221 2
      vertex 36.1954 36.4378 0
      vertex 36.43 36.3221 0
    endloop
  endfacet
  facet normal 0.997861 -0.0653771 0
    outer loop
      vertex -37.43 34.59 2
      vertex -37.4129 34.851 0
      vertex -37.4129 34.851 2
    endloop
  endfacet
  facet normal 0.997861 -0.0653771 0
    outer loop
      vertex -37.4129 34.851 0
      vertex -37.43 34.59 2
      vertex -37.43 34.59 0
    endloop
  endfacet
  facet normal 0.997861 0.0653771 0
    outer loop
      vertex -37.4129 -34.851 2
      vertex -37.43 -34.59 0
      vertex -37.43 -34.59 2
    endloop
  endfacet
  facet normal 0.997861 0.0653771 0
    outer loop
      vertex -37.43 -34.59 0
      vertex -37.4129 -34.851 2
      vertex -37.4129 -34.851 0
    endloop
  endfacet
  facet normal 0.0653771 0.997861 -0
    outer loop
      vertex -35.43 -36.59 0
      vertex -35.691 -36.5729 2
      vertex -35.43 -36.59 2
    endloop
  endfacet
  facet normal 0.0653771 0.997861 0
    outer loop
      vertex -35.691 -36.5729 2
      vertex -35.43 -36.59 0
      vertex -35.691 -36.5729 0
    endloop
  endfacet
  facet normal -0.751842 0.659343 0
    outer loop
      vertex 36.8442 -36.0042 0
      vertex 37.0167 -35.8075 2
      vertex 37.0167 -35.8075 0
    endloop
  endfacet
  facet normal -0.751842 0.659343 0
    outer loop
      vertex 37.0167 -35.8075 2
      vertex 36.8442 -36.0042 0
      vertex 36.8442 -36.0042 2
    endloop
  endfacet
  facet normal -0.19494 -0.980815 0
    outer loop
      vertex 35.691 36.5729 0
      vertex 35.9476 36.5219 2
      vertex 35.691 36.5729 2
    endloop
  endfacet
  facet normal -0.19494 -0.980815 -0
    outer loop
      vertex 35.9476 36.5219 2
      vertex 35.691 36.5729 0
      vertex 35.9476 36.5219 0
    endloop
  endfacet
  facet normal 0.555758 -0.831344 0
    outer loop
      vertex -36.6475 36.1767 0
      vertex -36.43 36.3221 2
      vertex -36.6475 36.1767 2
    endloop
  endfacet
  facet normal 0.555758 -0.831344 0
    outer loop
      vertex -36.43 36.3221 2
      vertex -36.6475 36.1767 0
      vertex -36.43 36.3221 0
    endloop
  endfacet
  facet normal 0.831521 -0.555494 0
    outer loop
      vertex -37.162 35.59 2
      vertex -37.0167 35.8075 0
      vertex -37.0167 35.8075 2
    endloop
  endfacet
  facet normal 0.831521 -0.555494 0
    outer loop
      vertex -37.0167 35.8075 0
      vertex -37.162 35.59 2
      vertex -37.162 35.59 0
    endloop
  endfacet
  facet normal 0.980742 -0.195308 0
    outer loop
      vertex -37.4129 34.851 2
      vertex -37.3618 35.1076 0
      vertex -37.3618 35.1076 2
    endloop
  endfacet
  facet normal 0.980742 -0.195308 0
    outer loop
      vertex -37.3618 35.1076 0
      vertex -37.4129 34.851 2
      vertex -37.4129 34.851 0
    endloop
  endfacet
  facet normal 0.659343 0.751842 -0
    outer loop
      vertex -36.6475 -36.1767 0
      vertex -36.8442 -36.0042 2
      vertex -36.6475 -36.1767 2
    endloop
  endfacet
  facet normal 0.659343 0.751842 0
    outer loop
      vertex -36.8442 -36.0042 2
      vertex -36.6475 -36.1767 0
      vertex -36.8442 -36.0042 0
    endloop
  endfacet
  facet normal 0.831521 0.555494 0
    outer loop
      vertex -37.0167 -35.8075 2
      vertex -37.162 -35.59 0
      vertex -37.162 -35.59 2
    endloop
  endfacet
  facet normal 0.831521 0.555494 0
    outer loop
      vertex -37.162 -35.59 0
      vertex -37.0167 -35.8075 2
      vertex -37.0167 -35.8075 0
    endloop
  endfacet
  facet normal 0.19494 0.980815 -0
    outer loop
      vertex -35.691 -36.5729 0
      vertex -35.9476 -36.5219 2
      vertex -35.691 -36.5729 2
    endloop
  endfacet
  facet normal 0.19494 0.980815 0
    outer loop
      vertex -35.9476 -36.5219 2
      vertex -35.691 -36.5729 0
      vertex -35.9476 -36.5219 0
    endloop
  endfacet
  facet normal -0.947066 -0.321039 0
    outer loop
      vertex 37.3618 35.1076 0
      vertex 37.2778 35.3554 2
      vertex 37.2778 35.3554 0
    endloop
  endfacet
  facet normal -0.947066 -0.321039 0
    outer loop
      vertex 37.2778 35.3554 2
      vertex 37.3618 35.1076 0
      vertex 37.3618 35.1076 2
    endloop
  endfacet
  facet normal -0.321382 0.94695 0
    outer loop
      vertex 36.1954 -36.4378 0
      vertex 35.9476 -36.5219 2
      vertex 36.1954 -36.4378 2
    endloop
  endfacet
  facet normal -0.321382 0.94695 0
    outer loop
      vertex 35.9476 -36.5219 2
      vertex 36.1954 -36.4378 0
      vertex 35.9476 -36.5219 0
    endloop
  endfacet
  facet normal -0.321382 -0.94695 0
    outer loop
      vertex 35.9476 36.5219 0
      vertex 36.1954 36.4378 2
      vertex 35.9476 36.5219 2
    endloop
  endfacet
  facet normal -0.321382 -0.94695 -0
    outer loop
      vertex 36.1954 36.4378 2
      vertex 35.9476 36.5219 0
      vertex 36.1954 36.4378 0
    endloop
  endfacet
  facet normal -0.555758 -0.831344 0
    outer loop
      vertex 36.43 36.3221 0
      vertex 36.6475 36.1767 2
      vertex 36.43 36.3221 2
    endloop
  endfacet
  facet normal -0.555758 -0.831344 -0
    outer loop
      vertex 36.6475 36.1767 2
      vertex 36.43 36.3221 0
      vertex 36.6475 36.1767 0
    endloop
  endfacet
  facet normal -0.659343 -0.751842 0
    outer loop
      vertex 36.6475 36.1767 0
      vertex 36.8442 36.0042 2
      vertex 36.6475 36.1767 2
    endloop
  endfacet
  facet normal -0.659343 -0.751842 -0
    outer loop
      vertex 36.8442 36.0042 2
      vertex 36.6475 36.1767 0
      vertex 36.8442 36.0042 0
    endloop
  endfacet
  facet normal 0.947066 -0.321039 0
    outer loop
      vertex -37.3618 35.1076 2
      vertex -37.2778 35.3554 0
      vertex -37.2778 35.3554 2
    endloop
  endfacet
  facet normal 0.947066 -0.321039 0
    outer loop
      vertex -37.2778 35.3554 0
      vertex -37.3618 35.1076 2
      vertex -37.3618 35.1076 0
    endloop
  endfacet
  facet normal 0.555758 0.831344 -0
    outer loop
      vertex -36.43 -36.3221 0
      vertex -36.6475 -36.1767 2
      vertex -36.43 -36.3221 2
    endloop
  endfacet
  facet normal 0.555758 0.831344 0
    outer loop
      vertex -36.6475 -36.1767 2
      vertex -36.43 -36.3221 0
      vertex -36.6475 -36.1767 0
    endloop
  endfacet
  facet normal 0.442314 0.89686 -0
    outer loop
      vertex -36.1954 -36.4378 0
      vertex -36.43 -36.3221 2
      vertex -36.1954 -36.4378 2
    endloop
  endfacet
  facet normal 0.442314 0.89686 0
    outer loop
      vertex -36.43 -36.3221 2
      vertex -36.1954 -36.4378 0
      vertex -36.43 -36.3221 0
    endloop
  endfacet
  facet normal 0.896709 0.442621 0
    outer loop
      vertex -37.162 -35.59 2
      vertex -37.2778 -35.3554 0
      vertex -37.2778 -35.3554 2
    endloop
  endfacet
  facet normal 0.896709 0.442621 0
    outer loop
      vertex -37.2778 -35.3554 0
      vertex -37.162 -35.59 2
      vertex -37.162 -35.59 0
    endloop
  endfacet
  facet normal -0.896709 -0.442621 0
    outer loop
      vertex 37.2778 35.3554 0
      vertex 37.162 35.59 2
      vertex 37.162 35.59 0
    endloop
  endfacet
  facet normal -0.896709 -0.442621 0
    outer loop
      vertex 37.162 35.59 2
      vertex 37.2778 35.3554 0
      vertex 37.2778 35.3554 2
    endloop
  endfacet
  facet normal -0.997861 -0.0653771 0
    outer loop
      vertex 37.43 34.59 0
      vertex 37.4129 34.851 2
      vertex 37.4129 34.851 0
    endloop
  endfacet
  facet normal -0.997861 -0.0653771 0
    outer loop
      vertex 37.4129 34.851 2
      vertex 37.43 34.59 0
      vertex 37.43 34.59 2
    endloop
  endfacet
  facet normal -0.997861 0.0653771 0
    outer loop
      vertex 37.4129 -34.851 0
      vertex 37.43 -34.59 2
      vertex 37.43 -34.59 0
    endloop
  endfacet
  facet normal -0.997861 0.0653771 0
    outer loop
      vertex 37.43 -34.59 2
      vertex 37.4129 -34.851 0
      vertex 37.4129 -34.851 2
    endloop
  endfacet
  facet normal -0.442314 0.89686 0
    outer loop
      vertex 36.43 -36.3221 0
      vertex 36.1954 -36.4378 2
      vertex 36.43 -36.3221 2
    endloop
  endfacet
  facet normal -0.442314 0.89686 0
    outer loop
      vertex 36.1954 -36.4378 2
      vertex 36.43 -36.3221 0
      vertex 36.1954 -36.4378 0
    endloop
  endfacet
  facet normal 0.442314 -0.89686 0
    outer loop
      vertex -36.43 36.3221 0
      vertex -36.1954 36.4378 2
      vertex -36.43 36.3221 2
    endloop
  endfacet
  facet normal 0.442314 -0.89686 0
    outer loop
      vertex -36.1954 36.4378 2
      vertex -36.43 36.3221 0
      vertex -36.1954 36.4378 0
    endloop
  endfacet
  facet normal 0.321382 -0.94695 0
    outer loop
      vertex -36.1954 36.4378 0
      vertex -35.9476 36.5219 2
      vertex -36.1954 36.4378 2
    endloop
  endfacet
  facet normal 0.321382 -0.94695 0
    outer loop
      vertex -35.9476 36.5219 2
      vertex -36.1954 36.4378 0
      vertex -35.9476 36.5219 0
    endloop
  endfacet
  facet normal 0.19494 -0.980815 0
    outer loop
      vertex -35.9476 36.5219 0
      vertex -35.691 36.5729 2
      vertex -35.9476 36.5219 2
    endloop
  endfacet
  facet normal 0.19494 -0.980815 0
    outer loop
      vertex -35.691 36.5729 2
      vertex -35.9476 36.5219 0
      vertex -35.691 36.5729 0
    endloop
  endfacet
  facet normal 0.896709 -0.442621 0
    outer loop
      vertex -37.2778 35.3554 2
      vertex -37.162 35.59 0
      vertex -37.162 35.59 2
    endloop
  endfacet
  facet normal 0.896709 -0.442621 0
    outer loop
      vertex -37.162 35.59 0
      vertex -37.2778 35.3554 2
      vertex -37.2778 35.3554 0
    endloop
  endfacet
  facet normal 0.751842 -0.659343 0
    outer loop
      vertex -37.0167 35.8075 2
      vertex -36.8442 36.0042 0
      vertex -36.8442 36.0042 2
    endloop
  endfacet
  facet normal 0.751842 -0.659343 0
    outer loop
      vertex -36.8442 36.0042 0
      vertex -37.0167 35.8075 2
      vertex -37.0167 35.8075 0
    endloop
  endfacet
  facet normal 0.659343 -0.751842 0
    outer loop
      vertex -36.8442 36.0042 0
      vertex -36.6475 36.1767 2
      vertex -36.8442 36.0042 2
    endloop
  endfacet
  facet normal 0.659343 -0.751842 0
    outer loop
      vertex -36.6475 36.1767 2
      vertex -36.8442 36.0042 0
      vertex -36.6475 36.1767 0
    endloop
  endfacet
  facet normal 0.980742 0.195308 0
    outer loop
      vertex -37.3618 -35.1076 2
      vertex -37.4129 -34.851 0
      vertex -37.4129 -34.851 2
    endloop
  endfacet
  facet normal 0.980742 0.195308 0
    outer loop
      vertex -37.4129 -34.851 0
      vertex -37.3618 -35.1076 2
      vertex -37.3618 -35.1076 0
    endloop
  endfacet
  facet normal 0.947066 0.321039 0
    outer loop
      vertex -37.2778 -35.3554 2
      vertex -37.3618 -35.1076 0
      vertex -37.3618 -35.1076 2
    endloop
  endfacet
  facet normal 0.947066 0.321039 0
    outer loop
      vertex -37.3618 -35.1076 0
      vertex -37.2778 -35.3554 2
      vertex -37.2778 -35.3554 0
    endloop
  endfacet
  facet normal -0.831521 -0.555494 0
    outer loop
      vertex 37.162 35.59 0
      vertex 37.0167 35.8075 2
      vertex 37.0167 35.8075 0
    endloop
  endfacet
  facet normal -0.831521 -0.555494 0
    outer loop
      vertex 37.0167 35.8075 2
      vertex 37.162 35.59 0
      vertex 37.162 35.59 2
    endloop
  endfacet
  facet normal -0.980742 -0.195308 0
    outer loop
      vertex 37.4129 34.851 0
      vertex 37.3618 35.1076 2
      vertex 37.3618 35.1076 0
    endloop
  endfacet
  facet normal -0.980742 -0.195308 0
    outer loop
      vertex 37.3618 35.1076 2
      vertex 37.4129 34.851 0
      vertex 37.4129 34.851 2
    endloop
  endfacet
  facet normal -0.831521 0.555494 0
    outer loop
      vertex 37.0167 -35.8075 0
      vertex 37.162 -35.59 2
      vertex 37.162 -35.59 0
    endloop
  endfacet
  facet normal -0.831521 0.555494 0
    outer loop
      vertex 37.162 -35.59 2
      vertex 37.0167 -35.8075 0
      vertex 37.0167 -35.8075 2
    endloop
  endfacet
  facet normal -0.947066 0.321039 0
    outer loop
      vertex 37.2778 -35.3554 0
      vertex 37.3618 -35.1076 2
      vertex 37.3618 -35.1076 0
    endloop
  endfacet
  facet normal -0.947066 0.321039 0
    outer loop
      vertex 37.3618 -35.1076 2
      vertex 37.2778 -35.3554 0
      vertex 37.2778 -35.3554 2
    endloop
  endfacet
  facet normal -0.659343 0.751842 0
    outer loop
      vertex 36.8442 -36.0042 0
      vertex 36.6475 -36.1767 2
      vertex 36.8442 -36.0042 2
    endloop
  endfacet
  facet normal -0.659343 0.751842 0
    outer loop
      vertex 36.6475 -36.1767 2
      vertex 36.8442 -36.0042 0
      vertex 36.6475 -36.1767 0
    endloop
  endfacet
  facet normal -0.555758 0.831344 0
    outer loop
      vertex 36.6475 -36.1767 0
      vertex 36.43 -36.3221 2
      vertex 36.6475 -36.1767 2
    endloop
  endfacet
  facet normal -0.555758 0.831344 0
    outer loop
      vertex 36.43 -36.3221 2
      vertex 36.6475 -36.1767 0
      vertex 36.43 -36.3221 0
    endloop
  endfacet
  facet normal -0.896709 0.442621 0
    outer loop
      vertex 37.162 -35.59 0
      vertex 37.2778 -35.3554 2
      vertex 37.2778 -35.3554 0
    endloop
  endfacet
  facet normal -0.896709 0.442621 0
    outer loop
      vertex 37.2778 -35.3554 2
      vertex 37.162 -35.59 0
      vertex 37.162 -35.59 2
    endloop
  endfacet
  facet normal -0.980742 0.195308 0
    outer loop
      vertex 37.3618 -35.1076 0
      vertex 37.4129 -34.851 2
      vertex 37.4129 -34.851 0
    endloop
  endfacet
  facet normal -0.980742 0.195308 0
    outer loop
      vertex 37.4129 -34.851 2
      vertex 37.3618 -35.1076 0
      vertex 37.3618 -35.1076 2
    endloop
  endfacet
  facet normal -0.0653771 0.997861 0
    outer loop
      vertex 40.761 -42.4829 2
      vertex 40.5 -42.5 27.8
      vertex 40.761 -42.4829 27.8
    endloop
  endfacet
  facet normal -0.0653771 0.997861 0
    outer loop
      vertex 40.5 -42.5 27.8
      vertex 40.761 -42.4829 2
      vertex 40.5 -42.5 2
    endloop
  endfacet
  facet normal -0.19494 0.980815 0
    outer loop
      vertex 41.0176 -42.4319 2
      vertex 40.761 -42.4829 27.8
      vertex 41.0176 -42.4319 27.8
    endloop
  endfacet
  facet normal -0.19494 0.980815 0
    outer loop
      vertex 40.761 -42.4829 27.8
      vertex 41.0176 -42.4319 2
      vertex 40.761 -42.4829 2
    endloop
  endfacet
  facet normal 0.0653771 -0.997861 0
    outer loop
      vertex -40.761 42.4829 2
      vertex -40.5 42.5 27.8
      vertex -40.761 42.4829 27.8
    endloop
  endfacet
  facet normal 0.0653771 -0.997861 0
    outer loop
      vertex -40.5 42.5 27.8
      vertex -40.761 42.4829 2
      vertex -40.5 42.5 2
    endloop
  endfacet
  facet normal -0.0653771 -0.997861 0
    outer loop
      vertex 40.5 42.5 2
      vertex 40.761 42.4829 27.8
      vertex 40.5 42.5 27.8
    endloop
  endfacet
  facet normal -0.0653771 -0.997861 -0
    outer loop
      vertex 40.761 42.4829 27.8
      vertex 40.5 42.5 2
      vertex 40.761 42.4829 2
    endloop
  endfacet
  facet normal 0.659343 -0.751842 0
    outer loop
      vertex -41.9142 41.9142 2
      vertex -41.7175 42.0867 27.8
      vertex -41.9142 41.9142 27.8
    endloop
  endfacet
  facet normal 0.659343 -0.751842 0
    outer loop
      vertex -41.7175 42.0867 27.8
      vertex -41.9142 41.9142 2
      vertex -41.7175 42.0867 2
    endloop
  endfacet
  facet normal 0.751842 0.659343 0
    outer loop
      vertex -41.9142 -41.9142 27.8
      vertex -42.0867 -41.7175 2
      vertex -42.0867 -41.7175 27.8
    endloop
  endfacet
  facet normal 0.751842 0.659343 0
    outer loop
      vertex -42.0867 -41.7175 2
      vertex -41.9142 -41.9142 27.8
      vertex -41.9142 -41.9142 2
    endloop
  endfacet
  facet normal 0 1 0
    outer loop
      vertex 40.5 -42.5 27.8
      vertex 40.292 -42.5 4.2
      vertex 40.292 -42.5 27.8
    endloop
  endfacet
  facet normal 0 1 0
    outer loop
      vertex 40.5 -42.5 2
      vertex 39.308 -42.5 4.2
      vertex 40.292 -42.5 4.2
    endloop
  endfacet
  facet normal 0 1 0
    outer loop
      vertex 39.308 -42.5 4.2
      vertex 40.5 -42.5 2
      vertex -39.308 -42.5 4.2
    endloop
  endfacet
  facet normal 0 1 0
    outer loop
      vertex -40.5 -42.5 2
      vertex -39.308 -42.5 4.2
      vertex 40.5 -42.5 2
    endloop
  endfacet
  facet normal 0 1 -0
    outer loop
      vertex 40.5 -42.5 2
      vertex 40.292 -42.5 4.2
      vertex 40.5 -42.5 27.8
    endloop
  endfacet
  facet normal 0 1 -0
    outer loop
      vertex 39.308 -42.5 4.2
      vertex -39.308 -42.5 27.8
      vertex 39.308 -42.5 27.8
    endloop
  endfacet
  facet normal 0 1 0
    outer loop
      vertex -39.308 -42.5 27.8
      vertex 39.308 -42.5 4.2
      vertex -39.308 -42.5 4.2
    endloop
  endfacet
  facet normal 0 1 -0
    outer loop
      vertex -40.292 -42.5 4.2
      vertex -40.5 -42.5 27.8
      vertex -40.292 -42.5 27.8
    endloop
  endfacet
  facet normal 0 1 0
    outer loop
      vertex -40.292 -42.5 4.2
      vertex -40.5 -42.5 2
      vertex -40.5 -42.5 27.8
    endloop
  endfacet
  facet normal 0 1 0
    outer loop
      vertex -39.308 -42.5 4.2
      vertex -40.5 -42.5 2
      vertex -40.292 -42.5 4.2
    endloop
  endfacet
  facet normal 0 -1 0
    outer loop
      vertex -40.5 42.5 27.8
      vertex -40.292 42.5 4.2
      vertex -40.292 42.5 27.8
    endloop
  endfacet
  facet normal 0 -1 0
    outer loop
      vertex -40.5 42.5 2
      vertex -39.308 42.5 4.2
      vertex -40.292 42.5 4.2
    endloop
  endfacet
  facet normal 0 -1 -0
    outer loop
      vertex -39.308 42.5 4.2
      vertex -40.5 42.5 2
      vertex 39.308 42.5 4.2
    endloop
  endfacet
  facet normal 0 -1 0
    outer loop
      vertex 40.5 42.5 2
      vertex 39.308 42.5 4.2
      vertex -40.5 42.5 2
    endloop
  endfacet
  facet normal 0 -1 0
    outer loop
      vertex -40.5 42.5 2
      vertex -40.292 42.5 4.2
      vertex -40.5 42.5 27.8
    endloop
  endfacet
  facet normal 0 -1 0
    outer loop
      vertex -39.308 42.5 4.2
      vertex 39.308 42.5 27.8
      vertex -39.308 42.5 27.8
    endloop
  endfacet
  facet normal 0 -1 -0
    outer loop
      vertex 39.308 42.5 27.8
      vertex -39.308 42.5 4.2
      vertex 39.308 42.5 4.2
    endloop
  endfacet
  facet normal 0 -1 0
    outer loop
      vertex 40.292 42.5 4.2
      vertex 40.5 42.5 27.8
      vertex 40.292 42.5 27.8
    endloop
  endfacet
  facet normal 0 -1 0
    outer loop
      vertex 40.292 42.5 4.2
      vertex 40.5 42.5 2
      vertex 40.5 42.5 27.8
    endloop
  endfacet
  facet normal 0 -1 0
    outer loop
      vertex 39.308 42.5 4.2
      vertex 40.5 42.5 2
      vertex 40.292 42.5 4.2
    endloop
  endfacet
  facet normal 0.997861 0.0653771 0
    outer loop
      vertex -42.4829 -40.761 27.8
      vertex -42.5 -40.5 2
      vertex -42.5 -40.5 27.8
    endloop
  endfacet
  facet normal 0.997861 0.0653771 0
    outer loop
      vertex -42.5 -40.5 2
      vertex -42.4829 -40.761 27.8
      vertex -42.4829 -40.761 2
    endloop
  endfacet
  facet normal 1 0 0
    outer loop
      vertex -42.5 -40.292 27.8
      vertex -42.5 -40.5 27.8
      vertex -42.5 -40.292 4.2
    endloop
  endfacet
  facet normal 1 0 0
    outer loop
      vertex -42.5 39.308 27.8
      vertex -42.5 1.3 14.1
      vertex -42.5 39.308 4.2
    endloop
  endfacet
  facet normal 1 -0 0
    outer loop
      vertex -42.5 -39.308 27.8
      vertex -42.5 1.3 14.1
      vertex -42.5 39.308 27.8
    endloop
  endfacet
  facet normal 1 0 0
    outer loop
      vertex -42.5 -39.308 4.2
      vertex -42.5 -11.7 14.1
      vertex -42.5 -39.308 27.8
    endloop
  endfacet
  facet normal 1 0 0
    outer loop
      vertex -42.5 1.3 14.1
      vertex -42.5 -39.308 27.8
      vertex -42.5 -11.7 14.1
    endloop
  endfacet
  facet normal 1 0 0
    outer loop
      vertex -42.5 40.292 4.2
      vertex -42.5 40.5 27.8
      vertex -42.5 40.292 27.8
    endloop
  endfacet
  facet normal 1 0 0
    outer loop
      vertex -42.5 40.5 27.8
      vertex -42.5 40.292 4.2
      vertex -42.5 40.5 2
    endloop
  endfacet
  facet normal 1 -0 0
    outer loop
      vertex -42.5 39.308 4.2
      vertex -42.5 40.5 2
      vertex -42.5 40.292 4.2
    endloop
  endfacet
  facet normal 1 -0 0
    outer loop
      vertex -42.5 1.3 7.6
      vertex -42.5 39.308 4.2
      vertex -42.5 1.3 14.1
    endloop
  endfacet
  facet normal 1 0 0
    outer loop
      vertex -42.5 39.308 4.2
      vertex -42.5 1.3 7.6
      vertex -42.5 40.5 2
    endloop
  endfacet
  facet normal 1 0 0
    outer loop
      vertex -42.5 -40.5 2
      vertex -42.5 1.3 7.6
      vertex -42.5 -11.7 7.6
    endloop
  endfacet
  facet normal 1 0 0
    outer loop
      vertex -42.5 -11.7 14.1
      vertex -42.5 -39.308 4.2
      vertex -42.5 -11.7 7.6
    endloop
  endfacet
  facet normal 1 0 0
    outer loop
      vertex -42.5 -40.5 2
      vertex -42.5 -11.7 7.6
      vertex -42.5 -39.308 4.2
    endloop
  endfacet
  facet normal 1 0 0
    outer loop
      vertex -42.5 -40.5 2
      vertex -42.5 -39.308 4.2
      vertex -42.5 -40.292 4.2
    endloop
  endfacet
  facet normal 1 0 0
    outer loop
      vertex -42.5 1.3 7.6
      vertex -42.5 -40.5 2
      vertex -42.5 40.5 2
    endloop
  endfacet
  facet normal 1 0 0
    outer loop
      vertex -42.5 -40.5 2
      vertex -42.5 -40.292 4.2
      vertex -42.5 -40.5 27.8
    endloop
  endfacet
  facet normal 0.321382 0.94695 -0
    outer loop
      vertex -41.0176 -42.4319 2
      vertex -41.2654 -42.3478 27.8
      vertex -41.0176 -42.4319 27.8
    endloop
  endfacet
  facet normal 0.321382 0.94695 0
    outer loop
      vertex -41.2654 -42.3478 27.8
      vertex -41.0176 -42.4319 2
      vertex -41.2654 -42.3478 2
    endloop
  endfacet
  facet normal 0.442314 0.89686 -0
    outer loop
      vertex -41.2654 -42.3478 2
      vertex -41.5 -42.2321 27.8
      vertex -41.2654 -42.3478 27.8
    endloop
  endfacet
  facet normal 0.442314 0.89686 0
    outer loop
      vertex -41.5 -42.2321 27.8
      vertex -41.2654 -42.3478 2
      vertex -41.5 -42.2321 2
    endloop
  endfacet
  facet normal -1 0 0
    outer loop
      vertex 42.5 40.5 2
      vertex 42.5 40.292 4.2
      vertex 42.5 40.5 27.8
    endloop
  endfacet
  facet normal -1 0 0
    outer loop
      vertex 42.5 40.5 2
      vertex 42.5 39.308 4.2
      vertex 42.5 40.292 4.2
    endloop
  endfacet
  facet normal -1 0 0
    outer loop
      vertex 42.5 39.308 4.2
      vertex 42.5 -39.308 4.2
      vertex 42.5 39.308 27.8
    endloop
  endfacet
  facet normal -1 0 0
    outer loop
      vertex 42.5 40.5 2
      vertex 42.5 -39.308 4.2
      vertex 42.5 39.308 4.2
    endloop
  endfacet
  facet normal -1 0 0
    outer loop
      vertex 42.5 -40.5 2
      vertex 42.5 -39.308 4.2
      vertex 42.5 40.5 2
    endloop
  endfacet
  facet normal -1 -0 0
    outer loop
      vertex 42.5 -39.308 4.2
      vertex 42.5 -40.5 2
      vertex 42.5 -40.292 4.2
    endloop
  endfacet
  facet normal -1 0 0
    outer loop
      vertex 42.5 -40.5 27.8
      vertex 42.5 -40.292 4.2
      vertex 42.5 -40.5 2
    endloop
  endfacet
  facet normal -1 0 0
    outer loop
      vertex 42.5 -40.292 4.2
      vertex 42.5 -40.5 27.8
      vertex 42.5 -40.292 27.8
    endloop
  endfacet
  facet normal -1 -0 0
    outer loop
      vertex 42.5 40.5 27.8
      vertex 42.5 40.292 4.2
      vertex 42.5 40.292 27.8
    endloop
  endfacet
  facet normal -1 -0 0
    outer loop
      vertex 42.5 39.308 27.8
      vertex 42.5 -39.308 4.2
      vertex 42.5 -39.308 27.8
    endloop
  endfacet
  facet normal -0.751842 -0.659343 0
    outer loop
      vertex 42.0867 41.7175 2
      vertex 41.9142 41.9142 27.8
      vertex 41.9142 41.9142 2
    endloop
  endfacet
  facet normal -0.751842 -0.659343 0
    outer loop
      vertex 41.9142 41.9142 27.8
      vertex 42.0867 41.7175 2
      vertex 42.0867 41.7175 27.8
    endloop
  endfacet
  facet normal -0.442314 -0.89686 0
    outer loop
      vertex 41.2654 42.3478 2
      vertex 41.5 42.2321 27.8
      vertex 41.2654 42.3478 27.8
    endloop
  endfacet
  facet normal -0.442314 -0.89686 -0
    outer loop
      vertex 41.5 42.2321 27.8
      vertex 41.2654 42.3478 2
      vertex 41.5 42.2321 2
    endloop
  endfacet
  facet normal 0.997861 -0.0653771 0
    outer loop
      vertex -42.5 40.5 27.8
      vertex -42.4829 40.761 2
      vertex -42.4829 40.761 27.8
    endloop
  endfacet
  facet normal 0.997861 -0.0653771 0
    outer loop
      vertex -42.4829 40.761 2
      vertex -42.5 40.5 27.8
      vertex -42.5 40.5 2
    endloop
  endfacet
  facet normal 0 0 1
    outer loop
      vertex 40.5 42.5 2
      vertex 42.5 40.5 2
      vertex 42.4829 40.761 2
    endloop
  endfacet
  facet normal 0 0 1
    outer loop
      vertex 42.5 40.5 2
      vertex 37.43 34.59 2
      vertex 42.5 -40.5 2
    endloop
  endfacet
  facet normal 0 0 1
    outer loop
      vertex 40.5 42.5 2
      vertex 42.4829 40.761 2
      vertex 42.4319 41.0176 2
    endloop
  endfacet
  facet normal -0 0 1
    outer loop
      vertex 37.43 -34.59 2
      vertex 42.5 -40.5 2
      vertex 37.43 34.59 2
    endloop
  endfacet
  facet normal 0 0 1
    outer loop
      vertex 40.5 42.5 2
      vertex 42.4319 41.0176 2
      vertex 42.3478 41.2654 2
    endloop
  endfacet
  facet normal -0 0 1
    outer loop
      vertex 37.4129 -34.851 2
      vertex 42.5 -40.5 2
      vertex 37.43 -34.59 2
    endloop
  endfacet
  facet normal 0 0 1
    outer loop
      vertex 40.5 42.5 2
      vertex 42.3478 41.2654 2
      vertex 42.2321 41.5 2
    endloop
  endfacet
  facet normal -0 0 1
    outer loop
      vertex 37.3618 -35.1076 2
      vertex 42.5 -40.5 2
      vertex 37.4129 -34.851 2
    endloop
  endfacet
  facet normal 0 0 1
    outer loop
      vertex 40.5 42.5 2
      vertex 42.2321 41.5 2
      vertex 42.0867 41.7175 2
    endloop
  endfacet
  facet normal -0 0 1
    outer loop
      vertex 37.2778 -35.3554 2
      vertex 42.5 -40.5 2
      vertex 37.3618 -35.1076 2
    endloop
  endfacet
  facet normal 0 0 1
    outer loop
      vertex 40.5 42.5 2
      vertex 42.0867 41.7175 2
      vertex 41.9142 41.9142 2
    endloop
  endfacet
  facet normal -0 0 1
    outer loop
      vertex 37.162 -35.59 2
      vertex 42.5 -40.5 2
      vertex 37.2778 -35.3554 2
    endloop
  endfacet
  facet normal 0 0 1
    outer loop
      vertex 40.5 42.5 2
      vertex 41.9142 41.9142 2
      vertex 41.7175 42.0867 2
    endloop
  endfacet
  facet normal -0 0 1
    outer loop
      vertex 37.0167 -35.8075 2
      vertex 42.5 -40.5 2
      vertex 37.162 -35.59 2
    endloop
  endfacet
  facet normal 0 0 1
    outer loop
      vertex 40.5 42.5 2
      vertex 41.7175 42.0867 2
      vertex 41.5 42.2321 2
    endloop
  endfacet
  facet normal -0 0 1
    outer loop
      vertex 36.8442 -36.0042 2
      vertex 42.5 -40.5 2
      vertex 37.0167 -35.8075 2
    endloop
  endfacet
  facet normal 0 0 1
    outer loop
      vertex 40.5 42.5 2
      vertex 41.5 42.2321 2
      vertex 41.2654 42.3478 2
    endloop
  endfacet
  facet normal -0 0 1
    outer loop
      vertex 36.6475 -36.1767 2
      vertex 42.5 -40.5 2
      vertex 36.8442 -36.0042 2
    endloop
  endfacet
  facet normal 0 0 1
    outer loop
      vertex 40.5 42.5 2
      vertex 41.2654 42.3478 2
      vertex 41.0176 42.4319 2
    endloop
  endfacet
  facet normal 0 -0 1
    outer loop
      vertex 40.5 -42.5 2
      vertex 42.5 -40.5 2
      vertex 36.6475 -36.1767 2
    endloop
  endfacet
  facet normal 0 0 1
    outer loop
      vertex 40.5 42.5 2
      vertex 41.0176 42.4319 2
      vertex 40.761 42.4829 2
    endloop
  endfacet
  facet normal 0 0 1
    outer loop
      vertex 42.4829 -40.761 2
      vertex 40.5 -42.5 2
      vertex 42.4319 -41.0176 2
    endloop
  endfacet
  facet normal 0 0 1
    outer loop
      vertex 42.5 40.5 2
      vertex 40.5 42.5 2
      vertex 36.6475 36.1767 2
    endloop
  endfacet
  facet normal 0 0 1
    outer loop
      vertex 42.4319 -41.0176 2
      vertex 40.5 -42.5 2
      vertex 42.3478 -41.2654 2
    endloop
  endfacet
  facet normal 0 0 1
    outer loop
      vertex 42.3478 -41.2654 2
      vertex 40.5 -42.5 2
      vertex 42.2321 -41.5 2
    endloop
  endfacet
  facet normal 0 0 1
    outer loop
      vertex 42.5 40.5 2
      vertex 37.4129 34.851 2
      vertex 37.43 34.59 2
    endloop
  endfacet
  facet normal 0 0 1
    outer loop
      vertex 42.5 40.5 2
      vertex 37.3618 35.1076 2
      vertex 37.4129 34.851 2
    endloop
  endfacet
  facet normal 0 0 1
    outer loop
      vertex 42.5 40.5 2
      vertex 37.2778 35.3554 2
      vertex 37.3618 35.1076 2
    endloop
  endfacet
  facet normal 0 0 1
    outer loop
      vertex 42.5 40.5 2
      vertex 37.162 35.59 2
      vertex 37.2778 35.3554 2
    endloop
  endfacet
  facet normal 0 0 1
    outer loop
      vertex 42.5 40.5 2
      vertex 37.0167 35.8075 2
      vertex 37.162 35.59 2
    endloop
  endfacet
  facet normal 0 0 1
    outer loop
      vertex 42.5 40.5 2
      vertex 36.8442 36.0042 2
      vertex 37.0167 35.8075 2
    endloop
  endfacet
  facet normal 0 0 1
    outer loop
      vertex 42.5 40.5 2
      vertex 36.6475 36.1767 2
      vertex 36.8442 36.0042 2
    endloop
  endfacet
  facet normal 0 0 1
    outer loop
      vertex 40.5 42.5 2
      vertex 36.43 36.3221 2
      vertex 36.6475 36.1767 2
    endloop
  endfacet
  facet normal 0 0 1
    outer loop
      vertex 40.5 42.5 2
      vertex 36.1954 36.4378 2
      vertex 36.43 36.3221 2
    endloop
  endfacet
  facet normal 0 0 1
    outer loop
      vertex 40.5 42.5 2
      vertex 35.9476 36.5219 2
      vertex 36.1954 36.4378 2
    endloop
  endfacet
  facet normal 0 0 1
    outer loop
      vertex 40.5 42.5 2
      vertex 35.691 36.5729 2
      vertex 35.9476 36.5219 2
    endloop
  endfacet
  facet normal 0 0 1
    outer loop
      vertex 40.5 42.5 2
      vertex 35.43 36.59 2
      vertex 35.691 36.5729 2
    endloop
  endfacet
  facet normal 0 0 1
    outer loop
      vertex 40.5 42.5 2
      vertex -35.43 36.59 2
      vertex 35.43 36.59 2
    endloop
  endfacet
  facet normal -0 0 1
    outer loop
      vertex -40.5 42.5 2
      vertex -35.43 36.59 2
      vertex 40.5 42.5 2
    endloop
  endfacet
  facet normal 0 0 1
    outer loop
      vertex -37.4129 34.851 2
      vertex -42.5 40.5 2
      vertex -37.43 34.59 2
    endloop
  endfacet
  facet normal 0 0 1
    outer loop
      vertex -37.3618 35.1076 2
      vertex -42.5 40.5 2
      vertex -37.4129 34.851 2
    endloop
  endfacet
  facet normal 0 0 1
    outer loop
      vertex -37.2778 35.3554 2
      vertex -42.5 40.5 2
      vertex -37.3618 35.1076 2
    endloop
  endfacet
  facet normal 0 0 1
    outer loop
      vertex -37.162 35.59 2
      vertex -42.5 40.5 2
      vertex -37.2778 35.3554 2
    endloop
  endfacet
  facet normal 0 0 1
    outer loop
      vertex -37.0167 35.8075 2
      vertex -42.5 40.5 2
      vertex -37.162 35.59 2
    endloop
  endfacet
  facet normal 0 0 1
    outer loop
      vertex -36.8442 36.0042 2
      vertex -42.5 40.5 2
      vertex -37.0167 35.8075 2
    endloop
  endfacet
  facet normal 0 0 1
    outer loop
      vertex -36.6475 36.1767 2
      vertex -42.5 40.5 2
      vertex -36.8442 36.0042 2
    endloop
  endfacet
  facet normal -0 0 1
    outer loop
      vertex -42.5 40.5 2
      vertex -36.6475 36.1767 2
      vertex -40.5 42.5 2
    endloop
  endfacet
  facet normal 0 0 1
    outer loop
      vertex -36.43 36.3221 2
      vertex -40.5 42.5 2
      vertex -36.6475 36.1767 2
    endloop
  endfacet
  facet normal 0 0 1
    outer loop
      vertex -36.1954 36.4378 2
      vertex -40.5 42.5 2
      vertex -36.43 36.3221 2
    endloop
  endfacet
  facet normal 0 0 1
    outer loop
      vertex -35.9476 36.5219 2
      vertex -40.5 42.5 2
      vertex -36.1954 36.4378 2
    endloop
  endfacet
  facet normal 0 0 1
    outer loop
      vertex -35.691 36.5729 2
      vertex -40.5 42.5 2
      vertex -35.9476 36.5219 2
    endloop
  endfacet
  facet normal 0 0 1
    outer loop
      vertex -35.43 36.59 2
      vertex -40.5 42.5 2
      vertex -35.691 36.5729 2
    endloop
  endfacet
  facet normal 0 0 1
    outer loop
      vertex 42.2321 -41.5 2
      vertex 40.5 -42.5 2
      vertex 42.0867 -41.7175 2
    endloop
  endfacet
  facet normal 0 0 1
    outer loop
      vertex 42.0867 -41.7175 2
      vertex 40.5 -42.5 2
      vertex 41.9142 -41.9142 2
    endloop
  endfacet
  facet normal 0 0 1
    outer loop
      vertex 41.7175 -42.0867 2
      vertex 40.5 -42.5 2
      vertex 41.5 -42.2321 2
    endloop
  endfacet
  facet normal 0 0 1
    outer loop
      vertex 41.5 -42.2321 2
      vertex 40.5 -42.5 2
      vertex 41.2654 -42.3478 2
    endloop
  endfacet
  facet normal 0 0 1
    outer loop
      vertex 41.2654 -42.3478 2
      vertex 40.5 -42.5 2
      vertex 41.0176 -42.4319 2
    endloop
  endfacet
  facet normal 0 0 1
    outer loop
      vertex 41.0176 -42.4319 2
      vertex 40.5 -42.5 2
      vertex 40.761 -42.4829 2
    endloop
  endfacet
  facet normal 0 0 1
    outer loop
      vertex 41.9142 -41.9142 2
      vertex 40.5 -42.5 2
      vertex 41.7175 -42.0867 2
    endloop
  endfacet
  facet normal 0 0 1
    outer loop
      vertex 42.5 -40.5 2
      vertex 40.5 -42.5 2
      vertex 42.4829 -40.761 2
    endloop
  endfacet
  facet normal -0 0 1
    outer loop
      vertex 36.43 -36.3221 2
      vertex 40.5 -42.5 2
      vertex 36.6475 -36.1767 2
    endloop
  endfacet
  facet normal -0 0 1
    outer loop
      vertex 36.1954 -36.4378 2
      vertex 40.5 -42.5 2
      vertex 36.43 -36.3221 2
    endloop
  endfacet
  facet normal -0 0 1
    outer loop
      vertex 35.9476 -36.5219 2
      vertex 40.5 -42.5 2
      vertex 36.1954 -36.4378 2
    endloop
  endfacet
  facet normal -0 0 1
    outer loop
      vertex 35.691 -36.5729 2
      vertex 40.5 -42.5 2
      vertex 35.9476 -36.5219 2
    endloop
  endfacet
  facet normal -0 0 1
    outer loop
      vertex 35.43 -36.59 2
      vertex 40.5 -42.5 2
      vertex 35.691 -36.5729 2
    endloop
  endfacet
  facet normal -0 0 1
    outer loop
      vertex -35.43 -36.59 2
      vertex 40.5 -42.5 2
      vertex 35.43 -36.59 2
    endloop
  endfacet
  facet normal 0 0 1
    outer loop
      vertex -40.5 -42.5 2
      vertex -35.43 -36.59 2
      vertex -35.691 -36.5729 2
    endloop
  endfacet
  facet normal 0 0 1
    outer loop
      vertex -35.43 -36.59 2
      vertex -40.5 -42.5 2
      vertex 40.5 -42.5 2
    endloop
  endfacet
  facet normal 0 0 1
    outer loop
      vertex -35.9476 -36.5219 2
      vertex -40.5 -42.5 2
      vertex -35.691 -36.5729 2
    endloop
  endfacet
  facet normal 0 0 1
    outer loop
      vertex -36.1954 -36.4378 2
      vertex -40.5 -42.5 2
      vertex -35.9476 -36.5219 2
    endloop
  endfacet
  facet normal 0 0 1
    outer loop
      vertex -36.43 -36.3221 2
      vertex -40.5 -42.5 2
      vertex -36.1954 -36.4378 2
    endloop
  endfacet
  facet normal 0 0 1
    outer loop
      vertex -36.6475 -36.1767 2
      vertex -40.5 -42.5 2
      vertex -36.43 -36.3221 2
    endloop
  endfacet
  facet normal 0 0 1
    outer loop
      vertex -42.5 -40.5 2
      vertex -36.6475 -36.1767 2
      vertex -36.8442 -36.0042 2
    endloop
  endfacet
  facet normal 0 0 1
    outer loop
      vertex -42.5 -40.5 2
      vertex -36.8442 -36.0042 2
      vertex -37.0167 -35.8075 2
    endloop
  endfacet
  facet normal 0 0 1
    outer loop
      vertex -42.5 -40.5 2
      vertex -37.0167 -35.8075 2
      vertex -37.162 -35.59 2
    endloop
  endfacet
  facet normal 0 0 1
    outer loop
      vertex -42.5 -40.5 2
      vertex -37.162 -35.59 2
      vertex -37.2778 -35.3554 2
    endloop
  endfacet
  facet normal 0 0 1
    outer loop
      vertex -42.5 -40.5 2
      vertex -37.2778 -35.3554 2
      vertex -37.3618 -35.1076 2
    endloop
  endfacet
  facet normal 0 0 1
    outer loop
      vertex -42.5 -40.5 2
      vertex -37.3618 -35.1076 2
      vertex -37.4129 -34.851 2
    endloop
  endfacet
  facet normal 0 0 1
    outer loop
      vertex -42.5 -40.5 2
      vertex -37.4129 -34.851 2
      vertex -37.43 -34.59 2
    endloop
  endfacet
  facet normal 0 0 1
    outer loop
      vertex -37.43 34.59 2
      vertex -42.5 40.5 2
      vertex -37.43 -34.59 2
    endloop
  endfacet
  facet normal 0 0 1
    outer loop
      vertex -42.5 40.5 2
      vertex -40.5 42.5 2
      vertex -40.761 42.4829 2
    endloop
  endfacet
  facet normal 0 0 1
    outer loop
      vertex -42.5 -40.5 2
      vertex -37.43 -34.59 2
      vertex -42.5 40.5 2
    endloop
  endfacet
  facet normal 0 0 1
    outer loop
      vertex -42.5 40.5 2
      vertex -40.761 42.4829 2
      vertex -41.0176 42.4319 2
    endloop
  endfacet
  facet normal 0 0 1
    outer loop
      vertex -36.6475 -36.1767 2
      vertex -42.5 -40.5 2
      vertex -40.5 -42.5 2
    endloop
  endfacet
  facet normal 0 0 1
    outer loop
      vertex -42.5 40.5 2
      vertex -41.0176 42.4319 2
      vertex -41.2654 42.3478 2
    endloop
  endfacet
  facet normal 0 0 1
    outer loop
      vertex -40.5 -42.5 2
      vertex -42.5 -40.5 2
      vertex -40.761 -42.4829 2
    endloop
  endfacet
  facet normal 0 0 1
    outer loop
      vertex -42.5 40.5 2
      vertex -41.2654 42.3478 2
      vertex -41.5 42.2321 2
    endloop
  endfacet
  facet normal 0 0 1
    outer loop
      vertex -40.761 -42.4829 2
      vertex -42.5 -40.5 2
      vertex -41.0176 -42.4319 2
    endloop
  endfacet
  facet normal 0 0 1
    outer loop
      vertex -42.5 40.5 2
      vertex -41.5 42.2321 2
      vertex -41.7175 42.0867 2
    endloop
  endfacet
  facet normal 0 0 1
    outer loop
      vertex -41.0176 -42.4319 2
      vertex -42.5 -40.5 2
      vertex -41.2654 -42.3478 2
    endloop
  endfacet
  facet normal 0 0 1
    outer loop
      vertex -42.5 40.5 2
      vertex -41.7175 42.0867 2
      vertex -41.9142 41.9142 2
    endloop
  endfacet
  facet normal 0 0 1
    outer loop
      vertex -41.2654 -42.3478 2
      vertex -42.5 -40.5 2
      vertex -41.5 -42.2321 2
    endloop
  endfacet
  facet normal 0 0 1
    outer loop
      vertex -42.5 40.5 2
      vertex -41.9142 41.9142 2
      vertex -42.0867 41.7175 2
    endloop
  endfacet
  facet normal 0 0 1
    outer loop
      vertex -41.5 -42.2321 2
      vertex -42.5 -40.5 2
      vertex -41.7175 -42.0867 2
    endloop
  endfacet
  facet normal 0 0 1
    outer loop
      vertex -42.5 40.5 2
      vertex -42.0867 41.7175 2
      vertex -42.2321 41.5 2
    endloop
  endfacet
  facet normal 0 0 1
    outer loop
      vertex -41.7175 -42.0867 2
      vertex -42.5 -40.5 2
      vertex -41.9142 -41.9142 2
    endloop
  endfacet
  facet normal 0 0 1
    outer loop
      vertex -42.5 40.5 2
      vertex -42.2321 41.5 2
      vertex -42.3478 41.2654 2
    endloop
  endfacet
  facet normal 0 0 1
    outer loop
      vertex -41.9142 -41.9142 2
      vertex -42.5 -40.5 2
      vertex -42.0867 -41.7175 2
    endloop
  endfacet
  facet normal 0 0 1
    outer loop
      vertex -42.5 40.5 2
      vertex -42.3478 41.2654 2
      vertex -42.4319 41.0176 2
    endloop
  endfacet
  facet normal 0 0 1
    outer loop
      vertex -42.0867 -41.7175 2
      vertex -42.5 -40.5 2
      vertex -42.2321 -41.5 2
    endloop
  endfacet
  facet normal 0 0 1
    outer loop
      vertex -42.5 40.5 2
      vertex -42.4319 41.0176 2
      vertex -42.4829 40.761 2
    endloop
  endfacet
  facet normal 0 0 1
    outer loop
      vertex -42.2321 -41.5 2
      vertex -42.5 -40.5 2
      vertex -42.3478 -41.2654 2
    endloop
  endfacet
  facet normal 0 0 1
    outer loop
      vertex -42.3478 -41.2654 2
      vertex -42.5 -40.5 2
      vertex -42.4319 -41.0176 2
    endloop
  endfacet
  facet normal 0 0 1
    outer loop
      vertex -42.4319 -41.0176 2
      vertex -42.5 -40.5 2
      vertex -42.4829 -40.761 2
    endloop
  endfacet
  facet normal 0.0653771 0.997861 -0
    outer loop
      vertex -40.5 -42.5 2
      vertex -40.761 -42.4829 27.8
      vertex -40.5 -42.5 27.8
    endloop
  endfacet
  facet normal 0.0653771 0.997861 0
    outer loop
      vertex -40.761 -42.4829 27.8
      vertex -40.5 -42.5 2
      vertex -40.761 -42.4829 2
    endloop
  endfacet
  facet normal -0.321382 -0.94695 0
    outer loop
      vertex 41.0176 42.4319 2
      vertex 41.2654 42.3478 27.8
      vertex 41.0176 42.4319 27.8
    endloop
  endfacet
  facet normal -0.321382 -0.94695 -0
    outer loop
      vertex 41.2654 42.3478 27.8
      vertex 41.0176 42.4319 2
      vertex 41.2654 42.3478 2
    endloop
  endfacet
  facet normal 0.442314 -0.89686 0
    outer loop
      vertex -41.5 42.2321 2
      vertex -41.2654 42.3478 27.8
      vertex -41.5 42.2321 27.8
    endloop
  endfacet
  facet normal 0.442314 -0.89686 0
    outer loop
      vertex -41.2654 42.3478 27.8
      vertex -41.5 42.2321 2
      vertex -41.2654 42.3478 2
    endloop
  endfacet
  facet normal 0.94695 -0.321382 0
    outer loop
      vertex -42.4319 41.0176 27.8
      vertex -42.3478 41.2654 2
      vertex -42.3478 41.2654 27.8
    endloop
  endfacet
  facet normal 0.94695 -0.321382 0
    outer loop
      vertex -42.3478 41.2654 2
      vertex -42.4319 41.0176 27.8
      vertex -42.4319 41.0176 2
    endloop
  endfacet
  facet normal 0.980815 -0.19494 0
    outer loop
      vertex -42.4829 40.761 27.8
      vertex -42.4319 41.0176 2
      vertex -42.4319 41.0176 27.8
    endloop
  endfacet
  facet normal 0.980815 -0.19494 0
    outer loop
      vertex -42.4319 41.0176 2
      vertex -42.4829 40.761 27.8
      vertex -42.4829 40.761 2
    endloop
  endfacet
  facet normal 0.659343 0.751842 -0
    outer loop
      vertex -41.7175 -42.0867 2
      vertex -41.9142 -41.9142 27.8
      vertex -41.7175 -42.0867 27.8
    endloop
  endfacet
  facet normal 0.659343 0.751842 0
    outer loop
      vertex -41.9142 -41.9142 27.8
      vertex -41.7175 -42.0867 2
      vertex -41.9142 -41.9142 2
    endloop
  endfacet
  facet normal 0.831344 0.555758 0
    outer loop
      vertex -42.0867 -41.7175 27.8
      vertex -42.2321 -41.5 2
      vertex -42.2321 -41.5 27.8
    endloop
  endfacet
  facet normal 0.831344 0.555758 0
    outer loop
      vertex -42.2321 -41.5 2
      vertex -42.0867 -41.7175 27.8
      vertex -42.0867 -41.7175 2
    endloop
  endfacet
  facet normal 0.19494 0.980815 -0
    outer loop
      vertex -40.761 -42.4829 2
      vertex -41.0176 -42.4319 27.8
      vertex -40.761 -42.4829 27.8
    endloop
  endfacet
  facet normal 0.19494 0.980815 0
    outer loop
      vertex -41.0176 -42.4319 27.8
      vertex -40.761 -42.4829 2
      vertex -41.0176 -42.4319 2
    endloop
  endfacet
  facet normal -0.321382 0.94695 0
    outer loop
      vertex 41.2654 -42.3478 2
      vertex 41.0176 -42.4319 27.8
      vertex 41.2654 -42.3478 27.8
    endloop
  endfacet
  facet normal -0.321382 0.94695 0
    outer loop
      vertex 41.0176 -42.4319 27.8
      vertex 41.2654 -42.3478 2
      vertex 41.0176 -42.4319 2
    endloop
  endfacet
  facet normal -0.19494 -0.980815 0
    outer loop
      vertex 40.761 42.4829 2
      vertex 41.0176 42.4319 27.8
      vertex 40.761 42.4829 27.8
    endloop
  endfacet
  facet normal -0.19494 -0.980815 -0
    outer loop
      vertex 41.0176 42.4319 27.8
      vertex 40.761 42.4829 2
      vertex 41.0176 42.4319 2
    endloop
  endfacet
  facet normal -0.555758 -0.831344 0
    outer loop
      vertex 41.5 42.2321 2
      vertex 41.7175 42.0867 27.8
      vertex 41.5 42.2321 27.8
    endloop
  endfacet
  facet normal -0.555758 -0.831344 -0
    outer loop
      vertex 41.7175 42.0867 27.8
      vertex 41.5 42.2321 2
      vertex 41.7175 42.0867 2
    endloop
  endfacet
  facet normal -0.659343 -0.751842 0
    outer loop
      vertex 41.7175 42.0867 2
      vertex 41.9142 41.9142 27.8
      vertex 41.7175 42.0867 27.8
    endloop
  endfacet
  facet normal -0.659343 -0.751842 -0
    outer loop
      vertex 41.9142 41.9142 27.8
      vertex 41.7175 42.0867 2
      vertex 41.9142 41.9142 2
    endloop
  endfacet
  facet normal 0.89686 -0.442314 0
    outer loop
      vertex -42.3478 41.2654 27.8
      vertex -42.2321 41.5 2
      vertex -42.2321 41.5 27.8
    endloop
  endfacet
  facet normal 0.89686 -0.442314 0
    outer loop
      vertex -42.2321 41.5 2
      vertex -42.3478 41.2654 27.8
      vertex -42.3478 41.2654 2
    endloop
  endfacet
  facet normal 0.555758 0.831344 -0
    outer loop
      vertex -41.5 -42.2321 2
      vertex -41.7175 -42.0867 27.8
      vertex -41.5 -42.2321 27.8
    endloop
  endfacet
  facet normal 0.555758 0.831344 0
    outer loop
      vertex -41.7175 -42.0867 27.8
      vertex -41.5 -42.2321 2
      vertex -41.7175 -42.0867 2
    endloop
  endfacet
  facet normal 0.94695 0.321382 0
    outer loop
      vertex -42.3478 -41.2654 27.8
      vertex -42.4319 -41.0176 2
      vertex -42.4319 -41.0176 27.8
    endloop
  endfacet
  facet normal 0.94695 0.321382 0
    outer loop
      vertex -42.4319 -41.0176 2
      vertex -42.3478 -41.2654 27.8
      vertex -42.3478 -41.2654 2
    endloop
  endfacet
  facet normal 0.89686 0.442314 0
    outer loop
      vertex -42.2321 -41.5 27.8
      vertex -42.3478 -41.2654 2
      vertex -42.3478 -41.2654 27.8
    endloop
  endfacet
  facet normal 0.89686 0.442314 0
    outer loop
      vertex -42.3478 -41.2654 2
      vertex -42.2321 -41.5 27.8
      vertex -42.2321 -41.5 2
    endloop
  endfacet
  facet normal -0.89686 -0.442314 0
    outer loop
      vertex 42.3478 41.2654 2
      vertex 42.2321 41.5 27.8
      vertex 42.2321 41.5 2
    endloop
  endfacet
  facet normal -0.89686 -0.442314 0
    outer loop
      vertex 42.2321 41.5 27.8
      vertex 42.3478 41.2654 2
      vertex 42.3478 41.2654 27.8
    endloop
  endfacet
  facet normal -0.997861 -0.0653771 0
    outer loop
      vertex 42.5 40.5 2
      vertex 42.4829 40.761 27.8
      vertex 42.4829 40.761 2
    endloop
  endfacet
  facet normal -0.997861 -0.0653771 0
    outer loop
      vertex 42.4829 40.761 27.8
      vertex 42.5 40.5 2
      vertex 42.5 40.5 27.8
    endloop
  endfacet
  facet normal -0.94695 -0.321382 0
    outer loop
      vertex 42.4319 41.0176 2
      vertex 42.3478 41.2654 27.8
      vertex 42.3478 41.2654 2
    endloop
  endfacet
  facet normal -0.94695 -0.321382 0
    outer loop
      vertex 42.3478 41.2654 27.8
      vertex 42.4319 41.0176 2
      vertex 42.4319 41.0176 27.8
    endloop
  endfacet
  facet normal -0.997861 0.0653771 0
    outer loop
      vertex 42.4829 -40.761 2
      vertex 42.5 -40.5 27.8
      vertex 42.5 -40.5 2
    endloop
  endfacet
  facet normal -0.997861 0.0653771 0
    outer loop
      vertex 42.5 -40.5 27.8
      vertex 42.4829 -40.761 2
      vertex 42.4829 -40.761 27.8
    endloop
  endfacet
  facet normal -0.751842 0.659343 0
    outer loop
      vertex 41.9142 -41.9142 2
      vertex 42.0867 -41.7175 27.8
      vertex 42.0867 -41.7175 2
    endloop
  endfacet
  facet normal -0.751842 0.659343 0
    outer loop
      vertex 42.0867 -41.7175 27.8
      vertex 41.9142 -41.9142 2
      vertex 41.9142 -41.9142 27.8
    endloop
  endfacet
  facet normal -0.442314 0.89686 0
    outer loop
      vertex 41.5 -42.2321 2
      vertex 41.2654 -42.3478 27.8
      vertex 41.5 -42.2321 27.8
    endloop
  endfacet
  facet normal -0.442314 0.89686 0
    outer loop
      vertex 41.2654 -42.3478 27.8
      vertex 41.5 -42.2321 2
      vertex 41.2654 -42.3478 2
    endloop
  endfacet
  facet normal 0.555758 -0.831344 0
    outer loop
      vertex -41.7175 42.0867 2
      vertex -41.5 42.2321 27.8
      vertex -41.7175 42.0867 27.8
    endloop
  endfacet
  facet normal 0.555758 -0.831344 0
    outer loop
      vertex -41.5 42.2321 27.8
      vertex -41.7175 42.0867 2
      vertex -41.5 42.2321 2
    endloop
  endfacet
  facet normal 0.321382 -0.94695 0
    outer loop
      vertex -41.2654 42.3478 2
      vertex -41.0176 42.4319 27.8
      vertex -41.2654 42.3478 27.8
    endloop
  endfacet
  facet normal 0.321382 -0.94695 0
    outer loop
      vertex -41.0176 42.4319 27.8
      vertex -41.2654 42.3478 2
      vertex -41.0176 42.4319 2
    endloop
  endfacet
  facet normal 0.19494 -0.980815 0
    outer loop
      vertex -41.0176 42.4319 2
      vertex -40.761 42.4829 27.8
      vertex -41.0176 42.4319 27.8
    endloop
  endfacet
  facet normal 0.19494 -0.980815 0
    outer loop
      vertex -40.761 42.4829 27.8
      vertex -41.0176 42.4319 2
      vertex -40.761 42.4829 2
    endloop
  endfacet
  facet normal 0.751842 -0.659343 0
    outer loop
      vertex -42.0867 41.7175 27.8
      vertex -41.9142 41.9142 2
      vertex -41.9142 41.9142 27.8
    endloop
  endfacet
  facet normal 0.751842 -0.659343 0
    outer loop
      vertex -41.9142 41.9142 2
      vertex -42.0867 41.7175 27.8
      vertex -42.0867 41.7175 2
    endloop
  endfacet
  facet normal 0.831344 -0.555758 0
    outer loop
      vertex -42.2321 41.5 27.8
      vertex -42.0867 41.7175 2
      vertex -42.0867 41.7175 27.8
    endloop
  endfacet
  facet normal 0.831344 -0.555758 0
    outer loop
      vertex -42.0867 41.7175 2
      vertex -42.2321 41.5 27.8
      vertex -42.2321 41.5 2
    endloop
  endfacet
  facet normal 0.980815 0.19494 0
    outer loop
      vertex -42.4319 -41.0176 27.8
      vertex -42.4829 -40.761 2
      vertex -42.4829 -40.761 27.8
    endloop
  endfacet
  facet normal 0.980815 0.19494 0
    outer loop
      vertex -42.4829 -40.761 2
      vertex -42.4319 -41.0176 27.8
      vertex -42.4319 -41.0176 2
    endloop
  endfacet
  facet normal -0.831344 -0.555758 0
    outer loop
      vertex 42.2321 41.5 2
      vertex 42.0867 41.7175 27.8
      vertex 42.0867 41.7175 2
    endloop
  endfacet
  facet normal -0.831344 -0.555758 0
    outer loop
      vertex 42.0867 41.7175 27.8
      vertex 42.2321 41.5 2
      vertex 42.2321 41.5 27.8
    endloop
  endfacet
  facet normal -0.980815 -0.19494 0
    outer loop
      vertex 42.4829 40.761 2
      vertex 42.4319 41.0176 27.8
      vertex 42.4319 41.0176 2
    endloop
  endfacet
  facet normal -0.980815 -0.19494 0
    outer loop
      vertex 42.4319 41.0176 27.8
      vertex 42.4829 40.761 2
      vertex 42.4829 40.761 27.8
    endloop
  endfacet
  facet normal -0.94695 0.321382 0
    outer loop
      vertex 42.3478 -41.2654 2
      vertex 42.4319 -41.0176 27.8
      vertex 42.4319 -41.0176 2
    endloop
  endfacet
  facet normal -0.94695 0.321382 0
    outer loop
      vertex 42.4319 -41.0176 27.8
      vertex 42.3478 -41.2654 2
      vertex 42.3478 -41.2654 27.8
    endloop
  endfacet
  facet normal -0.659343 0.751842 0
    outer loop
      vertex 41.9142 -41.9142 2
      vertex 41.7175 -42.0867 27.8
      vertex 41.9142 -41.9142 27.8
    endloop
  endfacet
  facet normal -0.659343 0.751842 0
    outer loop
      vertex 41.7175 -42.0867 27.8
      vertex 41.9142 -41.9142 2
      vertex 41.7175 -42.0867 2
    endloop
  endfacet
  facet normal -0.555758 0.831344 0
    outer loop
      vertex 41.7175 -42.0867 2
      vertex 41.5 -42.2321 27.8
      vertex 41.7175 -42.0867 27.8
    endloop
  endfacet
  facet normal -0.555758 0.831344 0
    outer loop
      vertex 41.5 -42.2321 27.8
      vertex 41.7175 -42.0867 2
      vertex 41.5 -42.2321 2
    endloop
  endfacet
  facet normal -0.831344 0.555758 0
    outer loop
      vertex 42.0867 -41.7175 2
      vertex 42.2321 -41.5 27.8
      vertex 42.2321 -41.5 2
    endloop
  endfacet
  facet normal -0.831344 0.555758 0
    outer loop
      vertex 42.2321 -41.5 27.8
      vertex 42.0867 -41.7175 2
      vertex 42.0867 -41.7175 27.8
    endloop
  endfacet
  facet normal -0.89686 0.442314 0
    outer loop
      vertex 42.2321 -41.5 2
      vertex 42.3478 -41.2654 27.8
      vertex 42.3478 -41.2654 2
    endloop
  endfacet
  facet normal -0.89686 0.442314 0
    outer loop
      vertex 42.3478 -41.2654 27.8
      vertex 42.2321 -41.5 2
      vertex 42.2321 -41.5 27.8
    endloop
  endfacet
  facet normal -0.980815 0.19494 0
    outer loop
      vertex 42.4319 -41.0176 2
      vertex 42.4829 -40.761 27.8
      vertex 42.4829 -40.761 2
    endloop
  endfacet
  facet normal -0.980815 0.19494 0
    outer loop
      vertex 42.4829 -40.761 27.8
      vertex 42.4319 -41.0176 2
      vertex 42.4319 -41.0176 27.8
    endloop
  endfacet
  facet normal 0 0 -1
    outer loop
      vertex -44.9 -11.7 14.1
      vertex -42.5 1.3 14.1
      vertex -42.5 -11.7 14.1
    endloop
  endfacet
  facet normal -0 0 -1
    outer loop
      vertex -42.5 1.3 14.1
      vertex -44.9 -11.7 14.1
      vertex -44.9 1.3 14.1
    endloop
  endfacet
  facet normal 0 -1 0
    outer loop
      vertex -44.9 1.3 7.6
      vertex -42.5 1.3 14.1
      vertex -44.9 1.3 14.1
    endloop
  endfacet
  facet normal 0 -1 -0
    outer loop
      vertex -42.5 1.3 14.1
      vertex -44.9 1.3 7.6
      vertex -42.5 1.3 7.6
    endloop
  endfacet
  facet normal -0 0 1
    outer loop
      vertex -44.9 1.3 7.6
      vertex -42.5 -11.7 7.6
      vertex -42.5 1.3 7.6
    endloop
  endfacet
  facet normal 0 0 1
    outer loop
      vertex -42.5 -11.7 7.6
      vertex -44.9 1.3 7.6
      vertex -44.9 -11.7 7.6
    endloop
  endfacet
  facet normal 0 1 -0
    outer loop
      vertex -42.5 -11.7 7.6
      vertex -44.9 -11.7 14.1
      vertex -42.5 -11.7 14.1
    endloop
  endfacet
  facet normal 0 1 0
    outer loop
      vertex -44.9 -11.7 14.1
      vertex -42.5 -11.7 7.6
      vertex -44.9 -11.7 7.6
    endloop
  endfacet
  facet normal 0.997863 0.0653379 0
    outer loop
      vertex -37.05 -39.8 27.8
      vertex -37.0735 -39.4411 4.2
      vertex -37.0735 -39.4411 27.8
    endloop
  endfacet
  facet normal 0.997863 0.0653379 0
    outer loop
      vertex -37.0735 -39.4411 4.2
      vertex -37.05 -39.8 27.8
      vertex -37.05 -39.8 4.2
    endloop
  endfacet
  facet normal 0.0653379 0.997863 -0
    outer loop
      vertex -39.4411 -37.0735 4.2
      vertex -39.8 -37.05 27.8
      vertex -39.4411 -37.0735 27.8
    endloop
  endfacet
  facet normal 0.0653379 0.997863 0
    outer loop
      vertex -39.8 -37.05 27.8
      vertex -39.4411 -37.0735 4.2
      vertex -39.8 -37.05 4.2
    endloop
  endfacet
  facet normal -0.751749 -0.659449 0
    outer loop
      vertex -41.7445 -41.7445 4.2
      vertex -41.9817 -41.4741 27.8
      vertex -41.9817 -41.4741 4.2
    endloop
  endfacet
  facet normal -0.751749 -0.659449 0
    outer loop
      vertex -41.9817 -41.4741 27.8
      vertex -41.7445 -41.7445 4.2
      vertex -41.7445 -41.7445 27.8
    endloop
  endfacet
  facet normal 0.751749 0.659449 0
    outer loop
      vertex -37.6183 -38.1259 27.8
      vertex -37.8555 -37.8555 4.2
      vertex -37.8555 -37.8555 27.8
    endloop
  endfacet
  facet normal 0.751749 0.659449 0
    outer loop
      vertex -37.8555 -37.8555 4.2
      vertex -37.6183 -38.1259 27.8
      vertex -37.6183 -38.1259 4.2
    endloop
  endfacet
  facet normal -0.659449 0.751749 0
    outer loop
      vertex -41.4741 -37.6183 4.2
      vertex -41.7445 -37.8555 27.8
      vertex -41.4741 -37.6183 27.8
    endloop
  endfacet
  facet normal -0.659449 0.751749 0
    outer loop
      vertex -41.7445 -37.8555 27.8
      vertex -41.4741 -37.6183 4.2
      vertex -41.7445 -37.8555 4.2
    endloop
  endfacet
  facet normal -0.321394 0.946945 0
    outer loop
      vertex -40.5118 -37.1437 4.2
      vertex -40.8524 -37.2593 27.8
      vertex -40.5118 -37.1437 27.8
    endloop
  endfacet
  facet normal -0.321394 0.946945 0
    outer loop
      vertex -40.8524 -37.2593 27.8
      vertex -40.5118 -37.1437 4.2
      vertex -40.8524 -37.2593 4.2
    endloop
  endfacet
  facet normal 0.946945 0.321394 0
    outer loop
      vertex -37.1437 -39.0882 27.8
      vertex -37.2593 -38.7476 4.2
      vertex -37.2593 -38.7476 27.8
    endloop
  endfacet
  facet normal 0.946945 0.321394 0
    outer loop
      vertex -37.2593 -38.7476 4.2
      vertex -37.1437 -39.0882 27.8
      vertex -37.1437 -39.0882 4.2
    endloop
  endfacet
  facet normal 0.980783 0.195101 0
    outer loop
      vertex -37.0735 -39.4411 27.8
      vertex -37.1437 -39.0882 4.2
      vertex -37.1437 -39.0882 27.8
    endloop
  endfacet
  facet normal 0.980783 0.195101 0
    outer loop
      vertex -37.1437 -39.0882 4.2
      vertex -37.0735 -39.4411 27.8
      vertex -37.0735 -39.4411 4.2
    endloop
  endfacet
  facet normal 0.89686 0.442314 0
    outer loop
      vertex -37.2593 -38.7476 27.8
      vertex -37.4184 -38.425 4.2
      vertex -37.4184 -38.425 27.8
    endloop
  endfacet
  facet normal 0.89686 0.442314 0
    outer loop
      vertex -37.4184 -38.425 4.2
      vertex -37.2593 -38.7476 27.8
      vertex -37.2593 -38.7476 4.2
    endloop
  endfacet
  facet normal 0.442314 0.89686 -0
    outer loop
      vertex -38.425 -37.4184 4.2
      vertex -38.7476 -37.2593 27.8
      vertex -38.425 -37.4184 27.8
    endloop
  endfacet
  facet normal 0.442314 0.89686 0
    outer loop
      vertex -38.7476 -37.2593 27.8
      vertex -38.425 -37.4184 4.2
      vertex -38.7476 -37.2593 4.2
    endloop
  endfacet
  facet normal 0.321394 0.946945 -0
    outer loop
      vertex -38.7476 -37.2593 4.2
      vertex -39.0882 -37.1437 27.8
      vertex -38.7476 -37.2593 27.8
    endloop
  endfacet
  facet normal 0.321394 0.946945 0
    outer loop
      vertex -39.0882 -37.1437 27.8
      vertex -38.7476 -37.2593 4.2
      vertex -39.0882 -37.1437 4.2
    endloop
  endfacet
  facet normal 0.555662 0.831408 -0
    outer loop
      vertex -38.1259 -37.6183 4.2
      vertex -38.425 -37.4184 27.8
      vertex -38.1259 -37.6183 27.8
    endloop
  endfacet
  facet normal 0.555662 0.831408 0
    outer loop
      vertex -38.425 -37.4184 27.8
      vertex -38.1259 -37.6183 4.2
      vertex -38.425 -37.4184 4.2
    endloop
  endfacet
  facet normal -0.89686 0.442314 0
    outer loop
      vertex -42.3407 -38.7476 4.2
      vertex -42.1816 -38.425 27.8
      vertex -42.1816 -38.425 4.2
    endloop
  endfacet
  facet normal -0.89686 0.442314 0
    outer loop
      vertex -42.1816 -38.425 27.8
      vertex -42.3407 -38.7476 4.2
      vertex -42.3407 -38.7476 27.8
    endloop
  endfacet
  facet normal -0.946945 0.321394 0
    outer loop
      vertex -42.4563 -39.0882 4.2
      vertex -42.3407 -38.7476 27.8
      vertex -42.3407 -38.7476 4.2
    endloop
  endfacet
  facet normal -0.946945 0.321394 0
    outer loop
      vertex -42.3407 -38.7476 27.8
      vertex -42.4563 -39.0882 4.2
      vertex -42.4563 -39.0882 27.8
    endloop
  endfacet
  facet normal -0.442314 0.89686 0
    outer loop
      vertex -40.8524 -37.2593 4.2
      vertex -41.175 -37.4184 27.8
      vertex -40.8524 -37.2593 27.8
    endloop
  endfacet
  facet normal -0.442314 0.89686 0
    outer loop
      vertex -41.175 -37.4184 27.8
      vertex -40.8524 -37.2593 4.2
      vertex -41.175 -37.4184 4.2
    endloop
  endfacet
  facet normal -0.195101 0.980783 0
    outer loop
      vertex -40.1589 -37.0735 4.2
      vertex -40.5118 -37.1437 27.8
      vertex -40.1589 -37.0735 27.8
    endloop
  endfacet
  facet normal -0.195101 0.980783 0
    outer loop
      vertex -40.5118 -37.1437 27.8
      vertex -40.1589 -37.0735 4.2
      vertex -40.5118 -37.1437 4.2
    endloop
  endfacet
  facet normal 0.442314 -0.89686 0
    outer loop
      vertex -38.7476 -42.3407 4.2
      vertex -38.425 -42.1816 27.8
      vertex -38.7476 -42.3407 27.8
    endloop
  endfacet
  facet normal 0.442314 -0.89686 0
    outer loop
      vertex -38.425 -42.1816 27.8
      vertex -38.7476 -42.3407 4.2
      vertex -38.425 -42.1816 4.2
    endloop
  endfacet
  facet normal 0.980783 -0.195101 0
    outer loop
      vertex -37.1437 -40.5118 27.8
      vertex -37.0735 -40.1589 4.2
      vertex -37.0735 -40.1589 27.8
    endloop
  endfacet
  facet normal 0.980783 -0.195101 0
    outer loop
      vertex -37.0735 -40.1589 4.2
      vertex -37.1437 -40.5118 27.8
      vertex -37.1437 -40.5118 4.2
    endloop
  endfacet
  facet normal -0.321394 -0.946945 0
    outer loop
      vertex -40.8524 -42.3407 4.2
      vertex -40.5118 -42.4563 27.8
      vertex -40.8524 -42.3407 27.8
    endloop
  endfacet
  facet normal -0.321394 -0.946945 -0
    outer loop
      vertex -40.5118 -42.4563 27.8
      vertex -40.8524 -42.3407 4.2
      vertex -40.5118 -42.4563 4.2
    endloop
  endfacet
  facet normal -0.89686 -0.442314 0
    outer loop
      vertex -42.1816 -41.175 4.2
      vertex -42.3407 -40.8524 27.8
      vertex -42.3407 -40.8524 4.2
    endloop
  endfacet
  facet normal -0.89686 -0.442314 0
    outer loop
      vertex -42.3407 -40.8524 27.8
      vertex -42.1816 -41.175 4.2
      vertex -42.1816 -41.175 27.8
    endloop
  endfacet
  facet normal 0 0 -1
    outer loop
      vertex -37.0735 -40.1589 4.2
      vertex -37.0735 -39.4411 4.2
      vertex -37.05 -39.8 4.2
    endloop
  endfacet
  facet normal 0 0 -1
    outer loop
      vertex -37.1437 -40.5118 4.2
      vertex -37.0735 -39.4411 4.2
      vertex -37.0735 -40.1589 4.2
    endloop
  endfacet
  facet normal 0 0 -1
    outer loop
      vertex -37.1437 -40.5118 4.2
      vertex -37.1437 -39.0882 4.2
      vertex -37.0735 -39.4411 4.2
    endloop
  endfacet
  facet normal 0 0 -1
    outer loop
      vertex -37.2593 -40.8524 4.2
      vertex -37.1437 -39.0882 4.2
      vertex -37.1437 -40.5118 4.2
    endloop
  endfacet
  facet normal 0 0 -1
    outer loop
      vertex -37.2593 -40.8524 4.2
      vertex -37.2593 -38.7476 4.2
      vertex -37.1437 -39.0882 4.2
    endloop
  endfacet
  facet normal 0 0 -1
    outer loop
      vertex -37.4184 -41.175 4.2
      vertex -37.2593 -38.7476 4.2
      vertex -37.2593 -40.8524 4.2
    endloop
  endfacet
  facet normal 0 0 -1
    outer loop
      vertex -37.4184 -41.175 4.2
      vertex -37.4184 -38.425 4.2
      vertex -37.2593 -38.7476 4.2
    endloop
  endfacet
  facet normal 0 0 -1
    outer loop
      vertex -37.6183 -41.4741 4.2
      vertex -37.4184 -38.425 4.2
      vertex -37.4184 -41.175 4.2
    endloop
  endfacet
  facet normal 0 0 -1
    outer loop
      vertex -37.6183 -41.4741 4.2
      vertex -37.6183 -38.1259 4.2
      vertex -37.4184 -38.425 4.2
    endloop
  endfacet
  facet normal 0 0 -1
    outer loop
      vertex -37.8555 -41.7445 4.2
      vertex -37.6183 -38.1259 4.2
      vertex -37.6183 -41.4741 4.2
    endloop
  endfacet
  facet normal 0 0 -1
    outer loop
      vertex -37.8555 -41.7445 4.2
      vertex -37.8555 -37.8555 4.2
      vertex -37.6183 -38.1259 4.2
    endloop
  endfacet
  facet normal 0 0 -1
    outer loop
      vertex -38.1259 -41.9817 4.2
      vertex -37.8555 -37.8555 4.2
      vertex -37.8555 -41.7445 4.2
    endloop
  endfacet
  facet normal 0 0 -1
    outer loop
      vertex -38.1259 -41.9817 4.2
      vertex -38.1259 -37.6183 4.2
      vertex -37.8555 -37.8555 4.2
    endloop
  endfacet
  facet normal 0 0 -1
    outer loop
      vertex -38.425 -42.1816 4.2
      vertex -38.1259 -37.6183 4.2
      vertex -38.1259 -41.9817 4.2
    endloop
  endfacet
  facet normal 0 0 -1
    outer loop
      vertex -38.425 -42.1816 4.2
      vertex -38.425 -37.4184 4.2
      vertex -38.1259 -37.6183 4.2
    endloop
  endfacet
  facet normal 0 0 -1
    outer loop
      vertex -38.7476 -42.3407 4.2
      vertex -38.425 -37.4184 4.2
      vertex -38.425 -42.1816 4.2
    endloop
  endfacet
  facet normal 0 0 -1
    outer loop
      vertex -38.7476 -42.3407 4.2
      vertex -38.7476 -37.2593 4.2
      vertex -38.425 -37.4184 4.2
    endloop
  endfacet
  facet normal 0 0 -1
    outer loop
      vertex -39.308 -42.5 4.2
      vertex -38.7476 -42.3407 4.2
      vertex -39.0882 -42.4563 4.2
    endloop
  endfacet
  facet normal -0 0 -1
    outer loop
      vertex -38.7476 -42.3407 4.2
      vertex -39.308 -42.5 4.2
      vertex -38.7476 -37.2593 4.2
    endloop
  endfacet
  facet normal -0 0 -1
    outer loop
      vertex -38.7476 -37.2593 4.2
      vertex -39.308 -42.5 4.2
      vertex -39.0882 -37.1437 4.2
    endloop
  endfacet
  facet normal 0 0 -1
    outer loop
      vertex -39.308 -42.5 4.2
      vertex -39.4411 -37.0735 4.2
      vertex -39.0882 -37.1437 4.2
    endloop
  endfacet
  facet normal 0 0 -1
    outer loop
      vertex -39.308 -42.5 4.2
      vertex -39.8 -37.05 4.2
      vertex -39.4411 -37.0735 4.2
    endloop
  endfacet
  facet normal 0 0 -1
    outer loop
      vertex -39.308 -42.5 4.2
      vertex -40.1589 -37.0735 4.2
      vertex -39.8 -37.05 4.2
    endloop
  endfacet
  facet normal 0 0 -1
    outer loop
      vertex -40.292 -42.5 4.2
      vertex -40.1589 -37.0735 4.2
      vertex -39.308 -42.5 4.2
    endloop
  endfacet
  facet normal 0 0 -1
    outer loop
      vertex -40.8524 -42.3407 4.2
      vertex -40.292 -42.5 4.2
      vertex -40.5118 -42.4563 4.2
    endloop
  endfacet
  facet normal 0 0 -1
    outer loop
      vertex -40.292 -42.5 4.2
      vertex -40.5118 -37.1437 4.2
      vertex -40.1589 -37.0735 4.2
    endloop
  endfacet
  facet normal 0 0 -1
    outer loop
      vertex -40.292 -42.5 4.2
      vertex -40.8524 -42.3407 4.2
      vertex -40.5118 -37.1437 4.2
    endloop
  endfacet
  facet normal 0 0 -1
    outer loop
      vertex -40.8524 -42.3407 4.2
      vertex -40.8524 -37.2593 4.2
      vertex -40.5118 -37.1437 4.2
    endloop
  endfacet
  facet normal 0 0 -1
    outer loop
      vertex -41.175 -42.1816 4.2
      vertex -40.8524 -37.2593 4.2
      vertex -40.8524 -42.3407 4.2
    endloop
  endfacet
  facet normal 0 0 -1
    outer loop
      vertex -41.175 -42.1816 4.2
      vertex -41.175 -37.4184 4.2
      vertex -40.8524 -37.2593 4.2
    endloop
  endfacet
  facet normal 0 0 -1
    outer loop
      vertex -41.4741 -41.9817 4.2
      vertex -41.175 -37.4184 4.2
      vertex -41.175 -42.1816 4.2
    endloop
  endfacet
  facet normal 0 0 -1
    outer loop
      vertex -41.4741 -41.9817 4.2
      vertex -41.4741 -37.6183 4.2
      vertex -41.175 -37.4184 4.2
    endloop
  endfacet
  facet normal 0 0 -1
    outer loop
      vertex -41.7445 -41.7445 4.2
      vertex -41.4741 -37.6183 4.2
      vertex -41.4741 -41.9817 4.2
    endloop
  endfacet
  facet normal 0 0 -1
    outer loop
      vertex -41.7445 -41.7445 4.2
      vertex -41.7445 -37.8555 4.2
      vertex -41.4741 -37.6183 4.2
    endloop
  endfacet
  facet normal 0 0 -1
    outer loop
      vertex -41.9817 -41.4741 4.2
      vertex -41.7445 -37.8555 4.2
      vertex -41.7445 -41.7445 4.2
    endloop
  endfacet
  facet normal 0 0 -1
    outer loop
      vertex -41.9817 -41.4741 4.2
      vertex -41.9817 -38.1259 4.2
      vertex -41.7445 -37.8555 4.2
    endloop
  endfacet
  facet normal 0 0 -1
    outer loop
      vertex -42.1816 -41.175 4.2
      vertex -41.9817 -38.1259 4.2
      vertex -41.9817 -41.4741 4.2
    endloop
  endfacet
  facet normal 0 0 -1
    outer loop
      vertex -42.1816 -41.175 4.2
      vertex -42.1816 -38.425 4.2
      vertex -41.9817 -38.1259 4.2
    endloop
  endfacet
  facet normal 0 0 -1
    outer loop
      vertex -42.5 -40.292 4.2
      vertex -42.1816 -41.175 4.2
      vertex -42.3407 -40.8524 4.2
    endloop
  endfacet
  facet normal 0 0 -1
    outer loop
      vertex -42.1816 -41.175 4.2
      vertex -42.5 -40.292 4.2
      vertex -42.1816 -38.425 4.2
    endloop
  endfacet
  facet normal 0 0 -1
    outer loop
      vertex -42.5 -40.292 4.2
      vertex -42.3407 -40.8524 4.2
      vertex -42.4563 -40.5118 4.2
    endloop
  endfacet
  facet normal 0 0 -1
    outer loop
      vertex -42.5 -39.308 4.2
      vertex -42.1816 -38.425 4.2
      vertex -42.5 -40.292 4.2
    endloop
  endfacet
  facet normal 0 0 -1
    outer loop
      vertex -42.1816 -38.425 4.2
      vertex -42.5 -39.308 4.2
      vertex -42.3407 -38.7476 4.2
    endloop
  endfacet
  facet normal 0 0 -1
    outer loop
      vertex -42.3407 -38.7476 4.2
      vertex -42.5 -39.308 4.2
      vertex -42.4563 -39.0882 4.2
    endloop
  endfacet
  facet normal 0.831408 0.555662 0
    outer loop
      vertex -37.4184 -38.425 27.8
      vertex -37.6183 -38.1259 4.2
      vertex -37.6183 -38.1259 27.8
    endloop
  endfacet
  facet normal 0.831408 0.555662 0
    outer loop
      vertex -37.6183 -38.1259 4.2
      vertex -37.4184 -38.425 27.8
      vertex -37.4184 -38.425 4.2
    endloop
  endfacet
  facet normal 0.195101 0.980783 -0
    outer loop
      vertex -39.0882 -37.1437 4.2
      vertex -39.4411 -37.0735 27.8
      vertex -39.0882 -37.1437 27.8
    endloop
  endfacet
  facet normal 0.195101 0.980783 0
    outer loop
      vertex -39.4411 -37.0735 27.8
      vertex -39.0882 -37.1437 4.2
      vertex -39.4411 -37.0735 4.2
    endloop
  endfacet
  facet normal 0.659449 0.751749 -0
    outer loop
      vertex -37.8555 -37.8555 4.2
      vertex -38.1259 -37.6183 27.8
      vertex -37.8555 -37.8555 27.8
    endloop
  endfacet
  facet normal 0.659449 0.751749 0
    outer loop
      vertex -38.1259 -37.6183 27.8
      vertex -37.8555 -37.8555 4.2
      vertex -38.1259 -37.6183 4.2
    endloop
  endfacet
  facet normal -0.831408 0.555662 0
    outer loop
      vertex -42.1816 -38.425 4.2
      vertex -41.9817 -38.1259 27.8
      vertex -41.9817 -38.1259 4.2
    endloop
  endfacet
  facet normal -0.831408 0.555662 0
    outer loop
      vertex -41.9817 -38.1259 27.8
      vertex -42.1816 -38.425 4.2
      vertex -42.1816 -38.425 27.8
    endloop
  endfacet
  facet normal -0.751749 0.659449 0
    outer loop
      vertex -41.9817 -38.1259 4.2
      vertex -41.7445 -37.8555 27.8
      vertex -41.7445 -37.8555 4.2
    endloop
  endfacet
  facet normal -0.751749 0.659449 0
    outer loop
      vertex -41.7445 -37.8555 27.8
      vertex -41.9817 -38.1259 4.2
      vertex -41.9817 -38.1259 27.8
    endloop
  endfacet
  facet normal -0.980803 0.195 0
    outer loop
      vertex -42.5 -39.308 4.2
      vertex -42.4563 -39.0882 27.8
      vertex -42.4563 -39.0882 4.2
    endloop
  endfacet
  facet normal -0.980803 0.195 0
    outer loop
      vertex -42.4563 -39.0882 27.8
      vertex -42.5 -39.308 4.2
      vertex -42.5 -39.308 27.8
    endloop
  endfacet
  facet normal -0 0 -1
    outer loop
      vertex -42.5 -39.308 27.8
      vertex -42.5265 -39.4411 27.8
      vertex -42.4563 -39.0882 27.8
    endloop
  endfacet
  facet normal 0 0 1
    outer loop
      vertex -38.4 -39.8 27.8
      vertex -37.05 -39.8 27.8
      vertex -37.0735 -39.4411 27.8
    endloop
  endfacet
  facet normal 0 0 1
    outer loop
      vertex -38.412 -39.6173 27.8
      vertex -37.0735 -39.4411 27.8
      vertex -37.1437 -39.0882 27.8
    endloop
  endfacet
  facet normal 0 0 1
    outer loop
      vertex -37.05 -39.8 27.8
      vertex -38.4 -39.8 27.8
      vertex -37.0735 -40.1589 27.8
    endloop
  endfacet
  facet normal 0 0 1
    outer loop
      vertex -38.4477 -39.4377 27.8
      vertex -37.1437 -39.0882 27.8
      vertex -37.2593 -38.7476 27.8
    endloop
  endfacet
  facet normal -0 0 1
    outer loop
      vertex -38.412 -39.9827 27.8
      vertex -37.0735 -40.1589 27.8
      vertex -38.4 -39.8 27.8
    endloop
  endfacet
  facet normal 0 0 1
    outer loop
      vertex -38.5066 -39.2642 27.8
      vertex -37.2593 -38.7476 27.8
      vertex -37.4184 -38.425 27.8
    endloop
  endfacet
  facet normal 0 0 1
    outer loop
      vertex -37.0735 -40.1589 27.8
      vertex -38.412 -39.9827 27.8
      vertex -37.1437 -40.5118 27.8
    endloop
  endfacet
  facet normal 0 0 1
    outer loop
      vertex -38.5876 -39.1 27.8
      vertex -37.4184 -38.425 27.8
      vertex -37.6183 -38.1259 27.8
    endloop
  endfacet
  facet normal -0 0 1
    outer loop
      vertex -38.4477 -40.1623 27.8
      vertex -37.1437 -40.5118 27.8
      vertex -38.412 -39.9827 27.8
    endloop
  endfacet
  facet normal 0 0 1
    outer loop
      vertex -38.6893 -38.9477 27.8
      vertex -37.6183 -38.1259 27.8
      vertex -37.8555 -37.8555 27.8
    endloop
  endfacet
  facet normal 0 0 1
    outer loop
      vertex -37.1437 -40.5118 27.8
      vertex -38.4477 -40.1623 27.8
      vertex -37.2593 -40.8524 27.8
    endloop
  endfacet
  facet normal 0 0 1
    outer loop
      vertex -38.8101 -38.8101 27.8
      vertex -37.8555 -37.8555 27.8
      vertex -38.1259 -37.6183 27.8
    endloop
  endfacet
  facet normal -0 0 1
    outer loop
      vertex -38.5066 -40.3358 27.8
      vertex -37.2593 -40.8524 27.8
      vertex -38.4477 -40.1623 27.8
    endloop
  endfacet
  facet normal 0 0 1
    outer loop
      vertex -37.2593 -40.8524 27.8
      vertex -38.5066 -40.3358 27.8
      vertex -37.4184 -41.175 27.8
    endloop
  endfacet
  facet normal 0 0 1
    outer loop
      vertex -37.0735 -39.4411 27.8
      vertex -38.412 -39.6173 27.8
      vertex -38.4 -39.8 27.8
    endloop
  endfacet
  facet normal 0 0 1
    outer loop
      vertex -38.9477 -38.6893 27.8
      vertex -38.1259 -37.6183 27.8
      vertex -38.425 -37.4184 27.8
    endloop
  endfacet
  facet normal 0 0 1
    outer loop
      vertex -37.1437 -39.0882 27.8
      vertex -38.4477 -39.4377 27.8
      vertex -38.412 -39.6173 27.8
    endloop
  endfacet
  facet normal 0 0 1
    outer loop
      vertex -37.2593 -38.7476 27.8
      vertex -38.5066 -39.2642 27.8
      vertex -38.4477 -39.4377 27.8
    endloop
  endfacet
  facet normal 0 0 1
    outer loop
      vertex -37.4184 -38.425 27.8
      vertex -38.5876 -39.1 27.8
      vertex -38.5066 -39.2642 27.8
    endloop
  endfacet
  facet normal 0 0 1
    outer loop
      vertex -37.6183 -38.1259 27.8
      vertex -38.6893 -38.9477 27.8
      vertex -38.5876 -39.1 27.8
    endloop
  endfacet
  facet normal 0 0 1
    outer loop
      vertex -39.1 -38.5876 27.8
      vertex -38.425 -37.4184 27.8
      vertex -38.7476 -37.2593 27.8
    endloop
  endfacet
  facet normal 0 0 1
    outer loop
      vertex -37.8555 -37.8555 27.8
      vertex -38.8101 -38.8101 27.8
      vertex -38.6893 -38.9477 27.8
    endloop
  endfacet
  facet normal 0 0 1
    outer loop
      vertex -38.1259 -37.6183 27.8
      vertex -38.9477 -38.6893 27.8
      vertex -38.8101 -38.8101 27.8
    endloop
  endfacet
  facet normal 0 0 1
    outer loop
      vertex -39.2642 -38.5066 27.8
      vertex -38.7476 -37.2593 27.8
      vertex -39.0882 -37.1437 27.8
    endloop
  endfacet
  facet normal 0 0 1
    outer loop
      vertex -38.425 -37.4184 27.8
      vertex -39.1 -38.5876 27.8
      vertex -38.9477 -38.6893 27.8
    endloop
  endfacet
  facet normal 0 0 1
    outer loop
      vertex -38.7476 -37.2593 27.8
      vertex -39.2642 -38.5066 27.8
      vertex -39.1 -38.5876 27.8
    endloop
  endfacet
  facet normal 0 0 1
    outer loop
      vertex -39.0882 -37.1437 27.8
      vertex -39.4377 -38.4477 27.8
      vertex -39.2642 -38.5066 27.8
    endloop
  endfacet
  facet normal 0 0 1
    outer loop
      vertex -39.4411 -37.0735 27.8
      vertex -39.4377 -38.4477 27.8
      vertex -39.0882 -37.1437 27.8
    endloop
  endfacet
  facet normal 0 0 1
    outer loop
      vertex -39.4411 -37.0735 27.8
      vertex -39.6173 -38.412 27.8
      vertex -39.4377 -38.4477 27.8
    endloop
  endfacet
  facet normal 0 0 1
    outer loop
      vertex -39.8 -37.05 27.8
      vertex -39.6173 -38.412 27.8
      vertex -39.4411 -37.0735 27.8
    endloop
  endfacet
  facet normal 0 0 1
    outer loop
      vertex -39.8 -37.05 27.8
      vertex -39.8 -38.4 27.8
      vertex -39.6173 -38.412 27.8
    endloop
  endfacet
  facet normal 0 0 1
    outer loop
      vertex -39.8 -37.05 27.8
      vertex -39.9827 -38.412 27.8
      vertex -39.8 -38.4 27.8
    endloop
  endfacet
  facet normal -0 0 1
    outer loop
      vertex -40.1589 -37.0735 27.8
      vertex -39.9827 -38.412 27.8
      vertex -39.8 -37.05 27.8
    endloop
  endfacet
  facet normal 0 0 1
    outer loop
      vertex -40.1589 -37.0735 27.8
      vertex -40.1623 -38.4477 27.8
      vertex -39.9827 -38.412 27.8
    endloop
  endfacet
  facet normal -0 0 1
    outer loop
      vertex -40.5118 -37.1437 27.8
      vertex -40.1623 -38.4477 27.8
      vertex -40.1589 -37.0735 27.8
    endloop
  endfacet
  facet normal 0 0 1
    outer loop
      vertex -40.1623 -38.4477 27.8
      vertex -40.5118 -37.1437 27.8
      vertex -40.3358 -38.5066 27.8
    endloop
  endfacet
  facet normal -0 0 1
    outer loop
      vertex -40.8524 -37.2593 27.8
      vertex -40.3358 -38.5066 27.8
      vertex -40.5118 -37.1437 27.8
    endloop
  endfacet
  facet normal 0 0 1
    outer loop
      vertex -40.3358 -38.5066 27.8
      vertex -40.8524 -37.2593 27.8
      vertex -40.5 -38.5876 27.8
    endloop
  endfacet
  facet normal -0 0 1
    outer loop
      vertex -41.175 -37.4184 27.8
      vertex -40.5 -38.5876 27.8
      vertex -40.8524 -37.2593 27.8
    endloop
  endfacet
  facet normal 0 0 1
    outer loop
      vertex -40.5 -38.5876 27.8
      vertex -41.175 -37.4184 27.8
      vertex -40.6523 -38.6893 27.8
    endloop
  endfacet
  facet normal -0 0 1
    outer loop
      vertex -41.4741 -37.6183 27.8
      vertex -40.6523 -38.6893 27.8
      vertex -41.175 -37.4184 27.8
    endloop
  endfacet
  facet normal 0 0 1
    outer loop
      vertex -40.6523 -38.6893 27.8
      vertex -41.4741 -37.6183 27.8
      vertex -40.7899 -38.8101 27.8
    endloop
  endfacet
  facet normal -0 0 1
    outer loop
      vertex -41.7445 -37.8555 27.8
      vertex -40.7899 -38.8101 27.8
      vertex -41.4741 -37.6183 27.8
    endloop
  endfacet
  facet normal 0 0 1
    outer loop
      vertex -40.7899 -38.8101 27.8
      vertex -41.7445 -37.8555 27.8
      vertex -40.9107 -38.9477 27.8
    endloop
  endfacet
  facet normal -0 0 1
    outer loop
      vertex -41.9817 -38.1259 27.8
      vertex -40.9107 -38.9477 27.8
      vertex -41.7445 -37.8555 27.8
    endloop
  endfacet
  facet normal 0 0 1
    outer loop
      vertex -40.9107 -38.9477 27.8
      vertex -41.9817 -38.1259 27.8
      vertex -41.0124 -39.1 27.8
    endloop
  endfacet
  facet normal -0 0 1
    outer loop
      vertex -42.1816 -38.425 27.8
      vertex -41.0124 -39.1 27.8
      vertex -41.9817 -38.1259 27.8
    endloop
  endfacet
  facet normal 0 0 1
    outer loop
      vertex -41.0124 -39.1 27.8
      vertex -42.1816 -38.425 27.8
      vertex -41.0934 -39.2642 27.8
    endloop
  endfacet
  facet normal -0 0 1
    outer loop
      vertex -38.5876 -40.5 27.8
      vertex -37.4184 -41.175 27.8
      vertex -38.5066 -40.3358 27.8
    endloop
  endfacet
  facet normal 0 0 1
    outer loop
      vertex -37.4184 -41.175 27.8
      vertex -38.5876 -40.5 27.8
      vertex -37.6183 -41.4741 27.8
    endloop
  endfacet
  facet normal -0 0 1
    outer loop
      vertex -38.6893 -40.6523 27.8
      vertex -37.6183 -41.4741 27.8
      vertex -38.5876 -40.5 27.8
    endloop
  endfacet
  facet normal 0 0 1
    outer loop
      vertex -37.6183 -41.4741 27.8
      vertex -38.6893 -40.6523 27.8
      vertex -37.8555 -41.7445 27.8
    endloop
  endfacet
  facet normal -0 0 1
    outer loop
      vertex -38.8101 -40.7899 27.8
      vertex -37.8555 -41.7445 27.8
      vertex -38.6893 -40.6523 27.8
    endloop
  endfacet
  facet normal 0 0 1
    outer loop
      vertex -37.8555 -41.7445 27.8
      vertex -38.8101 -40.7899 27.8
      vertex -38.1259 -41.9817 27.8
    endloop
  endfacet
  facet normal -0 0 1
    outer loop
      vertex -38.9477 -40.9107 27.8
      vertex -38.1259 -41.9817 27.8
      vertex -38.8101 -40.7899 27.8
    endloop
  endfacet
  facet normal 0 0 1
    outer loop
      vertex -38.1259 -41.9817 27.8
      vertex -38.9477 -40.9107 27.8
      vertex -38.425 -42.1816 27.8
    endloop
  endfacet
  facet normal -0 0 1
    outer loop
      vertex -39.1 -41.0124 27.8
      vertex -38.425 -42.1816 27.8
      vertex -38.9477 -40.9107 27.8
    endloop
  endfacet
  facet normal 0 0 1
    outer loop
      vertex -38.425 -42.1816 27.8
      vertex -39.1 -41.0124 27.8
      vertex -38.7476 -42.3407 27.8
    endloop
  endfacet
  facet normal -0 0 1
    outer loop
      vertex -39.2642 -41.0934 27.8
      vertex -38.7476 -42.3407 27.8
      vertex -39.1 -41.0124 27.8
    endloop
  endfacet
  facet normal 0 0 1
    outer loop
      vertex -38.7476 -42.3407 27.8
      vertex -39.2642 -41.0934 27.8
      vertex -39.0882 -42.4563 27.8
    endloop
  endfacet
  facet normal -0 0 1
    outer loop
      vertex -39.4377 -41.1523 27.8
      vertex -39.0882 -42.4563 27.8
      vertex -39.2642 -41.0934 27.8
    endloop
  endfacet
  facet normal 0 0 1
    outer loop
      vertex -39.4377 -41.1523 27.8
      vertex -39.4411 -42.5265 27.8
      vertex -39.0882 -42.4563 27.8
    endloop
  endfacet
  facet normal -0 0 1
    outer loop
      vertex -39.6173 -41.188 27.8
      vertex -39.4411 -42.5265 27.8
      vertex -39.4377 -41.1523 27.8
    endloop
  endfacet
  facet normal -0 0 1
    outer loop
      vertex -39.8 -41.2 27.8
      vertex -39.4411 -42.5265 27.8
      vertex -39.6173 -41.188 27.8
    endloop
  endfacet
  facet normal 0 0 1
    outer loop
      vertex -39.8 -41.2 27.8
      vertex -39.8 -42.55 27.8
      vertex -39.4411 -42.5265 27.8
    endloop
  endfacet
  facet normal 0 0 1
    outer loop
      vertex -39.9827 -41.188 27.8
      vertex -39.8 -42.55 27.8
      vertex -39.8 -41.2 27.8
    endloop
  endfacet
  facet normal 0 0 1
    outer loop
      vertex -39.9827 -41.188 27.8
      vertex -40.1589 -42.5265 27.8
      vertex -39.8 -42.55 27.8
    endloop
  endfacet
  facet normal 0 0 1
    outer loop
      vertex -40.1623 -41.1523 27.8
      vertex -40.1589 -42.5265 27.8
      vertex -39.9827 -41.188 27.8
    endloop
  endfacet
  facet normal 0 0 1
    outer loop
      vertex -40.5118 -42.4563 27.8
      vertex -40.1623 -41.1523 27.8
      vertex -40.3358 -41.0934 27.8
    endloop
  endfacet
  facet normal 0 0 1
    outer loop
      vertex -40.8524 -42.3407 27.8
      vertex -40.3358 -41.0934 27.8
      vertex -40.5 -41.0124 27.8
    endloop
  endfacet
  facet normal 0 0 1
    outer loop
      vertex -40.1623 -41.1523 27.8
      vertex -40.5118 -42.4563 27.8
      vertex -40.1589 -42.5265 27.8
    endloop
  endfacet
  facet normal 0 0 1
    outer loop
      vertex -41.175 -42.1816 27.8
      vertex -40.5 -41.0124 27.8
      vertex -40.6523 -40.9107 27.8
    endloop
  endfacet
  facet normal 0 0 1
    outer loop
      vertex -41.4741 -41.9817 27.8
      vertex -40.6523 -40.9107 27.8
      vertex -40.7899 -40.7899 27.8
    endloop
  endfacet
  facet normal 0 0 1
    outer loop
      vertex -40.3358 -41.0934 27.8
      vertex -40.8524 -42.3407 27.8
      vertex -40.5118 -42.4563 27.8
    endloop
  endfacet
  facet normal 0 0 1
    outer loop
      vertex -41.7445 -41.7445 27.8
      vertex -40.7899 -40.7899 27.8
      vertex -40.9107 -40.6523 27.8
    endloop
  endfacet
  facet normal 0 0 1
    outer loop
      vertex -41.9817 -41.4741 27.8
      vertex -40.9107 -40.6523 27.8
      vertex -41.0124 -40.5 27.8
    endloop
  endfacet
  facet normal 0 0 1
    outer loop
      vertex -42.1816 -41.175 27.8
      vertex -41.0124 -40.5 27.8
      vertex -41.0934 -40.3358 27.8
    endloop
  endfacet
  facet normal 0 0 1
    outer loop
      vertex -42.3407 -40.8524 27.8
      vertex -41.0934 -40.3358 27.8
      vertex -41.1523 -40.1623 27.8
    endloop
  endfacet
  facet normal 0 0 1
    outer loop
      vertex -40.5 -41.0124 27.8
      vertex -41.175 -42.1816 27.8
      vertex -40.8524 -42.3407 27.8
    endloop
  endfacet
  facet normal 0 0 1
    outer loop
      vertex -42.4563 -40.5118 27.8
      vertex -41.1523 -40.1623 27.8
      vertex -41.188 -39.9827 27.8
    endloop
  endfacet
  facet normal 0 0 1
    outer loop
      vertex -42.5265 -40.1589 27.8
      vertex -41.188 -39.9827 27.8
      vertex -41.2 -39.8 27.8
    endloop
  endfacet
  facet normal -0 0 1
    outer loop
      vertex -42.3407 -38.7476 27.8
      vertex -41.0934 -39.2642 27.8
      vertex -42.1816 -38.425 27.8
    endloop
  endfacet
  facet normal 0 0 1
    outer loop
      vertex -40.6523 -40.9107 27.8
      vertex -41.4741 -41.9817 27.8
      vertex -41.175 -42.1816 27.8
    endloop
  endfacet
  facet normal 0 0 1
    outer loop
      vertex -41.0934 -39.2642 27.8
      vertex -42.3407 -38.7476 27.8
      vertex -41.1523 -39.4377 27.8
    endloop
  endfacet
  facet normal 0 0 1
    outer loop
      vertex -40.7899 -40.7899 27.8
      vertex -41.7445 -41.7445 27.8
      vertex -41.4741 -41.9817 27.8
    endloop
  endfacet
  facet normal -0 0 1
    outer loop
      vertex -42.4563 -39.0882 27.8
      vertex -41.1523 -39.4377 27.8
      vertex -42.3407 -38.7476 27.8
    endloop
  endfacet
  facet normal 0 0 1
    outer loop
      vertex -40.9107 -40.6523 27.8
      vertex -41.9817 -41.4741 27.8
      vertex -41.7445 -41.7445 27.8
    endloop
  endfacet
  facet normal 0 0 1
    outer loop
      vertex -41.1523 -39.4377 27.8
      vertex -42.4563 -39.0882 27.8
      vertex -41.188 -39.6173 27.8
    endloop
  endfacet
  facet normal 0 0 1
    outer loop
      vertex -41.0124 -40.5 27.8
      vertex -42.1816 -41.175 27.8
      vertex -41.9817 -41.4741 27.8
    endloop
  endfacet
  facet normal -0 0 1
    outer loop
      vertex -42.5265 -39.4411 27.8
      vertex -41.188 -39.6173 27.8
      vertex -42.4563 -39.0882 27.8
    endloop
  endfacet
  facet normal 0 0 1
    outer loop
      vertex -41.0934 -40.3358 27.8
      vertex -42.3407 -40.8524 27.8
      vertex -42.1816 -41.175 27.8
    endloop
  endfacet
  facet normal 0 0 1
    outer loop
      vertex -41.188 -39.6173 27.8
      vertex -42.5265 -39.4411 27.8
      vertex -41.2 -39.8 27.8
    endloop
  endfacet
  facet normal 0 0 1
    outer loop
      vertex -41.1523 -40.1623 27.8
      vertex -42.4563 -40.5118 27.8
      vertex -42.3407 -40.8524 27.8
    endloop
  endfacet
  facet normal 0 0 1
    outer loop
      vertex -42.55 -39.8 27.8
      vertex -41.2 -39.8 27.8
      vertex -42.5265 -39.4411 27.8
    endloop
  endfacet
  facet normal 0 0 1
    outer loop
      vertex -41.188 -39.9827 27.8
      vertex -42.5265 -40.1589 27.8
      vertex -42.4563 -40.5118 27.8
    endloop
  endfacet
  facet normal 0 0 1
    outer loop
      vertex -41.2 -39.8 27.8
      vertex -42.55 -39.8 27.8
      vertex -42.5265 -40.1589 27.8
    endloop
  endfacet
  facet normal -0.555662 0.831408 0
    outer loop
      vertex -41.175 -37.4184 4.2
      vertex -41.4741 -37.6183 27.8
      vertex -41.175 -37.4184 27.8
    endloop
  endfacet
  facet normal -0.555662 0.831408 0
    outer loop
      vertex -41.4741 -37.6183 27.8
      vertex -41.175 -37.4184 4.2
      vertex -41.4741 -37.6183 4.2
    endloop
  endfacet
  facet normal -0.0653379 0.997863 0
    outer loop
      vertex -39.8 -37.05 4.2
      vertex -40.1589 -37.0735 27.8
      vertex -39.8 -37.05 27.8
    endloop
  endfacet
  facet normal -0.0653379 0.997863 0
    outer loop
      vertex -40.1589 -37.0735 27.8
      vertex -39.8 -37.05 4.2
      vertex -40.1589 -37.0735 4.2
    endloop
  endfacet
  facet normal 0.321394 -0.946945 0
    outer loop
      vertex -39.0882 -42.4563 4.2
      vertex -38.7476 -42.3407 27.8
      vertex -39.0882 -42.4563 27.8
    endloop
  endfacet
  facet normal 0.321394 -0.946945 0
    outer loop
      vertex -38.7476 -42.3407 27.8
      vertex -39.0882 -42.4563 4.2
      vertex -38.7476 -42.3407 4.2
    endloop
  endfacet
  facet normal 0.555662 -0.831408 0
    outer loop
      vertex -38.425 -42.1816 4.2
      vertex -38.1259 -41.9817 27.8
      vertex -38.425 -42.1816 27.8
    endloop
  endfacet
  facet normal 0.555662 -0.831408 0
    outer loop
      vertex -38.1259 -41.9817 27.8
      vertex -38.425 -42.1816 4.2
      vertex -38.1259 -41.9817 4.2
    endloop
  endfacet
  facet normal 0.751749 -0.659449 0
    outer loop
      vertex -37.8555 -41.7445 27.8
      vertex -37.6183 -41.4741 4.2
      vertex -37.6183 -41.4741 27.8
    endloop
  endfacet
  facet normal 0.751749 -0.659449 0
    outer loop
      vertex -37.6183 -41.4741 4.2
      vertex -37.8555 -41.7445 27.8
      vertex -37.8555 -41.7445 4.2
    endloop
  endfacet
  facet normal 0.89686 -0.442314 0
    outer loop
      vertex -37.4184 -41.175 27.8
      vertex -37.2593 -40.8524 4.2
      vertex -37.2593 -40.8524 27.8
    endloop
  endfacet
  facet normal 0.89686 -0.442314 0
    outer loop
      vertex -37.2593 -40.8524 4.2
      vertex -37.4184 -41.175 27.8
      vertex -37.4184 -41.175 4.2
    endloop
  endfacet
  facet normal -0.659449 -0.751749 0
    outer loop
      vertex -41.7445 -41.7445 4.2
      vertex -41.4741 -41.9817 27.8
      vertex -41.7445 -41.7445 27.8
    endloop
  endfacet
  facet normal -0.659449 -0.751749 -0
    outer loop
      vertex -41.4741 -41.9817 27.8
      vertex -41.7445 -41.7445 4.2
      vertex -41.4741 -41.9817 4.2
    endloop
  endfacet
  facet normal -0.442314 -0.89686 0
    outer loop
      vertex -41.175 -42.1816 4.2
      vertex -40.8524 -42.3407 27.8
      vertex -41.175 -42.1816 27.8
    endloop
  endfacet
  facet normal -0.442314 -0.89686 -0
    outer loop
      vertex -40.8524 -42.3407 27.8
      vertex -41.175 -42.1816 4.2
      vertex -40.8524 -42.3407 4.2
    endloop
  endfacet
  facet normal -0.195 -0.980803 0
    outer loop
      vertex -40.5118 -42.4563 4.2
      vertex -40.292 -42.5 27.8
      vertex -40.5118 -42.4563 27.8
    endloop
  endfacet
  facet normal -0.195 -0.980803 -0
    outer loop
      vertex -40.292 -42.5 27.8
      vertex -40.5118 -42.4563 4.2
      vertex -40.292 -42.5 4.2
    endloop
  endfacet
  facet normal -0 -0 -1
    outer loop
      vertex -40.292 -42.5 27.8
      vertex -40.1589 -42.5265 27.8
      vertex -40.5118 -42.4563 27.8
    endloop
  endfacet
  facet normal -0.831408 -0.555662 0
    outer loop
      vertex -41.9817 -41.4741 4.2
      vertex -42.1816 -41.175 27.8
      vertex -42.1816 -41.175 4.2
    endloop
  endfacet
  facet normal -0.831408 -0.555662 0
    outer loop
      vertex -42.1816 -41.175 27.8
      vertex -41.9817 -41.4741 4.2
      vertex -41.9817 -41.4741 27.8
    endloop
  endfacet
  facet normal -0.946945 -0.321394 0
    outer loop
      vertex -42.3407 -40.8524 4.2
      vertex -42.4563 -40.5118 27.8
      vertex -42.4563 -40.5118 4.2
    endloop
  endfacet
  facet normal -0.946945 -0.321394 0
    outer loop
      vertex -42.4563 -40.5118 27.8
      vertex -42.3407 -40.8524 4.2
      vertex -42.3407 -40.8524 27.8
    endloop
  endfacet
  facet normal 0.997863 -0.0653379 0
    outer loop
      vertex -37.0735 -40.1589 27.8
      vertex -37.05 -39.8 4.2
      vertex -37.05 -39.8 27.8
    endloop
  endfacet
  facet normal 0.997863 -0.0653379 0
    outer loop
      vertex -37.05 -39.8 4.2
      vertex -37.0735 -40.1589 27.8
      vertex -37.0735 -40.1589 4.2
    endloop
  endfacet
  facet normal 0.195 -0.980803 0
    outer loop
      vertex -39.308 -42.5 4.2
      vertex -39.0882 -42.4563 27.8
      vertex -39.308 -42.5 27.8
    endloop
  endfacet
  facet normal 0.195 -0.980803 0
    outer loop
      vertex -39.0882 -42.4563 27.8
      vertex -39.308 -42.5 4.2
      vertex -39.0882 -42.4563 4.2
    endloop
  endfacet
  facet normal 0 -0 -1
    outer loop
      vertex -39.308 -42.5 27.8
      vertex -39.0882 -42.4563 27.8
      vertex -39.4411 -42.5265 27.8
    endloop
  endfacet
  facet normal 0.659449 -0.751749 0
    outer loop
      vertex -38.1259 -41.9817 4.2
      vertex -37.8555 -41.7445 27.8
      vertex -38.1259 -41.9817 27.8
    endloop
  endfacet
  facet normal 0.659449 -0.751749 0
    outer loop
      vertex -37.8555 -41.7445 27.8
      vertex -38.1259 -41.9817 4.2
      vertex -37.8555 -41.7445 4.2
    endloop
  endfacet
  facet normal 0.831408 -0.555662 0
    outer loop
      vertex -37.6183 -41.4741 27.8
      vertex -37.4184 -41.175 4.2
      vertex -37.4184 -41.175 27.8
    endloop
  endfacet
  facet normal 0.831408 -0.555662 0
    outer loop
      vertex -37.4184 -41.175 4.2
      vertex -37.6183 -41.4741 27.8
      vertex -37.6183 -41.4741 4.2
    endloop
  endfacet
  facet normal 0.946945 -0.321394 0
    outer loop
      vertex -37.2593 -40.8524 27.8
      vertex -37.1437 -40.5118 4.2
      vertex -37.1437 -40.5118 27.8
    endloop
  endfacet
  facet normal 0.946945 -0.321394 0
    outer loop
      vertex -37.1437 -40.5118 4.2
      vertex -37.2593 -40.8524 27.8
      vertex -37.2593 -40.8524 4.2
    endloop
  endfacet
  facet normal -0.555662 -0.831408 0
    outer loop
      vertex -41.4741 -41.9817 4.2
      vertex -41.175 -42.1816 27.8
      vertex -41.4741 -41.9817 27.8
    endloop
  endfacet
  facet normal -0.555662 -0.831408 -0
    outer loop
      vertex -41.175 -42.1816 27.8
      vertex -41.4741 -41.9817 4.2
      vertex -41.175 -42.1816 4.2
    endloop
  endfacet
  facet normal -0.980803 -0.195 0
    outer loop
      vertex -42.4563 -40.5118 4.2
      vertex -42.5 -40.292 27.8
      vertex -42.5 -40.292 4.2
    endloop
  endfacet
  facet normal -0.980803 -0.195 0
    outer loop
      vertex -42.5 -40.292 27.8
      vertex -42.4563 -40.5118 4.2
      vertex -42.4563 -40.5118 27.8
    endloop
  endfacet
  facet normal 0 0 -1
    outer loop
      vertex -42.4563 -40.5118 27.8
      vertex -42.5265 -40.1589 27.8
      vertex -42.5 -40.292 27.8
    endloop
  endfacet
  facet normal -0.99785 -0.0655402 0
    outer loop
      vertex -38.4 -39.8 5.2
      vertex -38.412 -39.6173 27.8
      vertex -38.412 -39.6173 5.2
    endloop
  endfacet
  facet normal -0.99785 -0.0655402 0
    outer loop
      vertex -38.412 -39.6173 27.8
      vertex -38.4 -39.8 5.2
      vertex -38.4 -39.8 27.8
    endloop
  endfacet
  facet normal 0.99785 -0.0655402 0
    outer loop
      vertex -41.2 -39.8 27.8
      vertex -41.188 -39.6173 5.2
      vertex -41.188 -39.6173 27.8
    endloop
  endfacet
  facet normal 0.99785 -0.0655402 0
    outer loop
      vertex -41.188 -39.6173 5.2
      vertex -41.2 -39.8 27.8
      vertex -41.2 -39.8 5.2
    endloop
  endfacet
  facet normal -0.0655402 -0.99785 0
    outer loop
      vertex -39.8 -38.4 5.2
      vertex -39.6173 -38.412 27.8
      vertex -39.8 -38.4 27.8
    endloop
  endfacet
  facet normal -0.0655402 -0.99785 -0
    outer loop
      vertex -39.6173 -38.412 27.8
      vertex -39.8 -38.4 5.2
      vertex -39.6173 -38.412 5.2
    endloop
  endfacet
  facet normal 0.0655402 0.99785 -0
    outer loop
      vertex -39.8 -41.2 5.2
      vertex -39.9827 -41.188 27.8
      vertex -39.8 -41.2 27.8
    endloop
  endfacet
  facet normal 0.0655402 0.99785 0
    outer loop
      vertex -39.9827 -41.188 27.8
      vertex -39.8 -41.2 5.2
      vertex -39.9827 -41.188 5.2
    endloop
  endfacet
  facet normal -0.751493 -0.659741 0
    outer loop
      vertex -38.6893 -38.9477 5.2
      vertex -38.8101 -38.8101 27.8
      vertex -38.8101 -38.8101 5.2
    endloop
  endfacet
  facet normal -0.751493 -0.659741 0
    outer loop
      vertex -38.8101 -38.8101 27.8
      vertex -38.6893 -38.9477 5.2
      vertex -38.6893 -38.9477 27.8
    endloop
  endfacet
  facet normal 0.659741 -0.751493 0
    outer loop
      vertex -40.7899 -38.8101 5.2
      vertex -40.6523 -38.6893 27.8
      vertex -40.7899 -38.8101 27.8
    endloop
  endfacet
  facet normal 0.659741 -0.751493 0
    outer loop
      vertex -40.6523 -38.6893 27.8
      vertex -40.7899 -38.8101 5.2
      vertex -40.6523 -38.6893 5.2
    endloop
  endfacet
  facet normal 0.321462 -0.946922 0
    outer loop
      vertex -40.3358 -38.5066 5.2
      vertex -40.1623 -38.4477 27.8
      vertex -40.3358 -38.5066 27.8
    endloop
  endfacet
  facet normal 0.321462 -0.946922 0
    outer loop
      vertex -40.1623 -38.4477 27.8
      vertex -40.3358 -38.5066 5.2
      vertex -40.1623 -38.4477 5.2
    endloop
  endfacet
  facet normal -0.946922 -0.321462 0
    outer loop
      vertex -38.4477 -39.4377 5.2
      vertex -38.5066 -39.2642 27.8
      vertex -38.5066 -39.2642 5.2
    endloop
  endfacet
  facet normal -0.946922 -0.321462 0
    outer loop
      vertex -38.5066 -39.2642 27.8
      vertex -38.4477 -39.4377 5.2
      vertex -38.4477 -39.4377 27.8
    endloop
  endfacet
  facet normal -0.980811 -0.194961 0
    outer loop
      vertex -38.412 -39.6173 5.2
      vertex -38.4477 -39.4377 27.8
      vertex -38.4477 -39.4377 5.2
    endloop
  endfacet
  facet normal -0.980811 -0.194961 0
    outer loop
      vertex -38.4477 -39.4377 27.8
      vertex -38.412 -39.6173 5.2
      vertex -38.412 -39.6173 27.8
    endloop
  endfacet
  facet normal -0.896817 -0.442401 0
    outer loop
      vertex -38.5066 -39.2642 5.2
      vertex -38.5876 -39.1 27.8
      vertex -38.5876 -39.1 5.2
    endloop
  endfacet
  facet normal -0.896817 -0.442401 0
    outer loop
      vertex -38.5876 -39.1 27.8
      vertex -38.5066 -39.2642 5.2
      vertex -38.5066 -39.2642 27.8
    endloop
  endfacet
  facet normal -0.442401 -0.896817 0
    outer loop
      vertex -39.2642 -38.5066 5.2
      vertex -39.1 -38.5876 27.8
      vertex -39.2642 -38.5066 27.8
    endloop
  endfacet
  facet normal -0.442401 -0.896817 -0
    outer loop
      vertex -39.1 -38.5876 27.8
      vertex -39.2642 -38.5066 5.2
      vertex -39.1 -38.5876 5.2
    endloop
  endfacet
  facet normal -0.321462 -0.946922 0
    outer loop
      vertex -39.4377 -38.4477 5.2
      vertex -39.2642 -38.5066 27.8
      vertex -39.4377 -38.4477 27.8
    endloop
  endfacet
  facet normal -0.321462 -0.946922 -0
    outer loop
      vertex -39.2642 -38.5066 27.8
      vertex -39.4377 -38.4477 5.2
      vertex -39.2642 -38.5066 5.2
    endloop
  endfacet
  facet normal -0.55533 -0.83163 0
    outer loop
      vertex -39.1 -38.5876 5.2
      vertex -38.9477 -38.6893 27.8
      vertex -39.1 -38.5876 27.8
    endloop
  endfacet
  facet normal -0.55533 -0.83163 -0
    outer loop
      vertex -38.9477 -38.6893 27.8
      vertex -39.1 -38.5876 5.2
      vertex -38.9477 -38.6893 5.2
    endloop
  endfacet
  facet normal 0.896817 -0.442401 0
    outer loop
      vertex -41.0934 -39.2642 27.8
      vertex -41.0124 -39.1 5.2
      vertex -41.0124 -39.1 27.8
    endloop
  endfacet
  facet normal 0.896817 -0.442401 0
    outer loop
      vertex -41.0124 -39.1 5.2
      vertex -41.0934 -39.2642 27.8
      vertex -41.0934 -39.2642 5.2
    endloop
  endfacet
  facet normal 0.946922 -0.321462 0
    outer loop
      vertex -41.1523 -39.4377 27.8
      vertex -41.0934 -39.2642 5.2
      vertex -41.0934 -39.2642 27.8
    endloop
  endfacet
  facet normal 0.946922 -0.321462 0
    outer loop
      vertex -41.0934 -39.2642 5.2
      vertex -41.1523 -39.4377 27.8
      vertex -41.1523 -39.4377 5.2
    endloop
  endfacet
  facet normal 0.442401 -0.896817 0
    outer loop
      vertex -40.5 -38.5876 5.2
      vertex -40.3358 -38.5066 27.8
      vertex -40.5 -38.5876 27.8
    endloop
  endfacet
  facet normal 0.442401 -0.896817 0
    outer loop
      vertex -40.3358 -38.5066 27.8
      vertex -40.5 -38.5876 5.2
      vertex -40.3358 -38.5066 5.2
    endloop
  endfacet
  facet normal 0.194961 -0.980811 0
    outer loop
      vertex -40.1623 -38.4477 5.2
      vertex -39.9827 -38.412 27.8
      vertex -40.1623 -38.4477 27.8
    endloop
  endfacet
  facet normal 0.194961 -0.980811 0
    outer loop
      vertex -39.9827 -38.412 27.8
      vertex -40.1623 -38.4477 5.2
      vertex -39.9827 -38.412 5.2
    endloop
  endfacet
  facet normal -0.442401 0.896817 0
    outer loop
      vertex -39.1 -41.0124 5.2
      vertex -39.2642 -41.0934 27.8
      vertex -39.1 -41.0124 27.8
    endloop
  endfacet
  facet normal -0.442401 0.896817 0
    outer loop
      vertex -39.2642 -41.0934 27.8
      vertex -39.1 -41.0124 5.2
      vertex -39.2642 -41.0934 5.2
    endloop
  endfacet
  facet normal -0.946922 0.321462 0
    outer loop
      vertex -38.5066 -40.3358 5.2
      vertex -38.4477 -40.1623 27.8
      vertex -38.4477 -40.1623 5.2
    endloop
  endfacet
  facet normal -0.946922 0.321462 0
    outer loop
      vertex -38.4477 -40.1623 27.8
      vertex -38.5066 -40.3358 5.2
      vertex -38.5066 -40.3358 27.8
    endloop
  endfacet
  facet normal -0.980811 0.194961 0
    outer loop
      vertex -38.4477 -40.1623 5.2
      vertex -38.412 -39.9827 27.8
      vertex -38.412 -39.9827 5.2
    endloop
  endfacet
  facet normal -0.980811 0.194961 0
    outer loop
      vertex -38.412 -39.9827 27.8
      vertex -38.4477 -40.1623 5.2
      vertex -38.4477 -40.1623 27.8
    endloop
  endfacet
  facet normal 0.321462 0.946922 -0
    outer loop
      vertex -40.1623 -41.1523 5.2
      vertex -40.3358 -41.0934 27.8
      vertex -40.1623 -41.1523 27.8
    endloop
  endfacet
  facet normal 0.321462 0.946922 0
    outer loop
      vertex -40.3358 -41.0934 27.8
      vertex -40.1623 -41.1523 5.2
      vertex -40.3358 -41.0934 5.2
    endloop
  endfacet
  facet normal 0.896817 0.442401 0
    outer loop
      vertex -41.0124 -40.5 27.8
      vertex -41.0934 -40.3358 5.2
      vertex -41.0934 -40.3358 27.8
    endloop
  endfacet
  facet normal 0.896817 0.442401 0
    outer loop
      vertex -41.0934 -40.3358 5.2
      vertex -41.0124 -40.5 27.8
      vertex -41.0124 -40.5 5.2
    endloop
  endfacet
  facet normal 0 0 1
    outer loop
      vertex -38.412 -39.6173 5.2
      vertex -38.412 -39.9827 5.2
      vertex -38.4 -39.8 5.2
    endloop
  endfacet
  facet normal 0 0 1
    outer loop
      vertex -38.4477 -39.4377 5.2
      vertex -38.412 -39.9827 5.2
      vertex -38.412 -39.6173 5.2
    endloop
  endfacet
  facet normal 0 0 1
    outer loop
      vertex -38.4477 -39.4377 5.2
      vertex -38.4477 -40.1623 5.2
      vertex -38.412 -39.9827 5.2
    endloop
  endfacet
  facet normal 0 0 1
    outer loop
      vertex -38.5066 -39.2642 5.2
      vertex -38.4477 -40.1623 5.2
      vertex -38.4477 -39.4377 5.2
    endloop
  endfacet
  facet normal 0 0 1
    outer loop
      vertex -38.5066 -39.2642 5.2
      vertex -38.5066 -40.3358 5.2
      vertex -38.4477 -40.1623 5.2
    endloop
  endfacet
  facet normal 0 0 1
    outer loop
      vertex -38.5876 -39.1 5.2
      vertex -38.5066 -40.3358 5.2
      vertex -38.5066 -39.2642 5.2
    endloop
  endfacet
  facet normal 0 0 1
    outer loop
      vertex -38.5876 -39.1 5.2
      vertex -38.5876 -40.5 5.2
      vertex -38.5066 -40.3358 5.2
    endloop
  endfacet
  facet normal 0 0 1
    outer loop
      vertex -38.6893 -38.9477 5.2
      vertex -38.5876 -40.5 5.2
      vertex -38.5876 -39.1 5.2
    endloop
  endfacet
  facet normal 0 0 1
    outer loop
      vertex -38.6893 -38.9477 5.2
      vertex -38.6893 -40.6523 5.2
      vertex -38.5876 -40.5 5.2
    endloop
  endfacet
  facet normal 0 0 1
    outer loop
      vertex -38.8101 -38.8101 5.2
      vertex -38.6893 -40.6523 5.2
      vertex -38.6893 -38.9477 5.2
    endloop
  endfacet
  facet normal 0 0 1
    outer loop
      vertex -38.8101 -38.8101 5.2
      vertex -38.8101 -40.7899 5.2
      vertex -38.6893 -40.6523 5.2
    endloop
  endfacet
  facet normal 0 0 1
    outer loop
      vertex -38.9477 -38.6893 5.2
      vertex -38.8101 -40.7899 5.2
      vertex -38.8101 -38.8101 5.2
    endloop
  endfacet
  facet normal 0 0 1
    outer loop
      vertex -38.9477 -38.6893 5.2
      vertex -38.9477 -40.9107 5.2
      vertex -38.8101 -40.7899 5.2
    endloop
  endfacet
  facet normal 0 0 1
    outer loop
      vertex -39.1 -38.5876 5.2
      vertex -38.9477 -40.9107 5.2
      vertex -38.9477 -38.6893 5.2
    endloop
  endfacet
  facet normal 0 0 1
    outer loop
      vertex -39.1 -38.5876 5.2
      vertex -39.1 -41.0124 5.2
      vertex -38.9477 -40.9107 5.2
    endloop
  endfacet
  facet normal 0 0 1
    outer loop
      vertex -39.2642 -38.5066 5.2
      vertex -39.1 -41.0124 5.2
      vertex -39.1 -38.5876 5.2
    endloop
  endfacet
  facet normal 0 0 1
    outer loop
      vertex -39.2642 -38.5066 5.2
      vertex -39.2642 -41.0934 5.2
      vertex -39.1 -41.0124 5.2
    endloop
  endfacet
  facet normal 0 0 1
    outer loop
      vertex -39.4377 -38.4477 5.2
      vertex -39.2642 -41.0934 5.2
      vertex -39.2642 -38.5066 5.2
    endloop
  endfacet
  facet normal 0 0 1
    outer loop
      vertex -39.4377 -38.4477 5.2
      vertex -39.4377 -41.1523 5.2
      vertex -39.2642 -41.0934 5.2
    endloop
  endfacet
  facet normal 0 0 1
    outer loop
      vertex -39.6173 -38.412 5.2
      vertex -39.4377 -41.1523 5.2
      vertex -39.4377 -38.4477 5.2
    endloop
  endfacet
  facet normal 0 0 1
    outer loop
      vertex -39.6173 -38.412 5.2
      vertex -39.6173 -41.188 5.2
      vertex -39.4377 -41.1523 5.2
    endloop
  endfacet
  facet normal 0 0 1
    outer loop
      vertex -39.8 -38.4 5.2
      vertex -39.6173 -41.188 5.2
      vertex -39.6173 -38.412 5.2
    endloop
  endfacet
  facet normal 0 0 1
    outer loop
      vertex -39.8 -38.4 5.2
      vertex -39.8 -41.2 5.2
      vertex -39.6173 -41.188 5.2
    endloop
  endfacet
  facet normal -0 0 1
    outer loop
      vertex -39.9827 -38.412 5.2
      vertex -39.8 -41.2 5.2
      vertex -39.8 -38.4 5.2
    endloop
  endfacet
  facet normal 0 0 1
    outer loop
      vertex -39.9827 -38.412 5.2
      vertex -39.9827 -41.188 5.2
      vertex -39.8 -41.2 5.2
    endloop
  endfacet
  facet normal -0 0 1
    outer loop
      vertex -40.1623 -38.4477 5.2
      vertex -39.9827 -41.188 5.2
      vertex -39.9827 -38.412 5.2
    endloop
  endfacet
  facet normal 0 0 1
    outer loop
      vertex -40.1623 -38.4477 5.2
      vertex -40.1623 -41.1523 5.2
      vertex -39.9827 -41.188 5.2
    endloop
  endfacet
  facet normal -0 0 1
    outer loop
      vertex -40.3358 -38.5066 5.2
      vertex -40.1623 -41.1523 5.2
      vertex -40.1623 -38.4477 5.2
    endloop
  endfacet
  facet normal 0 0 1
    outer loop
      vertex -40.3358 -38.5066 5.2
      vertex -40.3358 -41.0934 5.2
      vertex -40.1623 -41.1523 5.2
    endloop
  endfacet
  facet normal -0 0 1
    outer loop
      vertex -40.5 -38.5876 5.2
      vertex -40.3358 -41.0934 5.2
      vertex -40.3358 -38.5066 5.2
    endloop
  endfacet
  facet normal 0 0 1
    outer loop
      vertex -40.5 -38.5876 5.2
      vertex -40.5 -41.0124 5.2
      vertex -40.3358 -41.0934 5.2
    endloop
  endfacet
  facet normal -0 0 1
    outer loop
      vertex -40.6523 -38.6893 5.2
      vertex -40.5 -41.0124 5.2
      vertex -40.5 -38.5876 5.2
    endloop
  endfacet
  facet normal 0 0 1
    outer loop
      vertex -40.6523 -38.6893 5.2
      vertex -40.6523 -40.9107 5.2
      vertex -40.5 -41.0124 5.2
    endloop
  endfacet
  facet normal -0 0 1
    outer loop
      vertex -40.7899 -38.8101 5.2
      vertex -40.6523 -40.9107 5.2
      vertex -40.6523 -38.6893 5.2
    endloop
  endfacet
  facet normal 0 0 1
    outer loop
      vertex -40.7899 -38.8101 5.2
      vertex -40.7899 -40.7899 5.2
      vertex -40.6523 -40.9107 5.2
    endloop
  endfacet
  facet normal -0 0 1
    outer loop
      vertex -40.9107 -38.9477 5.2
      vertex -40.7899 -40.7899 5.2
      vertex -40.7899 -38.8101 5.2
    endloop
  endfacet
  facet normal 0 0 1
    outer loop
      vertex -40.9107 -38.9477 5.2
      vertex -40.9107 -40.6523 5.2
      vertex -40.7899 -40.7899 5.2
    endloop
  endfacet
  facet normal -0 0 1
    outer loop
      vertex -41.0124 -39.1 5.2
      vertex -40.9107 -40.6523 5.2
      vertex -40.9107 -38.9477 5.2
    endloop
  endfacet
  facet normal 0 0 1
    outer loop
      vertex -41.0124 -39.1 5.2
      vertex -41.0124 -40.5 5.2
      vertex -40.9107 -40.6523 5.2
    endloop
  endfacet
  facet normal -0 0 1
    outer loop
      vertex -41.0934 -39.2642 5.2
      vertex -41.0124 -40.5 5.2
      vertex -41.0124 -39.1 5.2
    endloop
  endfacet
  facet normal 0 0 1
    outer loop
      vertex -41.0934 -39.2642 5.2
      vertex -41.0934 -40.3358 5.2
      vertex -41.0124 -40.5 5.2
    endloop
  endfacet
  facet normal -0 0 1
    outer loop
      vertex -41.1523 -39.4377 5.2
      vertex -41.0934 -40.3358 5.2
      vertex -41.0934 -39.2642 5.2
    endloop
  endfacet
  facet normal 0 0 1
    outer loop
      vertex -41.1523 -39.4377 5.2
      vertex -41.1523 -40.1623 5.2
      vertex -41.0934 -40.3358 5.2
    endloop
  endfacet
  facet normal -0 0 1
    outer loop
      vertex -41.188 -39.6173 5.2
      vertex -41.1523 -40.1623 5.2
      vertex -41.1523 -39.4377 5.2
    endloop
  endfacet
  facet normal 0 0 1
    outer loop
      vertex -41.188 -39.6173 5.2
      vertex -41.188 -39.9827 5.2
      vertex -41.1523 -40.1623 5.2
    endloop
  endfacet
  facet normal 0 -0 1
    outer loop
      vertex -41.188 -39.9827 5.2
      vertex -41.188 -39.6173 5.2
      vertex -41.2 -39.8 5.2
    endloop
  endfacet
  facet normal -0.83163 -0.55533 0
    outer loop
      vertex -38.5876 -39.1 5.2
      vertex -38.6893 -38.9477 27.8
      vertex -38.6893 -38.9477 5.2
    endloop
  endfacet
  facet normal -0.83163 -0.55533 0
    outer loop
      vertex -38.6893 -38.9477 27.8
      vertex -38.5876 -39.1 5.2
      vertex -38.5876 -39.1 27.8
    endloop
  endfacet
  facet normal -0.194961 -0.980811 0
    outer loop
      vertex -39.6173 -38.412 5.2
      vertex -39.4377 -38.4477 27.8
      vertex -39.6173 -38.412 27.8
    endloop
  endfacet
  facet normal -0.194961 -0.980811 -0
    outer loop
      vertex -39.4377 -38.4477 27.8
      vertex -39.6173 -38.412 5.2
      vertex -39.4377 -38.4477 5.2
    endloop
  endfacet
  facet normal -0.659741 -0.751493 0
    outer loop
      vertex -38.9477 -38.6893 5.2
      vertex -38.8101 -38.8101 27.8
      vertex -38.9477 -38.6893 27.8
    endloop
  endfacet
  facet normal -0.659741 -0.751493 -0
    outer loop
      vertex -38.8101 -38.8101 27.8
      vertex -38.9477 -38.6893 5.2
      vertex -38.8101 -38.8101 5.2
    endloop
  endfacet
  facet normal 0.83163 -0.55533 0
    outer loop
      vertex -41.0124 -39.1 27.8
      vertex -40.9107 -38.9477 5.2
      vertex -40.9107 -38.9477 27.8
    endloop
  endfacet
  facet normal 0.83163 -0.55533 0
    outer loop
      vertex -40.9107 -38.9477 5.2
      vertex -41.0124 -39.1 27.8
      vertex -41.0124 -39.1 5.2
    endloop
  endfacet
  facet normal 0.751493 -0.659741 0
    outer loop
      vertex -40.9107 -38.9477 27.8
      vertex -40.7899 -38.8101 5.2
      vertex -40.7899 -38.8101 27.8
    endloop
  endfacet
  facet normal 0.751493 -0.659741 0
    outer loop
      vertex -40.7899 -38.8101 5.2
      vertex -40.9107 -38.9477 27.8
      vertex -40.9107 -38.9477 5.2
    endloop
  endfacet
  facet normal 0.980811 -0.194961 0
    outer loop
      vertex -41.188 -39.6173 27.8
      vertex -41.1523 -39.4377 5.2
      vertex -41.1523 -39.4377 27.8
    endloop
  endfacet
  facet normal 0.980811 -0.194961 0
    outer loop
      vertex -41.1523 -39.4377 5.2
      vertex -41.188 -39.6173 27.8
      vertex -41.188 -39.6173 5.2
    endloop
  endfacet
  facet normal 0.55533 -0.83163 0
    outer loop
      vertex -40.6523 -38.6893 5.2
      vertex -40.5 -38.5876 27.8
      vertex -40.6523 -38.6893 27.8
    endloop
  endfacet
  facet normal 0.55533 -0.83163 0
    outer loop
      vertex -40.5 -38.5876 27.8
      vertex -40.6523 -38.6893 5.2
      vertex -40.5 -38.5876 5.2
    endloop
  endfacet
  facet normal 0.0655402 -0.99785 0
    outer loop
      vertex -39.9827 -38.412 5.2
      vertex -39.8 -38.4 27.8
      vertex -39.9827 -38.412 27.8
    endloop
  endfacet
  facet normal 0.0655402 -0.99785 0
    outer loop
      vertex -39.8 -38.4 27.8
      vertex -39.9827 -38.412 5.2
      vertex -39.8 -38.4 5.2
    endloop
  endfacet
  facet normal -0.99785 0.0655402 0
    outer loop
      vertex -38.412 -39.9827 5.2
      vertex -38.4 -39.8 27.8
      vertex -38.4 -39.8 5.2
    endloop
  endfacet
  facet normal -0.99785 0.0655402 0
    outer loop
      vertex -38.4 -39.8 27.8
      vertex -38.412 -39.9827 5.2
      vertex -38.412 -39.9827 27.8
    endloop
  endfacet
  facet normal -0.0655402 0.99785 0
    outer loop
      vertex -39.6173 -41.188 5.2
      vertex -39.8 -41.2 27.8
      vertex -39.6173 -41.188 27.8
    endloop
  endfacet
  facet normal -0.0655402 0.99785 0
    outer loop
      vertex -39.8 -41.2 27.8
      vertex -39.6173 -41.188 5.2
      vertex -39.8 -41.2 5.2
    endloop
  endfacet
  facet normal -0.321462 0.946922 0
    outer loop
      vertex -39.2642 -41.0934 5.2
      vertex -39.4377 -41.1523 27.8
      vertex -39.2642 -41.0934 27.8
    endloop
  endfacet
  facet normal -0.321462 0.946922 0
    outer loop
      vertex -39.4377 -41.1523 27.8
      vertex -39.2642 -41.0934 5.2
      vertex -39.4377 -41.1523 5.2
    endloop
  endfacet
  facet normal -0.55533 0.83163 0
    outer loop
      vertex -38.9477 -40.9107 5.2
      vertex -39.1 -41.0124 27.8
      vertex -38.9477 -40.9107 27.8
    endloop
  endfacet
  facet normal -0.55533 0.83163 0
    outer loop
      vertex -39.1 -41.0124 27.8
      vertex -38.9477 -40.9107 5.2
      vertex -39.1 -41.0124 5.2
    endloop
  endfacet
  facet normal -0.751493 0.659741 0
    outer loop
      vertex -38.8101 -40.7899 5.2
      vertex -38.6893 -40.6523 27.8
      vertex -38.6893 -40.6523 5.2
    endloop
  endfacet
  facet normal -0.751493 0.659741 0
    outer loop
      vertex -38.6893 -40.6523 27.8
      vertex -38.8101 -40.7899 5.2
      vertex -38.8101 -40.7899 27.8
    endloop
  endfacet
  facet normal -0.896817 0.442401 0
    outer loop
      vertex -38.5876 -40.5 5.2
      vertex -38.5066 -40.3358 27.8
      vertex -38.5066 -40.3358 5.2
    endloop
  endfacet
  facet normal -0.896817 0.442401 0
    outer loop
      vertex -38.5066 -40.3358 27.8
      vertex -38.5876 -40.5 5.2
      vertex -38.5876 -40.5 27.8
    endloop
  endfacet
  facet normal 0.659741 0.751493 -0
    outer loop
      vertex -40.6523 -40.9107 5.2
      vertex -40.7899 -40.7899 27.8
      vertex -40.6523 -40.9107 27.8
    endloop
  endfacet
  facet normal 0.659741 0.751493 0
    outer loop
      vertex -40.7899 -40.7899 27.8
      vertex -40.6523 -40.9107 5.2
      vertex -40.7899 -40.7899 5.2
    endloop
  endfacet
  facet normal 0.442401 0.896817 -0
    outer loop
      vertex -40.3358 -41.0934 5.2
      vertex -40.5 -41.0124 27.8
      vertex -40.3358 -41.0934 27.8
    endloop
  endfacet
  facet normal 0.442401 0.896817 0
    outer loop
      vertex -40.5 -41.0124 27.8
      vertex -40.3358 -41.0934 5.2
      vertex -40.5 -41.0124 5.2
    endloop
  endfacet
  facet normal 0.194961 0.980811 -0
    outer loop
      vertex -39.9827 -41.188 5.2
      vertex -40.1623 -41.1523 27.8
      vertex -39.9827 -41.188 27.8
    endloop
  endfacet
  facet normal 0.194961 0.980811 0
    outer loop
      vertex -40.1623 -41.1523 27.8
      vertex -39.9827 -41.188 5.2
      vertex -40.1623 -41.1523 5.2
    endloop
  endfacet
  facet normal 0.83163 0.55533 0
    outer loop
      vertex -40.9107 -40.6523 27.8
      vertex -41.0124 -40.5 5.2
      vertex -41.0124 -40.5 27.8
    endloop
  endfacet
  facet normal 0.83163 0.55533 0
    outer loop
      vertex -41.0124 -40.5 5.2
      vertex -40.9107 -40.6523 27.8
      vertex -40.9107 -40.6523 5.2
    endloop
  endfacet
  facet normal 0.946922 0.321462 0
    outer loop
      vertex -41.0934 -40.3358 27.8
      vertex -41.1523 -40.1623 5.2
      vertex -41.1523 -40.1623 27.8
    endloop
  endfacet
  facet normal 0.946922 0.321462 0
    outer loop
      vertex -41.1523 -40.1623 5.2
      vertex -41.0934 -40.3358 27.8
      vertex -41.0934 -40.3358 5.2
    endloop
  endfacet
  facet normal 0.99785 0.0655402 0
    outer loop
      vertex -41.188 -39.9827 27.8
      vertex -41.2 -39.8 5.2
      vertex -41.2 -39.8 27.8
    endloop
  endfacet
  facet normal 0.99785 0.0655402 0
    outer loop
      vertex -41.2 -39.8 5.2
      vertex -41.188 -39.9827 27.8
      vertex -41.188 -39.9827 5.2
    endloop
  endfacet
  facet normal -0.194961 0.980811 0
    outer loop
      vertex -39.4377 -41.1523 5.2
      vertex -39.6173 -41.188 27.8
      vertex -39.4377 -41.1523 27.8
    endloop
  endfacet
  facet normal -0.194961 0.980811 0
    outer loop
      vertex -39.6173 -41.188 27.8
      vertex -39.4377 -41.1523 5.2
      vertex -39.6173 -41.188 5.2
    endloop
  endfacet
  facet normal -0.659741 0.751493 0
    outer loop
      vertex -38.8101 -40.7899 5.2
      vertex -38.9477 -40.9107 27.8
      vertex -38.8101 -40.7899 27.8
    endloop
  endfacet
  facet normal -0.659741 0.751493 0
    outer loop
      vertex -38.9477 -40.9107 27.8
      vertex -38.8101 -40.7899 5.2
      vertex -38.9477 -40.9107 5.2
    endloop
  endfacet
  facet normal -0.83163 0.55533 0
    outer loop
      vertex -38.6893 -40.6523 5.2
      vertex -38.5876 -40.5 27.8
      vertex -38.5876 -40.5 5.2
    endloop
  endfacet
  facet normal -0.83163 0.55533 0
    outer loop
      vertex -38.5876 -40.5 27.8
      vertex -38.6893 -40.6523 5.2
      vertex -38.6893 -40.6523 27.8
    endloop
  endfacet
  facet normal 0.55533 0.83163 -0
    outer loop
      vertex -40.5 -41.0124 5.2
      vertex -40.6523 -40.9107 27.8
      vertex -40.5 -41.0124 27.8
    endloop
  endfacet
  facet normal 0.55533 0.83163 0
    outer loop
      vertex -40.6523 -40.9107 27.8
      vertex -40.5 -41.0124 5.2
      vertex -40.6523 -40.9107 5.2
    endloop
  endfacet
  facet normal 0.751493 0.659741 0
    outer loop
      vertex -40.7899 -40.7899 27.8
      vertex -40.9107 -40.6523 5.2
      vertex -40.9107 -40.6523 27.8
    endloop
  endfacet
  facet normal 0.751493 0.659741 0
    outer loop
      vertex -40.9107 -40.6523 5.2
      vertex -40.7899 -40.7899 27.8
      vertex -40.7899 -40.7899 5.2
    endloop
  endfacet
  facet normal 0.980811 0.194961 0
    outer loop
      vertex -41.1523 -40.1623 27.8
      vertex -41.188 -39.9827 5.2
      vertex -41.188 -39.9827 27.8
    endloop
  endfacet
  facet normal 0.980811 0.194961 0
    outer loop
      vertex -41.188 -39.9827 5.2
      vertex -41.1523 -40.1623 27.8
      vertex -41.1523 -40.1623 5.2
    endloop
  endfacet
  facet normal 0.997863 0.0653379 0
    outer loop
      vertex -37.05 39.8 27.8
      vertex -37.0735 40.1589 4.2
      vertex -37.0735 40.1589 27.8
    endloop
  endfacet
  facet normal 0.997863 0.0653379 0
    outer loop
      vertex -37.0735 40.1589 4.2
      vertex -37.05 39.8 27.8
      vertex -37.05 39.8 4.2
    endloop
  endfacet
  facet normal -0.0653379 -0.997863 0
    outer loop
      vertex -40.1589 37.0735 4.2
      vertex -39.8 37.05 27.8
      vertex -40.1589 37.0735 27.8
    endloop
  endfacet
  facet normal -0.0653379 -0.997863 -0
    outer loop
      vertex -39.8 37.05 27.8
      vertex -40.1589 37.0735 4.2
      vertex -39.8 37.05 4.2
    endloop
  endfacet
  facet normal -0.751749 -0.659449 0
    outer loop
      vertex -41.7445 37.8555 4.2
      vertex -41.9817 38.1259 27.8
      vertex -41.9817 38.1259 4.2
    endloop
  endfacet
  facet normal -0.751749 -0.659449 0
    outer loop
      vertex -41.9817 38.1259 27.8
      vertex -41.7445 37.8555 4.2
      vertex -41.7445 37.8555 27.8
    endloop
  endfacet
  facet normal 0.751749 0.659449 0
    outer loop
      vertex -37.6183 41.4741 27.8
      vertex -37.8555 41.7445 4.2
      vertex -37.8555 41.7445 27.8
    endloop
  endfacet
  facet normal 0.751749 0.659449 0
    outer loop
      vertex -37.8555 41.7445 4.2
      vertex -37.6183 41.4741 27.8
      vertex -37.6183 41.4741 4.2
    endloop
  endfacet
  facet normal -0.659449 0.751749 0
    outer loop
      vertex -41.4741 41.9817 4.2
      vertex -41.7445 41.7445 27.8
      vertex -41.4741 41.9817 27.8
    endloop
  endfacet
  facet normal -0.659449 0.751749 0
    outer loop
      vertex -41.7445 41.7445 27.8
      vertex -41.4741 41.9817 4.2
      vertex -41.7445 41.7445 4.2
    endloop
  endfacet
  facet normal -0.321394 0.946945 0
    outer loop
      vertex -40.5118 42.4563 4.2
      vertex -40.8524 42.3407 27.8
      vertex -40.5118 42.4563 27.8
    endloop
  endfacet
  facet normal -0.321394 0.946945 0
    outer loop
      vertex -40.8524 42.3407 27.8
      vertex -40.5118 42.4563 4.2
      vertex -40.8524 42.3407 4.2
    endloop
  endfacet
  facet normal 0.946945 0.321394 0
    outer loop
      vertex -37.1437 40.5118 27.8
      vertex -37.2593 40.8524 4.2
      vertex -37.2593 40.8524 27.8
    endloop
  endfacet
  facet normal 0.946945 0.321394 0
    outer loop
      vertex -37.2593 40.8524 4.2
      vertex -37.1437 40.5118 27.8
      vertex -37.1437 40.5118 4.2
    endloop
  endfacet
  facet normal 0.980783 0.195101 0
    outer loop
      vertex -37.0735 40.1589 27.8
      vertex -37.1437 40.5118 4.2
      vertex -37.1437 40.5118 27.8
    endloop
  endfacet
  facet normal 0.980783 0.195101 0
    outer loop
      vertex -37.1437 40.5118 4.2
      vertex -37.0735 40.1589 27.8
      vertex -37.0735 40.1589 4.2
    endloop
  endfacet
  facet normal 0.89686 0.442314 0
    outer loop
      vertex -37.2593 40.8524 27.8
      vertex -37.4184 41.175 4.2
      vertex -37.4184 41.175 27.8
    endloop
  endfacet
  facet normal 0.89686 0.442314 0
    outer loop
      vertex -37.4184 41.175 4.2
      vertex -37.2593 40.8524 27.8
      vertex -37.2593 40.8524 4.2
    endloop
  endfacet
  facet normal 0.442314 0.89686 -0
    outer loop
      vertex -38.425 42.1816 4.2
      vertex -38.7476 42.3407 27.8
      vertex -38.425 42.1816 27.8
    endloop
  endfacet
  facet normal 0.442314 0.89686 0
    outer loop
      vertex -38.7476 42.3407 27.8
      vertex -38.425 42.1816 4.2
      vertex -38.7476 42.3407 4.2
    endloop
  endfacet
  facet normal 0.321394 0.946945 -0
    outer loop
      vertex -38.7476 42.3407 4.2
      vertex -39.0882 42.4563 27.8
      vertex -38.7476 42.3407 27.8
    endloop
  endfacet
  facet normal 0.321394 0.946945 0
    outer loop
      vertex -39.0882 42.4563 27.8
      vertex -38.7476 42.3407 4.2
      vertex -39.0882 42.4563 4.2
    endloop
  endfacet
  facet normal 0.555662 0.831408 -0
    outer loop
      vertex -38.1259 41.9817 4.2
      vertex -38.425 42.1816 27.8
      vertex -38.1259 41.9817 27.8
    endloop
  endfacet
  facet normal 0.555662 0.831408 0
    outer loop
      vertex -38.425 42.1816 27.8
      vertex -38.1259 41.9817 4.2
      vertex -38.425 42.1816 4.2
    endloop
  endfacet
  facet normal -0.89686 0.442314 0
    outer loop
      vertex -42.3407 40.8524 4.2
      vertex -42.1816 41.175 27.8
      vertex -42.1816 41.175 4.2
    endloop
  endfacet
  facet normal -0.89686 0.442314 0
    outer loop
      vertex -42.1816 41.175 27.8
      vertex -42.3407 40.8524 4.2
      vertex -42.3407 40.8524 27.8
    endloop
  endfacet
  facet normal -0.946945 0.321394 0
    outer loop
      vertex -42.4563 40.5118 4.2
      vertex -42.3407 40.8524 27.8
      vertex -42.3407 40.8524 4.2
    endloop
  endfacet
  facet normal -0.946945 0.321394 0
    outer loop
      vertex -42.3407 40.8524 27.8
      vertex -42.4563 40.5118 4.2
      vertex -42.4563 40.5118 27.8
    endloop
  endfacet
  facet normal -0.442314 0.89686 0
    outer loop
      vertex -40.8524 42.3407 4.2
      vertex -41.175 42.1816 27.8
      vertex -40.8524 42.3407 27.8
    endloop
  endfacet
  facet normal -0.442314 0.89686 0
    outer loop
      vertex -41.175 42.1816 27.8
      vertex -40.8524 42.3407 4.2
      vertex -41.175 42.1816 4.2
    endloop
  endfacet
  facet normal -0.195 0.980803 0
    outer loop
      vertex -40.292 42.5 4.2
      vertex -40.5118 42.4563 27.8
      vertex -40.292 42.5 27.8
    endloop
  endfacet
  facet normal -0.195 0.980803 0
    outer loop
      vertex -40.5118 42.4563 27.8
      vertex -40.292 42.5 4.2
      vertex -40.5118 42.4563 4.2
    endloop
  endfacet
  facet normal 0 0 -1
    outer loop
      vertex -40.5118 42.4563 27.8
      vertex -40.1589 42.5265 27.8
      vertex -40.292 42.5 27.8
    endloop
  endfacet
  facet normal 0.442314 -0.89686 0
    outer loop
      vertex -38.7476 37.2593 4.2
      vertex -38.425 37.4184 27.8
      vertex -38.7476 37.2593 27.8
    endloop
  endfacet
  facet normal 0.442314 -0.89686 0
    outer loop
      vertex -38.425 37.4184 27.8
      vertex -38.7476 37.2593 4.2
      vertex -38.425 37.4184 4.2
    endloop
  endfacet
  facet normal 0.980783 -0.195101 0
    outer loop
      vertex -37.1437 39.0882 27.8
      vertex -37.0735 39.4411 4.2
      vertex -37.0735 39.4411 27.8
    endloop
  endfacet
  facet normal 0.980783 -0.195101 0
    outer loop
      vertex -37.0735 39.4411 4.2
      vertex -37.1437 39.0882 27.8
      vertex -37.1437 39.0882 4.2
    endloop
  endfacet
  facet normal -0.321394 -0.946945 0
    outer loop
      vertex -40.8524 37.2593 4.2
      vertex -40.5118 37.1437 27.8
      vertex -40.8524 37.2593 27.8
    endloop
  endfacet
  facet normal -0.321394 -0.946945 -0
    outer loop
      vertex -40.5118 37.1437 27.8
      vertex -40.8524 37.2593 4.2
      vertex -40.5118 37.1437 4.2
    endloop
  endfacet
  facet normal -0.89686 -0.442314 0
    outer loop
      vertex -42.1816 38.425 4.2
      vertex -42.3407 38.7476 27.8
      vertex -42.3407 38.7476 4.2
    endloop
  endfacet
  facet normal -0.89686 -0.442314 0
    outer loop
      vertex -42.3407 38.7476 27.8
      vertex -42.1816 38.425 4.2
      vertex -42.1816 38.425 27.8
    endloop
  endfacet
  facet normal 0 0 -1
    outer loop
      vertex -37.0735 39.4411 4.2
      vertex -37.0735 40.1589 4.2
      vertex -37.05 39.8 4.2
    endloop
  endfacet
  facet normal 0 0 -1
    outer loop
      vertex -37.1437 39.0882 4.2
      vertex -37.0735 40.1589 4.2
      vertex -37.0735 39.4411 4.2
    endloop
  endfacet
  facet normal 0 0 -1
    outer loop
      vertex -37.1437 39.0882 4.2
      vertex -37.1437 40.5118 4.2
      vertex -37.0735 40.1589 4.2
    endloop
  endfacet
  facet normal 0 0 -1
    outer loop
      vertex -37.2593 38.7476 4.2
      vertex -37.1437 40.5118 4.2
      vertex -37.1437 39.0882 4.2
    endloop
  endfacet
  facet normal 0 0 -1
    outer loop
      vertex -37.2593 38.7476 4.2
      vertex -37.2593 40.8524 4.2
      vertex -37.1437 40.5118 4.2
    endloop
  endfacet
  facet normal 0 0 -1
    outer loop
      vertex -37.4184 38.425 4.2
      vertex -37.2593 40.8524 4.2
      vertex -37.2593 38.7476 4.2
    endloop
  endfacet
  facet normal 0 0 -1
    outer loop
      vertex -37.4184 38.425 4.2
      vertex -37.4184 41.175 4.2
      vertex -37.2593 40.8524 4.2
    endloop
  endfacet
  facet normal 0 0 -1
    outer loop
      vertex -37.6183 38.1259 4.2
      vertex -37.4184 41.175 4.2
      vertex -37.4184 38.425 4.2
    endloop
  endfacet
  facet normal 0 0 -1
    outer loop
      vertex -37.6183 38.1259 4.2
      vertex -37.6183 41.4741 4.2
      vertex -37.4184 41.175 4.2
    endloop
  endfacet
  facet normal 0 0 -1
    outer loop
      vertex -37.8555 37.8555 4.2
      vertex -37.6183 41.4741 4.2
      vertex -37.6183 38.1259 4.2
    endloop
  endfacet
  facet normal 0 0 -1
    outer loop
      vertex -37.8555 37.8555 4.2
      vertex -37.8555 41.7445 4.2
      vertex -37.6183 41.4741 4.2
    endloop
  endfacet
  facet normal 0 0 -1
    outer loop
      vertex -38.1259 37.6183 4.2
      vertex -37.8555 41.7445 4.2
      vertex -37.8555 37.8555 4.2
    endloop
  endfacet
  facet normal 0 0 -1
    outer loop
      vertex -38.1259 37.6183 4.2
      vertex -38.1259 41.9817 4.2
      vertex -37.8555 41.7445 4.2
    endloop
  endfacet
  facet normal 0 0 -1
    outer loop
      vertex -38.425 37.4184 4.2
      vertex -38.1259 41.9817 4.2
      vertex -38.1259 37.6183 4.2
    endloop
  endfacet
  facet normal 0 0 -1
    outer loop
      vertex -38.425 37.4184 4.2
      vertex -38.425 42.1816 4.2
      vertex -38.1259 41.9817 4.2
    endloop
  endfacet
  facet normal 0 0 -1
    outer loop
      vertex -38.7476 37.2593 4.2
      vertex -38.425 42.1816 4.2
      vertex -38.425 37.4184 4.2
    endloop
  endfacet
  facet normal 0 0 -1
    outer loop
      vertex -38.7476 37.2593 4.2
      vertex -38.7476 42.3407 4.2
      vertex -38.425 42.1816 4.2
    endloop
  endfacet
  facet normal 0 0 -1
    outer loop
      vertex -39.0882 37.1437 4.2
      vertex -38.7476 42.3407 4.2
      vertex -38.7476 37.2593 4.2
    endloop
  endfacet
  facet normal 0 0 -1
    outer loop
      vertex -39.308 42.5 4.2
      vertex -38.7476 42.3407 4.2
      vertex -39.0882 37.1437 4.2
    endloop
  endfacet
  facet normal 0 0 -1
    outer loop
      vertex -38.7476 42.3407 4.2
      vertex -39.308 42.5 4.2
      vertex -39.0882 42.4563 4.2
    endloop
  endfacet
  facet normal 0 0 -1
    outer loop
      vertex -39.4411 37.0735 4.2
      vertex -39.308 42.5 4.2
      vertex -39.0882 37.1437 4.2
    endloop
  endfacet
  facet normal 0 0 -1
    outer loop
      vertex -39.8 37.05 4.2
      vertex -39.308 42.5 4.2
      vertex -39.4411 37.0735 4.2
    endloop
  endfacet
  facet normal 0 0 -1
    outer loop
      vertex -40.1589 37.0735 4.2
      vertex -39.308 42.5 4.2
      vertex -39.8 37.05 4.2
    endloop
  endfacet
  facet normal 0 0 -1
    outer loop
      vertex -40.1589 37.0735 4.2
      vertex -40.292 42.5 4.2
      vertex -39.308 42.5 4.2
    endloop
  endfacet
  facet normal 0 0 -1
    outer loop
      vertex -40.5118 37.1437 4.2
      vertex -40.292 42.5 4.2
      vertex -40.1589 37.0735 4.2
    endloop
  endfacet
  facet normal 0 0 -1
    outer loop
      vertex -40.8524 37.2593 4.2
      vertex -40.292 42.5 4.2
      vertex -40.5118 37.1437 4.2
    endloop
  endfacet
  facet normal 0 0 -1
    outer loop
      vertex -40.8524 42.3407 4.2
      vertex -40.292 42.5 4.2
      vertex -40.8524 37.2593 4.2
    endloop
  endfacet
  facet normal 0 0 -1
    outer loop
      vertex -40.292 42.5 4.2
      vertex -40.8524 42.3407 4.2
      vertex -40.5118 42.4563 4.2
    endloop
  endfacet
  facet normal 0 0 -1
    outer loop
      vertex -41.175 37.4184 4.2
      vertex -40.8524 42.3407 4.2
      vertex -40.8524 37.2593 4.2
    endloop
  endfacet
  facet normal 0 0 -1
    outer loop
      vertex -41.175 37.4184 4.2
      vertex -41.175 42.1816 4.2
      vertex -40.8524 42.3407 4.2
    endloop
  endfacet
  facet normal 0 0 -1
    outer loop
      vertex -41.4741 37.6183 4.2
      vertex -41.175 42.1816 4.2
      vertex -41.175 37.4184 4.2
    endloop
  endfacet
  facet normal 0 0 -1
    outer loop
      vertex -41.4741 37.6183 4.2
      vertex -41.4741 41.9817 4.2
      vertex -41.175 42.1816 4.2
    endloop
  endfacet
  facet normal 0 0 -1
    outer loop
      vertex -41.7445 37.8555 4.2
      vertex -41.4741 41.9817 4.2
      vertex -41.4741 37.6183 4.2
    endloop
  endfacet
  facet normal 0 0 -1
    outer loop
      vertex -41.7445 37.8555 4.2
      vertex -41.7445 41.7445 4.2
      vertex -41.4741 41.9817 4.2
    endloop
  endfacet
  facet normal 0 0 -1
    outer loop
      vertex -41.9817 38.1259 4.2
      vertex -41.7445 41.7445 4.2
      vertex -41.7445 37.8555 4.2
    endloop
  endfacet
  facet normal 0 0 -1
    outer loop
      vertex -41.9817 38.1259 4.2
      vertex -41.9817 41.4741 4.2
      vertex -41.7445 41.7445 4.2
    endloop
  endfacet
  facet normal 0 0 -1
    outer loop
      vertex -42.1816 38.425 4.2
      vertex -41.9817 41.4741 4.2
      vertex -41.9817 38.1259 4.2
    endloop
  endfacet
  facet normal 0 0 -1
    outer loop
      vertex -42.1816 38.425 4.2
      vertex -42.1816 41.175 4.2
      vertex -41.9817 41.4741 4.2
    endloop
  endfacet
  facet normal 0 0 -1
    outer loop
      vertex -42.5 39.308 4.2
      vertex -42.1816 38.425 4.2
      vertex -42.3407 38.7476 4.2
    endloop
  endfacet
  facet normal 0 0 -1
    outer loop
      vertex -42.1816 38.425 4.2
      vertex -42.5 39.308 4.2
      vertex -42.1816 41.175 4.2
    endloop
  endfacet
  facet normal 0 0 -1
    outer loop
      vertex -42.5 39.308 4.2
      vertex -42.3407 38.7476 4.2
      vertex -42.4563 39.0882 4.2
    endloop
  endfacet
  facet normal 0 0 -1
    outer loop
      vertex -42.5 40.292 4.2
      vertex -42.1816 41.175 4.2
      vertex -42.5 39.308 4.2
    endloop
  endfacet
  facet normal 0 0 -1
    outer loop
      vertex -42.1816 41.175 4.2
      vertex -42.5 40.292 4.2
      vertex -42.3407 40.8524 4.2
    endloop
  endfacet
  facet normal 0 0 -1
    outer loop
      vertex -42.3407 40.8524 4.2
      vertex -42.5 40.292 4.2
      vertex -42.4563 40.5118 4.2
    endloop
  endfacet
  facet normal 0.831408 0.555662 0
    outer loop
      vertex -37.4184 41.175 27.8
      vertex -37.6183 41.4741 4.2
      vertex -37.6183 41.4741 27.8
    endloop
  endfacet
  facet normal 0.831408 0.555662 0
    outer loop
      vertex -37.6183 41.4741 4.2
      vertex -37.4184 41.175 27.8
      vertex -37.4184 41.175 4.2
    endloop
  endfacet
  facet normal 0.195 0.980803 -0
    outer loop
      vertex -39.0882 42.4563 4.2
      vertex -39.308 42.5 27.8
      vertex -39.0882 42.4563 27.8
    endloop
  endfacet
  facet normal 0.195 0.980803 0
    outer loop
      vertex -39.308 42.5 27.8
      vertex -39.0882 42.4563 4.2
      vertex -39.308 42.5 4.2
    endloop
  endfacet
  facet normal 0 0 -1
    outer loop
      vertex -39.0882 42.4563 27.8
      vertex -39.308 42.5 27.8
      vertex -39.4411 42.5265 27.8
    endloop
  endfacet
  facet normal 0.659449 0.751749 -0
    outer loop
      vertex -37.8555 41.7445 4.2
      vertex -38.1259 41.9817 27.8
      vertex -37.8555 41.7445 27.8
    endloop
  endfacet
  facet normal 0.659449 0.751749 0
    outer loop
      vertex -38.1259 41.9817 27.8
      vertex -37.8555 41.7445 4.2
      vertex -38.1259 41.9817 4.2
    endloop
  endfacet
  facet normal -0.831408 0.555662 0
    outer loop
      vertex -42.1816 41.175 4.2
      vertex -41.9817 41.4741 27.8
      vertex -41.9817 41.4741 4.2
    endloop
  endfacet
  facet normal -0.831408 0.555662 0
    outer loop
      vertex -41.9817 41.4741 27.8
      vertex -42.1816 41.175 4.2
      vertex -42.1816 41.175 27.8
    endloop
  endfacet
  facet normal -0.751749 0.659449 0
    outer loop
      vertex -41.9817 41.4741 4.2
      vertex -41.7445 41.7445 27.8
      vertex -41.7445 41.7445 4.2
    endloop
  endfacet
  facet normal -0.751749 0.659449 0
    outer loop
      vertex -41.7445 41.7445 27.8
      vertex -41.9817 41.4741 4.2
      vertex -41.9817 41.4741 27.8
    endloop
  endfacet
  facet normal -0.980803 0.195 0
    outer loop
      vertex -42.5 40.292 4.2
      vertex -42.4563 40.5118 27.8
      vertex -42.4563 40.5118 4.2
    endloop
  endfacet
  facet normal -0.980803 0.195 0
    outer loop
      vertex -42.4563 40.5118 27.8
      vertex -42.5 40.292 4.2
      vertex -42.5 40.292 27.8
    endloop
  endfacet
  facet normal -0 0 -1
    outer loop
      vertex -42.5 40.292 27.8
      vertex -42.5265 40.1589 27.8
      vertex -42.4563 40.5118 27.8
    endloop
  endfacet
  facet normal 0 0 1
    outer loop
      vertex -38.4 39.8 27.8
      vertex -37.05 39.8 27.8
      vertex -37.0735 40.1589 27.8
    endloop
  endfacet
  facet normal 0 0 1
    outer loop
      vertex -38.412 39.9827 27.8
      vertex -37.0735 40.1589 27.8
      vertex -37.1437 40.5118 27.8
    endloop
  endfacet
  facet normal 0 0 1
    outer loop
      vertex -37.05 39.8 27.8
      vertex -38.4 39.8 27.8
      vertex -37.0735 39.4411 27.8
    endloop
  endfacet
  facet normal 0 0 1
    outer loop
      vertex -38.4477 40.1623 27.8
      vertex -37.1437 40.5118 27.8
      vertex -37.2593 40.8524 27.8
    endloop
  endfacet
  facet normal -0 0 1
    outer loop
      vertex -38.412 39.6173 27.8
      vertex -37.0735 39.4411 27.8
      vertex -38.4 39.8 27.8
    endloop
  endfacet
  facet normal 0 0 1
    outer loop
      vertex -38.5066 40.3358 27.8
      vertex -37.2593 40.8524 27.8
      vertex -37.4184 41.175 27.8
    endloop
  endfacet
  facet normal 0 0 1
    outer loop
      vertex -37.0735 39.4411 27.8
      vertex -38.412 39.6173 27.8
      vertex -37.1437 39.0882 27.8
    endloop
  endfacet
  facet normal 0 0 1
    outer loop
      vertex -38.5876 40.5 27.8
      vertex -37.4184 41.175 27.8
      vertex -37.6183 41.4741 27.8
    endloop
  endfacet
  facet normal -0 0 1
    outer loop
      vertex -38.4477 39.4377 27.8
      vertex -37.1437 39.0882 27.8
      vertex -38.412 39.6173 27.8
    endloop
  endfacet
  facet normal 0 0 1
    outer loop
      vertex -38.6893 40.6523 27.8
      vertex -37.6183 41.4741 27.8
      vertex -37.8555 41.7445 27.8
    endloop
  endfacet
  facet normal 0 0 1
    outer loop
      vertex -37.1437 39.0882 27.8
      vertex -38.4477 39.4377 27.8
      vertex -37.2593 38.7476 27.8
    endloop
  endfacet
  facet normal 0 0 1
    outer loop
      vertex -38.8101 40.7899 27.8
      vertex -37.8555 41.7445 27.8
      vertex -38.1259 41.9817 27.8
    endloop
  endfacet
  facet normal -0 0 1
    outer loop
      vertex -38.5066 39.2642 27.8
      vertex -37.2593 38.7476 27.8
      vertex -38.4477 39.4377 27.8
    endloop
  endfacet
  facet normal 0 0 1
    outer loop
      vertex -37.2593 38.7476 27.8
      vertex -38.5066 39.2642 27.8
      vertex -37.4184 38.425 27.8
    endloop
  endfacet
  facet normal 0 0 1
    outer loop
      vertex -37.0735 40.1589 27.8
      vertex -38.412 39.9827 27.8
      vertex -38.4 39.8 27.8
    endloop
  endfacet
  facet normal 0 0 1
    outer loop
      vertex -38.9477 40.9107 27.8
      vertex -38.1259 41.9817 27.8
      vertex -38.425 42.1816 27.8
    endloop
  endfacet
  facet normal 0 0 1
    outer loop
      vertex -37.1437 40.5118 27.8
      vertex -38.4477 40.1623 27.8
      vertex -38.412 39.9827 27.8
    endloop
  endfacet
  facet normal 0 0 1
    outer loop
      vertex -37.2593 40.8524 27.8
      vertex -38.5066 40.3358 27.8
      vertex -38.4477 40.1623 27.8
    endloop
  endfacet
  facet normal 0 0 1
    outer loop
      vertex -37.4184 41.175 27.8
      vertex -38.5876 40.5 27.8
      vertex -38.5066 40.3358 27.8
    endloop
  endfacet
  facet normal 0 0 1
    outer loop
      vertex -37.6183 41.4741 27.8
      vertex -38.6893 40.6523 27.8
      vertex -38.5876 40.5 27.8
    endloop
  endfacet
  facet normal 0 0 1
    outer loop
      vertex -39.1 41.0124 27.8
      vertex -38.425 42.1816 27.8
      vertex -38.7476 42.3407 27.8
    endloop
  endfacet
  facet normal 0 0 1
    outer loop
      vertex -37.8555 41.7445 27.8
      vertex -38.8101 40.7899 27.8
      vertex -38.6893 40.6523 27.8
    endloop
  endfacet
  facet normal 0 0 1
    outer loop
      vertex -38.1259 41.9817 27.8
      vertex -38.9477 40.9107 27.8
      vertex -38.8101 40.7899 27.8
    endloop
  endfacet
  facet normal 0 0 1
    outer loop
      vertex -39.2642 41.0934 27.8
      vertex -38.7476 42.3407 27.8
      vertex -39.0882 42.4563 27.8
    endloop
  endfacet
  facet normal 0 0 1
    outer loop
      vertex -38.425 42.1816 27.8
      vertex -39.1 41.0124 27.8
      vertex -38.9477 40.9107 27.8
    endloop
  endfacet
  facet normal 0 0 1
    outer loop
      vertex -38.7476 42.3407 27.8
      vertex -39.2642 41.0934 27.8
      vertex -39.1 41.0124 27.8
    endloop
  endfacet
  facet normal 0 0 1
    outer loop
      vertex -39.0882 42.4563 27.8
      vertex -39.4377 41.1523 27.8
      vertex -39.2642 41.0934 27.8
    endloop
  endfacet
  facet normal 0 0 1
    outer loop
      vertex -39.4411 42.5265 27.8
      vertex -39.4377 41.1523 27.8
      vertex -39.0882 42.4563 27.8
    endloop
  endfacet
  facet normal 0 0 1
    outer loop
      vertex -39.4411 42.5265 27.8
      vertex -39.6173 41.188 27.8
      vertex -39.4377 41.1523 27.8
    endloop
  endfacet
  facet normal 0 0 1
    outer loop
      vertex -39.8 42.55 27.8
      vertex -39.6173 41.188 27.8
      vertex -39.4411 42.5265 27.8
    endloop
  endfacet
  facet normal 0 0 1
    outer loop
      vertex -39.8 42.55 27.8
      vertex -39.8 41.2 27.8
      vertex -39.6173 41.188 27.8
    endloop
  endfacet
  facet normal 0 0 1
    outer loop
      vertex -39.8 42.55 27.8
      vertex -39.9827 41.188 27.8
      vertex -39.8 41.2 27.8
    endloop
  endfacet
  facet normal -0 0 1
    outer loop
      vertex -40.1589 42.5265 27.8
      vertex -39.9827 41.188 27.8
      vertex -39.8 42.55 27.8
    endloop
  endfacet
  facet normal 0 0 1
    outer loop
      vertex -40.1589 42.5265 27.8
      vertex -40.1623 41.1523 27.8
      vertex -39.9827 41.188 27.8
    endloop
  endfacet
  facet normal -0 0 1
    outer loop
      vertex -40.5118 42.4563 27.8
      vertex -40.1623 41.1523 27.8
      vertex -40.1589 42.5265 27.8
    endloop
  endfacet
  facet normal 0 0 1
    outer loop
      vertex -40.1623 41.1523 27.8
      vertex -40.5118 42.4563 27.8
      vertex -40.3358 41.0934 27.8
    endloop
  endfacet
  facet normal -0 0 1
    outer loop
      vertex -40.8524 42.3407 27.8
      vertex -40.3358 41.0934 27.8
      vertex -40.5118 42.4563 27.8
    endloop
  endfacet
  facet normal 0 0 1
    outer loop
      vertex -40.3358 41.0934 27.8
      vertex -40.8524 42.3407 27.8
      vertex -40.5 41.0124 27.8
    endloop
  endfacet
  facet normal -0 0 1
    outer loop
      vertex -41.175 42.1816 27.8
      vertex -40.5 41.0124 27.8
      vertex -40.8524 42.3407 27.8
    endloop
  endfacet
  facet normal 0 0 1
    outer loop
      vertex -40.5 41.0124 27.8
      vertex -41.175 42.1816 27.8
      vertex -40.6523 40.9107 27.8
    endloop
  endfacet
  facet normal -0 0 1
    outer loop
      vertex -41.4741 41.9817 27.8
      vertex -40.6523 40.9107 27.8
      vertex -41.175 42.1816 27.8
    endloop
  endfacet
  facet normal 0 0 1
    outer loop
      vertex -40.6523 40.9107 27.8
      vertex -41.4741 41.9817 27.8
      vertex -40.7899 40.7899 27.8
    endloop
  endfacet
  facet normal -0 0 1
    outer loop
      vertex -41.7445 41.7445 27.8
      vertex -40.7899 40.7899 27.8
      vertex -41.4741 41.9817 27.8
    endloop
  endfacet
  facet normal 0 0 1
    outer loop
      vertex -40.7899 40.7899 27.8
      vertex -41.7445 41.7445 27.8
      vertex -40.9107 40.6523 27.8
    endloop
  endfacet
  facet normal -0 0 1
    outer loop
      vertex -41.9817 41.4741 27.8
      vertex -40.9107 40.6523 27.8
      vertex -41.7445 41.7445 27.8
    endloop
  endfacet
  facet normal 0 0 1
    outer loop
      vertex -40.9107 40.6523 27.8
      vertex -41.9817 41.4741 27.8
      vertex -41.0124 40.5 27.8
    endloop
  endfacet
  facet normal -0 0 1
    outer loop
      vertex -42.1816 41.175 27.8
      vertex -41.0124 40.5 27.8
      vertex -41.9817 41.4741 27.8
    endloop
  endfacet
  facet normal 0 0 1
    outer loop
      vertex -41.0124 40.5 27.8
      vertex -42.1816 41.175 27.8
      vertex -41.0934 40.3358 27.8
    endloop
  endfacet
  facet normal -0 0 1
    outer loop
      vertex -38.5876 39.1 27.8
      vertex -37.4184 38.425 27.8
      vertex -38.5066 39.2642 27.8
    endloop
  endfacet
  facet normal 0 0 1
    outer loop
      vertex -37.4184 38.425 27.8
      vertex -38.5876 39.1 27.8
      vertex -37.6183 38.1259 27.8
    endloop
  endfacet
  facet normal -0 0 1
    outer loop
      vertex -38.6893 38.9477 27.8
      vertex -37.6183 38.1259 27.8
      vertex -38.5876 39.1 27.8
    endloop
  endfacet
  facet normal 0 0 1
    outer loop
      vertex -37.6183 38.1259 27.8
      vertex -38.6893 38.9477 27.8
      vertex -37.8555 37.8555 27.8
    endloop
  endfacet
  facet normal -0 0 1
    outer loop
      vertex -38.8101 38.8101 27.8
      vertex -37.8555 37.8555 27.8
      vertex -38.6893 38.9477 27.8
    endloop
  endfacet
  facet normal 0 0 1
    outer loop
      vertex -37.8555 37.8555 27.8
      vertex -38.8101 38.8101 27.8
      vertex -38.1259 37.6183 27.8
    endloop
  endfacet
  facet normal -0 0 1
    outer loop
      vertex -38.9477 38.6893 27.8
      vertex -38.1259 37.6183 27.8
      vertex -38.8101 38.8101 27.8
    endloop
  endfacet
  facet normal 0 0 1
    outer loop
      vertex -38.1259 37.6183 27.8
      vertex -38.9477 38.6893 27.8
      vertex -38.425 37.4184 27.8
    endloop
  endfacet
  facet normal -0 0 1
    outer loop
      vertex -39.1 38.5876 27.8
      vertex -38.425 37.4184 27.8
      vertex -38.9477 38.6893 27.8
    endloop
  endfacet
  facet normal 0 0 1
    outer loop
      vertex -38.425 37.4184 27.8
      vertex -39.1 38.5876 27.8
      vertex -38.7476 37.2593 27.8
    endloop
  endfacet
  facet normal -0 0 1
    outer loop
      vertex -39.2642 38.5066 27.8
      vertex -38.7476 37.2593 27.8
      vertex -39.1 38.5876 27.8
    endloop
  endfacet
  facet normal 0 0 1
    outer loop
      vertex -38.7476 37.2593 27.8
      vertex -39.2642 38.5066 27.8
      vertex -39.0882 37.1437 27.8
    endloop
  endfacet
  facet normal -0 0 1
    outer loop
      vertex -39.4377 38.4477 27.8
      vertex -39.0882 37.1437 27.8
      vertex -39.2642 38.5066 27.8
    endloop
  endfacet
  facet normal 0 0 1
    outer loop
      vertex -39.4377 38.4477 27.8
      vertex -39.4411 37.0735 27.8
      vertex -39.0882 37.1437 27.8
    endloop
  endfacet
  facet normal -0 0 1
    outer loop
      vertex -39.6173 38.412 27.8
      vertex -39.4411 37.0735 27.8
      vertex -39.4377 38.4477 27.8
    endloop
  endfacet
  facet normal -0 0 1
    outer loop
      vertex -39.8 38.4 27.8
      vertex -39.4411 37.0735 27.8
      vertex -39.6173 38.412 27.8
    endloop
  endfacet
  facet normal 0 0 1
    outer loop
      vertex -39.8 38.4 27.8
      vertex -39.8 37.05 27.8
      vertex -39.4411 37.0735 27.8
    endloop
  endfacet
  facet normal 0 0 1
    outer loop
      vertex -39.9827 38.412 27.8
      vertex -39.8 37.05 27.8
      vertex -39.8 38.4 27.8
    endloop
  endfacet
  facet normal 0 0 1
    outer loop
      vertex -39.9827 38.412 27.8
      vertex -40.1589 37.0735 27.8
      vertex -39.8 37.05 27.8
    endloop
  endfacet
  facet normal 0 0 1
    outer loop
      vertex -40.1623 38.4477 27.8
      vertex -40.1589 37.0735 27.8
      vertex -39.9827 38.412 27.8
    endloop
  endfacet
  facet normal 0 0 1
    outer loop
      vertex -40.5118 37.1437 27.8
      vertex -40.1623 38.4477 27.8
      vertex -40.3358 38.5066 27.8
    endloop
  endfacet
  facet normal 0 0 1
    outer loop
      vertex -40.8524 37.2593 27.8
      vertex -40.3358 38.5066 27.8
      vertex -40.5 38.5876 27.8
    endloop
  endfacet
  facet normal 0 0 1
    outer loop
      vertex -40.1623 38.4477 27.8
      vertex -40.5118 37.1437 27.8
      vertex -40.1589 37.0735 27.8
    endloop
  endfacet
  facet normal 0 0 1
    outer loop
      vertex -41.175 37.4184 27.8
      vertex -40.5 38.5876 27.8
      vertex -40.6523 38.6893 27.8
    endloop
  endfacet
  facet normal 0 0 1
    outer loop
      vertex -41.4741 37.6183 27.8
      vertex -40.6523 38.6893 27.8
      vertex -40.7899 38.8101 27.8
    endloop
  endfacet
  facet normal 0 0 1
    outer loop
      vertex -40.3358 38.5066 27.8
      vertex -40.8524 37.2593 27.8
      vertex -40.5118 37.1437 27.8
    endloop
  endfacet
  facet normal 0 0 1
    outer loop
      vertex -41.7445 37.8555 27.8
      vertex -40.7899 38.8101 27.8
      vertex -40.9107 38.9477 27.8
    endloop
  endfacet
  facet normal 0 0 1
    outer loop
      vertex -41.9817 38.1259 27.8
      vertex -40.9107 38.9477 27.8
      vertex -41.0124 39.1 27.8
    endloop
  endfacet
  facet normal 0 0 1
    outer loop
      vertex -42.1816 38.425 27.8
      vertex -41.0124 39.1 27.8
      vertex -41.0934 39.2642 27.8
    endloop
  endfacet
  facet normal 0 0 1
    outer loop
      vertex -42.3407 38.7476 27.8
      vertex -41.0934 39.2642 27.8
      vertex -41.1523 39.4377 27.8
    endloop
  endfacet
  facet normal 0 0 1
    outer loop
      vertex -40.5 38.5876 27.8
      vertex -41.175 37.4184 27.8
      vertex -40.8524 37.2593 27.8
    endloop
  endfacet
  facet normal 0 0 1
    outer loop
      vertex -42.4563 39.0882 27.8
      vertex -41.1523 39.4377 27.8
      vertex -41.188 39.6173 27.8
    endloop
  endfacet
  facet normal 0 0 1
    outer loop
      vertex -42.5265 39.4411 27.8
      vertex -41.188 39.6173 27.8
      vertex -41.2 39.8 27.8
    endloop
  endfacet
  facet normal -0 0 1
    outer loop
      vertex -42.3407 40.8524 27.8
      vertex -41.0934 40.3358 27.8
      vertex -42.1816 41.175 27.8
    endloop
  endfacet
  facet normal 0 0 1
    outer loop
      vertex -40.6523 38.6893 27.8
      vertex -41.4741 37.6183 27.8
      vertex -41.175 37.4184 27.8
    endloop
  endfacet
  facet normal 0 0 1
    outer loop
      vertex -41.0934 40.3358 27.8
      vertex -42.3407 40.8524 27.8
      vertex -41.1523 40.1623 27.8
    endloop
  endfacet
  facet normal 0 0 1
    outer loop
      vertex -40.7899 38.8101 27.8
      vertex -41.7445 37.8555 27.8
      vertex -41.4741 37.6183 27.8
    endloop
  endfacet
  facet normal -0 0 1
    outer loop
      vertex -42.4563 40.5118 27.8
      vertex -41.1523 40.1623 27.8
      vertex -42.3407 40.8524 27.8
    endloop
  endfacet
  facet normal 0 0 1
    outer loop
      vertex -40.9107 38.9477 27.8
      vertex -41.9817 38.1259 27.8
      vertex -41.7445 37.8555 27.8
    endloop
  endfacet
  facet normal 0 0 1
    outer loop
      vertex -41.1523 40.1623 27.8
      vertex -42.4563 40.5118 27.8
      vertex -41.188 39.9827 27.8
    endloop
  endfacet
  facet normal 0 0 1
    outer loop
      vertex -41.0124 39.1 27.8
      vertex -42.1816 38.425 27.8
      vertex -41.9817 38.1259 27.8
    endloop
  endfacet
  facet normal -0 0 1
    outer loop
      vertex -42.5265 40.1589 27.8
      vertex -41.188 39.9827 27.8
      vertex -42.4563 40.5118 27.8
    endloop
  endfacet
  facet normal 0 0 1
    outer loop
      vertex -41.0934 39.2642 27.8
      vertex -42.3407 38.7476 27.8
      vertex -42.1816 38.425 27.8
    endloop
  endfacet
  facet normal 0 0 1
    outer loop
      vertex -41.188 39.9827 27.8
      vertex -42.5265 40.1589 27.8
      vertex -41.2 39.8 27.8
    endloop
  endfacet
  facet normal 0 0 1
    outer loop
      vertex -41.1523 39.4377 27.8
      vertex -42.4563 39.0882 27.8
      vertex -42.3407 38.7476 27.8
    endloop
  endfacet
  facet normal 0 0 1
    outer loop
      vertex -42.55 39.8 27.8
      vertex -41.2 39.8 27.8
      vertex -42.5265 40.1589 27.8
    endloop
  endfacet
  facet normal 0 0 1
    outer loop
      vertex -41.188 39.6173 27.8
      vertex -42.5265 39.4411 27.8
      vertex -42.4563 39.0882 27.8
    endloop
  endfacet
  facet normal 0 0 1
    outer loop
      vertex -41.2 39.8 27.8
      vertex -42.55 39.8 27.8
      vertex -42.5265 39.4411 27.8
    endloop
  endfacet
  facet normal -0.555662 0.831408 0
    outer loop
      vertex -41.175 42.1816 4.2
      vertex -41.4741 41.9817 27.8
      vertex -41.175 42.1816 27.8
    endloop
  endfacet
  facet normal -0.555662 0.831408 0
    outer loop
      vertex -41.4741 41.9817 27.8
      vertex -41.175 42.1816 4.2
      vertex -41.4741 41.9817 4.2
    endloop
  endfacet
  facet normal 0.0653379 -0.997863 0
    outer loop
      vertex -39.8 37.05 4.2
      vertex -39.4411 37.0735 27.8
      vertex -39.8 37.05 27.8
    endloop
  endfacet
  facet normal 0.0653379 -0.997863 0
    outer loop
      vertex -39.4411 37.0735 27.8
      vertex -39.8 37.05 4.2
      vertex -39.4411 37.0735 4.2
    endloop
  endfacet
  facet normal 0.321394 -0.946945 0
    outer loop
      vertex -39.0882 37.1437 4.2
      vertex -38.7476 37.2593 27.8
      vertex -39.0882 37.1437 27.8
    endloop
  endfacet
  facet normal 0.321394 -0.946945 0
    outer loop
      vertex -38.7476 37.2593 27.8
      vertex -39.0882 37.1437 4.2
      vertex -38.7476 37.2593 4.2
    endloop
  endfacet
  facet normal 0.555662 -0.831408 0
    outer loop
      vertex -38.425 37.4184 4.2
      vertex -38.1259 37.6183 27.8
      vertex -38.425 37.4184 27.8
    endloop
  endfacet
  facet normal 0.555662 -0.831408 0
    outer loop
      vertex -38.1259 37.6183 27.8
      vertex -38.425 37.4184 4.2
      vertex -38.1259 37.6183 4.2
    endloop
  endfacet
  facet normal 0.751749 -0.659449 0
    outer loop
      vertex -37.8555 37.8555 27.8
      vertex -37.6183 38.1259 4.2
      vertex -37.6183 38.1259 27.8
    endloop
  endfacet
  facet normal 0.751749 -0.659449 0
    outer loop
      vertex -37.6183 38.1259 4.2
      vertex -37.8555 37.8555 27.8
      vertex -37.8555 37.8555 4.2
    endloop
  endfacet
  facet normal 0.89686 -0.442314 0
    outer loop
      vertex -37.4184 38.425 27.8
      vertex -37.2593 38.7476 4.2
      vertex -37.2593 38.7476 27.8
    endloop
  endfacet
  facet normal 0.89686 -0.442314 0
    outer loop
      vertex -37.2593 38.7476 4.2
      vertex -37.4184 38.425 27.8
      vertex -37.4184 38.425 4.2
    endloop
  endfacet
  facet normal -0.659449 -0.751749 0
    outer loop
      vertex -41.7445 37.8555 4.2
      vertex -41.4741 37.6183 27.8
      vertex -41.7445 37.8555 27.8
    endloop
  endfacet
  facet normal -0.659449 -0.751749 -0
    outer loop
      vertex -41.4741 37.6183 27.8
      vertex -41.7445 37.8555 4.2
      vertex -41.4741 37.6183 4.2
    endloop
  endfacet
  facet normal -0.442314 -0.89686 0
    outer loop
      vertex -41.175 37.4184 4.2
      vertex -40.8524 37.2593 27.8
      vertex -41.175 37.4184 27.8
    endloop
  endfacet
  facet normal -0.442314 -0.89686 -0
    outer loop
      vertex -40.8524 37.2593 27.8
      vertex -41.175 37.4184 4.2
      vertex -40.8524 37.2593 4.2
    endloop
  endfacet
  facet normal -0.195101 -0.980783 0
    outer loop
      vertex -40.5118 37.1437 4.2
      vertex -40.1589 37.0735 27.8
      vertex -40.5118 37.1437 27.8
    endloop
  endfacet
  facet normal -0.195101 -0.980783 -0
    outer loop
      vertex -40.1589 37.0735 27.8
      vertex -40.5118 37.1437 4.2
      vertex -40.1589 37.0735 4.2
    endloop
  endfacet
  facet normal -0.831408 -0.555662 0
    outer loop
      vertex -41.9817 38.1259 4.2
      vertex -42.1816 38.425 27.8
      vertex -42.1816 38.425 4.2
    endloop
  endfacet
  facet normal -0.831408 -0.555662 0
    outer loop
      vertex -42.1816 38.425 27.8
      vertex -41.9817 38.1259 4.2
      vertex -41.9817 38.1259 27.8
    endloop
  endfacet
  facet normal -0.946945 -0.321394 0
    outer loop
      vertex -42.3407 38.7476 4.2
      vertex -42.4563 39.0882 27.8
      vertex -42.4563 39.0882 4.2
    endloop
  endfacet
  facet normal -0.946945 -0.321394 0
    outer loop
      vertex -42.4563 39.0882 27.8
      vertex -42.3407 38.7476 4.2
      vertex -42.3407 38.7476 27.8
    endloop
  endfacet
  facet normal 0.997863 -0.0653379 0
    outer loop
      vertex -37.0735 39.4411 27.8
      vertex -37.05 39.8 4.2
      vertex -37.05 39.8 27.8
    endloop
  endfacet
  facet normal 0.997863 -0.0653379 0
    outer loop
      vertex -37.05 39.8 4.2
      vertex -37.0735 39.4411 27.8
      vertex -37.0735 39.4411 4.2
    endloop
  endfacet
  facet normal 0.195101 -0.980783 0
    outer loop
      vertex -39.4411 37.0735 4.2
      vertex -39.0882 37.1437 27.8
      vertex -39.4411 37.0735 27.8
    endloop
  endfacet
  facet normal 0.195101 -0.980783 0
    outer loop
      vertex -39.0882 37.1437 27.8
      vertex -39.4411 37.0735 4.2
      vertex -39.0882 37.1437 4.2
    endloop
  endfacet
  facet normal 0.659449 -0.751749 0
    outer loop
      vertex -38.1259 37.6183 4.2
      vertex -37.8555 37.8555 27.8
      vertex -38.1259 37.6183 27.8
    endloop
  endfacet
  facet normal 0.659449 -0.751749 0
    outer loop
      vertex -37.8555 37.8555 27.8
      vertex -38.1259 37.6183 4.2
      vertex -37.8555 37.8555 4.2
    endloop
  endfacet
  facet normal 0.831408 -0.555662 0
    outer loop
      vertex -37.6183 38.1259 27.8
      vertex -37.4184 38.425 4.2
      vertex -37.4184 38.425 27.8
    endloop
  endfacet
  facet normal 0.831408 -0.555662 0
    outer loop
      vertex -37.4184 38.425 4.2
      vertex -37.6183 38.1259 27.8
      vertex -37.6183 38.1259 4.2
    endloop
  endfacet
  facet normal 0.946945 -0.321394 0
    outer loop
      vertex -37.2593 38.7476 27.8
      vertex -37.1437 39.0882 4.2
      vertex -37.1437 39.0882 27.8
    endloop
  endfacet
  facet normal 0.946945 -0.321394 0
    outer loop
      vertex -37.1437 39.0882 4.2
      vertex -37.2593 38.7476 27.8
      vertex -37.2593 38.7476 4.2
    endloop
  endfacet
  facet normal -0.555662 -0.831408 0
    outer loop
      vertex -41.4741 37.6183 4.2
      vertex -41.175 37.4184 27.8
      vertex -41.4741 37.6183 27.8
    endloop
  endfacet
  facet normal -0.555662 -0.831408 -0
    outer loop
      vertex -41.175 37.4184 27.8
      vertex -41.4741 37.6183 4.2
      vertex -41.175 37.4184 4.2
    endloop
  endfacet
  facet normal -0.980803 -0.195 0
    outer loop
      vertex -42.4563 39.0882 4.2
      vertex -42.5 39.308 27.8
      vertex -42.5 39.308 4.2
    endloop
  endfacet
  facet normal -0.980803 -0.195 0
    outer loop
      vertex -42.5 39.308 27.8
      vertex -42.4563 39.0882 4.2
      vertex -42.4563 39.0882 27.8
    endloop
  endfacet
  facet normal 0 0 -1
    outer loop
      vertex -42.4563 39.0882 27.8
      vertex -42.5265 39.4411 27.8
      vertex -42.5 39.308 27.8
    endloop
  endfacet
  facet normal -0.99785 -0.0655402 0
    outer loop
      vertex -38.4 39.8 5.2
      vertex -38.412 39.9827 27.8
      vertex -38.412 39.9827 5.2
    endloop
  endfacet
  facet normal -0.99785 -0.0655402 0
    outer loop
      vertex -38.412 39.9827 27.8
      vertex -38.4 39.8 5.2
      vertex -38.4 39.8 27.8
    endloop
  endfacet
  facet normal 0.99785 -0.0655402 0
    outer loop
      vertex -41.2 39.8 27.8
      vertex -41.188 39.9827 5.2
      vertex -41.188 39.9827 27.8
    endloop
  endfacet
  facet normal 0.99785 -0.0655402 0
    outer loop
      vertex -41.188 39.9827 5.2
      vertex -41.2 39.8 27.8
      vertex -41.2 39.8 5.2
    endloop
  endfacet
  facet normal -0.0655402 -0.99785 0
    outer loop
      vertex -39.8 41.2 5.2
      vertex -39.6173 41.188 27.8
      vertex -39.8 41.2 27.8
    endloop
  endfacet
  facet normal -0.0655402 -0.99785 -0
    outer loop
      vertex -39.6173 41.188 27.8
      vertex -39.8 41.2 5.2
      vertex -39.6173 41.188 5.2
    endloop
  endfacet
  facet normal 0.0655402 0.99785 -0
    outer loop
      vertex -39.8 38.4 5.2
      vertex -39.9827 38.412 27.8
      vertex -39.8 38.4 27.8
    endloop
  endfacet
  facet normal 0.0655402 0.99785 0
    outer loop
      vertex -39.9827 38.412 27.8
      vertex -39.8 38.4 5.2
      vertex -39.9827 38.412 5.2
    endloop
  endfacet
  facet normal -0.751493 -0.659741 0
    outer loop
      vertex -38.6893 40.6523 5.2
      vertex -38.8101 40.7899 27.8
      vertex -38.8101 40.7899 5.2
    endloop
  endfacet
  facet normal -0.751493 -0.659741 0
    outer loop
      vertex -38.8101 40.7899 27.8
      vertex -38.6893 40.6523 5.2
      vertex -38.6893 40.6523 27.8
    endloop
  endfacet
  facet normal 0.659741 -0.751493 0
    outer loop
      vertex -40.7899 40.7899 5.2
      vertex -40.6523 40.9107 27.8
      vertex -40.7899 40.7899 27.8
    endloop
  endfacet
  facet normal 0.659741 -0.751493 0
    outer loop
      vertex -40.6523 40.9107 27.8
      vertex -40.7899 40.7899 5.2
      vertex -40.6523 40.9107 5.2
    endloop
  endfacet
  facet normal 0.321462 -0.946922 0
    outer loop
      vertex -40.3358 41.0934 5.2
      vertex -40.1623 41.1523 27.8
      vertex -40.3358 41.0934 27.8
    endloop
  endfacet
  facet normal 0.321462 -0.946922 0
    outer loop
      vertex -40.1623 41.1523 27.8
      vertex -40.3358 41.0934 5.2
      vertex -40.1623 41.1523 5.2
    endloop
  endfacet
  facet normal -0.946922 -0.321462 0
    outer loop
      vertex -38.4477 40.1623 5.2
      vertex -38.5066 40.3358 27.8
      vertex -38.5066 40.3358 5.2
    endloop
  endfacet
  facet normal -0.946922 -0.321462 0
    outer loop
      vertex -38.5066 40.3358 27.8
      vertex -38.4477 40.1623 5.2
      vertex -38.4477 40.1623 27.8
    endloop
  endfacet
  facet normal -0.980811 -0.194961 0
    outer loop
      vertex -38.412 39.9827 5.2
      vertex -38.4477 40.1623 27.8
      vertex -38.4477 40.1623 5.2
    endloop
  endfacet
  facet normal -0.980811 -0.194961 0
    outer loop
      vertex -38.4477 40.1623 27.8
      vertex -38.412 39.9827 5.2
      vertex -38.412 39.9827 27.8
    endloop
  endfacet
  facet normal -0.896817 -0.442401 0
    outer loop
      vertex -38.5066 40.3358 5.2
      vertex -38.5876 40.5 27.8
      vertex -38.5876 40.5 5.2
    endloop
  endfacet
  facet normal -0.896817 -0.442401 0
    outer loop
      vertex -38.5876 40.5 27.8
      vertex -38.5066 40.3358 5.2
      vertex -38.5066 40.3358 27.8
    endloop
  endfacet
  facet normal -0.442401 -0.896817 0
    outer loop
      vertex -39.2642 41.0934 5.2
      vertex -39.1 41.0124 27.8
      vertex -39.2642 41.0934 27.8
    endloop
  endfacet
  facet normal -0.442401 -0.896817 -0
    outer loop
      vertex -39.1 41.0124 27.8
      vertex -39.2642 41.0934 5.2
      vertex -39.1 41.0124 5.2
    endloop
  endfacet
  facet normal -0.321462 -0.946922 0
    outer loop
      vertex -39.4377 41.1523 5.2
      vertex -39.2642 41.0934 27.8
      vertex -39.4377 41.1523 27.8
    endloop
  endfacet
  facet normal -0.321462 -0.946922 -0
    outer loop
      vertex -39.2642 41.0934 27.8
      vertex -39.4377 41.1523 5.2
      vertex -39.2642 41.0934 5.2
    endloop
  endfacet
  facet normal -0.55533 -0.83163 0
    outer loop
      vertex -39.1 41.0124 5.2
      vertex -38.9477 40.9107 27.8
      vertex -39.1 41.0124 27.8
    endloop
  endfacet
  facet normal -0.55533 -0.83163 -0
    outer loop
      vertex -38.9477 40.9107 27.8
      vertex -39.1 41.0124 5.2
      vertex -38.9477 40.9107 5.2
    endloop
  endfacet
  facet normal 0.896817 -0.442401 0
    outer loop
      vertex -41.0934 40.3358 27.8
      vertex -41.0124 40.5 5.2
      vertex -41.0124 40.5 27.8
    endloop
  endfacet
  facet normal 0.896817 -0.442401 0
    outer loop
      vertex -41.0124 40.5 5.2
      vertex -41.0934 40.3358 27.8
      vertex -41.0934 40.3358 5.2
    endloop
  endfacet
  facet normal 0.946922 -0.321462 0
    outer loop
      vertex -41.1523 40.1623 27.8
      vertex -41.0934 40.3358 5.2
      vertex -41.0934 40.3358 27.8
    endloop
  endfacet
  facet normal 0.946922 -0.321462 0
    outer loop
      vertex -41.0934 40.3358 5.2
      vertex -41.1523 40.1623 27.8
      vertex -41.1523 40.1623 5.2
    endloop
  endfacet
  facet normal 0.442401 -0.896817 0
    outer loop
      vertex -40.5 41.0124 5.2
      vertex -40.3358 41.0934 27.8
      vertex -40.5 41.0124 27.8
    endloop
  endfacet
  facet normal 0.442401 -0.896817 0
    outer loop
      vertex -40.3358 41.0934 27.8
      vertex -40.5 41.0124 5.2
      vertex -40.3358 41.0934 5.2
    endloop
  endfacet
  facet normal 0.194961 -0.980811 0
    outer loop
      vertex -40.1623 41.1523 5.2
      vertex -39.9827 41.188 27.8
      vertex -40.1623 41.1523 27.8
    endloop
  endfacet
  facet normal 0.194961 -0.980811 0
    outer loop
      vertex -39.9827 41.188 27.8
      vertex -40.1623 41.1523 5.2
      vertex -39.9827 41.188 5.2
    endloop
  endfacet
  facet normal -0.442401 0.896817 0
    outer loop
      vertex -39.1 38.5876 5.2
      vertex -39.2642 38.5066 27.8
      vertex -39.1 38.5876 27.8
    endloop
  endfacet
  facet normal -0.442401 0.896817 0
    outer loop
      vertex -39.2642 38.5066 27.8
      vertex -39.1 38.5876 5.2
      vertex -39.2642 38.5066 5.2
    endloop
  endfacet
  facet normal -0.946922 0.321462 0
    outer loop
      vertex -38.5066 39.2642 5.2
      vertex -38.4477 39.4377 27.8
      vertex -38.4477 39.4377 5.2
    endloop
  endfacet
  facet normal -0.946922 0.321462 0
    outer loop
      vertex -38.4477 39.4377 27.8
      vertex -38.5066 39.2642 5.2
      vertex -38.5066 39.2642 27.8
    endloop
  endfacet
  facet normal -0.980811 0.194961 0
    outer loop
      vertex -38.4477 39.4377 5.2
      vertex -38.412 39.6173 27.8
      vertex -38.412 39.6173 5.2
    endloop
  endfacet
  facet normal -0.980811 0.194961 0
    outer loop
      vertex -38.412 39.6173 27.8
      vertex -38.4477 39.4377 5.2
      vertex -38.4477 39.4377 27.8
    endloop
  endfacet
  facet normal 0.321462 0.946922 -0
    outer loop
      vertex -40.1623 38.4477 5.2
      vertex -40.3358 38.5066 27.8
      vertex -40.1623 38.4477 27.8
    endloop
  endfacet
  facet normal 0.321462 0.946922 0
    outer loop
      vertex -40.3358 38.5066 27.8
      vertex -40.1623 38.4477 5.2
      vertex -40.3358 38.5066 5.2
    endloop
  endfacet
  facet normal 0.896817 0.442401 0
    outer loop
      vertex -41.0124 39.1 27.8
      vertex -41.0934 39.2642 5.2
      vertex -41.0934 39.2642 27.8
    endloop
  endfacet
  facet normal 0.896817 0.442401 0
    outer loop
      vertex -41.0934 39.2642 5.2
      vertex -41.0124 39.1 27.8
      vertex -41.0124 39.1 5.2
    endloop
  endfacet
  facet normal 0 0 1
    outer loop
      vertex -38.412 39.9827 5.2
      vertex -38.412 39.6173 5.2
      vertex -38.4 39.8 5.2
    endloop
  endfacet
  facet normal 0 0 1
    outer loop
      vertex -38.4477 40.1623 5.2
      vertex -38.412 39.6173 5.2
      vertex -38.412 39.9827 5.2
    endloop
  endfacet
  facet normal 0 0 1
    outer loop
      vertex -38.4477 40.1623 5.2
      vertex -38.4477 39.4377 5.2
      vertex -38.412 39.6173 5.2
    endloop
  endfacet
  facet normal 0 0 1
    outer loop
      vertex -38.5066 40.3358 5.2
      vertex -38.4477 39.4377 5.2
      vertex -38.4477 40.1623 5.2
    endloop
  endfacet
  facet normal 0 0 1
    outer loop
      vertex -38.5066 40.3358 5.2
      vertex -38.5066 39.2642 5.2
      vertex -38.4477 39.4377 5.2
    endloop
  endfacet
  facet normal 0 0 1
    outer loop
      vertex -38.5876 40.5 5.2
      vertex -38.5066 39.2642 5.2
      vertex -38.5066 40.3358 5.2
    endloop
  endfacet
  facet normal 0 0 1
    outer loop
      vertex -38.5876 40.5 5.2
      vertex -38.5876 39.1 5.2
      vertex -38.5066 39.2642 5.2
    endloop
  endfacet
  facet normal 0 0 1
    outer loop
      vertex -38.6893 40.6523 5.2
      vertex -38.5876 39.1 5.2
      vertex -38.5876 40.5 5.2
    endloop
  endfacet
  facet normal 0 0 1
    outer loop
      vertex -38.6893 40.6523 5.2
      vertex -38.6893 38.9477 5.2
      vertex -38.5876 39.1 5.2
    endloop
  endfacet
  facet normal 0 0 1
    outer loop
      vertex -38.8101 40.7899 5.2
      vertex -38.6893 38.9477 5.2
      vertex -38.6893 40.6523 5.2
    endloop
  endfacet
  facet normal 0 0 1
    outer loop
      vertex -38.8101 40.7899 5.2
      vertex -38.8101 38.8101 5.2
      vertex -38.6893 38.9477 5.2
    endloop
  endfacet
  facet normal 0 0 1
    outer loop
      vertex -38.9477 40.9107 5.2
      vertex -38.8101 38.8101 5.2
      vertex -38.8101 40.7899 5.2
    endloop
  endfacet
  facet normal 0 0 1
    outer loop
      vertex -38.9477 40.9107 5.2
      vertex -38.9477 38.6893 5.2
      vertex -38.8101 38.8101 5.2
    endloop
  endfacet
  facet normal 0 0 1
    outer loop
      vertex -39.1 41.0124 5.2
      vertex -38.9477 38.6893 5.2
      vertex -38.9477 40.9107 5.2
    endloop
  endfacet
  facet normal 0 0 1
    outer loop
      vertex -39.1 41.0124 5.2
      vertex -39.1 38.5876 5.2
      vertex -38.9477 38.6893 5.2
    endloop
  endfacet
  facet normal 0 0 1
    outer loop
      vertex -39.2642 41.0934 5.2
      vertex -39.1 38.5876 5.2
      vertex -39.1 41.0124 5.2
    endloop
  endfacet
  facet normal 0 0 1
    outer loop
      vertex -39.2642 41.0934 5.2
      vertex -39.2642 38.5066 5.2
      vertex -39.1 38.5876 5.2
    endloop
  endfacet
  facet normal 0 0 1
    outer loop
      vertex -39.4377 41.1523 5.2
      vertex -39.2642 38.5066 5.2
      vertex -39.2642 41.0934 5.2
    endloop
  endfacet
  facet normal 0 0 1
    outer loop
      vertex -39.4377 41.1523 5.2
      vertex -39.4377 38.4477 5.2
      vertex -39.2642 38.5066 5.2
    endloop
  endfacet
  facet normal 0 0 1
    outer loop
      vertex -39.6173 41.188 5.2
      vertex -39.4377 38.4477 5.2
      vertex -39.4377 41.1523 5.2
    endloop
  endfacet
  facet normal 0 0 1
    outer loop
      vertex -39.6173 41.188 5.2
      vertex -39.6173 38.412 5.2
      vertex -39.4377 38.4477 5.2
    endloop
  endfacet
  facet normal 0 0 1
    outer loop
      vertex -39.8 41.2 5.2
      vertex -39.6173 38.412 5.2
      vertex -39.6173 41.188 5.2
    endloop
  endfacet
  facet normal 0 0 1
    outer loop
      vertex -39.8 41.2 5.2
      vertex -39.8 38.4 5.2
      vertex -39.6173 38.412 5.2
    endloop
  endfacet
  facet normal -0 0 1
    outer loop
      vertex -39.9827 41.188 5.2
      vertex -39.8 38.4 5.2
      vertex -39.8 41.2 5.2
    endloop
  endfacet
  facet normal 0 0 1
    outer loop
      vertex -39.9827 41.188 5.2
      vertex -39.9827 38.412 5.2
      vertex -39.8 38.4 5.2
    endloop
  endfacet
  facet normal -0 0 1
    outer loop
      vertex -40.1623 41.1523 5.2
      vertex -39.9827 38.412 5.2
      vertex -39.9827 41.188 5.2
    endloop
  endfacet
  facet normal 0 0 1
    outer loop
      vertex -40.1623 41.1523 5.2
      vertex -40.1623 38.4477 5.2
      vertex -39.9827 38.412 5.2
    endloop
  endfacet
  facet normal -0 0 1
    outer loop
      vertex -40.3358 41.0934 5.2
      vertex -40.1623 38.4477 5.2
      vertex -40.1623 41.1523 5.2
    endloop
  endfacet
  facet normal 0 0 1
    outer loop
      vertex -40.3358 41.0934 5.2
      vertex -40.3358 38.5066 5.2
      vertex -40.1623 38.4477 5.2
    endloop
  endfacet
  facet normal -0 0 1
    outer loop
      vertex -40.5 41.0124 5.2
      vertex -40.3358 38.5066 5.2
      vertex -40.3358 41.0934 5.2
    endloop
  endfacet
  facet normal 0 0 1
    outer loop
      vertex -40.5 41.0124 5.2
      vertex -40.5 38.5876 5.2
      vertex -40.3358 38.5066 5.2
    endloop
  endfacet
  facet normal -0 0 1
    outer loop
      vertex -40.6523 40.9107 5.2
      vertex -40.5 38.5876 5.2
      vertex -40.5 41.0124 5.2
    endloop
  endfacet
  facet normal 0 0 1
    outer loop
      vertex -40.6523 40.9107 5.2
      vertex -40.6523 38.6893 5.2
      vertex -40.5 38.5876 5.2
    endloop
  endfacet
  facet normal -0 0 1
    outer loop
      vertex -40.7899 40.7899 5.2
      vertex -40.6523 38.6893 5.2
      vertex -40.6523 40.9107 5.2
    endloop
  endfacet
  facet normal 0 0 1
    outer loop
      vertex -40.7899 40.7899 5.2
      vertex -40.7899 38.8101 5.2
      vertex -40.6523 38.6893 5.2
    endloop
  endfacet
  facet normal -0 0 1
    outer loop
      vertex -40.9107 40.6523 5.2
      vertex -40.7899 38.8101 5.2
      vertex -40.7899 40.7899 5.2
    endloop
  endfacet
  facet normal 0 0 1
    outer loop
      vertex -40.9107 40.6523 5.2
      vertex -40.9107 38.9477 5.2
      vertex -40.7899 38.8101 5.2
    endloop
  endfacet
  facet normal -0 0 1
    outer loop
      vertex -41.0124 40.5 5.2
      vertex -40.9107 38.9477 5.2
      vertex -40.9107 40.6523 5.2
    endloop
  endfacet
  facet normal 0 0 1
    outer loop
      vertex -41.0124 40.5 5.2
      vertex -41.0124 39.1 5.2
      vertex -40.9107 38.9477 5.2
    endloop
  endfacet
  facet normal -0 0 1
    outer loop
      vertex -41.0934 40.3358 5.2
      vertex -41.0124 39.1 5.2
      vertex -41.0124 40.5 5.2
    endloop
  endfacet
  facet normal 0 0 1
    outer loop
      vertex -41.0934 40.3358 5.2
      vertex -41.0934 39.2642 5.2
      vertex -41.0124 39.1 5.2
    endloop
  endfacet
  facet normal -0 0 1
    outer loop
      vertex -41.1523 40.1623 5.2
      vertex -41.0934 39.2642 5.2
      vertex -41.0934 40.3358 5.2
    endloop
  endfacet
  facet normal 0 0 1
    outer loop
      vertex -41.1523 40.1623 5.2
      vertex -41.1523 39.4377 5.2
      vertex -41.0934 39.2642 5.2
    endloop
  endfacet
  facet normal -0 0 1
    outer loop
      vertex -41.188 39.9827 5.2
      vertex -41.1523 39.4377 5.2
      vertex -41.1523 40.1623 5.2
    endloop
  endfacet
  facet normal 0 0 1
    outer loop
      vertex -41.188 39.9827 5.2
      vertex -41.188 39.6173 5.2
      vertex -41.1523 39.4377 5.2
    endloop
  endfacet
  facet normal 0 -0 1
    outer loop
      vertex -41.188 39.6173 5.2
      vertex -41.188 39.9827 5.2
      vertex -41.2 39.8 5.2
    endloop
  endfacet
  facet normal -0.83163 -0.55533 0
    outer loop
      vertex -38.5876 40.5 5.2
      vertex -38.6893 40.6523 27.8
      vertex -38.6893 40.6523 5.2
    endloop
  endfacet
  facet normal -0.83163 -0.55533 0
    outer loop
      vertex -38.6893 40.6523 27.8
      vertex -38.5876 40.5 5.2
      vertex -38.5876 40.5 27.8
    endloop
  endfacet
  facet normal -0.194961 -0.980811 0
    outer loop
      vertex -39.6173 41.188 5.2
      vertex -39.4377 41.1523 27.8
      vertex -39.6173 41.188 27.8
    endloop
  endfacet
  facet normal -0.194961 -0.980811 -0
    outer loop
      vertex -39.4377 41.1523 27.8
      vertex -39.6173 41.188 5.2
      vertex -39.4377 41.1523 5.2
    endloop
  endfacet
  facet normal -0.659741 -0.751493 0
    outer loop
      vertex -38.9477 40.9107 5.2
      vertex -38.8101 40.7899 27.8
      vertex -38.9477 40.9107 27.8
    endloop
  endfacet
  facet normal -0.659741 -0.751493 -0
    outer loop
      vertex -38.8101 40.7899 27.8
      vertex -38.9477 40.9107 5.2
      vertex -38.8101 40.7899 5.2
    endloop
  endfacet
  facet normal 0.83163 -0.55533 0
    outer loop
      vertex -41.0124 40.5 27.8
      vertex -40.9107 40.6523 5.2
      vertex -40.9107 40.6523 27.8
    endloop
  endfacet
  facet normal 0.83163 -0.55533 0
    outer loop
      vertex -40.9107 40.6523 5.2
      vertex -41.0124 40.5 27.8
      vertex -41.0124 40.5 5.2
    endloop
  endfacet
  facet normal 0.751493 -0.659741 0
    outer loop
      vertex -40.9107 40.6523 27.8
      vertex -40.7899 40.7899 5.2
      vertex -40.7899 40.7899 27.8
    endloop
  endfacet
  facet normal 0.751493 -0.659741 0
    outer loop
      vertex -40.7899 40.7899 5.2
      vertex -40.9107 40.6523 27.8
      vertex -40.9107 40.6523 5.2
    endloop
  endfacet
  facet normal 0.980811 -0.194961 0
    outer loop
      vertex -41.188 39.9827 27.8
      vertex -41.1523 40.1623 5.2
      vertex -41.1523 40.1623 27.8
    endloop
  endfacet
  facet normal 0.980811 -0.194961 0
    outer loop
      vertex -41.1523 40.1623 5.2
      vertex -41.188 39.9827 27.8
      vertex -41.188 39.9827 5.2
    endloop
  endfacet
  facet normal 0.55533 -0.83163 0
    outer loop
      vertex -40.6523 40.9107 5.2
      vertex -40.5 41.0124 27.8
      vertex -40.6523 40.9107 27.8
    endloop
  endfacet
  facet normal 0.55533 -0.83163 0
    outer loop
      vertex -40.5 41.0124 27.8
      vertex -40.6523 40.9107 5.2
      vertex -40.5 41.0124 5.2
    endloop
  endfacet
  facet normal 0.0655402 -0.99785 0
    outer loop
      vertex -39.9827 41.188 5.2
      vertex -39.8 41.2 27.8
      vertex -39.9827 41.188 27.8
    endloop
  endfacet
  facet normal 0.0655402 -0.99785 0
    outer loop
      vertex -39.8 41.2 27.8
      vertex -39.9827 41.188 5.2
      vertex -39.8 41.2 5.2
    endloop
  endfacet
  facet normal -0.99785 0.0655402 0
    outer loop
      vertex -38.412 39.6173 5.2
      vertex -38.4 39.8 27.8
      vertex -38.4 39.8 5.2
    endloop
  endfacet
  facet normal -0.99785 0.0655402 0
    outer loop
      vertex -38.4 39.8 27.8
      vertex -38.412 39.6173 5.2
      vertex -38.412 39.6173 27.8
    endloop
  endfacet
  facet normal -0.0655402 0.99785 0
    outer loop
      vertex -39.6173 38.412 5.2
      vertex -39.8 38.4 27.8
      vertex -39.6173 38.412 27.8
    endloop
  endfacet
  facet normal -0.0655402 0.99785 0
    outer loop
      vertex -39.8 38.4 27.8
      vertex -39.6173 38.412 5.2
      vertex -39.8 38.4 5.2
    endloop
  endfacet
  facet normal -0.321462 0.946922 0
    outer loop
      vertex -39.2642 38.5066 5.2
      vertex -39.4377 38.4477 27.8
      vertex -39.2642 38.5066 27.8
    endloop
  endfacet
  facet normal -0.321462 0.946922 0
    outer loop
      vertex -39.4377 38.4477 27.8
      vertex -39.2642 38.5066 5.2
      vertex -39.4377 38.4477 5.2
    endloop
  endfacet
  facet normal -0.55533 0.83163 0
    outer loop
      vertex -38.9477 38.6893 5.2
      vertex -39.1 38.5876 27.8
      vertex -38.9477 38.6893 27.8
    endloop
  endfacet
  facet normal -0.55533 0.83163 0
    outer loop
      vertex -39.1 38.5876 27.8
      vertex -38.9477 38.6893 5.2
      vertex -39.1 38.5876 5.2
    endloop
  endfacet
  facet normal -0.751493 0.659741 0
    outer loop
      vertex -38.8101 38.8101 5.2
      vertex -38.6893 38.9477 27.8
      vertex -38.6893 38.9477 5.2
    endloop
  endfacet
  facet normal -0.751493 0.659741 0
    outer loop
      vertex -38.6893 38.9477 27.8
      vertex -38.8101 38.8101 5.2
      vertex -38.8101 38.8101 27.8
    endloop
  endfacet
  facet normal -0.896817 0.442401 0
    outer loop
      vertex -38.5876 39.1 5.2
      vertex -38.5066 39.2642 27.8
      vertex -38.5066 39.2642 5.2
    endloop
  endfacet
  facet normal -0.896817 0.442401 0
    outer loop
      vertex -38.5066 39.2642 27.8
      vertex -38.5876 39.1 5.2
      vertex -38.5876 39.1 27.8
    endloop
  endfacet
  facet normal 0.659741 0.751493 -0
    outer loop
      vertex -40.6523 38.6893 5.2
      vertex -40.7899 38.8101 27.8
      vertex -40.6523 38.6893 27.8
    endloop
  endfacet
  facet normal 0.659741 0.751493 0
    outer loop
      vertex -40.7899 38.8101 27.8
      vertex -40.6523 38.6893 5.2
      vertex -40.7899 38.8101 5.2
    endloop
  endfacet
  facet normal 0.442401 0.896817 -0
    outer loop
      vertex -40.3358 38.5066 5.2
      vertex -40.5 38.5876 27.8
      vertex -40.3358 38.5066 27.8
    endloop
  endfacet
  facet normal 0.442401 0.896817 0
    outer loop
      vertex -40.5 38.5876 27.8
      vertex -40.3358 38.5066 5.2
      vertex -40.5 38.5876 5.2
    endloop
  endfacet
  facet normal 0.194961 0.980811 -0
    outer loop
      vertex -39.9827 38.412 5.2
      vertex -40.1623 38.4477 27.8
      vertex -39.9827 38.412 27.8
    endloop
  endfacet
  facet normal 0.194961 0.980811 0
    outer loop
      vertex -40.1623 38.4477 27.8
      vertex -39.9827 38.412 5.2
      vertex -40.1623 38.4477 5.2
    endloop
  endfacet
  facet normal 0.83163 0.55533 0
    outer loop
      vertex -40.9107 38.9477 27.8
      vertex -41.0124 39.1 5.2
      vertex -41.0124 39.1 27.8
    endloop
  endfacet
  facet normal 0.83163 0.55533 0
    outer loop
      vertex -41.0124 39.1 5.2
      vertex -40.9107 38.9477 27.8
      vertex -40.9107 38.9477 5.2
    endloop
  endfacet
  facet normal 0.946922 0.321462 0
    outer loop
      vertex -41.0934 39.2642 27.8
      vertex -41.1523 39.4377 5.2
      vertex -41.1523 39.4377 27.8
    endloop
  endfacet
  facet normal 0.946922 0.321462 0
    outer loop
      vertex -41.1523 39.4377 5.2
      vertex -41.0934 39.2642 27.8
      vertex -41.0934 39.2642 5.2
    endloop
  endfacet
  facet normal 0.99785 0.0655402 0
    outer loop
      vertex -41.188 39.6173 27.8
      vertex -41.2 39.8 5.2
      vertex -41.2 39.8 27.8
    endloop
  endfacet
  facet normal 0.99785 0.0655402 0
    outer loop
      vertex -41.2 39.8 5.2
      vertex -41.188 39.6173 27.8
      vertex -41.188 39.6173 5.2
    endloop
  endfacet
  facet normal -0.194961 0.980811 0
    outer loop
      vertex -39.4377 38.4477 5.2
      vertex -39.6173 38.412 27.8
      vertex -39.4377 38.4477 27.8
    endloop
  endfacet
  facet normal -0.194961 0.980811 0
    outer loop
      vertex -39.6173 38.412 27.8
      vertex -39.4377 38.4477 5.2
      vertex -39.6173 38.412 5.2
    endloop
  endfacet
  facet normal -0.659741 0.751493 0
    outer loop
      vertex -38.8101 38.8101 5.2
      vertex -38.9477 38.6893 27.8
      vertex -38.8101 38.8101 27.8
    endloop
  endfacet
  facet normal -0.659741 0.751493 0
    outer loop
      vertex -38.9477 38.6893 27.8
      vertex -38.8101 38.8101 5.2
      vertex -38.9477 38.6893 5.2
    endloop
  endfacet
  facet normal -0.83163 0.55533 0
    outer loop
      vertex -38.6893 38.9477 5.2
      vertex -38.5876 39.1 27.8
      vertex -38.5876 39.1 5.2
    endloop
  endfacet
  facet normal -0.83163 0.55533 0
    outer loop
      vertex -38.5876 39.1 27.8
      vertex -38.6893 38.9477 5.2
      vertex -38.6893 38.9477 27.8
    endloop
  endfacet
  facet normal 0.55533 0.83163 -0
    outer loop
      vertex -40.5 38.5876 5.2
      vertex -40.6523 38.6893 27.8
      vertex -40.5 38.5876 27.8
    endloop
  endfacet
  facet normal 0.55533 0.83163 0
    outer loop
      vertex -40.6523 38.6893 27.8
      vertex -40.5 38.5876 5.2
      vertex -40.6523 38.6893 5.2
    endloop
  endfacet
  facet normal 0.751493 0.659741 0
    outer loop
      vertex -40.7899 38.8101 27.8
      vertex -40.9107 38.9477 5.2
      vertex -40.9107 38.9477 27.8
    endloop
  endfacet
  facet normal 0.751493 0.659741 0
    outer loop
      vertex -40.9107 38.9477 5.2
      vertex -40.7899 38.8101 27.8
      vertex -40.7899 38.8101 5.2
    endloop
  endfacet
  facet normal 0.980811 0.194961 0
    outer loop
      vertex -41.1523 39.4377 27.8
      vertex -41.188 39.6173 5.2
      vertex -41.188 39.6173 27.8
    endloop
  endfacet
  facet normal 0.980811 0.194961 0
    outer loop
      vertex -41.188 39.6173 5.2
      vertex -41.1523 39.4377 27.8
      vertex -41.1523 39.4377 5.2
    endloop
  endfacet
  facet normal -0.997863 0.0653379 0
    outer loop
      vertex 37.05 -39.8 4.2
      vertex 37.0735 -39.4411 27.8
      vertex 37.0735 -39.4411 4.2
    endloop
  endfacet
  facet normal -0.997863 0.0653379 0
    outer loop
      vertex 37.0735 -39.4411 27.8
      vertex 37.05 -39.8 4.2
      vertex 37.05 -39.8 27.8
    endloop
  endfacet
  facet normal 0.0653379 0.997863 -0
    outer loop
      vertex 40.1589 -37.0735 4.2
      vertex 39.8 -37.05 27.8
      vertex 40.1589 -37.0735 27.8
    endloop
  endfacet
  facet normal 0.0653379 0.997863 0
    outer loop
      vertex 39.8 -37.05 27.8
      vertex 40.1589 -37.0735 4.2
      vertex 39.8 -37.05 4.2
    endloop
  endfacet
  facet normal -0.751749 -0.659449 0
    outer loop
      vertex 37.8555 -41.7445 4.2
      vertex 37.6183 -41.4741 27.8
      vertex 37.6183 -41.4741 4.2
    endloop
  endfacet
  facet normal -0.751749 -0.659449 0
    outer loop
      vertex 37.6183 -41.4741 27.8
      vertex 37.8555 -41.7445 4.2
      vertex 37.8555 -41.7445 27.8
    endloop
  endfacet
  facet normal 0.751749 0.659449 0
    outer loop
      vertex 41.9817 -38.1259 27.8
      vertex 41.7445 -37.8555 4.2
      vertex 41.7445 -37.8555 27.8
    endloop
  endfacet
  facet normal 0.751749 0.659449 0
    outer loop
      vertex 41.7445 -37.8555 4.2
      vertex 41.9817 -38.1259 27.8
      vertex 41.9817 -38.1259 4.2
    endloop
  endfacet
  facet normal -0.659449 0.751749 0
    outer loop
      vertex 38.1259 -37.6183 4.2
      vertex 37.8555 -37.8555 27.8
      vertex 38.1259 -37.6183 27.8
    endloop
  endfacet
  facet normal -0.659449 0.751749 0
    outer loop
      vertex 37.8555 -37.8555 27.8
      vertex 38.1259 -37.6183 4.2
      vertex 37.8555 -37.8555 4.2
    endloop
  endfacet
  facet normal -0.321394 0.946945 0
    outer loop
      vertex 39.0882 -37.1437 4.2
      vertex 38.7476 -37.2593 27.8
      vertex 39.0882 -37.1437 27.8
    endloop
  endfacet
  facet normal -0.321394 0.946945 0
    outer loop
      vertex 38.7476 -37.2593 27.8
      vertex 39.0882 -37.1437 4.2
      vertex 38.7476 -37.2593 4.2
    endloop
  endfacet
  facet normal 0.946945 0.321394 0
    outer loop
      vertex 42.4563 -39.0882 27.8
      vertex 42.3407 -38.7476 4.2
      vertex 42.3407 -38.7476 27.8
    endloop
  endfacet
  facet normal 0.946945 0.321394 0
    outer loop
      vertex 42.3407 -38.7476 4.2
      vertex 42.4563 -39.0882 27.8
      vertex 42.4563 -39.0882 4.2
    endloop
  endfacet
  facet normal 0.980803 0.195 0
    outer loop
      vertex 42.5 -39.308 27.8
      vertex 42.4563 -39.0882 4.2
      vertex 42.4563 -39.0882 27.8
    endloop
  endfacet
  facet normal 0.980803 0.195 0
    outer loop
      vertex 42.4563 -39.0882 4.2
      vertex 42.5 -39.308 27.8
      vertex 42.5 -39.308 4.2
    endloop
  endfacet
  facet normal 0 0 -1
    outer loop
      vertex 42.4563 -39.0882 27.8
      vertex 42.5265 -39.4411 27.8
      vertex 42.5 -39.308 27.8
    endloop
  endfacet
  facet normal 0.89686 0.442314 0
    outer loop
      vertex 42.3407 -38.7476 27.8
      vertex 42.1816 -38.425 4.2
      vertex 42.1816 -38.425 27.8
    endloop
  endfacet
  facet normal 0.89686 0.442314 0
    outer loop
      vertex 42.1816 -38.425 4.2
      vertex 42.3407 -38.7476 27.8
      vertex 42.3407 -38.7476 4.2
    endloop
  endfacet
  facet normal 0.442314 0.89686 -0
    outer loop
      vertex 41.175 -37.4184 4.2
      vertex 40.8524 -37.2593 27.8
      vertex 41.175 -37.4184 27.8
    endloop
  endfacet
  facet normal 0.442314 0.89686 0
    outer loop
      vertex 40.8524 -37.2593 27.8
      vertex 41.175 -37.4184 4.2
      vertex 40.8524 -37.2593 4.2
    endloop
  endfacet
  facet normal 0.321394 0.946945 -0
    outer loop
      vertex 40.8524 -37.2593 4.2
      vertex 40.5118 -37.1437 27.8
      vertex 40.8524 -37.2593 27.8
    endloop
  endfacet
  facet normal 0.321394 0.946945 0
    outer loop
      vertex 40.5118 -37.1437 27.8
      vertex 40.8524 -37.2593 4.2
      vertex 40.5118 -37.1437 4.2
    endloop
  endfacet
  facet normal 0.555662 0.831408 -0
    outer loop
      vertex 41.4741 -37.6183 4.2
      vertex 41.175 -37.4184 27.8
      vertex 41.4741 -37.6183 27.8
    endloop
  endfacet
  facet normal 0.555662 0.831408 0
    outer loop
      vertex 41.175 -37.4184 27.8
      vertex 41.4741 -37.6183 4.2
      vertex 41.175 -37.4184 4.2
    endloop
  endfacet
  facet normal -0.89686 0.442314 0
    outer loop
      vertex 37.2593 -38.7476 4.2
      vertex 37.4184 -38.425 27.8
      vertex 37.4184 -38.425 4.2
    endloop
  endfacet
  facet normal -0.89686 0.442314 0
    outer loop
      vertex 37.4184 -38.425 27.8
      vertex 37.2593 -38.7476 4.2
      vertex 37.2593 -38.7476 27.8
    endloop
  endfacet
  facet normal -0.946945 0.321394 0
    outer loop
      vertex 37.1437 -39.0882 4.2
      vertex 37.2593 -38.7476 27.8
      vertex 37.2593 -38.7476 4.2
    endloop
  endfacet
  facet normal -0.946945 0.321394 0
    outer loop
      vertex 37.2593 -38.7476 27.8
      vertex 37.1437 -39.0882 4.2
      vertex 37.1437 -39.0882 27.8
    endloop
  endfacet
  facet normal -0.442314 0.89686 0
    outer loop
      vertex 38.7476 -37.2593 4.2
      vertex 38.425 -37.4184 27.8
      vertex 38.7476 -37.2593 27.8
    endloop
  endfacet
  facet normal -0.442314 0.89686 0
    outer loop
      vertex 38.425 -37.4184 27.8
      vertex 38.7476 -37.2593 4.2
      vertex 38.425 -37.4184 4.2
    endloop
  endfacet
  facet normal -0.195101 0.980783 0
    outer loop
      vertex 39.4411 -37.0735 4.2
      vertex 39.0882 -37.1437 27.8
      vertex 39.4411 -37.0735 27.8
    endloop
  endfacet
  facet normal -0.195101 0.980783 0
    outer loop
      vertex 39.0882 -37.1437 27.8
      vertex 39.4411 -37.0735 4.2
      vertex 39.0882 -37.1437 4.2
    endloop
  endfacet
  facet normal 0.442314 -0.89686 0
    outer loop
      vertex 40.8524 -42.3407 4.2
      vertex 41.175 -42.1816 27.8
      vertex 40.8524 -42.3407 27.8
    endloop
  endfacet
  facet normal 0.442314 -0.89686 0
    outer loop
      vertex 41.175 -42.1816 27.8
      vertex 40.8524 -42.3407 4.2
      vertex 41.175 -42.1816 4.2
    endloop
  endfacet
  facet normal 0.980803 -0.195 0
    outer loop
      vertex 42.4563 -40.5118 27.8
      vertex 42.5 -40.292 4.2
      vertex 42.5 -40.292 27.8
    endloop
  endfacet
  facet normal 0.980803 -0.195 0
    outer loop
      vertex 42.5 -40.292 4.2
      vertex 42.4563 -40.5118 27.8
      vertex 42.4563 -40.5118 4.2
    endloop
  endfacet
  facet normal 0 -0 -1
    outer loop
      vertex 42.5 -40.292 27.8
      vertex 42.5265 -40.1589 27.8
      vertex 42.4563 -40.5118 27.8
    endloop
  endfacet
  facet normal -0.321394 -0.946945 0
    outer loop
      vertex 38.7476 -42.3407 4.2
      vertex 39.0882 -42.4563 27.8
      vertex 38.7476 -42.3407 27.8
    endloop
  endfacet
  facet normal -0.321394 -0.946945 -0
    outer loop
      vertex 39.0882 -42.4563 27.8
      vertex 38.7476 -42.3407 4.2
      vertex 39.0882 -42.4563 4.2
    endloop
  endfacet
  facet normal -0.89686 -0.442314 0
    outer loop
      vertex 37.4184 -41.175 4.2
      vertex 37.2593 -40.8524 27.8
      vertex 37.2593 -40.8524 4.2
    endloop
  endfacet
  facet normal -0.89686 -0.442314 0
    outer loop
      vertex 37.2593 -40.8524 27.8
      vertex 37.4184 -41.175 4.2
      vertex 37.4184 -41.175 27.8
    endloop
  endfacet
  facet normal 0 0 -1
    outer loop
      vertex 42.3407 -40.8524 4.2
      vertex 42.5 -40.292 4.2
      vertex 42.4563 -40.5118 4.2
    endloop
  endfacet
  facet normal 0 0 -1
    outer loop
      vertex 42.1816 -41.175 4.2
      vertex 42.5 -40.292 4.2
      vertex 42.3407 -40.8524 4.2
    endloop
  endfacet
  facet normal -0 0 -1
    outer loop
      vertex 42.5 -40.292 4.2
      vertex 42.1816 -41.175 4.2
      vertex 42.5 -39.308 4.2
    endloop
  endfacet
  facet normal 0 0 -1
    outer loop
      vertex 42.5 -39.308 4.2
      vertex 42.3407 -38.7476 4.2
      vertex 42.4563 -39.0882 4.2
    endloop
  endfacet
  facet normal 0 0 -1
    outer loop
      vertex 42.1816 -38.425 4.2
      vertex 42.5 -39.308 4.2
      vertex 42.1816 -41.175 4.2
    endloop
  endfacet
  facet normal 0 0 -1
    outer loop
      vertex 42.5 -39.308 4.2
      vertex 42.1816 -38.425 4.2
      vertex 42.3407 -38.7476 4.2
    endloop
  endfacet
  facet normal 0 0 -1
    outer loop
      vertex 41.9817 -41.4741 4.2
      vertex 42.1816 -38.425 4.2
      vertex 42.1816 -41.175 4.2
    endloop
  endfacet
  facet normal 0 0 -1
    outer loop
      vertex 41.9817 -41.4741 4.2
      vertex 41.9817 -38.1259 4.2
      vertex 42.1816 -38.425 4.2
    endloop
  endfacet
  facet normal 0 0 -1
    outer loop
      vertex 41.7445 -41.7445 4.2
      vertex 41.9817 -38.1259 4.2
      vertex 41.9817 -41.4741 4.2
    endloop
  endfacet
  facet normal 0 0 -1
    outer loop
      vertex 41.7445 -41.7445 4.2
      vertex 41.7445 -37.8555 4.2
      vertex 41.9817 -38.1259 4.2
    endloop
  endfacet
  facet normal 0 0 -1
    outer loop
      vertex 41.4741 -41.9817 4.2
      vertex 41.7445 -37.8555 4.2
      vertex 41.7445 -41.7445 4.2
    endloop
  endfacet
  facet normal 0 0 -1
    outer loop
      vertex 41.4741 -41.9817 4.2
      vertex 41.4741 -37.6183 4.2
      vertex 41.7445 -37.8555 4.2
    endloop
  endfacet
  facet normal 0 0 -1
    outer loop
      vertex 41.175 -42.1816 4.2
      vertex 41.4741 -37.6183 4.2
      vertex 41.4741 -41.9817 4.2
    endloop
  endfacet
  facet normal 0 0 -1
    outer loop
      vertex 41.175 -42.1816 4.2
      vertex 41.175 -37.4184 4.2
      vertex 41.4741 -37.6183 4.2
    endloop
  endfacet
  facet normal 0 0 -1
    outer loop
      vertex 40.8524 -42.3407 4.2
      vertex 41.175 -37.4184 4.2
      vertex 41.175 -42.1816 4.2
    endloop
  endfacet
  facet normal 0 0 -1
    outer loop
      vertex 40.8524 -42.3407 4.2
      vertex 40.8524 -37.2593 4.2
      vertex 41.175 -37.4184 4.2
    endloop
  endfacet
  facet normal 0 0 -1
    outer loop
      vertex 40.292 -42.5 4.2
      vertex 40.8524 -42.3407 4.2
      vertex 40.5118 -42.4563 4.2
    endloop
  endfacet
  facet normal -0 0 -1
    outer loop
      vertex 40.8524 -42.3407 4.2
      vertex 40.292 -42.5 4.2
      vertex 40.8524 -37.2593 4.2
    endloop
  endfacet
  facet normal -0 0 -1
    outer loop
      vertex 40.8524 -37.2593 4.2
      vertex 40.292 -42.5 4.2
      vertex 40.5118 -37.1437 4.2
    endloop
  endfacet
  facet normal 0 0 -1
    outer loop
      vertex 40.292 -42.5 4.2
      vertex 40.1589 -37.0735 4.2
      vertex 40.5118 -37.1437 4.2
    endloop
  endfacet
  facet normal 0 0 -1
    outer loop
      vertex 40.292 -42.5 4.2
      vertex 39.8 -37.05 4.2
      vertex 40.1589 -37.0735 4.2
    endloop
  endfacet
  facet normal 0 0 -1
    outer loop
      vertex 40.292 -42.5 4.2
      vertex 39.4411 -37.0735 4.2
      vertex 39.8 -37.05 4.2
    endloop
  endfacet
  facet normal 0 0 -1
    outer loop
      vertex 39.308 -42.5 4.2
      vertex 39.4411 -37.0735 4.2
      vertex 40.292 -42.5 4.2
    endloop
  endfacet
  facet normal 0 0 -1
    outer loop
      vertex 38.7476 -42.3407 4.2
      vertex 39.308 -42.5 4.2
      vertex 39.0882 -42.4563 4.2
    endloop
  endfacet
  facet normal 0 0 -1
    outer loop
      vertex 39.308 -42.5 4.2
      vertex 39.0882 -37.1437 4.2
      vertex 39.4411 -37.0735 4.2
    endloop
  endfacet
  facet normal 0 0 -1
    outer loop
      vertex 39.308 -42.5 4.2
      vertex 38.7476 -42.3407 4.2
      vertex 39.0882 -37.1437 4.2
    endloop
  endfacet
  facet normal 0 0 -1
    outer loop
      vertex 38.7476 -42.3407 4.2
      vertex 38.7476 -37.2593 4.2
      vertex 39.0882 -37.1437 4.2
    endloop
  endfacet
  facet normal 0 0 -1
    outer loop
      vertex 38.425 -42.1816 4.2
      vertex 38.7476 -37.2593 4.2
      vertex 38.7476 -42.3407 4.2
    endloop
  endfacet
  facet normal 0 0 -1
    outer loop
      vertex 38.425 -42.1816 4.2
      vertex 38.425 -37.4184 4.2
      vertex 38.7476 -37.2593 4.2
    endloop
  endfacet
  facet normal 0 0 -1
    outer loop
      vertex 38.1259 -41.9817 4.2
      vertex 38.425 -37.4184 4.2
      vertex 38.425 -42.1816 4.2
    endloop
  endfacet
  facet normal 0 0 -1
    outer loop
      vertex 38.1259 -41.9817 4.2
      vertex 38.1259 -37.6183 4.2
      vertex 38.425 -37.4184 4.2
    endloop
  endfacet
  facet normal 0 0 -1
    outer loop
      vertex 37.8555 -41.7445 4.2
      vertex 38.1259 -37.6183 4.2
      vertex 38.1259 -41.9817 4.2
    endloop
  endfacet
  facet normal 0 0 -1
    outer loop
      vertex 37.8555 -41.7445 4.2
      vertex 37.8555 -37.8555 4.2
      vertex 38.1259 -37.6183 4.2
    endloop
  endfacet
  facet normal 0 0 -1
    outer loop
      vertex 37.6183 -41.4741 4.2
      vertex 37.8555 -37.8555 4.2
      vertex 37.8555 -41.7445 4.2
    endloop
  endfacet
  facet normal 0 0 -1
    outer loop
      vertex 37.6183 -41.4741 4.2
      vertex 37.6183 -38.1259 4.2
      vertex 37.8555 -37.8555 4.2
    endloop
  endfacet
  facet normal 0 0 -1
    outer loop
      vertex 37.4184 -41.175 4.2
      vertex 37.6183 -38.1259 4.2
      vertex 37.6183 -41.4741 4.2
    endloop
  endfacet
  facet normal 0 0 -1
    outer loop
      vertex 37.4184 -41.175 4.2
      vertex 37.4184 -38.425 4.2
      vertex 37.6183 -38.1259 4.2
    endloop
  endfacet
  facet normal 0 0 -1
    outer loop
      vertex 37.2593 -40.8524 4.2
      vertex 37.4184 -38.425 4.2
      vertex 37.4184 -41.175 4.2
    endloop
  endfacet
  facet normal 0 0 -1
    outer loop
      vertex 37.2593 -40.8524 4.2
      vertex 37.2593 -38.7476 4.2
      vertex 37.4184 -38.425 4.2
    endloop
  endfacet
  facet normal 0 0 -1
    outer loop
      vertex 37.1437 -40.5118 4.2
      vertex 37.2593 -38.7476 4.2
      vertex 37.2593 -40.8524 4.2
    endloop
  endfacet
  facet normal 0 0 -1
    outer loop
      vertex 37.1437 -40.5118 4.2
      vertex 37.1437 -39.0882 4.2
      vertex 37.2593 -38.7476 4.2
    endloop
  endfacet
  facet normal 0 0 -1
    outer loop
      vertex 37.0735 -40.1589 4.2
      vertex 37.1437 -39.0882 4.2
      vertex 37.1437 -40.5118 4.2
    endloop
  endfacet
  facet normal 0 0 -1
    outer loop
      vertex 37.0735 -40.1589 4.2
      vertex 37.0735 -39.4411 4.2
      vertex 37.1437 -39.0882 4.2
    endloop
  endfacet
  facet normal 0 -0 -1
    outer loop
      vertex 37.0735 -39.4411 4.2
      vertex 37.0735 -40.1589 4.2
      vertex 37.05 -39.8 4.2
    endloop
  endfacet
  facet normal 0.831408 0.555662 0
    outer loop
      vertex 42.1816 -38.425 27.8
      vertex 41.9817 -38.1259 4.2
      vertex 41.9817 -38.1259 27.8
    endloop
  endfacet
  facet normal 0.831408 0.555662 0
    outer loop
      vertex 41.9817 -38.1259 4.2
      vertex 42.1816 -38.425 27.8
      vertex 42.1816 -38.425 4.2
    endloop
  endfacet
  facet normal 0.195101 0.980783 -0
    outer loop
      vertex 40.5118 -37.1437 4.2
      vertex 40.1589 -37.0735 27.8
      vertex 40.5118 -37.1437 27.8
    endloop
  endfacet
  facet normal 0.195101 0.980783 0
    outer loop
      vertex 40.1589 -37.0735 27.8
      vertex 40.5118 -37.1437 4.2
      vertex 40.1589 -37.0735 4.2
    endloop
  endfacet
  facet normal 0.659449 0.751749 -0
    outer loop
      vertex 41.7445 -37.8555 4.2
      vertex 41.4741 -37.6183 27.8
      vertex 41.7445 -37.8555 27.8
    endloop
  endfacet
  facet normal 0.659449 0.751749 0
    outer loop
      vertex 41.4741 -37.6183 27.8
      vertex 41.7445 -37.8555 4.2
      vertex 41.4741 -37.6183 4.2
    endloop
  endfacet
  facet normal -0.831408 0.555662 0
    outer loop
      vertex 37.4184 -38.425 4.2
      vertex 37.6183 -38.1259 27.8
      vertex 37.6183 -38.1259 4.2
    endloop
  endfacet
  facet normal -0.831408 0.555662 0
    outer loop
      vertex 37.6183 -38.1259 27.8
      vertex 37.4184 -38.425 4.2
      vertex 37.4184 -38.425 27.8
    endloop
  endfacet
  facet normal -0.751749 0.659449 0
    outer loop
      vertex 37.6183 -38.1259 4.2
      vertex 37.8555 -37.8555 27.8
      vertex 37.8555 -37.8555 4.2
    endloop
  endfacet
  facet normal -0.751749 0.659449 0
    outer loop
      vertex 37.8555 -37.8555 27.8
      vertex 37.6183 -38.1259 4.2
      vertex 37.6183 -38.1259 27.8
    endloop
  endfacet
  facet normal -0.980783 0.195101 0
    outer loop
      vertex 37.0735 -39.4411 4.2
      vertex 37.1437 -39.0882 27.8
      vertex 37.1437 -39.0882 4.2
    endloop
  endfacet
  facet normal -0.980783 0.195101 0
    outer loop
      vertex 37.1437 -39.0882 27.8
      vertex 37.0735 -39.4411 4.2
      vertex 37.0735 -39.4411 27.8
    endloop
  endfacet
  facet normal 0 0 1
    outer loop
      vertex 41.2 -39.8 27.8
      vertex 42.55 -39.8 27.8
      vertex 42.5265 -39.4411 27.8
    endloop
  endfacet
  facet normal 0 0 1
    outer loop
      vertex 41.188 -39.6173 27.8
      vertex 42.5265 -39.4411 27.8
      vertex 42.4563 -39.0882 27.8
    endloop
  endfacet
  facet normal 0 0 1
    outer loop
      vertex 42.55 -39.8 27.8
      vertex 41.2 -39.8 27.8
      vertex 42.5265 -40.1589 27.8
    endloop
  endfacet
  facet normal 0 0 1
    outer loop
      vertex 41.1523 -39.4377 27.8
      vertex 42.4563 -39.0882 27.8
      vertex 42.3407 -38.7476 27.8
    endloop
  endfacet
  facet normal -0 0 1
    outer loop
      vertex 41.188 -39.9827 27.8
      vertex 42.5265 -40.1589 27.8
      vertex 41.2 -39.8 27.8
    endloop
  endfacet
  facet normal 0 0 1
    outer loop
      vertex 41.0934 -39.2642 27.8
      vertex 42.3407 -38.7476 27.8
      vertex 42.1816 -38.425 27.8
    endloop
  endfacet
  facet normal 0 0 1
    outer loop
      vertex 42.5265 -40.1589 27.8
      vertex 41.188 -39.9827 27.8
      vertex 42.4563 -40.5118 27.8
    endloop
  endfacet
  facet normal 0 0 1
    outer loop
      vertex 41.0124 -39.1 27.8
      vertex 42.1816 -38.425 27.8
      vertex 41.9817 -38.1259 27.8
    endloop
  endfacet
  facet normal -0 0 1
    outer loop
      vertex 41.1523 -40.1623 27.8
      vertex 42.4563 -40.5118 27.8
      vertex 41.188 -39.9827 27.8
    endloop
  endfacet
  facet normal 0 0 1
    outer loop
      vertex 40.9107 -38.9477 27.8
      vertex 41.9817 -38.1259 27.8
      vertex 41.7445 -37.8555 27.8
    endloop
  endfacet
  facet normal 0 0 1
    outer loop
      vertex 42.4563 -40.5118 27.8
      vertex 41.1523 -40.1623 27.8
      vertex 42.3407 -40.8524 27.8
    endloop
  endfacet
  facet normal 0 0 1
    outer loop
      vertex 40.7899 -38.8101 27.8
      vertex 41.7445 -37.8555 27.8
      vertex 41.4741 -37.6183 27.8
    endloop
  endfacet
  facet normal -0 0 1
    outer loop
      vertex 41.0934 -40.3358 27.8
      vertex 42.3407 -40.8524 27.8
      vertex 41.1523 -40.1623 27.8
    endloop
  endfacet
  facet normal 0 0 1
    outer loop
      vertex 42.3407 -40.8524 27.8
      vertex 41.0934 -40.3358 27.8
      vertex 42.1816 -41.175 27.8
    endloop
  endfacet
  facet normal 0 0 1
    outer loop
      vertex 42.5265 -39.4411 27.8
      vertex 41.188 -39.6173 27.8
      vertex 41.2 -39.8 27.8
    endloop
  endfacet
  facet normal 0 0 1
    outer loop
      vertex 40.6523 -38.6893 27.8
      vertex 41.4741 -37.6183 27.8
      vertex 41.175 -37.4184 27.8
    endloop
  endfacet
  facet normal 0 0 1
    outer loop
      vertex 42.4563 -39.0882 27.8
      vertex 41.1523 -39.4377 27.8
      vertex 41.188 -39.6173 27.8
    endloop
  endfacet
  facet normal 0 0 1
    outer loop
      vertex 42.3407 -38.7476 27.8
      vertex 41.0934 -39.2642 27.8
      vertex 41.1523 -39.4377 27.8
    endloop
  endfacet
  facet normal 0 0 1
    outer loop
      vertex 42.1816 -38.425 27.8
      vertex 41.0124 -39.1 27.8
      vertex 41.0934 -39.2642 27.8
    endloop
  endfacet
  facet normal 0 0 1
    outer loop
      vertex 41.9817 -38.1259 27.8
      vertex 40.9107 -38.9477 27.8
      vertex 41.0124 -39.1 27.8
    endloop
  endfacet
  facet normal 0 0 1
    outer loop
      vertex 40.5 -38.5876 27.8
      vertex 41.175 -37.4184 27.8
      vertex 40.8524 -37.2593 27.8
    endloop
  endfacet
  facet normal 0 0 1
    outer loop
      vertex 41.7445 -37.8555 27.8
      vertex 40.7899 -38.8101 27.8
      vertex 40.9107 -38.9477 27.8
    endloop
  endfacet
  facet normal 0 0 1
    outer loop
      vertex 41.4741 -37.6183 27.8
      vertex 40.6523 -38.6893 27.8
      vertex 40.7899 -38.8101 27.8
    endloop
  endfacet
  facet normal 0 0 1
    outer loop
      vertex 40.3358 -38.5066 27.8
      vertex 40.8524 -37.2593 27.8
      vertex 40.5118 -37.1437 27.8
    endloop
  endfacet
  facet normal 0 0 1
    outer loop
      vertex 41.175 -37.4184 27.8
      vertex 40.5 -38.5876 27.8
      vertex 40.6523 -38.6893 27.8
    endloop
  endfacet
  facet normal 0 0 1
    outer loop
      vertex 40.8524 -37.2593 27.8
      vertex 40.3358 -38.5066 27.8
      vertex 40.5 -38.5876 27.8
    endloop
  endfacet
  facet normal 0 0 1
    outer loop
      vertex 40.5118 -37.1437 27.8
      vertex 40.1623 -38.4477 27.8
      vertex 40.3358 -38.5066 27.8
    endloop
  endfacet
  facet normal 0 0 1
    outer loop
      vertex 40.1589 -37.0735 27.8
      vertex 40.1623 -38.4477 27.8
      vertex 40.5118 -37.1437 27.8
    endloop
  endfacet
  facet normal 0 0 1
    outer loop
      vertex 40.1589 -37.0735 27.8
      vertex 39.9827 -38.412 27.8
      vertex 40.1623 -38.4477 27.8
    endloop
  endfacet
  facet normal 0 0 1
    outer loop
      vertex 39.8 -37.05 27.8
      vertex 39.9827 -38.412 27.8
      vertex 40.1589 -37.0735 27.8
    endloop
  endfacet
  facet normal 0 0 1
    outer loop
      vertex 39.8 -37.05 27.8
      vertex 39.8 -38.4 27.8
      vertex 39.9827 -38.412 27.8
    endloop
  endfacet
  facet normal 0 0 1
    outer loop
      vertex 39.8 -37.05 27.8
      vertex 39.6173 -38.412 27.8
      vertex 39.8 -38.4 27.8
    endloop
  endfacet
  facet normal -0 0 1
    outer loop
      vertex 39.4411 -37.0735 27.8
      vertex 39.6173 -38.412 27.8
      vertex 39.8 -37.05 27.8
    endloop
  endfacet
  facet normal 0 0 1
    outer loop
      vertex 39.4411 -37.0735 27.8
      vertex 39.4377 -38.4477 27.8
      vertex 39.6173 -38.412 27.8
    endloop
  endfacet
  facet normal -0 0 1
    outer loop
      vertex 39.0882 -37.1437 27.8
      vertex 39.4377 -38.4477 27.8
      vertex 39.4411 -37.0735 27.8
    endloop
  endfacet
  facet normal 0 0 1
    outer loop
      vertex 39.4377 -38.4477 27.8
      vertex 39.0882 -37.1437 27.8
      vertex 39.2642 -38.5066 27.8
    endloop
  endfacet
  facet normal -0 0 1
    outer loop
      vertex 38.7476 -37.2593 27.8
      vertex 39.2642 -38.5066 27.8
      vertex 39.0882 -37.1437 27.8
    endloop
  endfacet
  facet normal 0 0 1
    outer loop
      vertex 39.2642 -38.5066 27.8
      vertex 38.7476 -37.2593 27.8
      vertex 39.1 -38.5876 27.8
    endloop
  endfacet
  facet normal -0 0 1
    outer loop
      vertex 38.425 -37.4184 27.8
      vertex 39.1 -38.5876 27.8
      vertex 38.7476 -37.2593 27.8
    endloop
  endfacet
  facet normal 0 0 1
    outer loop
      vertex 39.1 -38.5876 27.8
      vertex 38.425 -37.4184 27.8
      vertex 38.9477 -38.6893 27.8
    endloop
  endfacet
  facet normal -0 0 1
    outer loop
      vertex 38.1259 -37.6183 27.8
      vertex 38.9477 -38.6893 27.8
      vertex 38.425 -37.4184 27.8
    endloop
  endfacet
  facet normal 0 0 1
    outer loop
      vertex 38.9477 -38.6893 27.8
      vertex 38.1259 -37.6183 27.8
      vertex 38.8101 -38.8101 27.8
    endloop
  endfacet
  facet normal -0 0 1
    outer loop
      vertex 37.8555 -37.8555 27.8
      vertex 38.8101 -38.8101 27.8
      vertex 38.1259 -37.6183 27.8
    endloop
  endfacet
  facet normal 0 0 1
    outer loop
      vertex 38.8101 -38.8101 27.8
      vertex 37.8555 -37.8555 27.8
      vertex 38.6893 -38.9477 27.8
    endloop
  endfacet
  facet normal -0 0 1
    outer loop
      vertex 37.6183 -38.1259 27.8
      vertex 38.6893 -38.9477 27.8
      vertex 37.8555 -37.8555 27.8
    endloop
  endfacet
  facet normal 0 0 1
    outer loop
      vertex 38.6893 -38.9477 27.8
      vertex 37.6183 -38.1259 27.8
      vertex 38.5876 -39.1 27.8
    endloop
  endfacet
  facet normal -0 0 1
    outer loop
      vertex 37.4184 -38.425 27.8
      vertex 38.5876 -39.1 27.8
      vertex 37.6183 -38.1259 27.8
    endloop
  endfacet
  facet normal 0 0 1
    outer loop
      vertex 38.5876 -39.1 27.8
      vertex 37.4184 -38.425 27.8
      vertex 38.5066 -39.2642 27.8
    endloop
  endfacet
  facet normal -0 0 1
    outer loop
      vertex 41.0124 -40.5 27.8
      vertex 42.1816 -41.175 27.8
      vertex 41.0934 -40.3358 27.8
    endloop
  endfacet
  facet normal 0 0 1
    outer loop
      vertex 42.1816 -41.175 27.8
      vertex 41.0124 -40.5 27.8
      vertex 41.9817 -41.4741 27.8
    endloop
  endfacet
  facet normal -0 0 1
    outer loop
      vertex 40.9107 -40.6523 27.8
      vertex 41.9817 -41.4741 27.8
      vertex 41.0124 -40.5 27.8
    endloop
  endfacet
  facet normal 0 0 1
    outer loop
      vertex 41.9817 -41.4741 27.8
      vertex 40.9107 -40.6523 27.8
      vertex 41.7445 -41.7445 27.8
    endloop
  endfacet
  facet normal -0 0 1
    outer loop
      vertex 40.7899 -40.7899 27.8
      vertex 41.7445 -41.7445 27.8
      vertex 40.9107 -40.6523 27.8
    endloop
  endfacet
  facet normal 0 0 1
    outer loop
      vertex 41.7445 -41.7445 27.8
      vertex 40.7899 -40.7899 27.8
      vertex 41.4741 -41.9817 27.8
    endloop
  endfacet
  facet normal -0 0 1
    outer loop
      vertex 40.6523 -40.9107 27.8
      vertex 41.4741 -41.9817 27.8
      vertex 40.7899 -40.7899 27.8
    endloop
  endfacet
  facet normal 0 0 1
    outer loop
      vertex 41.4741 -41.9817 27.8
      vertex 40.6523 -40.9107 27.8
      vertex 41.175 -42.1816 27.8
    endloop
  endfacet
  facet normal -0 0 1
    outer loop
      vertex 40.5 -41.0124 27.8
      vertex 41.175 -42.1816 27.8
      vertex 40.6523 -40.9107 27.8
    endloop
  endfacet
  facet normal 0 0 1
    outer loop
      vertex 41.175 -42.1816 27.8
      vertex 40.5 -41.0124 27.8
      vertex 40.8524 -42.3407 27.8
    endloop
  endfacet
  facet normal -0 0 1
    outer loop
      vertex 40.3358 -41.0934 27.8
      vertex 40.8524 -42.3407 27.8
      vertex 40.5 -41.0124 27.8
    endloop
  endfacet
  facet normal 0 0 1
    outer loop
      vertex 40.8524 -42.3407 27.8
      vertex 40.3358 -41.0934 27.8
      vertex 40.5118 -42.4563 27.8
    endloop
  endfacet
  facet normal -0 0 1
    outer loop
      vertex 40.1623 -41.1523 27.8
      vertex 40.5118 -42.4563 27.8
      vertex 40.3358 -41.0934 27.8
    endloop
  endfacet
  facet normal 0 0 1
    outer loop
      vertex 40.1623 -41.1523 27.8
      vertex 40.1589 -42.5265 27.8
      vertex 40.5118 -42.4563 27.8
    endloop
  endfacet
  facet normal -0 0 1
    outer loop
      vertex 39.9827 -41.188 27.8
      vertex 40.1589 -42.5265 27.8
      vertex 40.1623 -41.1523 27.8
    endloop
  endfacet
  facet normal -0 0 1
    outer loop
      vertex 39.8 -41.2 27.8
      vertex 40.1589 -42.5265 27.8
      vertex 39.9827 -41.188 27.8
    endloop
  endfacet
  facet normal 0 0 1
    outer loop
      vertex 39.8 -41.2 27.8
      vertex 39.8 -42.55 27.8
      vertex 40.1589 -42.5265 27.8
    endloop
  endfacet
  facet normal 0 0 1
    outer loop
      vertex 39.6173 -41.188 27.8
      vertex 39.8 -42.55 27.8
      vertex 39.8 -41.2 27.8
    endloop
  endfacet
  facet normal 0 0 1
    outer loop
      vertex 39.6173 -41.188 27.8
      vertex 39.4411 -42.5265 27.8
      vertex 39.8 -42.55 27.8
    endloop
  endfacet
  facet normal 0 0 1
    outer loop
      vertex 39.4377 -41.1523 27.8
      vertex 39.4411 -42.5265 27.8
      vertex 39.6173 -41.188 27.8
    endloop
  endfacet
  facet normal 0 0 1
    outer loop
      vertex 39.0882 -42.4563 27.8
      vertex 39.4377 -41.1523 27.8
      vertex 39.2642 -41.0934 27.8
    endloop
  endfacet
  facet normal 0 0 1
    outer loop
      vertex 38.7476 -42.3407 27.8
      vertex 39.2642 -41.0934 27.8
      vertex 39.1 -41.0124 27.8
    endloop
  endfacet
  facet normal 0 0 1
    outer loop
      vertex 39.4377 -41.1523 27.8
      vertex 39.0882 -42.4563 27.8
      vertex 39.4411 -42.5265 27.8
    endloop
  endfacet
  facet normal 0 0 1
    outer loop
      vertex 38.425 -42.1816 27.8
      vertex 39.1 -41.0124 27.8
      vertex 38.9477 -40.9107 27.8
    endloop
  endfacet
  facet normal 0 0 1
    outer loop
      vertex 38.1259 -41.9817 27.8
      vertex 38.9477 -40.9107 27.8
      vertex 38.8101 -40.7899 27.8
    endloop
  endfacet
  facet normal 0 0 1
    outer loop
      vertex 39.2642 -41.0934 27.8
      vertex 38.7476 -42.3407 27.8
      vertex 39.0882 -42.4563 27.8
    endloop
  endfacet
  facet normal 0 0 1
    outer loop
      vertex 37.8555 -41.7445 27.8
      vertex 38.8101 -40.7899 27.8
      vertex 38.6893 -40.6523 27.8
    endloop
  endfacet
  facet normal 0 0 1
    outer loop
      vertex 37.6183 -41.4741 27.8
      vertex 38.6893 -40.6523 27.8
      vertex 38.5876 -40.5 27.8
    endloop
  endfacet
  facet normal 0 0 1
    outer loop
      vertex 37.4184 -41.175 27.8
      vertex 38.5876 -40.5 27.8
      vertex 38.5066 -40.3358 27.8
    endloop
  endfacet
  facet normal 0 0 1
    outer loop
      vertex 37.2593 -40.8524 27.8
      vertex 38.5066 -40.3358 27.8
      vertex 38.4477 -40.1623 27.8
    endloop
  endfacet
  facet normal 0 0 1
    outer loop
      vertex 39.1 -41.0124 27.8
      vertex 38.425 -42.1816 27.8
      vertex 38.7476 -42.3407 27.8
    endloop
  endfacet
  facet normal 0 0 1
    outer loop
      vertex 37.1437 -40.5118 27.8
      vertex 38.4477 -40.1623 27.8
      vertex 38.412 -39.9827 27.8
    endloop
  endfacet
  facet normal 0 0 1
    outer loop
      vertex 37.0735 -40.1589 27.8
      vertex 38.412 -39.9827 27.8
      vertex 38.4 -39.8 27.8
    endloop
  endfacet
  facet normal -0 0 1
    outer loop
      vertex 37.2593 -38.7476 27.8
      vertex 38.5066 -39.2642 27.8
      vertex 37.4184 -38.425 27.8
    endloop
  endfacet
  facet normal 0 0 1
    outer loop
      vertex 38.9477 -40.9107 27.8
      vertex 38.1259 -41.9817 27.8
      vertex 38.425 -42.1816 27.8
    endloop
  endfacet
  facet normal 0 0 1
    outer loop
      vertex 38.5066 -39.2642 27.8
      vertex 37.2593 -38.7476 27.8
      vertex 38.4477 -39.4377 27.8
    endloop
  endfacet
  facet normal 0 0 1
    outer loop
      vertex 38.8101 -40.7899 27.8
      vertex 37.8555 -41.7445 27.8
      vertex 38.1259 -41.9817 27.8
    endloop
  endfacet
  facet normal -0 0 1
    outer loop
      vertex 37.1437 -39.0882 27.8
      vertex 38.4477 -39.4377 27.8
      vertex 37.2593 -38.7476 27.8
    endloop
  endfacet
  facet normal 0 0 1
    outer loop
      vertex 38.6893 -40.6523 27.8
      vertex 37.6183 -41.4741 27.8
      vertex 37.8555 -41.7445 27.8
    endloop
  endfacet
  facet normal 0 0 1
    outer loop
      vertex 38.4477 -39.4377 27.8
      vertex 37.1437 -39.0882 27.8
      vertex 38.412 -39.6173 27.8
    endloop
  endfacet
  facet normal 0 0 1
    outer loop
      vertex 38.5876 -40.5 27.8
      vertex 37.4184 -41.175 27.8
      vertex 37.6183 -41.4741 27.8
    endloop
  endfacet
  facet normal -0 0 1
    outer loop
      vertex 37.0735 -39.4411 27.8
      vertex 38.412 -39.6173 27.8
      vertex 37.1437 -39.0882 27.8
    endloop
  endfacet
  facet normal 0 0 1
    outer loop
      vertex 38.5066 -40.3358 27.8
      vertex 37.2593 -40.8524 27.8
      vertex 37.4184 -41.175 27.8
    endloop
  endfacet
  facet normal 0 0 1
    outer loop
      vertex 38.412 -39.6173 27.8
      vertex 37.0735 -39.4411 27.8
      vertex 38.4 -39.8 27.8
    endloop
  endfacet
  facet normal 0 0 1
    outer loop
      vertex 38.4477 -40.1623 27.8
      vertex 37.1437 -40.5118 27.8
      vertex 37.2593 -40.8524 27.8
    endloop
  endfacet
  facet normal 0 0 1
    outer loop
      vertex 37.05 -39.8 27.8
      vertex 38.4 -39.8 27.8
      vertex 37.0735 -39.4411 27.8
    endloop
  endfacet
  facet normal 0 0 1
    outer loop
      vertex 38.412 -39.9827 27.8
      vertex 37.0735 -40.1589 27.8
      vertex 37.1437 -40.5118 27.8
    endloop
  endfacet
  facet normal 0 0 1
    outer loop
      vertex 38.4 -39.8 27.8
      vertex 37.05 -39.8 27.8
      vertex 37.0735 -40.1589 27.8
    endloop
  endfacet
  facet normal -0.555662 0.831408 0
    outer loop
      vertex 38.425 -37.4184 4.2
      vertex 38.1259 -37.6183 27.8
      vertex 38.425 -37.4184 27.8
    endloop
  endfacet
  facet normal -0.555662 0.831408 0
    outer loop
      vertex 38.1259 -37.6183 27.8
      vertex 38.425 -37.4184 4.2
      vertex 38.1259 -37.6183 4.2
    endloop
  endfacet
  facet normal -0.0653379 0.997863 0
    outer loop
      vertex 39.8 -37.05 4.2
      vertex 39.4411 -37.0735 27.8
      vertex 39.8 -37.05 27.8
    endloop
  endfacet
  facet normal -0.0653379 0.997863 0
    outer loop
      vertex 39.4411 -37.0735 27.8
      vertex 39.8 -37.05 4.2
      vertex 39.4411 -37.0735 4.2
    endloop
  endfacet
  facet normal 0.321394 -0.946945 0
    outer loop
      vertex 40.5118 -42.4563 4.2
      vertex 40.8524 -42.3407 27.8
      vertex 40.5118 -42.4563 27.8
    endloop
  endfacet
  facet normal 0.321394 -0.946945 0
    outer loop
      vertex 40.8524 -42.3407 27.8
      vertex 40.5118 -42.4563 4.2
      vertex 40.8524 -42.3407 4.2
    endloop
  endfacet
  facet normal 0.555662 -0.831408 0
    outer loop
      vertex 41.175 -42.1816 4.2
      vertex 41.4741 -41.9817 27.8
      vertex 41.175 -42.1816 27.8
    endloop
  endfacet
  facet normal 0.555662 -0.831408 0
    outer loop
      vertex 41.4741 -41.9817 27.8
      vertex 41.175 -42.1816 4.2
      vertex 41.4741 -41.9817 4.2
    endloop
  endfacet
  facet normal 0.751749 -0.659449 0
    outer loop
      vertex 41.7445 -41.7445 27.8
      vertex 41.9817 -41.4741 4.2
      vertex 41.9817 -41.4741 27.8
    endloop
  endfacet
  facet normal 0.751749 -0.659449 0
    outer loop
      vertex 41.9817 -41.4741 4.2
      vertex 41.7445 -41.7445 27.8
      vertex 41.7445 -41.7445 4.2
    endloop
  endfacet
  facet normal 0.89686 -0.442314 0
    outer loop
      vertex 42.1816 -41.175 27.8
      vertex 42.3407 -40.8524 4.2
      vertex 42.3407 -40.8524 27.8
    endloop
  endfacet
  facet normal 0.89686 -0.442314 0
    outer loop
      vertex 42.3407 -40.8524 4.2
      vertex 42.1816 -41.175 27.8
      vertex 42.1816 -41.175 4.2
    endloop
  endfacet
  facet normal -0.659449 -0.751749 0
    outer loop
      vertex 37.8555 -41.7445 4.2
      vertex 38.1259 -41.9817 27.8
      vertex 37.8555 -41.7445 27.8
    endloop
  endfacet
  facet normal -0.659449 -0.751749 -0
    outer loop
      vertex 38.1259 -41.9817 27.8
      vertex 37.8555 -41.7445 4.2
      vertex 38.1259 -41.9817 4.2
    endloop
  endfacet
  facet normal -0.442314 -0.89686 0
    outer loop
      vertex 38.425 -42.1816 4.2
      vertex 38.7476 -42.3407 27.8
      vertex 38.425 -42.1816 27.8
    endloop
  endfacet
  facet normal -0.442314 -0.89686 -0
    outer loop
      vertex 38.7476 -42.3407 27.8
      vertex 38.425 -42.1816 4.2
      vertex 38.7476 -42.3407 4.2
    endloop
  endfacet
  facet normal -0.195 -0.980803 0
    outer loop
      vertex 39.0882 -42.4563 4.2
      vertex 39.308 -42.5 27.8
      vertex 39.0882 -42.4563 27.8
    endloop
  endfacet
  facet normal -0.195 -0.980803 -0
    outer loop
      vertex 39.308 -42.5 27.8
      vertex 39.0882 -42.4563 4.2
      vertex 39.308 -42.5 4.2
    endloop
  endfacet
  facet normal -0 -0 -1
    outer loop
      vertex 39.308 -42.5 27.8
      vertex 39.4411 -42.5265 27.8
      vertex 39.0882 -42.4563 27.8
    endloop
  endfacet
  facet normal -0.831408 -0.555662 0
    outer loop
      vertex 37.6183 -41.4741 4.2
      vertex 37.4184 -41.175 27.8
      vertex 37.4184 -41.175 4.2
    endloop
  endfacet
  facet normal -0.831408 -0.555662 0
    outer loop
      vertex 37.4184 -41.175 27.8
      vertex 37.6183 -41.4741 4.2
      vertex 37.6183 -41.4741 27.8
    endloop
  endfacet
  facet normal -0.946945 -0.321394 0
    outer loop
      vertex 37.2593 -40.8524 4.2
      vertex 37.1437 -40.5118 27.8
      vertex 37.1437 -40.5118 4.2
    endloop
  endfacet
  facet normal -0.946945 -0.321394 0
    outer loop
      vertex 37.1437 -40.5118 27.8
      vertex 37.2593 -40.8524 4.2
      vertex 37.2593 -40.8524 27.8
    endloop
  endfacet
  facet normal -0.997863 -0.0653379 0
    outer loop
      vertex 37.0735 -40.1589 4.2
      vertex 37.05 -39.8 27.8
      vertex 37.05 -39.8 4.2
    endloop
  endfacet
  facet normal -0.997863 -0.0653379 0
    outer loop
      vertex 37.05 -39.8 27.8
      vertex 37.0735 -40.1589 4.2
      vertex 37.0735 -40.1589 27.8
    endloop
  endfacet
  facet normal 0.195 -0.980803 0
    outer loop
      vertex 40.292 -42.5 4.2
      vertex 40.5118 -42.4563 27.8
      vertex 40.292 -42.5 27.8
    endloop
  endfacet
  facet normal 0.195 -0.980803 0
    outer loop
      vertex 40.5118 -42.4563 27.8
      vertex 40.292 -42.5 4.2
      vertex 40.5118 -42.4563 4.2
    endloop
  endfacet
  facet normal 0 -0 -1
    outer loop
      vertex 40.292 -42.5 27.8
      vertex 40.5118 -42.4563 27.8
      vertex 40.1589 -42.5265 27.8
    endloop
  endfacet
  facet normal 0.659449 -0.751749 0
    outer loop
      vertex 41.4741 -41.9817 4.2
      vertex 41.7445 -41.7445 27.8
      vertex 41.4741 -41.9817 27.8
    endloop
  endfacet
  facet normal 0.659449 -0.751749 0
    outer loop
      vertex 41.7445 -41.7445 27.8
      vertex 41.4741 -41.9817 4.2
      vertex 41.7445 -41.7445 4.2
    endloop
  endfacet
  facet normal 0.831408 -0.555662 0
    outer loop
      vertex 41.9817 -41.4741 27.8
      vertex 42.1816 -41.175 4.2
      vertex 42.1816 -41.175 27.8
    endloop
  endfacet
  facet normal 0.831408 -0.555662 0
    outer loop
      vertex 42.1816 -41.175 4.2
      vertex 41.9817 -41.4741 27.8
      vertex 41.9817 -41.4741 4.2
    endloop
  endfacet
  facet normal 0.946945 -0.321394 0
    outer loop
      vertex 42.3407 -40.8524 27.8
      vertex 42.4563 -40.5118 4.2
      vertex 42.4563 -40.5118 27.8
    endloop
  endfacet
  facet normal 0.946945 -0.321394 0
    outer loop
      vertex 42.4563 -40.5118 4.2
      vertex 42.3407 -40.8524 27.8
      vertex 42.3407 -40.8524 4.2
    endloop
  endfacet
  facet normal -0.555662 -0.831408 0
    outer loop
      vertex 38.1259 -41.9817 4.2
      vertex 38.425 -42.1816 27.8
      vertex 38.1259 -41.9817 27.8
    endloop
  endfacet
  facet normal -0.555662 -0.831408 -0
    outer loop
      vertex 38.425 -42.1816 27.8
      vertex 38.1259 -41.9817 4.2
      vertex 38.425 -42.1816 4.2
    endloop
  endfacet
  facet normal -0.980783 -0.195101 0
    outer loop
      vertex 37.1437 -40.5118 4.2
      vertex 37.0735 -40.1589 27.8
      vertex 37.0735 -40.1589 4.2
    endloop
  endfacet
  facet normal -0.980783 -0.195101 0
    outer loop
      vertex 37.0735 -40.1589 27.8
      vertex 37.1437 -40.5118 4.2
      vertex 37.1437 -40.5118 27.8
    endloop
  endfacet
  facet normal -0.99785 -0.0655402 0
    outer loop
      vertex 41.2 -39.8 5.2
      vertex 41.188 -39.6173 27.8
      vertex 41.188 -39.6173 5.2
    endloop
  endfacet
  facet normal -0.99785 -0.0655402 0
    outer loop
      vertex 41.188 -39.6173 27.8
      vertex 41.2 -39.8 5.2
      vertex 41.2 -39.8 27.8
    endloop
  endfacet
  facet normal 0.99785 -0.0655402 0
    outer loop
      vertex 38.4 -39.8 27.8
      vertex 38.412 -39.6173 5.2
      vertex 38.412 -39.6173 27.8
    endloop
  endfacet
  facet normal 0.99785 -0.0655402 0
    outer loop
      vertex 38.412 -39.6173 5.2
      vertex 38.4 -39.8 27.8
      vertex 38.4 -39.8 5.2
    endloop
  endfacet
  facet normal -0.0655402 -0.99785 0
    outer loop
      vertex 39.8 -38.4 5.2
      vertex 39.9827 -38.412 27.8
      vertex 39.8 -38.4 27.8
    endloop
  endfacet
  facet normal -0.0655402 -0.99785 -0
    outer loop
      vertex 39.9827 -38.412 27.8
      vertex 39.8 -38.4 5.2
      vertex 39.9827 -38.412 5.2
    endloop
  endfacet
  facet normal 0.0655402 0.99785 -0
    outer loop
      vertex 39.8 -41.2 5.2
      vertex 39.6173 -41.188 27.8
      vertex 39.8 -41.2 27.8
    endloop
  endfacet
  facet normal 0.0655402 0.99785 0
    outer loop
      vertex 39.6173 -41.188 27.8
      vertex 39.8 -41.2 5.2
      vertex 39.6173 -41.188 5.2
    endloop
  endfacet
  facet normal -0.751493 -0.659741 0
    outer loop
      vertex 40.9107 -38.9477 5.2
      vertex 40.7899 -38.8101 27.8
      vertex 40.7899 -38.8101 5.2
    endloop
  endfacet
  facet normal -0.751493 -0.659741 0
    outer loop
      vertex 40.7899 -38.8101 27.8
      vertex 40.9107 -38.9477 5.2
      vertex 40.9107 -38.9477 27.8
    endloop
  endfacet
  facet normal 0.659741 -0.751493 0
    outer loop
      vertex 38.8101 -38.8101 5.2
      vertex 38.9477 -38.6893 27.8
      vertex 38.8101 -38.8101 27.8
    endloop
  endfacet
  facet normal 0.659741 -0.751493 0
    outer loop
      vertex 38.9477 -38.6893 27.8
      vertex 38.8101 -38.8101 5.2
      vertex 38.9477 -38.6893 5.2
    endloop
  endfacet
  facet normal 0.321462 -0.946922 0
    outer loop
      vertex 39.2642 -38.5066 5.2
      vertex 39.4377 -38.4477 27.8
      vertex 39.2642 -38.5066 27.8
    endloop
  endfacet
  facet normal 0.321462 -0.946922 0
    outer loop
      vertex 39.4377 -38.4477 27.8
      vertex 39.2642 -38.5066 5.2
      vertex 39.4377 -38.4477 5.2
    endloop
  endfacet
  facet normal -0.946922 -0.321462 0
    outer loop
      vertex 41.1523 -39.4377 5.2
      vertex 41.0934 -39.2642 27.8
      vertex 41.0934 -39.2642 5.2
    endloop
  endfacet
  facet normal -0.946922 -0.321462 0
    outer loop
      vertex 41.0934 -39.2642 27.8
      vertex 41.1523 -39.4377 5.2
      vertex 41.1523 -39.4377 27.8
    endloop
  endfacet
  facet normal -0.980811 -0.194961 0
    outer loop
      vertex 41.188 -39.6173 5.2
      vertex 41.1523 -39.4377 27.8
      vertex 41.1523 -39.4377 5.2
    endloop
  endfacet
  facet normal -0.980811 -0.194961 0
    outer loop
      vertex 41.1523 -39.4377 27.8
      vertex 41.188 -39.6173 5.2
      vertex 41.188 -39.6173 27.8
    endloop
  endfacet
  facet normal -0.896817 -0.442401 0
    outer loop
      vertex 41.0934 -39.2642 5.2
      vertex 41.0124 -39.1 27.8
      vertex 41.0124 -39.1 5.2
    endloop
  endfacet
  facet normal -0.896817 -0.442401 0
    outer loop
      vertex 41.0124 -39.1 27.8
      vertex 41.0934 -39.2642 5.2
      vertex 41.0934 -39.2642 27.8
    endloop
  endfacet
  facet normal -0.442401 -0.896817 0
    outer loop
      vertex 40.3358 -38.5066 5.2
      vertex 40.5 -38.5876 27.8
      vertex 40.3358 -38.5066 27.8
    endloop
  endfacet
  facet normal -0.442401 -0.896817 -0
    outer loop
      vertex 40.5 -38.5876 27.8
      vertex 40.3358 -38.5066 5.2
      vertex 40.5 -38.5876 5.2
    endloop
  endfacet
  facet normal -0.321462 -0.946922 0
    outer loop
      vertex 40.1623 -38.4477 5.2
      vertex 40.3358 -38.5066 27.8
      vertex 40.1623 -38.4477 27.8
    endloop
  endfacet
  facet normal -0.321462 -0.946922 -0
    outer loop
      vertex 40.3358 -38.5066 27.8
      vertex 40.1623 -38.4477 5.2
      vertex 40.3358 -38.5066 5.2
    endloop
  endfacet
  facet normal -0.55533 -0.83163 0
    outer loop
      vertex 40.5 -38.5876 5.2
      vertex 40.6523 -38.6893 27.8
      vertex 40.5 -38.5876 27.8
    endloop
  endfacet
  facet normal -0.55533 -0.83163 -0
    outer loop
      vertex 40.6523 -38.6893 27.8
      vertex 40.5 -38.5876 5.2
      vertex 40.6523 -38.6893 5.2
    endloop
  endfacet
  facet normal 0.896817 -0.442401 0
    outer loop
      vertex 38.5066 -39.2642 27.8
      vertex 38.5876 -39.1 5.2
      vertex 38.5876 -39.1 27.8
    endloop
  endfacet
  facet normal 0.896817 -0.442401 0
    outer loop
      vertex 38.5876 -39.1 5.2
      vertex 38.5066 -39.2642 27.8
      vertex 38.5066 -39.2642 5.2
    endloop
  endfacet
  facet normal 0.946922 -0.321462 0
    outer loop
      vertex 38.4477 -39.4377 27.8
      vertex 38.5066 -39.2642 5.2
      vertex 38.5066 -39.2642 27.8
    endloop
  endfacet
  facet normal 0.946922 -0.321462 0
    outer loop
      vertex 38.5066 -39.2642 5.2
      vertex 38.4477 -39.4377 27.8
      vertex 38.4477 -39.4377 5.2
    endloop
  endfacet
  facet normal 0.442401 -0.896817 0
    outer loop
      vertex 39.1 -38.5876 5.2
      vertex 39.2642 -38.5066 27.8
      vertex 39.1 -38.5876 27.8
    endloop
  endfacet
  facet normal 0.442401 -0.896817 0
    outer loop
      vertex 39.2642 -38.5066 27.8
      vertex 39.1 -38.5876 5.2
      vertex 39.2642 -38.5066 5.2
    endloop
  endfacet
  facet normal 0.194961 -0.980811 0
    outer loop
      vertex 39.4377 -38.4477 5.2
      vertex 39.6173 -38.412 27.8
      vertex 39.4377 -38.4477 27.8
    endloop
  endfacet
  facet normal 0.194961 -0.980811 0
    outer loop
      vertex 39.6173 -38.412 27.8
      vertex 39.4377 -38.4477 5.2
      vertex 39.6173 -38.412 5.2
    endloop
  endfacet
  facet normal -0.442401 0.896817 0
    outer loop
      vertex 40.5 -41.0124 5.2
      vertex 40.3358 -41.0934 27.8
      vertex 40.5 -41.0124 27.8
    endloop
  endfacet
  facet normal -0.442401 0.896817 0
    outer loop
      vertex 40.3358 -41.0934 27.8
      vertex 40.5 -41.0124 5.2
      vertex 40.3358 -41.0934 5.2
    endloop
  endfacet
  facet normal -0.946922 0.321462 0
    outer loop
      vertex 41.0934 -40.3358 5.2
      vertex 41.1523 -40.1623 27.8
      vertex 41.1523 -40.1623 5.2
    endloop
  endfacet
  facet normal -0.946922 0.321462 0
    outer loop
      vertex 41.1523 -40.1623 27.8
      vertex 41.0934 -40.3358 5.2
      vertex 41.0934 -40.3358 27.8
    endloop
  endfacet
  facet normal -0.980811 0.194961 0
    outer loop
      vertex 41.1523 -40.1623 5.2
      vertex 41.188 -39.9827 27.8
      vertex 41.188 -39.9827 5.2
    endloop
  endfacet
  facet normal -0.980811 0.194961 0
    outer loop
      vertex 41.188 -39.9827 27.8
      vertex 41.1523 -40.1623 5.2
      vertex 41.1523 -40.1623 27.8
    endloop
  endfacet
  facet normal 0.321462 0.946922 -0
    outer loop
      vertex 39.4377 -41.1523 5.2
      vertex 39.2642 -41.0934 27.8
      vertex 39.4377 -41.1523 27.8
    endloop
  endfacet
  facet normal 0.321462 0.946922 0
    outer loop
      vertex 39.2642 -41.0934 27.8
      vertex 39.4377 -41.1523 5.2
      vertex 39.2642 -41.0934 5.2
    endloop
  endfacet
  facet normal 0.896817 0.442401 0
    outer loop
      vertex 38.5876 -40.5 27.8
      vertex 38.5066 -40.3358 5.2
      vertex 38.5066 -40.3358 27.8
    endloop
  endfacet
  facet normal 0.896817 0.442401 0
    outer loop
      vertex 38.5066 -40.3358 5.2
      vertex 38.5876 -40.5 27.8
      vertex 38.5876 -40.5 5.2
    endloop
  endfacet
  facet normal 0 0 1
    outer loop
      vertex 41.188 -39.6173 5.2
      vertex 41.188 -39.9827 5.2
      vertex 41.2 -39.8 5.2
    endloop
  endfacet
  facet normal 0 0 1
    outer loop
      vertex 41.1523 -39.4377 5.2
      vertex 41.188 -39.9827 5.2
      vertex 41.188 -39.6173 5.2
    endloop
  endfacet
  facet normal 0 0 1
    outer loop
      vertex 41.1523 -39.4377 5.2
      vertex 41.1523 -40.1623 5.2
      vertex 41.188 -39.9827 5.2
    endloop
  endfacet
  facet normal 0 0 1
    outer loop
      vertex 41.0934 -39.2642 5.2
      vertex 41.1523 -40.1623 5.2
      vertex 41.1523 -39.4377 5.2
    endloop
  endfacet
  facet normal 0 0 1
    outer loop
      vertex 41.0934 -39.2642 5.2
      vertex 41.0934 -40.3358 5.2
      vertex 41.1523 -40.1623 5.2
    endloop
  endfacet
  facet normal 0 0 1
    outer loop
      vertex 41.0124 -39.1 5.2
      vertex 41.0934 -40.3358 5.2
      vertex 41.0934 -39.2642 5.2
    endloop
  endfacet
  facet normal 0 0 1
    outer loop
      vertex 41.0124 -39.1 5.2
      vertex 41.0124 -40.5 5.2
      vertex 41.0934 -40.3358 5.2
    endloop
  endfacet
  facet normal 0 0 1
    outer loop
      vertex 40.9107 -38.9477 5.2
      vertex 41.0124 -40.5 5.2
      vertex 41.0124 -39.1 5.2
    endloop
  endfacet
  facet normal 0 0 1
    outer loop
      vertex 40.9107 -38.9477 5.2
      vertex 40.9107 -40.6523 5.2
      vertex 41.0124 -40.5 5.2
    endloop
  endfacet
  facet normal 0 0 1
    outer loop
      vertex 40.7899 -38.8101 5.2
      vertex 40.9107 -40.6523 5.2
      vertex 40.9107 -38.9477 5.2
    endloop
  endfacet
  facet normal 0 0 1
    outer loop
      vertex 40.7899 -38.8101 5.2
      vertex 40.7899 -40.7899 5.2
      vertex 40.9107 -40.6523 5.2
    endloop
  endfacet
  facet normal 0 0 1
    outer loop
      vertex 40.6523 -38.6893 5.2
      vertex 40.7899 -40.7899 5.2
      vertex 40.7899 -38.8101 5.2
    endloop
  endfacet
  facet normal 0 0 1
    outer loop
      vertex 40.6523 -38.6893 5.2
      vertex 40.6523 -40.9107 5.2
      vertex 40.7899 -40.7899 5.2
    endloop
  endfacet
  facet normal 0 0 1
    outer loop
      vertex 40.5 -38.5876 5.2
      vertex 40.6523 -40.9107 5.2
      vertex 40.6523 -38.6893 5.2
    endloop
  endfacet
  facet normal 0 0 1
    outer loop
      vertex 40.5 -38.5876 5.2
      vertex 40.5 -41.0124 5.2
      vertex 40.6523 -40.9107 5.2
    endloop
  endfacet
  facet normal 0 0 1
    outer loop
      vertex 40.3358 -38.5066 5.2
      vertex 40.5 -41.0124 5.2
      vertex 40.5 -38.5876 5.2
    endloop
  endfacet
  facet normal 0 0 1
    outer loop
      vertex 40.3358 -38.5066 5.2
      vertex 40.3358 -41.0934 5.2
      vertex 40.5 -41.0124 5.2
    endloop
  endfacet
  facet normal 0 0 1
    outer loop
      vertex 40.1623 -38.4477 5.2
      vertex 40.3358 -41.0934 5.2
      vertex 40.3358 -38.5066 5.2
    endloop
  endfacet
  facet normal 0 0 1
    outer loop
      vertex 40.1623 -38.4477 5.2
      vertex 40.1623 -41.1523 5.2
      vertex 40.3358 -41.0934 5.2
    endloop
  endfacet
  facet normal 0 0 1
    outer loop
      vertex 39.9827 -38.412 5.2
      vertex 40.1623 -41.1523 5.2
      vertex 40.1623 -38.4477 5.2
    endloop
  endfacet
  facet normal 0 0 1
    outer loop
      vertex 39.9827 -38.412 5.2
      vertex 39.9827 -41.188 5.2
      vertex 40.1623 -41.1523 5.2
    endloop
  endfacet
  facet normal 0 0 1
    outer loop
      vertex 39.8 -38.4 5.2
      vertex 39.9827 -41.188 5.2
      vertex 39.9827 -38.412 5.2
    endloop
  endfacet
  facet normal 0 0 1
    outer loop
      vertex 39.8 -38.4 5.2
      vertex 39.8 -41.2 5.2
      vertex 39.9827 -41.188 5.2
    endloop
  endfacet
  facet normal -0 0 1
    outer loop
      vertex 39.6173 -38.412 5.2
      vertex 39.8 -41.2 5.2
      vertex 39.8 -38.4 5.2
    endloop
  endfacet
  facet normal 0 0 1
    outer loop
      vertex 39.6173 -38.412 5.2
      vertex 39.6173 -41.188 5.2
      vertex 39.8 -41.2 5.2
    endloop
  endfacet
  facet normal -0 0 1
    outer loop
      vertex 39.4377 -38.4477 5.2
      vertex 39.6173 -41.188 5.2
      vertex 39.6173 -38.412 5.2
    endloop
  endfacet
  facet normal 0 0 1
    outer loop
      vertex 39.4377 -38.4477 5.2
      vertex 39.4377 -41.1523 5.2
      vertex 39.6173 -41.188 5.2
    endloop
  endfacet
  facet normal -0 0 1
    outer loop
      vertex 39.2642 -38.5066 5.2
      vertex 39.4377 -41.1523 5.2
      vertex 39.4377 -38.4477 5.2
    endloop
  endfacet
  facet normal 0 0 1
    outer loop
      vertex 39.2642 -38.5066 5.2
      vertex 39.2642 -41.0934 5.2
      vertex 39.4377 -41.1523 5.2
    endloop
  endfacet
  facet normal -0 0 1
    outer loop
      vertex 39.1 -38.5876 5.2
      vertex 39.2642 -41.0934 5.2
      vertex 39.2642 -38.5066 5.2
    endloop
  endfacet
  facet normal 0 0 1
    outer loop
      vertex 39.1 -38.5876 5.2
      vertex 39.1 -41.0124 5.2
      vertex 39.2642 -41.0934 5.2
    endloop
  endfacet
  facet normal -0 0 1
    outer loop
      vertex 38.9477 -38.6893 5.2
      vertex 39.1 -41.0124 5.2
      vertex 39.1 -38.5876 5.2
    endloop
  endfacet
  facet normal 0 0 1
    outer loop
      vertex 38.9477 -38.6893 5.2
      vertex 38.9477 -40.9107 5.2
      vertex 39.1 -41.0124 5.2
    endloop
  endfacet
  facet normal -0 0 1
    outer loop
      vertex 38.8101 -38.8101 5.2
      vertex 38.9477 -40.9107 5.2
      vertex 38.9477 -38.6893 5.2
    endloop
  endfacet
  facet normal 0 0 1
    outer loop
      vertex 38.8101 -38.8101 5.2
      vertex 38.8101 -40.7899 5.2
      vertex 38.9477 -40.9107 5.2
    endloop
  endfacet
  facet normal -0 0 1
    outer loop
      vertex 38.6893 -38.9477 5.2
      vertex 38.8101 -40.7899 5.2
      vertex 38.8101 -38.8101 5.2
    endloop
  endfacet
  facet normal 0 0 1
    outer loop
      vertex 38.6893 -38.9477 5.2
      vertex 38.6893 -40.6523 5.2
      vertex 38.8101 -40.7899 5.2
    endloop
  endfacet
  facet normal -0 0 1
    outer loop
      vertex 38.5876 -39.1 5.2
      vertex 38.6893 -40.6523 5.2
      vertex 38.6893 -38.9477 5.2
    endloop
  endfacet
  facet normal 0 0 1
    outer loop
      vertex 38.5876 -39.1 5.2
      vertex 38.5876 -40.5 5.2
      vertex 38.6893 -40.6523 5.2
    endloop
  endfacet
  facet normal -0 0 1
    outer loop
      vertex 38.5066 -39.2642 5.2
      vertex 38.5876 -40.5 5.2
      vertex 38.5876 -39.1 5.2
    endloop
  endfacet
  facet normal 0 0 1
    outer loop
      vertex 38.5066 -39.2642 5.2
      vertex 38.5066 -40.3358 5.2
      vertex 38.5876 -40.5 5.2
    endloop
  endfacet
  facet normal -0 0 1
    outer loop
      vertex 38.4477 -39.4377 5.2
      vertex 38.5066 -40.3358 5.2
      vertex 38.5066 -39.2642 5.2
    endloop
  endfacet
  facet normal 0 0 1
    outer loop
      vertex 38.4477 -39.4377 5.2
      vertex 38.4477 -40.1623 5.2
      vertex 38.5066 -40.3358 5.2
    endloop
  endfacet
  facet normal -0 0 1
    outer loop
      vertex 38.412 -39.6173 5.2
      vertex 38.4477 -40.1623 5.2
      vertex 38.4477 -39.4377 5.2
    endloop
  endfacet
  facet normal 0 0 1
    outer loop
      vertex 38.412 -39.6173 5.2
      vertex 38.412 -39.9827 5.2
      vertex 38.4477 -40.1623 5.2
    endloop
  endfacet
  facet normal 0 -0 1
    outer loop
      vertex 38.412 -39.9827 5.2
      vertex 38.412 -39.6173 5.2
      vertex 38.4 -39.8 5.2
    endloop
  endfacet
  facet normal -0.83163 -0.55533 0
    outer loop
      vertex 41.0124 -39.1 5.2
      vertex 40.9107 -38.9477 27.8
      vertex 40.9107 -38.9477 5.2
    endloop
  endfacet
  facet normal -0.83163 -0.55533 0
    outer loop
      vertex 40.9107 -38.9477 27.8
      vertex 41.0124 -39.1 5.2
      vertex 41.0124 -39.1 27.8
    endloop
  endfacet
  facet normal -0.194961 -0.980811 0
    outer loop
      vertex 39.9827 -38.412 5.2
      vertex 40.1623 -38.4477 27.8
      vertex 39.9827 -38.412 27.8
    endloop
  endfacet
  facet normal -0.194961 -0.980811 -0
    outer loop
      vertex 40.1623 -38.4477 27.8
      vertex 39.9827 -38.412 5.2
      vertex 40.1623 -38.4477 5.2
    endloop
  endfacet
  facet normal -0.659741 -0.751493 0
    outer loop
      vertex 40.6523 -38.6893 5.2
      vertex 40.7899 -38.8101 27.8
      vertex 40.6523 -38.6893 27.8
    endloop
  endfacet
  facet normal -0.659741 -0.751493 -0
    outer loop
      vertex 40.7899 -38.8101 27.8
      vertex 40.6523 -38.6893 5.2
      vertex 40.7899 -38.8101 5.2
    endloop
  endfacet
  facet normal 0.83163 -0.55533 0
    outer loop
      vertex 38.5876 -39.1 27.8
      vertex 38.6893 -38.9477 5.2
      vertex 38.6893 -38.9477 27.8
    endloop
  endfacet
  facet normal 0.83163 -0.55533 0
    outer loop
      vertex 38.6893 -38.9477 5.2
      vertex 38.5876 -39.1 27.8
      vertex 38.5876 -39.1 5.2
    endloop
  endfacet
  facet normal 0.751493 -0.659741 0
    outer loop
      vertex 38.6893 -38.9477 27.8
      vertex 38.8101 -38.8101 5.2
      vertex 38.8101 -38.8101 27.8
    endloop
  endfacet
  facet normal 0.751493 -0.659741 0
    outer loop
      vertex 38.8101 -38.8101 5.2
      vertex 38.6893 -38.9477 27.8
      vertex 38.6893 -38.9477 5.2
    endloop
  endfacet
  facet normal 0.980811 -0.194961 0
    outer loop
      vertex 38.412 -39.6173 27.8
      vertex 38.4477 -39.4377 5.2
      vertex 38.4477 -39.4377 27.8
    endloop
  endfacet
  facet normal 0.980811 -0.194961 0
    outer loop
      vertex 38.4477 -39.4377 5.2
      vertex 38.412 -39.6173 27.8
      vertex 38.412 -39.6173 5.2
    endloop
  endfacet
  facet normal 0.55533 -0.83163 0
    outer loop
      vertex 38.9477 -38.6893 5.2
      vertex 39.1 -38.5876 27.8
      vertex 38.9477 -38.6893 27.8
    endloop
  endfacet
  facet normal 0.55533 -0.83163 0
    outer loop
      vertex 39.1 -38.5876 27.8
      vertex 38.9477 -38.6893 5.2
      vertex 39.1 -38.5876 5.2
    endloop
  endfacet
  facet normal 0.0655402 -0.99785 0
    outer loop
      vertex 39.6173 -38.412 5.2
      vertex 39.8 -38.4 27.8
      vertex 39.6173 -38.412 27.8
    endloop
  endfacet
  facet normal 0.0655402 -0.99785 0
    outer loop
      vertex 39.8 -38.4 27.8
      vertex 39.6173 -38.412 5.2
      vertex 39.8 -38.4 5.2
    endloop
  endfacet
  facet normal -0.99785 0.0655402 0
    outer loop
      vertex 41.188 -39.9827 5.2
      vertex 41.2 -39.8 27.8
      vertex 41.2 -39.8 5.2
    endloop
  endfacet
  facet normal -0.99785 0.0655402 0
    outer loop
      vertex 41.2 -39.8 27.8
      vertex 41.188 -39.9827 5.2
      vertex 41.188 -39.9827 27.8
    endloop
  endfacet
  facet normal -0.0655402 0.99785 0
    outer loop
      vertex 39.9827 -41.188 5.2
      vertex 39.8 -41.2 27.8
      vertex 39.9827 -41.188 27.8
    endloop
  endfacet
  facet normal -0.0655402 0.99785 0
    outer loop
      vertex 39.8 -41.2 27.8
      vertex 39.9827 -41.188 5.2
      vertex 39.8 -41.2 5.2
    endloop
  endfacet
  facet normal -0.321462 0.946922 0
    outer loop
      vertex 40.3358 -41.0934 5.2
      vertex 40.1623 -41.1523 27.8
      vertex 40.3358 -41.0934 27.8
    endloop
  endfacet
  facet normal -0.321462 0.946922 0
    outer loop
      vertex 40.1623 -41.1523 27.8
      vertex 40.3358 -41.0934 5.2
      vertex 40.1623 -41.1523 5.2
    endloop
  endfacet
  facet normal -0.55533 0.83163 0
    outer loop
      vertex 40.6523 -40.9107 5.2
      vertex 40.5 -41.0124 27.8
      vertex 40.6523 -40.9107 27.8
    endloop
  endfacet
  facet normal -0.55533 0.83163 0
    outer loop
      vertex 40.5 -41.0124 27.8
      vertex 40.6523 -40.9107 5.2
      vertex 40.5 -41.0124 5.2
    endloop
  endfacet
  facet normal -0.751493 0.659741 0
    outer loop
      vertex 40.7899 -40.7899 5.2
      vertex 40.9107 -40.6523 27.8
      vertex 40.9107 -40.6523 5.2
    endloop
  endfacet
  facet normal -0.751493 0.659741 0
    outer loop
      vertex 40.9107 -40.6523 27.8
      vertex 40.7899 -40.7899 5.2
      vertex 40.7899 -40.7899 27.8
    endloop
  endfacet
  facet normal -0.896817 0.442401 0
    outer loop
      vertex 41.0124 -40.5 5.2
      vertex 41.0934 -40.3358 27.8
      vertex 41.0934 -40.3358 5.2
    endloop
  endfacet
  facet normal -0.896817 0.442401 0
    outer loop
      vertex 41.0934 -40.3358 27.8
      vertex 41.0124 -40.5 5.2
      vertex 41.0124 -40.5 27.8
    endloop
  endfacet
  facet normal 0.659741 0.751493 -0
    outer loop
      vertex 38.9477 -40.9107 5.2
      vertex 38.8101 -40.7899 27.8
      vertex 38.9477 -40.9107 27.8
    endloop
  endfacet
  facet normal 0.659741 0.751493 0
    outer loop
      vertex 38.8101 -40.7899 27.8
      vertex 38.9477 -40.9107 5.2
      vertex 38.8101 -40.7899 5.2
    endloop
  endfacet
  facet normal 0.442401 0.896817 -0
    outer loop
      vertex 39.2642 -41.0934 5.2
      vertex 39.1 -41.0124 27.8
      vertex 39.2642 -41.0934 27.8
    endloop
  endfacet
  facet normal 0.442401 0.896817 0
    outer loop
      vertex 39.1 -41.0124 27.8
      vertex 39.2642 -41.0934 5.2
      vertex 39.1 -41.0124 5.2
    endloop
  endfacet
  facet normal 0.194961 0.980811 -0
    outer loop
      vertex 39.6173 -41.188 5.2
      vertex 39.4377 -41.1523 27.8
      vertex 39.6173 -41.188 27.8
    endloop
  endfacet
  facet normal 0.194961 0.980811 0
    outer loop
      vertex 39.4377 -41.1523 27.8
      vertex 39.6173 -41.188 5.2
      vertex 39.4377 -41.1523 5.2
    endloop
  endfacet
  facet normal 0.83163 0.55533 0
    outer loop
      vertex 38.6893 -40.6523 27.8
      vertex 38.5876 -40.5 5.2
      vertex 38.5876 -40.5 27.8
    endloop
  endfacet
  facet normal 0.83163 0.55533 0
    outer loop
      vertex 38.5876 -40.5 5.2
      vertex 38.6893 -40.6523 27.8
      vertex 38.6893 -40.6523 5.2
    endloop
  endfacet
  facet normal 0.946922 0.321462 0
    outer loop
      vertex 38.5066 -40.3358 27.8
      vertex 38.4477 -40.1623 5.2
      vertex 38.4477 -40.1623 27.8
    endloop
  endfacet
  facet normal 0.946922 0.321462 0
    outer loop
      vertex 38.4477 -40.1623 5.2
      vertex 38.5066 -40.3358 27.8
      vertex 38.5066 -40.3358 5.2
    endloop
  endfacet
  facet normal 0.99785 0.0655402 0
    outer loop
      vertex 38.412 -39.9827 27.8
      vertex 38.4 -39.8 5.2
      vertex 38.4 -39.8 27.8
    endloop
  endfacet
  facet normal 0.99785 0.0655402 0
    outer loop
      vertex 38.4 -39.8 5.2
      vertex 38.412 -39.9827 27.8
      vertex 38.412 -39.9827 5.2
    endloop
  endfacet
  facet normal -0.194961 0.980811 0
    outer loop
      vertex 40.1623 -41.1523 5.2
      vertex 39.9827 -41.188 27.8
      vertex 40.1623 -41.1523 27.8
    endloop
  endfacet
  facet normal -0.194961 0.980811 0
    outer loop
      vertex 39.9827 -41.188 27.8
      vertex 40.1623 -41.1523 5.2
      vertex 39.9827 -41.188 5.2
    endloop
  endfacet
  facet normal -0.659741 0.751493 0
    outer loop
      vertex 40.7899 -40.7899 5.2
      vertex 40.6523 -40.9107 27.8
      vertex 40.7899 -40.7899 27.8
    endloop
  endfacet
  facet normal -0.659741 0.751493 0
    outer loop
      vertex 40.6523 -40.9107 27.8
      vertex 40.7899 -40.7899 5.2
      vertex 40.6523 -40.9107 5.2
    endloop
  endfacet
  facet normal -0.83163 0.55533 0
    outer loop
      vertex 40.9107 -40.6523 5.2
      vertex 41.0124 -40.5 27.8
      vertex 41.0124 -40.5 5.2
    endloop
  endfacet
  facet normal -0.83163 0.55533 0
    outer loop
      vertex 41.0124 -40.5 27.8
      vertex 40.9107 -40.6523 5.2
      vertex 40.9107 -40.6523 27.8
    endloop
  endfacet
  facet normal 0.55533 0.83163 -0
    outer loop
      vertex 39.1 -41.0124 5.2
      vertex 38.9477 -40.9107 27.8
      vertex 39.1 -41.0124 27.8
    endloop
  endfacet
  facet normal 0.55533 0.83163 0
    outer loop
      vertex 38.9477 -40.9107 27.8
      vertex 39.1 -41.0124 5.2
      vertex 38.9477 -40.9107 5.2
    endloop
  endfacet
  facet normal 0.751493 0.659741 0
    outer loop
      vertex 38.8101 -40.7899 27.8
      vertex 38.6893 -40.6523 5.2
      vertex 38.6893 -40.6523 27.8
    endloop
  endfacet
  facet normal 0.751493 0.659741 0
    outer loop
      vertex 38.6893 -40.6523 5.2
      vertex 38.8101 -40.7899 27.8
      vertex 38.8101 -40.7899 5.2
    endloop
  endfacet
  facet normal 0.980811 0.194961 0
    outer loop
      vertex 38.4477 -40.1623 27.8
      vertex 38.412 -39.9827 5.2
      vertex 38.412 -39.9827 27.8
    endloop
  endfacet
  facet normal 0.980811 0.194961 0
    outer loop
      vertex 38.412 -39.9827 5.2
      vertex 38.4477 -40.1623 27.8
      vertex 38.4477 -40.1623 5.2
    endloop
  endfacet
  facet normal -0.997863 0.0653379 0
    outer loop
      vertex 37.05 39.8 4.2
      vertex 37.0735 40.1589 27.8
      vertex 37.0735 40.1589 4.2
    endloop
  endfacet
  facet normal -0.997863 0.0653379 0
    outer loop
      vertex 37.0735 40.1589 27.8
      vertex 37.05 39.8 4.2
      vertex 37.05 39.8 27.8
    endloop
  endfacet
  facet normal -0.0653379 -0.997863 0
    outer loop
      vertex 39.4411 37.0735 4.2
      vertex 39.8 37.05 27.8
      vertex 39.4411 37.0735 27.8
    endloop
  endfacet
  facet normal -0.0653379 -0.997863 -0
    outer loop
      vertex 39.8 37.05 27.8
      vertex 39.4411 37.0735 4.2
      vertex 39.8 37.05 4.2
    endloop
  endfacet
  facet normal -0.751749 -0.659449 0
    outer loop
      vertex 37.8555 37.8555 4.2
      vertex 37.6183 38.1259 27.8
      vertex 37.6183 38.1259 4.2
    endloop
  endfacet
  facet normal -0.751749 -0.659449 0
    outer loop
      vertex 37.6183 38.1259 27.8
      vertex 37.8555 37.8555 4.2
      vertex 37.8555 37.8555 27.8
    endloop
  endfacet
  facet normal 0.751749 0.659449 0
    outer loop
      vertex 41.9817 41.4741 27.8
      vertex 41.7445 41.7445 4.2
      vertex 41.7445 41.7445 27.8
    endloop
  endfacet
  facet normal 0.751749 0.659449 0
    outer loop
      vertex 41.7445 41.7445 4.2
      vertex 41.9817 41.4741 27.8
      vertex 41.9817 41.4741 4.2
    endloop
  endfacet
  facet normal -0.659449 0.751749 0
    outer loop
      vertex 38.1259 41.9817 4.2
      vertex 37.8555 41.7445 27.8
      vertex 38.1259 41.9817 27.8
    endloop
  endfacet
  facet normal -0.659449 0.751749 0
    outer loop
      vertex 37.8555 41.7445 27.8
      vertex 38.1259 41.9817 4.2
      vertex 37.8555 41.7445 4.2
    endloop
  endfacet
  facet normal -0.321394 0.946945 0
    outer loop
      vertex 39.0882 42.4563 4.2
      vertex 38.7476 42.3407 27.8
      vertex 39.0882 42.4563 27.8
    endloop
  endfacet
  facet normal -0.321394 0.946945 0
    outer loop
      vertex 38.7476 42.3407 27.8
      vertex 39.0882 42.4563 4.2
      vertex 38.7476 42.3407 4.2
    endloop
  endfacet
  facet normal 0.946945 0.321394 0
    outer loop
      vertex 42.4563 40.5118 27.8
      vertex 42.3407 40.8524 4.2
      vertex 42.3407 40.8524 27.8
    endloop
  endfacet
  facet normal 0.946945 0.321394 0
    outer loop
      vertex 42.3407 40.8524 4.2
      vertex 42.4563 40.5118 27.8
      vertex 42.4563 40.5118 4.2
    endloop
  endfacet
  facet normal 0.980803 0.195 0
    outer loop
      vertex 42.5 40.292 27.8
      vertex 42.4563 40.5118 4.2
      vertex 42.4563 40.5118 27.8
    endloop
  endfacet
  facet normal 0.980803 0.195 0
    outer loop
      vertex 42.4563 40.5118 4.2
      vertex 42.5 40.292 27.8
      vertex 42.5 40.292 4.2
    endloop
  endfacet
  facet normal 0 0 -1
    outer loop
      vertex 42.5265 40.1589 27.8
      vertex 42.5 40.292 27.8
      vertex 42.4563 40.5118 27.8
    endloop
  endfacet
  facet normal 0.89686 0.442314 0
    outer loop
      vertex 42.3407 40.8524 27.8
      vertex 42.1816 41.175 4.2
      vertex 42.1816 41.175 27.8
    endloop
  endfacet
  facet normal 0.89686 0.442314 0
    outer loop
      vertex 42.1816 41.175 4.2
      vertex 42.3407 40.8524 27.8
      vertex 42.3407 40.8524 4.2
    endloop
  endfacet
  facet normal 0.442314 0.89686 -0
    outer loop
      vertex 41.175 42.1816 4.2
      vertex 40.8524 42.3407 27.8
      vertex 41.175 42.1816 27.8
    endloop
  endfacet
  facet normal 0.442314 0.89686 0
    outer loop
      vertex 40.8524 42.3407 27.8
      vertex 41.175 42.1816 4.2
      vertex 40.8524 42.3407 4.2
    endloop
  endfacet
  facet normal 0.321394 0.946945 -0
    outer loop
      vertex 40.8524 42.3407 4.2
      vertex 40.5118 42.4563 27.8
      vertex 40.8524 42.3407 27.8
    endloop
  endfacet
  facet normal 0.321394 0.946945 0
    outer loop
      vertex 40.5118 42.4563 27.8
      vertex 40.8524 42.3407 4.2
      vertex 40.5118 42.4563 4.2
    endloop
  endfacet
  facet normal 0.555662 0.831408 -0
    outer loop
      vertex 41.4741 41.9817 4.2
      vertex 41.175 42.1816 27.8
      vertex 41.4741 41.9817 27.8
    endloop
  endfacet
  facet normal 0.555662 0.831408 0
    outer loop
      vertex 41.175 42.1816 27.8
      vertex 41.4741 41.9817 4.2
      vertex 41.175 42.1816 4.2
    endloop
  endfacet
  facet normal -0.89686 0.442314 0
    outer loop
      vertex 37.2593 40.8524 4.2
      vertex 37.4184 41.175 27.8
      vertex 37.4184 41.175 4.2
    endloop
  endfacet
  facet normal -0.89686 0.442314 0
    outer loop
      vertex 37.4184 41.175 27.8
      vertex 37.2593 40.8524 4.2
      vertex 37.2593 40.8524 27.8
    endloop
  endfacet
  facet normal -0.946945 0.321394 0
    outer loop
      vertex 37.1437 40.5118 4.2
      vertex 37.2593 40.8524 27.8
      vertex 37.2593 40.8524 4.2
    endloop
  endfacet
  facet normal -0.946945 0.321394 0
    outer loop
      vertex 37.2593 40.8524 27.8
      vertex 37.1437 40.5118 4.2
      vertex 37.1437 40.5118 27.8
    endloop
  endfacet
  facet normal -0.442314 0.89686 0
    outer loop
      vertex 38.7476 42.3407 4.2
      vertex 38.425 42.1816 27.8
      vertex 38.7476 42.3407 27.8
    endloop
  endfacet
  facet normal -0.442314 0.89686 0
    outer loop
      vertex 38.425 42.1816 27.8
      vertex 38.7476 42.3407 4.2
      vertex 38.425 42.1816 4.2
    endloop
  endfacet
  facet normal -0.195 0.980803 0
    outer loop
      vertex 39.308 42.5 4.2
      vertex 39.0882 42.4563 27.8
      vertex 39.308 42.5 27.8
    endloop
  endfacet
  facet normal -0.195 0.980803 0
    outer loop
      vertex 39.0882 42.4563 27.8
      vertex 39.308 42.5 4.2
      vertex 39.0882 42.4563 4.2
    endloop
  endfacet
  facet normal -0 0 -1
    outer loop
      vertex 39.308 42.5 27.8
      vertex 39.0882 42.4563 27.8
      vertex 39.4411 42.5265 27.8
    endloop
  endfacet
  facet normal 0.442314 -0.89686 0
    outer loop
      vertex 40.8524 37.2593 4.2
      vertex 41.175 37.4184 27.8
      vertex 40.8524 37.2593 27.8
    endloop
  endfacet
  facet normal 0.442314 -0.89686 0
    outer loop
      vertex 41.175 37.4184 27.8
      vertex 40.8524 37.2593 4.2
      vertex 41.175 37.4184 4.2
    endloop
  endfacet
  facet normal 0.980803 -0.195 0
    outer loop
      vertex 42.4563 39.0882 27.8
      vertex 42.5 39.308 4.2
      vertex 42.5 39.308 27.8
    endloop
  endfacet
  facet normal 0.980803 -0.195 0
    outer loop
      vertex 42.5 39.308 4.2
      vertex 42.4563 39.0882 27.8
      vertex 42.4563 39.0882 4.2
    endloop
  endfacet
  facet normal 0 0 -1
    outer loop
      vertex 42.4563 39.0882 27.8
      vertex 42.5 39.308 27.8
      vertex 42.5265 39.4411 27.8
    endloop
  endfacet
  facet normal -0.321394 -0.946945 0
    outer loop
      vertex 38.7476 37.2593 4.2
      vertex 39.0882 37.1437 27.8
      vertex 38.7476 37.2593 27.8
    endloop
  endfacet
  facet normal -0.321394 -0.946945 -0
    outer loop
      vertex 39.0882 37.1437 27.8
      vertex 38.7476 37.2593 4.2
      vertex 39.0882 37.1437 4.2
    endloop
  endfacet
  facet normal -0.89686 -0.442314 0
    outer loop
      vertex 37.4184 38.425 4.2
      vertex 37.2593 38.7476 27.8
      vertex 37.2593 38.7476 4.2
    endloop
  endfacet
  facet normal -0.89686 -0.442314 0
    outer loop
      vertex 37.2593 38.7476 27.8
      vertex 37.4184 38.425 4.2
      vertex 37.4184 38.425 27.8
    endloop
  endfacet
  facet normal 0 0 -1
    outer loop
      vertex 42.3407 38.7476 4.2
      vertex 42.5 39.308 4.2
      vertex 42.4563 39.0882 4.2
    endloop
  endfacet
  facet normal 0 0 -1
    outer loop
      vertex 42.1816 38.425 4.2
      vertex 42.5 39.308 4.2
      vertex 42.3407 38.7476 4.2
    endloop
  endfacet
  facet normal -0 0 -1
    outer loop
      vertex 42.5 39.308 4.2
      vertex 42.1816 38.425 4.2
      vertex 42.5 40.292 4.2
    endloop
  endfacet
  facet normal 0 0 -1
    outer loop
      vertex 42.5 40.292 4.2
      vertex 42.3407 40.8524 4.2
      vertex 42.4563 40.5118 4.2
    endloop
  endfacet
  facet normal 0 0 -1
    outer loop
      vertex 42.1816 41.175 4.2
      vertex 42.5 40.292 4.2
      vertex 42.1816 38.425 4.2
    endloop
  endfacet
  facet normal 0 0 -1
    outer loop
      vertex 42.5 40.292 4.2
      vertex 42.1816 41.175 4.2
      vertex 42.3407 40.8524 4.2
    endloop
  endfacet
  facet normal 0 0 -1
    outer loop
      vertex 41.9817 38.1259 4.2
      vertex 42.1816 41.175 4.2
      vertex 42.1816 38.425 4.2
    endloop
  endfacet
  facet normal 0 0 -1
    outer loop
      vertex 41.9817 38.1259 4.2
      vertex 41.9817 41.4741 4.2
      vertex 42.1816 41.175 4.2
    endloop
  endfacet
  facet normal 0 0 -1
    outer loop
      vertex 41.7445 37.8555 4.2
      vertex 41.9817 41.4741 4.2
      vertex 41.9817 38.1259 4.2
    endloop
  endfacet
  facet normal 0 0 -1
    outer loop
      vertex 41.7445 37.8555 4.2
      vertex 41.7445 41.7445 4.2
      vertex 41.9817 41.4741 4.2
    endloop
  endfacet
  facet normal 0 0 -1
    outer loop
      vertex 41.4741 37.6183 4.2
      vertex 41.7445 41.7445 4.2
      vertex 41.7445 37.8555 4.2
    endloop
  endfacet
  facet normal 0 0 -1
    outer loop
      vertex 41.4741 37.6183 4.2
      vertex 41.4741 41.9817 4.2
      vertex 41.7445 41.7445 4.2
    endloop
  endfacet
  facet normal 0 0 -1
    outer loop
      vertex 41.175 37.4184 4.2
      vertex 41.4741 41.9817 4.2
      vertex 41.4741 37.6183 4.2
    endloop
  endfacet
  facet normal 0 0 -1
    outer loop
      vertex 41.175 37.4184 4.2
      vertex 41.175 42.1816 4.2
      vertex 41.4741 41.9817 4.2
    endloop
  endfacet
  facet normal 0 0 -1
    outer loop
      vertex 40.8524 37.2593 4.2
      vertex 41.175 42.1816 4.2
      vertex 41.175 37.4184 4.2
    endloop
  endfacet
  facet normal 0 0 -1
    outer loop
      vertex 40.8524 37.2593 4.2
      vertex 40.8524 42.3407 4.2
      vertex 41.175 42.1816 4.2
    endloop
  endfacet
  facet normal 0 0 -1
    outer loop
      vertex 40.5118 37.1437 4.2
      vertex 40.8524 42.3407 4.2
      vertex 40.8524 37.2593 4.2
    endloop
  endfacet
  facet normal 0 0 -1
    outer loop
      vertex 40.292 42.5 4.2
      vertex 40.8524 42.3407 4.2
      vertex 40.5118 37.1437 4.2
    endloop
  endfacet
  facet normal 0 0 -1
    outer loop
      vertex 40.8524 42.3407 4.2
      vertex 40.292 42.5 4.2
      vertex 40.5118 42.4563 4.2
    endloop
  endfacet
  facet normal 0 0 -1
    outer loop
      vertex 40.1589 37.0735 4.2
      vertex 40.292 42.5 4.2
      vertex 40.5118 37.1437 4.2
    endloop
  endfacet
  facet normal 0 0 -1
    outer loop
      vertex 39.8 37.05 4.2
      vertex 40.292 42.5 4.2
      vertex 40.1589 37.0735 4.2
    endloop
  endfacet
  facet normal 0 0 -1
    outer loop
      vertex 39.4411 37.0735 4.2
      vertex 40.292 42.5 4.2
      vertex 39.8 37.05 4.2
    endloop
  endfacet
  facet normal 0 0 -1
    outer loop
      vertex 39.4411 37.0735 4.2
      vertex 39.308 42.5 4.2
      vertex 40.292 42.5 4.2
    endloop
  endfacet
  facet normal 0 0 -1
    outer loop
      vertex 39.0882 37.1437 4.2
      vertex 39.308 42.5 4.2
      vertex 39.4411 37.0735 4.2
    endloop
  endfacet
  facet normal 0 0 -1
    outer loop
      vertex 38.7476 37.2593 4.2
      vertex 39.308 42.5 4.2
      vertex 39.0882 37.1437 4.2
    endloop
  endfacet
  facet normal 0 0 -1
    outer loop
      vertex 38.7476 42.3407 4.2
      vertex 39.308 42.5 4.2
      vertex 38.7476 37.2593 4.2
    endloop
  endfacet
  facet normal 0 0 -1
    outer loop
      vertex 39.308 42.5 4.2
      vertex 38.7476 42.3407 4.2
      vertex 39.0882 42.4563 4.2
    endloop
  endfacet
  facet normal 0 0 -1
    outer loop
      vertex 38.425 37.4184 4.2
      vertex 38.7476 42.3407 4.2
      vertex 38.7476 37.2593 4.2
    endloop
  endfacet
  facet normal 0 0 -1
    outer loop
      vertex 38.425 37.4184 4.2
      vertex 38.425 42.1816 4.2
      vertex 38.7476 42.3407 4.2
    endloop
  endfacet
  facet normal 0 0 -1
    outer loop
      vertex 38.1259 37.6183 4.2
      vertex 38.425 42.1816 4.2
      vertex 38.425 37.4184 4.2
    endloop
  endfacet
  facet normal 0 0 -1
    outer loop
      vertex 38.1259 37.6183 4.2
      vertex 38.1259 41.9817 4.2
      vertex 38.425 42.1816 4.2
    endloop
  endfacet
  facet normal 0 0 -1
    outer loop
      vertex 37.8555 37.8555 4.2
      vertex 38.1259 41.9817 4.2
      vertex 38.1259 37.6183 4.2
    endloop
  endfacet
  facet normal 0 0 -1
    outer loop
      vertex 37.8555 37.8555 4.2
      vertex 37.8555 41.7445 4.2
      vertex 38.1259 41.9817 4.2
    endloop
  endfacet
  facet normal 0 0 -1
    outer loop
      vertex 37.6183 38.1259 4.2
      vertex 37.8555 41.7445 4.2
      vertex 37.8555 37.8555 4.2
    endloop
  endfacet
  facet normal 0 0 -1
    outer loop
      vertex 37.6183 38.1259 4.2
      vertex 37.6183 41.4741 4.2
      vertex 37.8555 41.7445 4.2
    endloop
  endfacet
  facet normal 0 0 -1
    outer loop
      vertex 37.4184 38.425 4.2
      vertex 37.6183 41.4741 4.2
      vertex 37.6183 38.1259 4.2
    endloop
  endfacet
  facet normal 0 0 -1
    outer loop
      vertex 37.4184 38.425 4.2
      vertex 37.4184 41.175 4.2
      vertex 37.6183 41.4741 4.2
    endloop
  endfacet
  facet normal 0 0 -1
    outer loop
      vertex 37.2593 38.7476 4.2
      vertex 37.4184 41.175 4.2
      vertex 37.4184 38.425 4.2
    endloop
  endfacet
  facet normal 0 0 -1
    outer loop
      vertex 37.2593 38.7476 4.2
      vertex 37.2593 40.8524 4.2
      vertex 37.4184 41.175 4.2
    endloop
  endfacet
  facet normal 0 0 -1
    outer loop
      vertex 37.1437 39.0882 4.2
      vertex 37.2593 40.8524 4.2
      vertex 37.2593 38.7476 4.2
    endloop
  endfacet
  facet normal 0 0 -1
    outer loop
      vertex 37.1437 39.0882 4.2
      vertex 37.1437 40.5118 4.2
      vertex 37.2593 40.8524 4.2
    endloop
  endfacet
  facet normal 0 0 -1
    outer loop
      vertex 37.0735 39.4411 4.2
      vertex 37.1437 40.5118 4.2
      vertex 37.1437 39.0882 4.2
    endloop
  endfacet
  facet normal 0 0 -1
    outer loop
      vertex 37.0735 39.4411 4.2
      vertex 37.0735 40.1589 4.2
      vertex 37.1437 40.5118 4.2
    endloop
  endfacet
  facet normal 0 -0 -1
    outer loop
      vertex 37.0735 40.1589 4.2
      vertex 37.0735 39.4411 4.2
      vertex 37.05 39.8 4.2
    endloop
  endfacet
  facet normal 0.831408 0.555662 0
    outer loop
      vertex 42.1816 41.175 27.8
      vertex 41.9817 41.4741 4.2
      vertex 41.9817 41.4741 27.8
    endloop
  endfacet
  facet normal 0.831408 0.555662 0
    outer loop
      vertex 41.9817 41.4741 4.2
      vertex 42.1816 41.175 27.8
      vertex 42.1816 41.175 4.2
    endloop
  endfacet
  facet normal 0.195 0.980803 -0
    outer loop
      vertex 40.5118 42.4563 4.2
      vertex 40.292 42.5 27.8
      vertex 40.5118 42.4563 27.8
    endloop
  endfacet
  facet normal 0.195 0.980803 0
    outer loop
      vertex 40.292 42.5 27.8
      vertex 40.5118 42.4563 4.2
      vertex 40.292 42.5 4.2
    endloop
  endfacet
  facet normal 0 0 -1
    outer loop
      vertex 40.5118 42.4563 27.8
      vertex 40.292 42.5 27.8
      vertex 40.1589 42.5265 27.8
    endloop
  endfacet
  facet normal 0.659449 0.751749 -0
    outer loop
      vertex 41.7445 41.7445 4.2
      vertex 41.4741 41.9817 27.8
      vertex 41.7445 41.7445 27.8
    endloop
  endfacet
  facet normal 0.659449 0.751749 0
    outer loop
      vertex 41.4741 41.9817 27.8
      vertex 41.7445 41.7445 4.2
      vertex 41.4741 41.9817 4.2
    endloop
  endfacet
  facet normal -0.831408 0.555662 0
    outer loop
      vertex 37.4184 41.175 4.2
      vertex 37.6183 41.4741 27.8
      vertex 37.6183 41.4741 4.2
    endloop
  endfacet
  facet normal -0.831408 0.555662 0
    outer loop
      vertex 37.6183 41.4741 27.8
      vertex 37.4184 41.175 4.2
      vertex 37.4184 41.175 27.8
    endloop
  endfacet
  facet normal -0.751749 0.659449 0
    outer loop
      vertex 37.6183 41.4741 4.2
      vertex 37.8555 41.7445 27.8
      vertex 37.8555 41.7445 4.2
    endloop
  endfacet
  facet normal -0.751749 0.659449 0
    outer loop
      vertex 37.8555 41.7445 27.8
      vertex 37.6183 41.4741 4.2
      vertex 37.6183 41.4741 27.8
    endloop
  endfacet
  facet normal -0.980783 0.195101 0
    outer loop
      vertex 37.0735 40.1589 4.2
      vertex 37.1437 40.5118 27.8
      vertex 37.1437 40.5118 4.2
    endloop
  endfacet
  facet normal -0.980783 0.195101 0
    outer loop
      vertex 37.1437 40.5118 27.8
      vertex 37.0735 40.1589 4.2
      vertex 37.0735 40.1589 27.8
    endloop
  endfacet
  facet normal 0 0 1
    outer loop
      vertex 41.2 39.8 27.8
      vertex 42.55 39.8 27.8
      vertex 42.5265 40.1589 27.8
    endloop
  endfacet
  facet normal 0 0 1
    outer loop
      vertex 41.188 39.9827 27.8
      vertex 42.5265 40.1589 27.8
      vertex 42.4563 40.5118 27.8
    endloop
  endfacet
  facet normal 0 0 1
    outer loop
      vertex 42.55 39.8 27.8
      vertex 41.2 39.8 27.8
      vertex 42.5265 39.4411 27.8
    endloop
  endfacet
  facet normal 0 0 1
    outer loop
      vertex 41.1523 40.1623 27.8
      vertex 42.4563 40.5118 27.8
      vertex 42.3407 40.8524 27.8
    endloop
  endfacet
  facet normal -0 0 1
    outer loop
      vertex 41.188 39.6173 27.8
      vertex 42.5265 39.4411 27.8
      vertex 41.2 39.8 27.8
    endloop
  endfacet
  facet normal 0 0 1
    outer loop
      vertex 41.0934 40.3358 27.8
      vertex 42.3407 40.8524 27.8
      vertex 42.1816 41.175 27.8
    endloop
  endfacet
  facet normal 0 0 1
    outer loop
      vertex 42.5265 39.4411 27.8
      vertex 41.188 39.6173 27.8
      vertex 42.4563 39.0882 27.8
    endloop
  endfacet
  facet normal 0 0 1
    outer loop
      vertex 41.0124 40.5 27.8
      vertex 42.1816 41.175 27.8
      vertex 41.9817 41.4741 27.8
    endloop
  endfacet
  facet normal -0 0 1
    outer loop
      vertex 41.1523 39.4377 27.8
      vertex 42.4563 39.0882 27.8
      vertex 41.188 39.6173 27.8
    endloop
  endfacet
  facet normal 0 0 1
    outer loop
      vertex 40.9107 40.6523 27.8
      vertex 41.9817 41.4741 27.8
      vertex 41.7445 41.7445 27.8
    endloop
  endfacet
  facet normal 0 0 1
    outer loop
      vertex 42.4563 39.0882 27.8
      vertex 41.1523 39.4377 27.8
      vertex 42.3407 38.7476 27.8
    endloop
  endfacet
  facet normal 0 0 1
    outer loop
      vertex 40.7899 40.7899 27.8
      vertex 41.7445 41.7445 27.8
      vertex 41.4741 41.9817 27.8
    endloop
  endfacet
  facet normal -0 0 1
    outer loop
      vertex 41.0934 39.2642 27.8
      vertex 42.3407 38.7476 27.8
      vertex 41.1523 39.4377 27.8
    endloop
  endfacet
  facet normal 0 0 1
    outer loop
      vertex 42.3407 38.7476 27.8
      vertex 41.0934 39.2642 27.8
      vertex 42.1816 38.425 27.8
    endloop
  endfacet
  facet normal 0 0 1
    outer loop
      vertex 42.5265 40.1589 27.8
      vertex 41.188 39.9827 27.8
      vertex 41.2 39.8 27.8
    endloop
  endfacet
  facet normal 0 0 1
    outer loop
      vertex 40.6523 40.9107 27.8
      vertex 41.4741 41.9817 27.8
      vertex 41.175 42.1816 27.8
    endloop
  endfacet
  facet normal 0 0 1
    outer loop
      vertex 42.4563 40.5118 27.8
      vertex 41.1523 40.1623 27.8
      vertex 41.188 39.9827 27.8
    endloop
  endfacet
  facet normal 0 0 1
    outer loop
      vertex 42.3407 40.8524 27.8
      vertex 41.0934 40.3358 27.8
      vertex 41.1523 40.1623 27.8
    endloop
  endfacet
  facet normal 0 0 1
    outer loop
      vertex 42.1816 41.175 27.8
      vertex 41.0124 40.5 27.8
      vertex 41.0934 40.3358 27.8
    endloop
  endfacet
  facet normal 0 0 1
    outer loop
      vertex 41.9817 41.4741 27.8
      vertex 40.9107 40.6523 27.8
      vertex 41.0124 40.5 27.8
    endloop
  endfacet
  facet normal 0 0 1
    outer loop
      vertex 40.5 41.0124 27.8
      vertex 41.175 42.1816 27.8
      vertex 40.8524 42.3407 27.8
    endloop
  endfacet
  facet normal 0 0 1
    outer loop
      vertex 41.7445 41.7445 27.8
      vertex 40.7899 40.7899 27.8
      vertex 40.9107 40.6523 27.8
    endloop
  endfacet
  facet normal 0 0 1
    outer loop
      vertex 41.4741 41.9817 27.8
      vertex 40.6523 40.9107 27.8
      vertex 40.7899 40.7899 27.8
    endloop
  endfacet
  facet normal 0 0 1
    outer loop
      vertex 40.3358 41.0934 27.8
      vertex 40.8524 42.3407 27.8
      vertex 40.5118 42.4563 27.8
    endloop
  endfacet
  facet normal 0 0 1
    outer loop
      vertex 41.175 42.1816 27.8
      vertex 40.5 41.0124 27.8
      vertex 40.6523 40.9107 27.8
    endloop
  endfacet
  facet normal 0 0 1
    outer loop
      vertex 40.8524 42.3407 27.8
      vertex 40.3358 41.0934 27.8
      vertex 40.5 41.0124 27.8
    endloop
  endfacet
  facet normal 0 0 1
    outer loop
      vertex 40.5118 42.4563 27.8
      vertex 40.1623 41.1523 27.8
      vertex 40.3358 41.0934 27.8
    endloop
  endfacet
  facet normal 0 0 1
    outer loop
      vertex 40.1589 42.5265 27.8
      vertex 40.1623 41.1523 27.8
      vertex 40.5118 42.4563 27.8
    endloop
  endfacet
  facet normal 0 0 1
    outer loop
      vertex 40.1589 42.5265 27.8
      vertex 39.9827 41.188 27.8
      vertex 40.1623 41.1523 27.8
    endloop
  endfacet
  facet normal 0 0 1
    outer loop
      vertex 39.8 42.55 27.8
      vertex 39.9827 41.188 27.8
      vertex 40.1589 42.5265 27.8
    endloop
  endfacet
  facet normal 0 0 1
    outer loop
      vertex 39.8 42.55 27.8
      vertex 39.8 41.2 27.8
      vertex 39.9827 41.188 27.8
    endloop
  endfacet
  facet normal 0 0 1
    outer loop
      vertex 39.8 42.55 27.8
      vertex 39.6173 41.188 27.8
      vertex 39.8 41.2 27.8
    endloop
  endfacet
  facet normal -0 0 1
    outer loop
      vertex 39.4411 42.5265 27.8
      vertex 39.6173 41.188 27.8
      vertex 39.8 42.55 27.8
    endloop
  endfacet
  facet normal 0 0 1
    outer loop
      vertex 39.4411 42.5265 27.8
      vertex 39.4377 41.1523 27.8
      vertex 39.6173 41.188 27.8
    endloop
  endfacet
  facet normal -0 0 1
    outer loop
      vertex 39.0882 42.4563 27.8
      vertex 39.4377 41.1523 27.8
      vertex 39.4411 42.5265 27.8
    endloop
  endfacet
  facet normal 0 0 1
    outer loop
      vertex 39.4377 41.1523 27.8
      vertex 39.0882 42.4563 27.8
      vertex 39.2642 41.0934 27.8
    endloop
  endfacet
  facet normal -0 0 1
    outer loop
      vertex 38.7476 42.3407 27.8
      vertex 39.2642 41.0934 27.8
      vertex 39.0882 42.4563 27.8
    endloop
  endfacet
  facet normal 0 0 1
    outer loop
      vertex 39.2642 41.0934 27.8
      vertex 38.7476 42.3407 27.8
      vertex 39.1 41.0124 27.8
    endloop
  endfacet
  facet normal -0 0 1
    outer loop
      vertex 38.425 42.1816 27.8
      vertex 39.1 41.0124 27.8
      vertex 38.7476 42.3407 27.8
    endloop
  endfacet
  facet normal 0 0 1
    outer loop
      vertex 39.1 41.0124 27.8
      vertex 38.425 42.1816 27.8
      vertex 38.9477 40.9107 27.8
    endloop
  endfacet
  facet normal -0 0 1
    outer loop
      vertex 38.1259 41.9817 27.8
      vertex 38.9477 40.9107 27.8
      vertex 38.425 42.1816 27.8
    endloop
  endfacet
  facet normal 0 0 1
    outer loop
      vertex 38.9477 40.9107 27.8
      vertex 38.1259 41.9817 27.8
      vertex 38.8101 40.7899 27.8
    endloop
  endfacet
  facet normal -0 0 1
    outer loop
      vertex 37.8555 41.7445 27.8
      vertex 38.8101 40.7899 27.8
      vertex 38.1259 41.9817 27.8
    endloop
  endfacet
  facet normal 0 0 1
    outer loop
      vertex 38.8101 40.7899 27.8
      vertex 37.8555 41.7445 27.8
      vertex 38.6893 40.6523 27.8
    endloop
  endfacet
  facet normal -0 0 1
    outer loop
      vertex 37.6183 41.4741 27.8
      vertex 38.6893 40.6523 27.8
      vertex 37.8555 41.7445 27.8
    endloop
  endfacet
  facet normal 0 0 1
    outer loop
      vertex 38.6893 40.6523 27.8
      vertex 37.6183 41.4741 27.8
      vertex 38.5876 40.5 27.8
    endloop
  endfacet
  facet normal -0 0 1
    outer loop
      vertex 37.4184 41.175 27.8
      vertex 38.5876 40.5 27.8
      vertex 37.6183 41.4741 27.8
    endloop
  endfacet
  facet normal 0 0 1
    outer loop
      vertex 38.5876 40.5 27.8
      vertex 37.4184 41.175 27.8
      vertex 38.5066 40.3358 27.8
    endloop
  endfacet
  facet normal -0 0 1
    outer loop
      vertex 41.0124 39.1 27.8
      vertex 42.1816 38.425 27.8
      vertex 41.0934 39.2642 27.8
    endloop
  endfacet
  facet normal 0 0 1
    outer loop
      vertex 42.1816 38.425 27.8
      vertex 41.0124 39.1 27.8
      vertex 41.9817 38.1259 27.8
    endloop
  endfacet
  facet normal -0 0 1
    outer loop
      vertex 40.9107 38.9477 27.8
      vertex 41.9817 38.1259 27.8
      vertex 41.0124 39.1 27.8
    endloop
  endfacet
  facet normal 0 0 1
    outer loop
      vertex 41.9817 38.1259 27.8
      vertex 40.9107 38.9477 27.8
      vertex 41.7445 37.8555 27.8
    endloop
  endfacet
  facet normal -0 0 1
    outer loop
      vertex 40.7899 38.8101 27.8
      vertex 41.7445 37.8555 27.8
      vertex 40.9107 38.9477 27.8
    endloop
  endfacet
  facet normal 0 0 1
    outer loop
      vertex 41.7445 37.8555 27.8
      vertex 40.7899 38.8101 27.8
      vertex 41.4741 37.6183 27.8
    endloop
  endfacet
  facet normal -0 0 1
    outer loop
      vertex 40.6523 38.6893 27.8
      vertex 41.4741 37.6183 27.8
      vertex 40.7899 38.8101 27.8
    endloop
  endfacet
  facet normal 0 0 1
    outer loop
      vertex 41.4741 37.6183 27.8
      vertex 40.6523 38.6893 27.8
      vertex 41.175 37.4184 27.8
    endloop
  endfacet
  facet normal -0 0 1
    outer loop
      vertex 40.5 38.5876 27.8
      vertex 41.175 37.4184 27.8
      vertex 40.6523 38.6893 27.8
    endloop
  endfacet
  facet normal 0 0 1
    outer loop
      vertex 41.175 37.4184 27.8
      vertex 40.5 38.5876 27.8
      vertex 40.8524 37.2593 27.8
    endloop
  endfacet
  facet normal -0 0 1
    outer loop
      vertex 40.3358 38.5066 27.8
      vertex 40.8524 37.2593 27.8
      vertex 40.5 38.5876 27.8
    endloop
  endfacet
  facet normal 0 0 1
    outer loop
      vertex 40.8524 37.2593 27.8
      vertex 40.3358 38.5066 27.8
      vertex 40.5118 37.1437 27.8
    endloop
  endfacet
  facet normal -0 0 1
    outer loop
      vertex 40.1623 38.4477 27.8
      vertex 40.5118 37.1437 27.8
      vertex 40.3358 38.5066 27.8
    endloop
  endfacet
  facet normal 0 0 1
    outer loop
      vertex 40.1623 38.4477 27.8
      vertex 40.1589 37.0735 27.8
      vertex 40.5118 37.1437 27.8
    endloop
  endfacet
  facet normal -0 0 1
    outer loop
      vertex 39.9827 38.412 27.8
      vertex 40.1589 37.0735 27.8
      vertex 40.1623 38.4477 27.8
    endloop
  endfacet
  facet normal -0 0 1
    outer loop
      vertex 39.8 38.4 27.8
      vertex 40.1589 37.0735 27.8
      vertex 39.9827 38.412 27.8
    endloop
  endfacet
  facet normal 0 0 1
    outer loop
      vertex 39.8 38.4 27.8
      vertex 39.8 37.05 27.8
      vertex 40.1589 37.0735 27.8
    endloop
  endfacet
  facet normal 0 0 1
    outer loop
      vertex 39.6173 38.412 27.8
      vertex 39.8 37.05 27.8
      vertex 39.8 38.4 27.8
    endloop
  endfacet
  facet normal 0 0 1
    outer loop
      vertex 39.6173 38.412 27.8
      vertex 39.4411 37.0735 27.8
      vertex 39.8 37.05 27.8
    endloop
  endfacet
  facet normal 0 0 1
    outer loop
      vertex 39.4377 38.4477 27.8
      vertex 39.4411 37.0735 27.8
      vertex 39.6173 38.412 27.8
    endloop
  endfacet
  facet normal 0 0 1
    outer loop
      vertex 39.0882 37.1437 27.8
      vertex 39.4377 38.4477 27.8
      vertex 39.2642 38.5066 27.8
    endloop
  endfacet
  facet normal 0 0 1
    outer loop
      vertex 38.7476 37.2593 27.8
      vertex 39.2642 38.5066 27.8
      vertex 39.1 38.5876 27.8
    endloop
  endfacet
  facet normal 0 0 1
    outer loop
      vertex 39.4377 38.4477 27.8
      vertex 39.0882 37.1437 27.8
      vertex 39.4411 37.0735 27.8
    endloop
  endfacet
  facet normal 0 0 1
    outer loop
      vertex 38.425 37.4184 27.8
      vertex 39.1 38.5876 27.8
      vertex 38.9477 38.6893 27.8
    endloop
  endfacet
  facet normal 0 0 1
    outer loop
      vertex 38.1259 37.6183 27.8
      vertex 38.9477 38.6893 27.8
      vertex 38.8101 38.8101 27.8
    endloop
  endfacet
  facet normal 0 0 1
    outer loop
      vertex 39.2642 38.5066 27.8
      vertex 38.7476 37.2593 27.8
      vertex 39.0882 37.1437 27.8
    endloop
  endfacet
  facet normal 0 0 1
    outer loop
      vertex 37.8555 37.8555 27.8
      vertex 38.8101 38.8101 27.8
      vertex 38.6893 38.9477 27.8
    endloop
  endfacet
  facet normal 0 0 1
    outer loop
      vertex 37.6183 38.1259 27.8
      vertex 38.6893 38.9477 27.8
      vertex 38.5876 39.1 27.8
    endloop
  endfacet
  facet normal 0 0 1
    outer loop
      vertex 37.4184 38.425 27.8
      vertex 38.5876 39.1 27.8
      vertex 38.5066 39.2642 27.8
    endloop
  endfacet
  facet normal 0 0 1
    outer loop
      vertex 37.2593 38.7476 27.8
      vertex 38.5066 39.2642 27.8
      vertex 38.4477 39.4377 27.8
    endloop
  endfacet
  facet normal 0 0 1
    outer loop
      vertex 39.1 38.5876 27.8
      vertex 38.425 37.4184 27.8
      vertex 38.7476 37.2593 27.8
    endloop
  endfacet
  facet normal 0 0 1
    outer loop
      vertex 37.1437 39.0882 27.8
      vertex 38.4477 39.4377 27.8
      vertex 38.412 39.6173 27.8
    endloop
  endfacet
  facet normal 0 0 1
    outer loop
      vertex 37.0735 39.4411 27.8
      vertex 38.412 39.6173 27.8
      vertex 38.4 39.8 27.8
    endloop
  endfacet
  facet normal -0 0 1
    outer loop
      vertex 37.2593 40.8524 27.8
      vertex 38.5066 40.3358 27.8
      vertex 37.4184 41.175 27.8
    endloop
  endfacet
  facet normal 0 0 1
    outer loop
      vertex 38.9477 38.6893 27.8
      vertex 38.1259 37.6183 27.8
      vertex 38.425 37.4184 27.8
    endloop
  endfacet
  facet normal 0 0 1
    outer loop
      vertex 38.5066 40.3358 27.8
      vertex 37.2593 40.8524 27.8
      vertex 38.4477 40.1623 27.8
    endloop
  endfacet
  facet normal 0 0 1
    outer loop
      vertex 38.8101 38.8101 27.8
      vertex 37.8555 37.8555 27.8
      vertex 38.1259 37.6183 27.8
    endloop
  endfacet
  facet normal -0 0 1
    outer loop
      vertex 37.1437 40.5118 27.8
      vertex 38.4477 40.1623 27.8
      vertex 37.2593 40.8524 27.8
    endloop
  endfacet
  facet normal 0 0 1
    outer loop
      vertex 38.6893 38.9477 27.8
      vertex 37.6183 38.1259 27.8
      vertex 37.8555 37.8555 27.8
    endloop
  endfacet
  facet normal 0 0 1
    outer loop
      vertex 38.4477 40.1623 27.8
      vertex 37.1437 40.5118 27.8
      vertex 38.412 39.9827 27.8
    endloop
  endfacet
  facet normal 0 0 1
    outer loop
      vertex 38.5876 39.1 27.8
      vertex 37.4184 38.425 27.8
      vertex 37.6183 38.1259 27.8
    endloop
  endfacet
  facet normal -0 0 1
    outer loop
      vertex 37.0735 40.1589 27.8
      vertex 38.412 39.9827 27.8
      vertex 37.1437 40.5118 27.8
    endloop
  endfacet
  facet normal 0 0 1
    outer loop
      vertex 38.5066 39.2642 27.8
      vertex 37.2593 38.7476 27.8
      vertex 37.4184 38.425 27.8
    endloop
  endfacet
  facet normal 0 0 1
    outer loop
      vertex 38.412 39.9827 27.8
      vertex 37.0735 40.1589 27.8
      vertex 38.4 39.8 27.8
    endloop
  endfacet
  facet normal 0 0 1
    outer loop
      vertex 38.4477 39.4377 27.8
      vertex 37.1437 39.0882 27.8
      vertex 37.2593 38.7476 27.8
    endloop
  endfacet
  facet normal 0 0 1
    outer loop
      vertex 37.05 39.8 27.8
      vertex 38.4 39.8 27.8
      vertex 37.0735 40.1589 27.8
    endloop
  endfacet
  facet normal 0 0 1
    outer loop
      vertex 38.412 39.6173 27.8
      vertex 37.0735 39.4411 27.8
      vertex 37.1437 39.0882 27.8
    endloop
  endfacet
  facet normal 0 0 1
    outer loop
      vertex 38.4 39.8 27.8
      vertex 37.05 39.8 27.8
      vertex 37.0735 39.4411 27.8
    endloop
  endfacet
  facet normal -0.555662 0.831408 0
    outer loop
      vertex 38.425 42.1816 4.2
      vertex 38.1259 41.9817 27.8
      vertex 38.425 42.1816 27.8
    endloop
  endfacet
  facet normal -0.555662 0.831408 0
    outer loop
      vertex 38.1259 41.9817 27.8
      vertex 38.425 42.1816 4.2
      vertex 38.1259 41.9817 4.2
    endloop
  endfacet
  facet normal 0.0653379 -0.997863 0
    outer loop
      vertex 39.8 37.05 4.2
      vertex 40.1589 37.0735 27.8
      vertex 39.8 37.05 27.8
    endloop
  endfacet
  facet normal 0.0653379 -0.997863 0
    outer loop
      vertex 40.1589 37.0735 27.8
      vertex 39.8 37.05 4.2
      vertex 40.1589 37.0735 4.2
    endloop
  endfacet
  facet normal 0.321394 -0.946945 0
    outer loop
      vertex 40.5118 37.1437 4.2
      vertex 40.8524 37.2593 27.8
      vertex 40.5118 37.1437 27.8
    endloop
  endfacet
  facet normal 0.321394 -0.946945 0
    outer loop
      vertex 40.8524 37.2593 27.8
      vertex 40.5118 37.1437 4.2
      vertex 40.8524 37.2593 4.2
    endloop
  endfacet
  facet normal 0.555662 -0.831408 0
    outer loop
      vertex 41.175 37.4184 4.2
      vertex 41.4741 37.6183 27.8
      vertex 41.175 37.4184 27.8
    endloop
  endfacet
  facet normal 0.555662 -0.831408 0
    outer loop
      vertex 41.4741 37.6183 27.8
      vertex 41.175 37.4184 4.2
      vertex 41.4741 37.6183 4.2
    endloop
  endfacet
  facet normal 0.751749 -0.659449 0
    outer loop
      vertex 41.7445 37.8555 27.8
      vertex 41.9817 38.1259 4.2
      vertex 41.9817 38.1259 27.8
    endloop
  endfacet
  facet normal 0.751749 -0.659449 0
    outer loop
      vertex 41.9817 38.1259 4.2
      vertex 41.7445 37.8555 27.8
      vertex 41.7445 37.8555 4.2
    endloop
  endfacet
  facet normal 0.89686 -0.442314 0
    outer loop
      vertex 42.1816 38.425 27.8
      vertex 42.3407 38.7476 4.2
      vertex 42.3407 38.7476 27.8
    endloop
  endfacet
  facet normal 0.89686 -0.442314 0
    outer loop
      vertex 42.3407 38.7476 4.2
      vertex 42.1816 38.425 27.8
      vertex 42.1816 38.425 4.2
    endloop
  endfacet
  facet normal -0.659449 -0.751749 0
    outer loop
      vertex 37.8555 37.8555 4.2
      vertex 38.1259 37.6183 27.8
      vertex 37.8555 37.8555 27.8
    endloop
  endfacet
  facet normal -0.659449 -0.751749 -0
    outer loop
      vertex 38.1259 37.6183 27.8
      vertex 37.8555 37.8555 4.2
      vertex 38.1259 37.6183 4.2
    endloop
  endfacet
  facet normal -0.442314 -0.89686 0
    outer loop
      vertex 38.425 37.4184 4.2
      vertex 38.7476 37.2593 27.8
      vertex 38.425 37.4184 27.8
    endloop
  endfacet
  facet normal -0.442314 -0.89686 -0
    outer loop
      vertex 38.7476 37.2593 27.8
      vertex 38.425 37.4184 4.2
      vertex 38.7476 37.2593 4.2
    endloop
  endfacet
  facet normal -0.195101 -0.980783 0
    outer loop
      vertex 39.0882 37.1437 4.2
      vertex 39.4411 37.0735 27.8
      vertex 39.0882 37.1437 27.8
    endloop
  endfacet
  facet normal -0.195101 -0.980783 -0
    outer loop
      vertex 39.4411 37.0735 27.8
      vertex 39.0882 37.1437 4.2
      vertex 39.4411 37.0735 4.2
    endloop
  endfacet
  facet normal -0.831408 -0.555662 0
    outer loop
      vertex 37.6183 38.1259 4.2
      vertex 37.4184 38.425 27.8
      vertex 37.4184 38.425 4.2
    endloop
  endfacet
  facet normal -0.831408 -0.555662 0
    outer loop
      vertex 37.4184 38.425 27.8
      vertex 37.6183 38.1259 4.2
      vertex 37.6183 38.1259 27.8
    endloop
  endfacet
  facet normal -0.946945 -0.321394 0
    outer loop
      vertex 37.2593 38.7476 4.2
      vertex 37.1437 39.0882 27.8
      vertex 37.1437 39.0882 4.2
    endloop
  endfacet
  facet normal -0.946945 -0.321394 0
    outer loop
      vertex 37.1437 39.0882 27.8
      vertex 37.2593 38.7476 4.2
      vertex 37.2593 38.7476 27.8
    endloop
  endfacet
  facet normal -0.997863 -0.0653379 0
    outer loop
      vertex 37.0735 39.4411 4.2
      vertex 37.05 39.8 27.8
      vertex 37.05 39.8 4.2
    endloop
  endfacet
  facet normal -0.997863 -0.0653379 0
    outer loop
      vertex 37.05 39.8 27.8
      vertex 37.0735 39.4411 4.2
      vertex 37.0735 39.4411 27.8
    endloop
  endfacet
  facet normal 0.195101 -0.980783 0
    outer loop
      vertex 40.1589 37.0735 4.2
      vertex 40.5118 37.1437 27.8
      vertex 40.1589 37.0735 27.8
    endloop
  endfacet
  facet normal 0.195101 -0.980783 0
    outer loop
      vertex 40.5118 37.1437 27.8
      vertex 40.1589 37.0735 4.2
      vertex 40.5118 37.1437 4.2
    endloop
  endfacet
  facet normal 0.659449 -0.751749 0
    outer loop
      vertex 41.4741 37.6183 4.2
      vertex 41.7445 37.8555 27.8
      vertex 41.4741 37.6183 27.8
    endloop
  endfacet
  facet normal 0.659449 -0.751749 0
    outer loop
      vertex 41.7445 37.8555 27.8
      vertex 41.4741 37.6183 4.2
      vertex 41.7445 37.8555 4.2
    endloop
  endfacet
  facet normal 0.831408 -0.555662 0
    outer loop
      vertex 41.9817 38.1259 27.8
      vertex 42.1816 38.425 4.2
      vertex 42.1816 38.425 27.8
    endloop
  endfacet
  facet normal 0.831408 -0.555662 0
    outer loop
      vertex 42.1816 38.425 4.2
      vertex 41.9817 38.1259 27.8
      vertex 41.9817 38.1259 4.2
    endloop
  endfacet
  facet normal 0.946945 -0.321394 0
    outer loop
      vertex 42.3407 38.7476 27.8
      vertex 42.4563 39.0882 4.2
      vertex 42.4563 39.0882 27.8
    endloop
  endfacet
  facet normal 0.946945 -0.321394 0
    outer loop
      vertex 42.4563 39.0882 4.2
      vertex 42.3407 38.7476 27.8
      vertex 42.3407 38.7476 4.2
    endloop
  endfacet
  facet normal -0.555662 -0.831408 0
    outer loop
      vertex 38.1259 37.6183 4.2
      vertex 38.425 37.4184 27.8
      vertex 38.1259 37.6183 27.8
    endloop
  endfacet
  facet normal -0.555662 -0.831408 -0
    outer loop
      vertex 38.425 37.4184 27.8
      vertex 38.1259 37.6183 4.2
      vertex 38.425 37.4184 4.2
    endloop
  endfacet
  facet normal -0.980783 -0.195101 0
    outer loop
      vertex 37.1437 39.0882 4.2
      vertex 37.0735 39.4411 27.8
      vertex 37.0735 39.4411 4.2
    endloop
  endfacet
  facet normal -0.980783 -0.195101 0
    outer loop
      vertex 37.0735 39.4411 27.8
      vertex 37.1437 39.0882 4.2
      vertex 37.1437 39.0882 27.8
    endloop
  endfacet
  facet normal -0.99785 -0.0655402 0
    outer loop
      vertex 41.2 39.8 5.2
      vertex 41.188 39.9827 27.8
      vertex 41.188 39.9827 5.2
    endloop
  endfacet
  facet normal -0.99785 -0.0655402 0
    outer loop
      vertex 41.188 39.9827 27.8
      vertex 41.2 39.8 5.2
      vertex 41.2 39.8 27.8
    endloop
  endfacet
  facet normal 0.99785 -0.0655402 0
    outer loop
      vertex 38.4 39.8 27.8
      vertex 38.412 39.9827 5.2
      vertex 38.412 39.9827 27.8
    endloop
  endfacet
  facet normal 0.99785 -0.0655402 0
    outer loop
      vertex 38.412 39.9827 5.2
      vertex 38.4 39.8 27.8
      vertex 38.4 39.8 5.2
    endloop
  endfacet
  facet normal -0.0655402 -0.99785 0
    outer loop
      vertex 39.8 41.2 5.2
      vertex 39.9827 41.188 27.8
      vertex 39.8 41.2 27.8
    endloop
  endfacet
  facet normal -0.0655402 -0.99785 -0
    outer loop
      vertex 39.9827 41.188 27.8
      vertex 39.8 41.2 5.2
      vertex 39.9827 41.188 5.2
    endloop
  endfacet
  facet normal 0.0655402 0.99785 -0
    outer loop
      vertex 39.8 38.4 5.2
      vertex 39.6173 38.412 27.8
      vertex 39.8 38.4 27.8
    endloop
  endfacet
  facet normal 0.0655402 0.99785 0
    outer loop
      vertex 39.6173 38.412 27.8
      vertex 39.8 38.4 5.2
      vertex 39.6173 38.412 5.2
    endloop
  endfacet
  facet normal -0.751493 -0.659741 0
    outer loop
      vertex 40.9107 40.6523 5.2
      vertex 40.7899 40.7899 27.8
      vertex 40.7899 40.7899 5.2
    endloop
  endfacet
  facet normal -0.751493 -0.659741 0
    outer loop
      vertex 40.7899 40.7899 27.8
      vertex 40.9107 40.6523 5.2
      vertex 40.9107 40.6523 27.8
    endloop
  endfacet
  facet normal 0.659741 -0.751493 0
    outer loop
      vertex 38.8101 40.7899 5.2
      vertex 38.9477 40.9107 27.8
      vertex 38.8101 40.7899 27.8
    endloop
  endfacet
  facet normal 0.659741 -0.751493 0
    outer loop
      vertex 38.9477 40.9107 27.8
      vertex 38.8101 40.7899 5.2
      vertex 38.9477 40.9107 5.2
    endloop
  endfacet
  facet normal 0.321462 -0.946922 0
    outer loop
      vertex 39.2642 41.0934 5.2
      vertex 39.4377 41.1523 27.8
      vertex 39.2642 41.0934 27.8
    endloop
  endfacet
  facet normal 0.321462 -0.946922 0
    outer loop
      vertex 39.4377 41.1523 27.8
      vertex 39.2642 41.0934 5.2
      vertex 39.4377 41.1523 5.2
    endloop
  endfacet
  facet normal -0.946922 -0.321462 0
    outer loop
      vertex 41.1523 40.1623 5.2
      vertex 41.0934 40.3358 27.8
      vertex 41.0934 40.3358 5.2
    endloop
  endfacet
  facet normal -0.946922 -0.321462 0
    outer loop
      vertex 41.0934 40.3358 27.8
      vertex 41.1523 40.1623 5.2
      vertex 41.1523 40.1623 27.8
    endloop
  endfacet
  facet normal -0.980811 -0.194961 0
    outer loop
      vertex 41.188 39.9827 5.2
      vertex 41.1523 40.1623 27.8
      vertex 41.1523 40.1623 5.2
    endloop
  endfacet
  facet normal -0.980811 -0.194961 0
    outer loop
      vertex 41.1523 40.1623 27.8
      vertex 41.188 39.9827 5.2
      vertex 41.188 39.9827 27.8
    endloop
  endfacet
  facet normal -0.896817 -0.442401 0
    outer loop
      vertex 41.0934 40.3358 5.2
      vertex 41.0124 40.5 27.8
      vertex 41.0124 40.5 5.2
    endloop
  endfacet
  facet normal -0.896817 -0.442401 0
    outer loop
      vertex 41.0124 40.5 27.8
      vertex 41.0934 40.3358 5.2
      vertex 41.0934 40.3358 27.8
    endloop
  endfacet
  facet normal -0.442401 -0.896817 0
    outer loop
      vertex 40.3358 41.0934 5.2
      vertex 40.5 41.0124 27.8
      vertex 40.3358 41.0934 27.8
    endloop
  endfacet
  facet normal -0.442401 -0.896817 -0
    outer loop
      vertex 40.5 41.0124 27.8
      vertex 40.3358 41.0934 5.2
      vertex 40.5 41.0124 5.2
    endloop
  endfacet
  facet normal -0.321462 -0.946922 0
    outer loop
      vertex 40.1623 41.1523 5.2
      vertex 40.3358 41.0934 27.8
      vertex 40.1623 41.1523 27.8
    endloop
  endfacet
  facet normal -0.321462 -0.946922 -0
    outer loop
      vertex 40.3358 41.0934 27.8
      vertex 40.1623 41.1523 5.2
      vertex 40.3358 41.0934 5.2
    endloop
  endfacet
  facet normal -0.55533 -0.83163 0
    outer loop
      vertex 40.5 41.0124 5.2
      vertex 40.6523 40.9107 27.8
      vertex 40.5 41.0124 27.8
    endloop
  endfacet
  facet normal -0.55533 -0.83163 -0
    outer loop
      vertex 40.6523 40.9107 27.8
      vertex 40.5 41.0124 5.2
      vertex 40.6523 40.9107 5.2
    endloop
  endfacet
  facet normal 0.896817 -0.442401 0
    outer loop
      vertex 38.5066 40.3358 27.8
      vertex 38.5876 40.5 5.2
      vertex 38.5876 40.5 27.8
    endloop
  endfacet
  facet normal 0.896817 -0.442401 0
    outer loop
      vertex 38.5876 40.5 5.2
      vertex 38.5066 40.3358 27.8
      vertex 38.5066 40.3358 5.2
    endloop
  endfacet
  facet normal 0.946922 -0.321462 0
    outer loop
      vertex 38.4477 40.1623 27.8
      vertex 38.5066 40.3358 5.2
      vertex 38.5066 40.3358 27.8
    endloop
  endfacet
  facet normal 0.946922 -0.321462 0
    outer loop
      vertex 38.5066 40.3358 5.2
      vertex 38.4477 40.1623 27.8
      vertex 38.4477 40.1623 5.2
    endloop
  endfacet
  facet normal 0.442401 -0.896817 0
    outer loop
      vertex 39.1 41.0124 5.2
      vertex 39.2642 41.0934 27.8
      vertex 39.1 41.0124 27.8
    endloop
  endfacet
  facet normal 0.442401 -0.896817 0
    outer loop
      vertex 39.2642 41.0934 27.8
      vertex 39.1 41.0124 5.2
      vertex 39.2642 41.0934 5.2
    endloop
  endfacet
  facet normal 0.194961 -0.980811 0
    outer loop
      vertex 39.4377 41.1523 5.2
      vertex 39.6173 41.188 27.8
      vertex 39.4377 41.1523 27.8
    endloop
  endfacet
  facet normal 0.194961 -0.980811 0
    outer loop
      vertex 39.6173 41.188 27.8
      vertex 39.4377 41.1523 5.2
      vertex 39.6173 41.188 5.2
    endloop
  endfacet
  facet normal -0.442401 0.896817 0
    outer loop
      vertex 40.5 38.5876 5.2
      vertex 40.3358 38.5066 27.8
      vertex 40.5 38.5876 27.8
    endloop
  endfacet
  facet normal -0.442401 0.896817 0
    outer loop
      vertex 40.3358 38.5066 27.8
      vertex 40.5 38.5876 5.2
      vertex 40.3358 38.5066 5.2
    endloop
  endfacet
  facet normal -0.946922 0.321462 0
    outer loop
      vertex 41.0934 39.2642 5.2
      vertex 41.1523 39.4377 27.8
      vertex 41.1523 39.4377 5.2
    endloop
  endfacet
  facet normal -0.946922 0.321462 0
    outer loop
      vertex 41.1523 39.4377 27.8
      vertex 41.0934 39.2642 5.2
      vertex 41.0934 39.2642 27.8
    endloop
  endfacet
  facet normal -0.980811 0.194961 0
    outer loop
      vertex 41.1523 39.4377 5.2
      vertex 41.188 39.6173 27.8
      vertex 41.188 39.6173 5.2
    endloop
  endfacet
  facet normal -0.980811 0.194961 0
    outer loop
      vertex 41.188 39.6173 27.8
      vertex 41.1523 39.4377 5.2
      vertex 41.1523 39.4377 27.8
    endloop
  endfacet
  facet normal 0.321462 0.946922 -0
    outer loop
      vertex 39.4377 38.4477 5.2
      vertex 39.2642 38.5066 27.8
      vertex 39.4377 38.4477 27.8
    endloop
  endfacet
  facet normal 0.321462 0.946922 0
    outer loop
      vertex 39.2642 38.5066 27.8
      vertex 39.4377 38.4477 5.2
      vertex 39.2642 38.5066 5.2
    endloop
  endfacet
  facet normal 0.896817 0.442401 0
    outer loop
      vertex 38.5876 39.1 27.8
      vertex 38.5066 39.2642 5.2
      vertex 38.5066 39.2642 27.8
    endloop
  endfacet
  facet normal 0.896817 0.442401 0
    outer loop
      vertex 38.5066 39.2642 5.2
      vertex 38.5876 39.1 27.8
      vertex 38.5876 39.1 5.2
    endloop
  endfacet
  facet normal 0 0 1
    outer loop
      vertex 41.188 39.9827 5.2
      vertex 41.188 39.6173 5.2
      vertex 41.2 39.8 5.2
    endloop
  endfacet
  facet normal 0 0 1
    outer loop
      vertex 41.1523 40.1623 5.2
      vertex 41.188 39.6173 5.2
      vertex 41.188 39.9827 5.2
    endloop
  endfacet
  facet normal 0 0 1
    outer loop
      vertex 41.1523 40.1623 5.2
      vertex 41.1523 39.4377 5.2
      vertex 41.188 39.6173 5.2
    endloop
  endfacet
  facet normal 0 0 1
    outer loop
      vertex 41.0934 40.3358 5.2
      vertex 41.1523 39.4377 5.2
      vertex 41.1523 40.1623 5.2
    endloop
  endfacet
  facet normal 0 0 1
    outer loop
      vertex 41.0934 40.3358 5.2
      vertex 41.0934 39.2642 5.2
      vertex 41.1523 39.4377 5.2
    endloop
  endfacet
  facet normal 0 0 1
    outer loop
      vertex 41.0124 40.5 5.2
      vertex 41.0934 39.2642 5.2
      vertex 41.0934 40.3358 5.2
    endloop
  endfacet
  facet normal 0 0 1
    outer loop
      vertex 41.0124 40.5 5.2
      vertex 41.0124 39.1 5.2
      vertex 41.0934 39.2642 5.2
    endloop
  endfacet
  facet normal 0 0 1
    outer loop
      vertex 40.9107 40.6523 5.2
      vertex 41.0124 39.1 5.2
      vertex 41.0124 40.5 5.2
    endloop
  endfacet
  facet normal 0 0 1
    outer loop
      vertex 40.9107 40.6523 5.2
      vertex 40.9107 38.9477 5.2
      vertex 41.0124 39.1 5.2
    endloop
  endfacet
  facet normal 0 0 1
    outer loop
      vertex 40.7899 40.7899 5.2
      vertex 40.9107 38.9477 5.2
      vertex 40.9107 40.6523 5.2
    endloop
  endfacet
  facet normal 0 0 1
    outer loop
      vertex 40.7899 40.7899 5.2
      vertex 40.7899 38.8101 5.2
      vertex 40.9107 38.9477 5.2
    endloop
  endfacet
  facet normal 0 0 1
    outer loop
      vertex 40.6523 40.9107 5.2
      vertex 40.7899 38.8101 5.2
      vertex 40.7899 40.7899 5.2
    endloop
  endfacet
  facet normal 0 0 1
    outer loop
      vertex 40.6523 40.9107 5.2
      vertex 40.6523 38.6893 5.2
      vertex 40.7899 38.8101 5.2
    endloop
  endfacet
  facet normal 0 0 1
    outer loop
      vertex 40.5 41.0124 5.2
      vertex 40.6523 38.6893 5.2
      vertex 40.6523 40.9107 5.2
    endloop
  endfacet
  facet normal 0 0 1
    outer loop
      vertex 40.5 41.0124 5.2
      vertex 40.5 38.5876 5.2
      vertex 40.6523 38.6893 5.2
    endloop
  endfacet
  facet normal 0 0 1
    outer loop
      vertex 40.3358 41.0934 5.2
      vertex 40.5 38.5876 5.2
      vertex 40.5 41.0124 5.2
    endloop
  endfacet
  facet normal 0 0 1
    outer loop
      vertex 40.3358 41.0934 5.2
      vertex 40.3358 38.5066 5.2
      vertex 40.5 38.5876 5.2
    endloop
  endfacet
  facet normal 0 0 1
    outer loop
      vertex 40.1623 41.1523 5.2
      vertex 40.3358 38.5066 5.2
      vertex 40.3358 41.0934 5.2
    endloop
  endfacet
  facet normal 0 0 1
    outer loop
      vertex 40.1623 41.1523 5.2
      vertex 40.1623 38.4477 5.2
      vertex 40.3358 38.5066 5.2
    endloop
  endfacet
  facet normal 0 0 1
    outer loop
      vertex 39.9827 41.188 5.2
      vertex 40.1623 38.4477 5.2
      vertex 40.1623 41.1523 5.2
    endloop
  endfacet
  facet normal 0 0 1
    outer loop
      vertex 39.9827 41.188 5.2
      vertex 39.9827 38.412 5.2
      vertex 40.1623 38.4477 5.2
    endloop
  endfacet
  facet normal 0 0 1
    outer loop
      vertex 39.8 41.2 5.2
      vertex 39.9827 38.412 5.2
      vertex 39.9827 41.188 5.2
    endloop
  endfacet
  facet normal 0 0 1
    outer loop
      vertex 39.8 41.2 5.2
      vertex 39.8 38.4 5.2
      vertex 39.9827 38.412 5.2
    endloop
  endfacet
  facet normal -0 0 1
    outer loop
      vertex 39.6173 41.188 5.2
      vertex 39.8 38.4 5.2
      vertex 39.8 41.2 5.2
    endloop
  endfacet
  facet normal 0 0 1
    outer loop
      vertex 39.6173 41.188 5.2
      vertex 39.6173 38.412 5.2
      vertex 39.8 38.4 5.2
    endloop
  endfacet
  facet normal -0 0 1
    outer loop
      vertex 39.4377 41.1523 5.2
      vertex 39.6173 38.412 5.2
      vertex 39.6173 41.188 5.2
    endloop
  endfacet
  facet normal 0 0 1
    outer loop
      vertex 39.4377 41.1523 5.2
      vertex 39.4377 38.4477 5.2
      vertex 39.6173 38.412 5.2
    endloop
  endfacet
  facet normal -0 0 1
    outer loop
      vertex 39.2642 41.0934 5.2
      vertex 39.4377 38.4477 5.2
      vertex 39.4377 41.1523 5.2
    endloop
  endfacet
  facet normal 0 0 1
    outer loop
      vertex 39.2642 41.0934 5.2
      vertex 39.2642 38.5066 5.2
      vertex 39.4377 38.4477 5.2
    endloop
  endfacet
  facet normal -0 0 1
    outer loop
      vertex 39.1 41.0124 5.2
      vertex 39.2642 38.5066 5.2
      vertex 39.2642 41.0934 5.2
    endloop
  endfacet
  facet normal 0 0 1
    outer loop
      vertex 39.1 41.0124 5.2
      vertex 39.1 38.5876 5.2
      vertex 39.2642 38.5066 5.2
    endloop
  endfacet
  facet normal -0 0 1
    outer loop
      vertex 38.9477 40.9107 5.2
      vertex 39.1 38.5876 5.2
      vertex 39.1 41.0124 5.2
    endloop
  endfacet
  facet normal 0 0 1
    outer loop
      vertex 38.9477 40.9107 5.2
      vertex 38.9477 38.6893 5.2
      vertex 39.1 38.5876 5.2
    endloop
  endfacet
  facet normal -0 0 1
    outer loop
      vertex 38.8101 40.7899 5.2
      vertex 38.9477 38.6893 5.2
      vertex 38.9477 40.9107 5.2
    endloop
  endfacet
  facet normal 0 0 1
    outer loop
      vertex 38.8101 40.7899 5.2
      vertex 38.8101 38.8101 5.2
      vertex 38.9477 38.6893 5.2
    endloop
  endfacet
  facet normal -0 0 1
    outer loop
      vertex 38.6893 40.6523 5.2
      vertex 38.8101 38.8101 5.2
      vertex 38.8101 40.7899 5.2
    endloop
  endfacet
  facet normal 0 0 1
    outer loop
      vertex 38.6893 40.6523 5.2
      vertex 38.6893 38.9477 5.2
      vertex 38.8101 38.8101 5.2
    endloop
  endfacet
  facet normal -0 0 1
    outer loop
      vertex 38.5876 40.5 5.2
      vertex 38.6893 38.9477 5.2
      vertex 38.6893 40.6523 5.2
    endloop
  endfacet
  facet normal 0 0 1
    outer loop
      vertex 38.5876 40.5 5.2
      vertex 38.5876 39.1 5.2
      vertex 38.6893 38.9477 5.2
    endloop
  endfacet
  facet normal -0 0 1
    outer loop
      vertex 38.5066 40.3358 5.2
      vertex 38.5876 39.1 5.2
      vertex 38.5876 40.5 5.2
    endloop
  endfacet
  facet normal 0 0 1
    outer loop
      vertex 38.5066 40.3358 5.2
      vertex 38.5066 39.2642 5.2
      vertex 38.5876 39.1 5.2
    endloop
  endfacet
  facet normal -0 0 1
    outer loop
      vertex 38.4477 40.1623 5.2
      vertex 38.5066 39.2642 5.2
      vertex 38.5066 40.3358 5.2
    endloop
  endfacet
  facet normal 0 0 1
    outer loop
      vertex 38.4477 40.1623 5.2
      vertex 38.4477 39.4377 5.2
      vertex 38.5066 39.2642 5.2
    endloop
  endfacet
  facet normal -0 0 1
    outer loop
      vertex 38.412 39.9827 5.2
      vertex 38.4477 39.4377 5.2
      vertex 38.4477 40.1623 5.2
    endloop
  endfacet
  facet normal 0 0 1
    outer loop
      vertex 38.412 39.9827 5.2
      vertex 38.412 39.6173 5.2
      vertex 38.4477 39.4377 5.2
    endloop
  endfacet
  facet normal 0 -0 1
    outer loop
      vertex 38.412 39.6173 5.2
      vertex 38.412 39.9827 5.2
      vertex 38.4 39.8 5.2
    endloop
  endfacet
  facet normal -0.83163 -0.55533 0
    outer loop
      vertex 41.0124 40.5 5.2
      vertex 40.9107 40.6523 27.8
      vertex 40.9107 40.6523 5.2
    endloop
  endfacet
  facet normal -0.83163 -0.55533 0
    outer loop
      vertex 40.9107 40.6523 27.8
      vertex 41.0124 40.5 5.2
      vertex 41.0124 40.5 27.8
    endloop
  endfacet
  facet normal -0.194961 -0.980811 0
    outer loop
      vertex 39.9827 41.188 5.2
      vertex 40.1623 41.1523 27.8
      vertex 39.9827 41.188 27.8
    endloop
  endfacet
  facet normal -0.194961 -0.980811 -0
    outer loop
      vertex 40.1623 41.1523 27.8
      vertex 39.9827 41.188 5.2
      vertex 40.1623 41.1523 5.2
    endloop
  endfacet
  facet normal -0.659741 -0.751493 0
    outer loop
      vertex 40.6523 40.9107 5.2
      vertex 40.7899 40.7899 27.8
      vertex 40.6523 40.9107 27.8
    endloop
  endfacet
  facet normal -0.659741 -0.751493 -0
    outer loop
      vertex 40.7899 40.7899 27.8
      vertex 40.6523 40.9107 5.2
      vertex 40.7899 40.7899 5.2
    endloop
  endfacet
  facet normal 0.83163 -0.55533 0
    outer loop
      vertex 38.5876 40.5 27.8
      vertex 38.6893 40.6523 5.2
      vertex 38.6893 40.6523 27.8
    endloop
  endfacet
  facet normal 0.83163 -0.55533 0
    outer loop
      vertex 38.6893 40.6523 5.2
      vertex 38.5876 40.5 27.8
      vertex 38.5876 40.5 5.2
    endloop
  endfacet
  facet normal 0.751493 -0.659741 0
    outer loop
      vertex 38.6893 40.6523 27.8
      vertex 38.8101 40.7899 5.2
      vertex 38.8101 40.7899 27.8
    endloop
  endfacet
  facet normal 0.751493 -0.659741 0
    outer loop
      vertex 38.8101 40.7899 5.2
      vertex 38.6893 40.6523 27.8
      vertex 38.6893 40.6523 5.2
    endloop
  endfacet
  facet normal 0.980811 -0.194961 0
    outer loop
      vertex 38.412 39.9827 27.8
      vertex 38.4477 40.1623 5.2
      vertex 38.4477 40.1623 27.8
    endloop
  endfacet
  facet normal 0.980811 -0.194961 0
    outer loop
      vertex 38.4477 40.1623 5.2
      vertex 38.412 39.9827 27.8
      vertex 38.412 39.9827 5.2
    endloop
  endfacet
  facet normal 0.55533 -0.83163 0
    outer loop
      vertex 38.9477 40.9107 5.2
      vertex 39.1 41.0124 27.8
      vertex 38.9477 40.9107 27.8
    endloop
  endfacet
  facet normal 0.55533 -0.83163 0
    outer loop
      vertex 39.1 41.0124 27.8
      vertex 38.9477 40.9107 5.2
      vertex 39.1 41.0124 5.2
    endloop
  endfacet
  facet normal 0.0655402 -0.99785 0
    outer loop
      vertex 39.6173 41.188 5.2
      vertex 39.8 41.2 27.8
      vertex 39.6173 41.188 27.8
    endloop
  endfacet
  facet normal 0.0655402 -0.99785 0
    outer loop
      vertex 39.8 41.2 27.8
      vertex 39.6173 41.188 5.2
      vertex 39.8 41.2 5.2
    endloop
  endfacet
  facet normal -0.99785 0.0655402 0
    outer loop
      vertex 41.188 39.6173 5.2
      vertex 41.2 39.8 27.8
      vertex 41.2 39.8 5.2
    endloop
  endfacet
  facet normal -0.99785 0.0655402 0
    outer loop
      vertex 41.2 39.8 27.8
      vertex 41.188 39.6173 5.2
      vertex 41.188 39.6173 27.8
    endloop
  endfacet
  facet normal -0.0655402 0.99785 0
    outer loop
      vertex 39.9827 38.412 5.2
      vertex 39.8 38.4 27.8
      vertex 39.9827 38.412 27.8
    endloop
  endfacet
  facet normal -0.0655402 0.99785 0
    outer loop
      vertex 39.8 38.4 27.8
      vertex 39.9827 38.412 5.2
      vertex 39.8 38.4 5.2
    endloop
  endfacet
  facet normal -0.321462 0.946922 0
    outer loop
      vertex 40.3358 38.5066 5.2
      vertex 40.1623 38.4477 27.8
      vertex 40.3358 38.5066 27.8
    endloop
  endfacet
  facet normal -0.321462 0.946922 0
    outer loop
      vertex 40.1623 38.4477 27.8
      vertex 40.3358 38.5066 5.2
      vertex 40.1623 38.4477 5.2
    endloop
  endfacet
  facet normal -0.55533 0.83163 0
    outer loop
      vertex 40.6523 38.6893 5.2
      vertex 40.5 38.5876 27.8
      vertex 40.6523 38.6893 27.8
    endloop
  endfacet
  facet normal -0.55533 0.83163 0
    outer loop
      vertex 40.5 38.5876 27.8
      vertex 40.6523 38.6893 5.2
      vertex 40.5 38.5876 5.2
    endloop
  endfacet
  facet normal -0.751493 0.659741 0
    outer loop
      vertex 40.7899 38.8101 5.2
      vertex 40.9107 38.9477 27.8
      vertex 40.9107 38.9477 5.2
    endloop
  endfacet
  facet normal -0.751493 0.659741 0
    outer loop
      vertex 40.9107 38.9477 27.8
      vertex 40.7899 38.8101 5.2
      vertex 40.7899 38.8101 27.8
    endloop
  endfacet
  facet normal -0.896817 0.442401 0
    outer loop
      vertex 41.0124 39.1 5.2
      vertex 41.0934 39.2642 27.8
      vertex 41.0934 39.2642 5.2
    endloop
  endfacet
  facet normal -0.896817 0.442401 0
    outer loop
      vertex 41.0934 39.2642 27.8
      vertex 41.0124 39.1 5.2
      vertex 41.0124 39.1 27.8
    endloop
  endfacet
  facet normal 0.659741 0.751493 -0
    outer loop
      vertex 38.9477 38.6893 5.2
      vertex 38.8101 38.8101 27.8
      vertex 38.9477 38.6893 27.8
    endloop
  endfacet
  facet normal 0.659741 0.751493 0
    outer loop
      vertex 38.8101 38.8101 27.8
      vertex 38.9477 38.6893 5.2
      vertex 38.8101 38.8101 5.2
    endloop
  endfacet
  facet normal 0.442401 0.896817 -0
    outer loop
      vertex 39.2642 38.5066 5.2
      vertex 39.1 38.5876 27.8
      vertex 39.2642 38.5066 27.8
    endloop
  endfacet
  facet normal 0.442401 0.896817 0
    outer loop
      vertex 39.1 38.5876 27.8
      vertex 39.2642 38.5066 5.2
      vertex 39.1 38.5876 5.2
    endloop
  endfacet
  facet normal 0.194961 0.980811 -0
    outer loop
      vertex 39.6173 38.412 5.2
      vertex 39.4377 38.4477 27.8
      vertex 39.6173 38.412 27.8
    endloop
  endfacet
  facet normal 0.194961 0.980811 0
    outer loop
      vertex 39.4377 38.4477 27.8
      vertex 39.6173 38.412 5.2
      vertex 39.4377 38.4477 5.2
    endloop
  endfacet
  facet normal 0.83163 0.55533 0
    outer loop
      vertex 38.6893 38.9477 27.8
      vertex 38.5876 39.1 5.2
      vertex 38.5876 39.1 27.8
    endloop
  endfacet
  facet normal 0.83163 0.55533 0
    outer loop
      vertex 38.5876 39.1 5.2
      vertex 38.6893 38.9477 27.8
      vertex 38.6893 38.9477 5.2
    endloop
  endfacet
  facet normal 0.946922 0.321462 0
    outer loop
      vertex 38.5066 39.2642 27.8
      vertex 38.4477 39.4377 5.2
      vertex 38.4477 39.4377 27.8
    endloop
  endfacet
  facet normal 0.946922 0.321462 0
    outer loop
      vertex 38.4477 39.4377 5.2
      vertex 38.5066 39.2642 27.8
      vertex 38.5066 39.2642 5.2
    endloop
  endfacet
  facet normal 0.99785 0.0655402 0
    outer loop
      vertex 38.412 39.6173 27.8
      vertex 38.4 39.8 5.2
      vertex 38.4 39.8 27.8
    endloop
  endfacet
  facet normal 0.99785 0.0655402 0
    outer loop
      vertex 38.4 39.8 5.2
      vertex 38.412 39.6173 27.8
      vertex 38.412 39.6173 5.2
    endloop
  endfacet
  facet normal -0.194961 0.980811 0
    outer loop
      vertex 40.1623 38.4477 5.2
      vertex 39.9827 38.412 27.8
      vertex 40.1623 38.4477 27.8
    endloop
  endfacet
  facet normal -0.194961 0.980811 0
    outer loop
      vertex 39.9827 38.412 27.8
      vertex 40.1623 38.4477 5.2
      vertex 39.9827 38.412 5.2
    endloop
  endfacet
  facet normal -0.659741 0.751493 0
    outer loop
      vertex 40.7899 38.8101 5.2
      vertex 40.6523 38.6893 27.8
      vertex 40.7899 38.8101 27.8
    endloop
  endfacet
  facet normal -0.659741 0.751493 0
    outer loop
      vertex 40.6523 38.6893 27.8
      vertex 40.7899 38.8101 5.2
      vertex 40.6523 38.6893 5.2
    endloop
  endfacet
  facet normal -0.83163 0.55533 0
    outer loop
      vertex 40.9107 38.9477 5.2
      vertex 41.0124 39.1 27.8
      vertex 41.0124 39.1 5.2
    endloop
  endfacet
  facet normal -0.83163 0.55533 0
    outer loop
      vertex 41.0124 39.1 27.8
      vertex 40.9107 38.9477 5.2
      vertex 40.9107 38.9477 27.8
    endloop
  endfacet
  facet normal 0.55533 0.83163 -0
    outer loop
      vertex 39.1 38.5876 5.2
      vertex 38.9477 38.6893 27.8
      vertex 39.1 38.5876 27.8
    endloop
  endfacet
  facet normal 0.55533 0.83163 0
    outer loop
      vertex 38.9477 38.6893 27.8
      vertex 39.1 38.5876 5.2
      vertex 38.9477 38.6893 5.2
    endloop
  endfacet
  facet normal 0.751493 0.659741 0
    outer loop
      vertex 38.8101 38.8101 27.8
      vertex 38.6893 38.9477 5.2
      vertex 38.6893 38.9477 27.8
    endloop
  endfacet
  facet normal 0.751493 0.659741 0
    outer loop
      vertex 38.6893 38.9477 5.2
      vertex 38.8101 38.8101 27.8
      vertex 38.8101 38.8101 5.2
    endloop
  endfacet
  facet normal 0.980811 0.194961 0
    outer loop
      vertex 38.4477 39.4377 27.8
      vertex 38.412 39.6173 5.2
      vertex 38.412 39.6173 27.8
    endloop
  endfacet
  facet normal 0.980811 0.194961 0
    outer loop
      vertex 38.412 39.6173 5.2
      vertex 38.4477 39.4377 27.8
      vertex 38.4477 39.4377 5.2
    endloop
  endfacet
endsolid OpenSCAD_Model
