solid OpenSCAD_Model
  facet normal 0.152573 -0.766898 0.62337
    outer loop
      vertex 39.0442 -38.9316 0.0999994
      vertex 36.0706 -34.7274 6
      vertex 35.0442 -34.9316 6
    endloop
  endfacet
  facet normal 0.152573 -0.766898 0.62337
    outer loop
      vertex 36.0706 -34.7274 6
      vertex 39.0442 -38.9316 0.0999994
      vertex 40.0706 -38.7274 0.0999994
    endloop
  endfacet
  facet normal 0.243742 -0.717967 0.652007
    outer loop
      vertex 40.0706 -38.7274 0.0999994
      vertex 37.0615 -34.391 6
      vertex 36.0706 -34.7274 6
    endloop
  endfacet
  facet normal 0.243742 -0.717967 0.652007
    outer loop
      vertex 37.0615 -34.391 6
      vertex 40.0706 -38.7274 0.0999994
      vertex 41.0615 -38.391 0.0999994
    endloop
  endfacet
  facet normal 0.80948 -0.0530247 0.584749
    outer loop
      vertex 41.9316 -28.0442 6
      vertex 46 -31 0.0999994
      vertex 42 -27 6
    endloop
  endfacet
  facet normal 0.80948 -0.0530247 0.584749
    outer loop
      vertex 46 -31 0.0999994
      vertex 41.9316 -28.0442 6
      vertex 45.9316 -32.0442 0.0999994
    endloop
  endfacet
  facet normal -0.195124 0.980779 0
    outer loop
      vertex -39.0442 38.9316 0
      vertex -40.0706 38.7274 0.0999994
      vertex -39.0442 38.9316 0.0999994
    endloop
  endfacet
  facet normal -0.195124 0.980779 0
    outer loop
      vertex -40.0706 38.7274 0.0999994
      vertex -39.0442 38.9316 0
      vertex -40.0706 38.7274 0
    endloop
  endfacet
  facet normal -0.659289 -0.75189 0
    outer loop
      vertex -43.6569 -36.6569 0
      vertex -42.8701 -37.3468 0.0999994
      vertex -43.6569 -36.6569 0.0999994
    endloop
  endfacet
  facet normal -0.659289 -0.75189 -0
    outer loop
      vertex -42.8701 -37.3468 0.0999994
      vertex -43.6569 -36.6569 0
      vertex -42.8701 -37.3468 0
    endloop
  endfacet
  facet normal 0.195124 -0.980779 0
    outer loop
      vertex 39.0442 -38.9316 0
      vertex 40.0706 -38.7274 0.0999994
      vertex 39.0442 -38.9316 0.0999994
    endloop
  endfacet
  facet normal 0.195124 -0.980779 0
    outer loop
      vertex 40.0706 -38.7274 0.0999994
      vertex 39.0442 -38.9316 0
      vertex 40.0706 -38.7274 0
    endloop
  endfacet
  facet normal 0 -1 0
    outer loop
      vertex -38 -39 0
      vertex 38 -39 0.0999994
      vertex -38 -39 0.0999994
    endloop
  endfacet
  facet normal 0 -1 -0
    outer loop
      vertex 38 -39 0.0999994
      vertex -38 -39 0
      vertex 38 -39 0
    endloop
  endfacet
  facet normal 0 0.827709 0.561158
    outer loop
      vertex 38 39 0.0999994
      vertex -34 35 6
      vertex 34 35 6
    endloop
  endfacet
  facet normal 0 0.827709 0.561158
    outer loop
      vertex -34 35 6
      vertex 38 39 0.0999994
      vertex -38 39 0.0999994
    endloop
  endfacet
  facet normal 0 -0.827709 0.561158
    outer loop
      vertex -38 -39 0.0999994
      vertex 34 -35 6
      vertex -34 -35 6
    endloop
  endfacet
  facet normal 0 -0.827709 0.561158
    outer loop
      vertex 34 -35 6
      vertex -38 -39 0.0999994
      vertex 38 -39 0.0999994
    endloop
  endfacet
  facet normal -0.0530247 0.80948 0.584749
    outer loop
      vertex -38 39 0.0999994
      vertex -35.0442 34.9316 6
      vertex -34 35 6
    endloop
  endfacet
  facet normal -0.0530247 0.80948 0.584749
    outer loop
      vertex -35.0442 34.9316 6
      vertex -38 39 0.0999994
      vertex -39.0442 38.9316 0.0999994
    endloop
  endfacet
  facet normal 0.766898 0.152573 0.62337
    outer loop
      vertex 41.7274 29.0706 6
      vertex 45.9316 32.0442 0.0999994
      vertex 45.7274 33.0706 0.0999994
    endloop
  endfacet
  facet normal 0.766898 0.152573 0.62337
    outer loop
      vertex 45.9316 32.0442 0.0999994
      vertex 41.7274 29.0706 6
      vertex 41.9316 28.0442 6
    endloop
  endfacet
  facet normal 0 1 -0
    outer loop
      vertex 38 39 0
      vertex -38 39 0.0999994
      vertex 38 39 0.0999994
    endloop
  endfacet
  facet normal 0 1 0
    outer loop
      vertex -38 39 0.0999994
      vertex 38 39 0
      vertex -38 39 0
    endloop
  endfacet
  facet normal -0.75189 -0.659289 0
    outer loop
      vertex -43.6569 -36.6569 0
      vertex -44.3468 -35.8701 0.0999994
      vertex -44.3468 -35.8701 0
    endloop
  endfacet
  facet normal -0.75189 -0.659289 0
    outer loop
      vertex -44.3468 -35.8701 0.0999994
      vertex -43.6569 -36.6569 0
      vertex -43.6569 -36.6569 0.0999994
    endloop
  endfacet
  facet normal -0.0530247 -0.80948 0.584749
    outer loop
      vertex -38 -39 0.0999994
      vertex -35.0442 -34.9316 6
      vertex -39.0442 -38.9316 0.0999994
    endloop
  endfacet
  facet normal -0.0530247 -0.80948 0.584749
    outer loop
      vertex -35.0442 -34.9316 6
      vertex -38 -39 0.0999994
      vertex -34 -35 6
    endloop
  endfacet
  facet normal -0.327451 -0.66403 0.67219
    outer loop
      vertex -38 -33.9282 6
      vertex -41.0615 -38.391 0.0999994
      vertex -37.0615 -34.391 6
    endloop
  endfacet
  facet normal -0.327451 -0.66403 0.67219
    outer loop
      vertex -41.0615 -38.391 0.0999994
      vertex -38 -33.9282 6
      vertex -42 -37.9282 0.0999994
    endloop
  endfacet
  facet normal -0.47638 -0.54329 0.691302
    outer loop
      vertex -39.6569 -32.6569 6
      vertex -42.8701 -37.3468 0.0999994
      vertex -38.8701 -33.3468 6
    endloop
  endfacet
  facet normal -0.47638 -0.54329 0.691302
    outer loop
      vertex -42.8701 -37.3468 0.0999994
      vertex -39.6569 -32.6569 6
      vertex -43.6569 -36.6569 0.0999994
    endloop
  endfacet
  facet normal 0.0653646 -0.997861 0
    outer loop
      vertex 38 -39 0
      vertex 39.0442 -38.9316 0.0999994
      vertex 38 -39 0.0999994
    endloop
  endfacet
  facet normal 0.0653646 -0.997861 0
    outer loop
      vertex 39.0442 -38.9316 0.0999994
      vertex 38 -39 0
      vertex 39.0442 -38.9316 0
    endloop
  endfacet
  facet normal 0.327451 -0.66403 0.67219
    outer loop
      vertex 38 -33.9282 6
      vertex 41.0615 -38.391 0.0999994
      vertex 42 -37.9282 0.0999994
    endloop
  endfacet
  facet normal 0.327451 -0.66403 0.67219
    outer loop
      vertex 41.0615 -38.391 0.0999994
      vertex 38 -33.9282 6
      vertex 37.0615 -34.391 6
    endloop
  endfacet
  facet normal 1 -0 0
    outer loop
      vertex 46 -31 0.0999994
      vertex 46 31 0
      vertex 46 31 0.0999994
    endloop
  endfacet
  facet normal 1 0 0
    outer loop
      vertex 46 31 0
      vertex 46 -31 0.0999994
      vertex 46 -31 0
    endloop
  endfacet
  facet normal -0.152573 0.766898 0.62337
    outer loop
      vertex -39.0442 38.9316 0.0999994
      vertex -36.0706 34.7274 6
      vertex -35.0442 34.9316 6
    endloop
  endfacet
  facet normal -0.152573 0.766898 0.62337
    outer loop
      vertex -36.0706 34.7274 6
      vertex -39.0442 38.9316 0.0999994
      vertex -40.0706 38.7274 0.0999994
    endloop
  endfacet
  facet normal 0.997861 -0.0653646 0
    outer loop
      vertex 45.9316 -32.0442 0.0999994
      vertex 46 -31 0
      vertex 46 -31 0.0999994
    endloop
  endfacet
  facet normal 0.997861 -0.0653646 0
    outer loop
      vertex 46 -31 0
      vertex 45.9316 -32.0442 0.0999994
      vertex 45.9316 -32.0442 0
    endloop
  endfacet
  facet normal 0.75189 0.659289 0
    outer loop
      vertex 44.3468 35.8701 0.0999994
      vertex 43.6569 36.6569 0
      vertex 43.6569 36.6569 0.0999994
    endloop
  endfacet
  facet normal 0.75189 0.659289 0
    outer loop
      vertex 43.6569 36.6569 0
      vertex 44.3468 35.8701 0.0999994
      vertex 44.3468 35.8701 0
    endloop
  endfacet
  facet normal 0.442276 0.896879 -0
    outer loop
      vertex 42 37.9282 0
      vertex 41.0615 38.391 0.0999994
      vertex 42 37.9282 0.0999994
    endloop
  endfacet
  facet normal 0.442276 0.896879 0
    outer loop
      vertex 41.0615 38.391 0.0999994
      vertex 42 37.9282 0
      vertex 41.0615 38.391 0
    endloop
  endfacet
  facet normal 0.195124 0.980779 -0
    outer loop
      vertex 40.0706 38.7274 0
      vertex 39.0442 38.9316 0.0999994
      vertex 40.0706 38.7274 0.0999994
    endloop
  endfacet
  facet normal 0.195124 0.980779 0
    outer loop
      vertex 39.0442 38.9316 0.0999994
      vertex 40.0706 38.7274 0
      vertex 39.0442 38.9316 0
    endloop
  endfacet
  facet normal 0.0653646 0.997861 -0
    outer loop
      vertex 39.0442 38.9316 0
      vertex 38 39 0.0999994
      vertex 39.0442 38.9316 0.0999994
    endloop
  endfacet
  facet normal 0.0653646 0.997861 0
    outer loop
      vertex 38 39 0.0999994
      vertex 39.0442 38.9316 0
      vertex 38 39 0
    endloop
  endfacet
  facet normal -0.0653646 0.997861 0
    outer loop
      vertex -38 39 0
      vertex -39.0442 38.9316 0.0999994
      vertex -38 39 0.0999994
    endloop
  endfacet
  facet normal -0.0653646 0.997861 0
    outer loop
      vertex -39.0442 38.9316 0.0999994
      vertex -38 39 0
      vertex -39.0442 38.9316 0
    endloop
  endfacet
  facet normal -1 0 0
    outer loop
      vertex -46 -31 0
      vertex -46 31 0.0999994
      vertex -46 31 0
    endloop
  endfacet
  facet normal -1 -0 0
    outer loop
      vertex -46 31 0.0999994
      vertex -46 -31 0
      vertex -46 -31 0.0999994
    endloop
  endfacet
  facet normal -0.827709 0 0.561158
    outer loop
      vertex -46 31 0.0999994
      vertex -42 -27 6
      vertex -42 27 6
    endloop
  endfacet
  facet normal -0.827709 0 0.561158
    outer loop
      vertex -42 -27 6
      vertex -46 31 0.0999994
      vertex -46 -31 0.0999994
    endloop
  endfacet
  facet normal -0.321469 -0.94692 0
    outer loop
      vertex -41.0615 -38.391 0
      vertex -40.0706 -38.7274 0.0999994
      vertex -41.0615 -38.391 0.0999994
    endloop
  endfacet
  facet normal -0.321469 -0.94692 -0
    outer loop
      vertex -40.0706 -38.7274 0.0999994
      vertex -41.0615 -38.391 0
      vertex -40.0706 -38.7274 0
    endloop
  endfacet
  facet normal -0.243742 -0.717967 0.652007
    outer loop
      vertex -40.0706 -38.7274 0.0999994
      vertex -37.0615 -34.391 6
      vertex -41.0615 -38.391 0.0999994
    endloop
  endfacet
  facet normal -0.243742 -0.717967 0.652007
    outer loop
      vertex -37.0615 -34.391 6
      vertex -40.0706 -38.7274 0.0999994
      vertex -36.0706 -34.7274 6
    endloop
  endfacet
  facet normal -0.152573 -0.766898 0.62337
    outer loop
      vertex -39.0442 -38.9316 0.0999994
      vertex -36.0706 -34.7274 6
      vertex -40.0706 -38.7274 0.0999994
    endloop
  endfacet
  facet normal -0.152573 -0.766898 0.62337
    outer loop
      vertex -36.0706 -34.7274 6
      vertex -39.0442 -38.9316 0.0999994
      vertex -35.0442 -34.9316 6
    endloop
  endfacet
  facet normal -0.442276 -0.896879 0
    outer loop
      vertex -42 -37.9282 0
      vertex -41.0615 -38.391 0.0999994
      vertex -42 -37.9282 0.0999994
    endloop
  endfacet
  facet normal -0.442276 -0.896879 -0
    outer loop
      vertex -41.0615 -38.391 0.0999994
      vertex -42 -37.9282 0
      vertex -41.0615 -38.391 0
    endloop
  endfacet
  facet normal 0.0530247 -0.80948 0.584749
    outer loop
      vertex 38 -39 0.0999994
      vertex 35.0442 -34.9316 6
      vertex 34 -35 6
    endloop
  endfacet
  facet normal 0.0530247 -0.80948 0.584749
    outer loop
      vertex 35.0442 -34.9316 6
      vertex 38 -39 0.0999994
      vertex 39.0442 -38.9316 0.0999994
    endloop
  endfacet
  facet normal 0.47638 -0.54329 0.691302
    outer loop
      vertex 39.6569 -32.6569 6
      vertex 42.8701 -37.3468 0.0999994
      vertex 43.6569 -36.6569 0.0999994
    endloop
  endfacet
  facet normal 0.47638 -0.54329 0.691302
    outer loop
      vertex 42.8701 -37.3468 0.0999994
      vertex 39.6569 -32.6569 6
      vertex 38.8701 -33.3468 6
    endloop
  endfacet
  facet normal 0.896879 -0.442276 0
    outer loop
      vertex 44.9282 -35 0.0999994
      vertex 45.391 -34.0615 0
      vertex 45.391 -34.0615 0.0999994
    endloop
  endfacet
  facet normal 0.896879 -0.442276 0
    outer loop
      vertex 45.391 -34.0615 0
      vertex 44.9282 -35 0.0999994
      vertex 44.9282 -35 0
    endloop
  endfacet
  facet normal 0.831462 -0.555582 0
    outer loop
      vertex 44.3468 -35.8701 0.0999994
      vertex 44.9282 -35 0
      vertex 44.9282 -35 0.0999994
    endloop
  endfacet
  facet normal 0.831462 -0.555582 0
    outer loop
      vertex 44.9282 -35 0
      vertex 44.3468 -35.8701 0.0999994
      vertex 44.3468 -35.8701 0
    endloop
  endfacet
  facet normal 0.980779 -0.195124 0
    outer loop
      vertex 45.7274 -33.0706 0.0999994
      vertex 45.9316 -32.0442 0
      vertex 45.9316 -32.0442 0.0999994
    endloop
  endfacet
  facet normal 0.980779 -0.195124 0
    outer loop
      vertex 45.9316 -32.0442 0
      vertex 45.7274 -33.0706 0.0999994
      vertex 45.7274 -33.0706 0
    endloop
  endfacet
  facet normal 0.243742 0.717967 0.652007
    outer loop
      vertex 40.0706 38.7274 0.0999994
      vertex 37.0615 34.391 6
      vertex 41.0615 38.391 0.0999994
    endloop
  endfacet
  facet normal 0.243742 0.717967 0.652007
    outer loop
      vertex 37.0615 34.391 6
      vertex 40.0706 38.7274 0.0999994
      vertex 36.0706 34.7274 6
    endloop
  endfacet
  facet normal 0.321469 0.94692 -0
    outer loop
      vertex 41.0615 38.391 0
      vertex 40.0706 38.7274 0.0999994
      vertex 41.0615 38.391 0.0999994
    endloop
  endfacet
  facet normal 0.321469 0.94692 0
    outer loop
      vertex 40.0706 38.7274 0.0999994
      vertex 41.0615 38.391 0
      vertex 40.0706 38.7274 0
    endloop
  endfacet
  facet normal -0.997861 0.0653646 0
    outer loop
      vertex -46 31 0
      vertex -45.9316 32.0442 0.0999994
      vertex -45.9316 32.0442 0
    endloop
  endfacet
  facet normal -0.997861 0.0653646 0
    outer loop
      vertex -45.9316 32.0442 0.0999994
      vertex -46 31 0
      vertex -46 31 0.0999994
    endloop
  endfacet
  facet normal -0.766898 0.152573 0.62337
    outer loop
      vertex -45.9316 32.0442 0.0999994
      vertex -41.7274 29.0706 6
      vertex -45.7274 33.0706 0.0999994
    endloop
  endfacet
  facet normal -0.766898 0.152573 0.62337
    outer loop
      vertex -41.7274 29.0706 6
      vertex -45.9316 32.0442 0.0999994
      vertex -41.9316 28.0442 6
    endloop
  endfacet
  facet normal -0.831462 -0.555582 0
    outer loop
      vertex -44.3468 -35.8701 0
      vertex -44.9282 -35 0.0999994
      vertex -44.9282 -35 0
    endloop
  endfacet
  facet normal -0.831462 -0.555582 0
    outer loop
      vertex -44.9282 -35 0.0999994
      vertex -44.3468 -35.8701 0
      vertex -44.3468 -35.8701 0.0999994
    endloop
  endfacet
  facet normal -0.66403 -0.327451 0.67219
    outer loop
      vertex -45.391 -34.0615 0.0999994
      vertex -40.9282 -31 6
      vertex -41.391 -30.0615 6
    endloop
  endfacet
  facet normal -0.66403 -0.327451 0.67219
    outer loop
      vertex -40.9282 -31 6
      vertex -45.391 -34.0615 0.0999994
      vertex -44.9282 -35 0.0999994
    endloop
  endfacet
  facet normal -0.997861 -0.0653646 0
    outer loop
      vertex -45.9316 -32.0442 0
      vertex -46 -31 0.0999994
      vertex -46 -31 0
    endloop
  endfacet
  facet normal -0.997861 -0.0653646 0
    outer loop
      vertex -46 -31 0.0999994
      vertex -45.9316 -32.0442 0
      vertex -45.9316 -32.0442 0.0999994
    endloop
  endfacet
  facet normal -0.0653646 -0.997861 0
    outer loop
      vertex -39.0442 -38.9316 0
      vertex -38 -39 0.0999994
      vertex -39.0442 -38.9316 0.0999994
    endloop
  endfacet
  facet normal -0.0653646 -0.997861 -0
    outer loop
      vertex -38 -39 0.0999994
      vertex -39.0442 -38.9316 0
      vertex -38 -39 0
    endloop
  endfacet
  facet normal -0.195124 -0.980779 0
    outer loop
      vertex -40.0706 -38.7274 0
      vertex -39.0442 -38.9316 0.0999994
      vertex -40.0706 -38.7274 0.0999994
    endloop
  endfacet
  facet normal -0.195124 -0.980779 -0
    outer loop
      vertex -39.0442 -38.9316 0.0999994
      vertex -40.0706 -38.7274 0
      vertex -39.0442 -38.9316 0
    endloop
  endfacet
  facet normal -0.555582 -0.831462 0
    outer loop
      vertex -42.8701 -37.3468 0
      vertex -42 -37.9282 0.0999994
      vertex -42.8701 -37.3468 0.0999994
    endloop
  endfacet
  facet normal -0.555582 -0.831462 -0
    outer loop
      vertex -42 -37.9282 0.0999994
      vertex -42.8701 -37.3468 0
      vertex -42 -37.9282 0
    endloop
  endfacet
  facet normal -0.404738 -0.605715 0.685053
    outer loop
      vertex -38.8701 -33.3468 6
      vertex -42 -37.9282 0.0999994
      vertex -38 -33.9282 6
    endloop
  endfacet
  facet normal -0.404738 -0.605715 0.685053
    outer loop
      vertex -42 -37.9282 0.0999994
      vertex -38.8701 -33.3468 6
      vertex -42.8701 -37.3468 0.0999994
    endloop
  endfacet
  facet normal 0.75189 -0.659289 0
    outer loop
      vertex 43.6569 -36.6569 0.0999994
      vertex 44.3468 -35.8701 0
      vertex 44.3468 -35.8701 0.0999994
    endloop
  endfacet
  facet normal 0.75189 -0.659289 0
    outer loop
      vertex 44.3468 -35.8701 0
      vertex 43.6569 -36.6569 0.0999994
      vertex 43.6569 -36.6569 0
    endloop
  endfacet
  facet normal 0.555582 -0.831462 0
    outer loop
      vertex 42 -37.9282 0
      vertex 42.8701 -37.3468 0.0999994
      vertex 42 -37.9282 0.0999994
    endloop
  endfacet
  facet normal 0.555582 -0.831462 0
    outer loop
      vertex 42.8701 -37.3468 0.0999994
      vertex 42 -37.9282 0
      vertex 42.8701 -37.3468 0
    endloop
  endfacet
  facet normal 0.442276 -0.896879 0
    outer loop
      vertex 41.0615 -38.391 0
      vertex 42 -37.9282 0.0999994
      vertex 41.0615 -38.391 0.0999994
    endloop
  endfacet
  facet normal 0.442276 -0.896879 0
    outer loop
      vertex 42 -37.9282 0.0999994
      vertex 41.0615 -38.391 0
      vertex 42 -37.9282 0
    endloop
  endfacet
  facet normal 0.321469 -0.94692 0
    outer loop
      vertex 40.0706 -38.7274 0
      vertex 41.0615 -38.391 0.0999994
      vertex 40.0706 -38.7274 0.0999994
    endloop
  endfacet
  facet normal 0.321469 -0.94692 0
    outer loop
      vertex 41.0615 -38.391 0.0999994
      vertex 40.0706 -38.7274 0
      vertex 41.0615 -38.391 0
    endloop
  endfacet
  facet normal 0.404738 -0.605715 0.685053
    outer loop
      vertex 38.8701 -33.3468 6
      vertex 42 -37.9282 0.0999994
      vertex 42.8701 -37.3468 0.0999994
    endloop
  endfacet
  facet normal 0.404738 -0.605715 0.685053
    outer loop
      vertex 42 -37.9282 0.0999994
      vertex 38.8701 -33.3468 6
      vertex 38 -33.9282 6
    endloop
  endfacet
  facet normal 0.54329 -0.47638 0.691302
    outer loop
      vertex 39.6569 -32.6569 6
      vertex 44.3468 -35.8701 0.0999994
      vertex 40.3468 -31.8701 6
    endloop
  endfacet
  facet normal 0.54329 -0.47638 0.691302
    outer loop
      vertex 44.3468 -35.8701 0.0999994
      vertex 39.6569 -32.6569 6
      vertex 43.6569 -36.6569 0.0999994
    endloop
  endfacet
  facet normal 0.766898 -0.152573 0.62337
    outer loop
      vertex 41.7274 -29.0706 6
      vertex 45.9316 -32.0442 0.0999994
      vertex 41.9316 -28.0442 6
    endloop
  endfacet
  facet normal 0.766898 -0.152573 0.62337
    outer loop
      vertex 45.9316 -32.0442 0.0999994
      vertex 41.7274 -29.0706 6
      vertex 45.7274 -33.0706 0.0999994
    endloop
  endfacet
  facet normal 0.605715 -0.404738 0.685053
    outer loop
      vertex 40.3468 -31.8701 6
      vertex 44.9282 -35 0.0999994
      vertex 40.9282 -31 6
    endloop
  endfacet
  facet normal 0.605715 -0.404738 0.685053
    outer loop
      vertex 44.9282 -35 0.0999994
      vertex 40.3468 -31.8701 6
      vertex 44.3468 -35.8701 0.0999994
    endloop
  endfacet
  facet normal 0.66403 -0.327451 0.67219
    outer loop
      vertex 40.9282 -31 6
      vertex 45.391 -34.0615 0.0999994
      vertex 41.391 -30.0615 6
    endloop
  endfacet
  facet normal 0.66403 -0.327451 0.67219
    outer loop
      vertex 45.391 -34.0615 0.0999994
      vertex 40.9282 -31 6
      vertex 44.9282 -35 0.0999994
    endloop
  endfacet
  facet normal 0.997861 0.0653646 0
    outer loop
      vertex 46 31 0.0999994
      vertex 45.9316 32.0442 0
      vertex 45.9316 32.0442 0.0999994
    endloop
  endfacet
  facet normal 0.997861 0.0653646 0
    outer loop
      vertex 45.9316 32.0442 0
      vertex 46 31 0.0999994
      vertex 46 31 0
    endloop
  endfacet
  facet normal 0.94692 0.321469 0
    outer loop
      vertex 45.7274 33.0706 0.0999994
      vertex 45.391 34.0615 0
      vertex 45.391 34.0615 0.0999994
    endloop
  endfacet
  facet normal 0.94692 0.321469 0
    outer loop
      vertex 45.391 34.0615 0
      vertex 45.7274 33.0706 0.0999994
      vertex 45.7274 33.0706 0
    endloop
  endfacet
  facet normal 0.896879 0.442276 0
    outer loop
      vertex 45.391 34.0615 0.0999994
      vertex 44.9282 35 0
      vertex 44.9282 35 0.0999994
    endloop
  endfacet
  facet normal 0.896879 0.442276 0
    outer loop
      vertex 44.9282 35 0
      vertex 45.391 34.0615 0.0999994
      vertex 45.391 34.0615 0
    endloop
  endfacet
  facet normal 0.327451 0.66403 0.67219
    outer loop
      vertex 41.0615 38.391 0.0999994
      vertex 38 33.9282 6
      vertex 42 37.9282 0.0999994
    endloop
  endfacet
  facet normal 0.327451 0.66403 0.67219
    outer loop
      vertex 38 33.9282 6
      vertex 41.0615 38.391 0.0999994
      vertex 37.0615 34.391 6
    endloop
  endfacet
  facet normal 0.152573 0.766898 0.62337
    outer loop
      vertex 39.0442 38.9316 0.0999994
      vertex 36.0706 34.7274 6
      vertex 40.0706 38.7274 0.0999994
    endloop
  endfacet
  facet normal 0.152573 0.766898 0.62337
    outer loop
      vertex 36.0706 34.7274 6
      vertex 39.0442 38.9316 0.0999994
      vertex 35.0442 34.9316 6
    endloop
  endfacet
  facet normal 0.0530247 0.80948 0.584749
    outer loop
      vertex 38 39 0.0999994
      vertex 35.0442 34.9316 6
      vertex 39.0442 38.9316 0.0999994
    endloop
  endfacet
  facet normal 0.0530247 0.80948 0.584749
    outer loop
      vertex 35.0442 34.9316 6
      vertex 38 39 0.0999994
      vertex 34 35 6
    endloop
  endfacet
  facet normal 0.404738 0.605715 0.685053
    outer loop
      vertex 42 37.9282 0.0999994
      vertex 38.8701 33.3468 6
      vertex 42.8701 37.3468 0.0999994
    endloop
  endfacet
  facet normal 0.404738 0.605715 0.685053
    outer loop
      vertex 38.8701 33.3468 6
      vertex 42 37.9282 0.0999994
      vertex 38 33.9282 6
    endloop
  endfacet
  facet normal 0.555582 0.831462 -0
    outer loop
      vertex 42.8701 37.3468 0
      vertex 42 37.9282 0.0999994
      vertex 42.8701 37.3468 0.0999994
    endloop
  endfacet
  facet normal 0.555582 0.831462 0
    outer loop
      vertex 42 37.9282 0.0999994
      vertex 42.8701 37.3468 0
      vertex 42 37.9282 0
    endloop
  endfacet
  facet normal 0.659289 0.75189 -0
    outer loop
      vertex 43.6569 36.6569 0
      vertex 42.8701 37.3468 0.0999994
      vertex 43.6569 36.6569 0.0999994
    endloop
  endfacet
  facet normal 0.659289 0.75189 0
    outer loop
      vertex 42.8701 37.3468 0.0999994
      vertex 43.6569 36.6569 0
      vertex 42.8701 37.3468 0
    endloop
  endfacet
  facet normal -0.80948 0.0530247 0.584749
    outer loop
      vertex -46 31 0.0999994
      vertex -41.9316 28.0442 6
      vertex -45.9316 32.0442 0.0999994
    endloop
  endfacet
  facet normal -0.80948 0.0530247 0.584749
    outer loop
      vertex -41.9316 28.0442 6
      vertex -46 31 0.0999994
      vertex -42 27 6
    endloop
  endfacet
  facet normal -0.54329 -0.47638 0.691302
    outer loop
      vertex -44.3468 -35.8701 0.0999994
      vertex -39.6569 -32.6569 6
      vertex -40.3468 -31.8701 6
    endloop
  endfacet
  facet normal -0.54329 -0.47638 0.691302
    outer loop
      vertex -39.6569 -32.6569 6
      vertex -44.3468 -35.8701 0.0999994
      vertex -43.6569 -36.6569 0.0999994
    endloop
  endfacet
  facet normal -0.80948 -0.0530247 0.584749
    outer loop
      vertex -46 -31 0.0999994
      vertex -41.9316 -28.0442 6
      vertex -42 -27 6
    endloop
  endfacet
  facet normal -0.80948 -0.0530247 0.584749
    outer loop
      vertex -41.9316 -28.0442 6
      vertex -46 -31 0.0999994
      vertex -45.9316 -32.0442 0.0999994
    endloop
  endfacet
  facet normal 0 0 1
    outer loop
      vertex 34 35 6
      vertex 42 27 6
      vertex 41.9316 28.0442 6
    endloop
  endfacet
  facet normal 0 0 1
    outer loop
      vertex 42 27 6
      vertex 20.4968 10.5744 6
      vertex 42 -27 6
    endloop
  endfacet
  facet normal 0 0 1
    outer loop
      vertex 34 35 6
      vertex 41.9316 28.0442 6
      vertex 41.7274 29.0706 6
    endloop
  endfacet
  facet normal 0 0 1
    outer loop
      vertex 42 27 6
      vertex 20.8224 11.415 6
      vertex 20.4968 10.5744 6
    endloop
  endfacet
  facet normal 0 0 1
    outer loop
      vertex 34 35 6
      vertex 41.7274 29.0706 6
      vertex 41.391 30.0615 6
    endloop
  endfacet
  facet normal -0 0 1
    outer loop
      vertex 20.4899 10.5613 6
      vertex 42 -27 6
      vertex 20.4968 10.5744 6
    endloop
  endfacet
  facet normal 0 0 1
    outer loop
      vertex 34 35 6
      vertex 41.391 30.0615 6
      vertex 40.9282 31 6
    endloop
  endfacet
  facet normal -0 0 1
    outer loop
      vertex 20.3789 10.3498 6
      vertex 42 -27 6
      vertex 20.4899 10.5613 6
    endloop
  endfacet
  facet normal 0 0 1
    outer loop
      vertex 34 35 6
      vertex 40.9282 31 6
      vertex 40.3468 31.8701 6
    endloop
  endfacet
  facet normal -0 0 1
    outer loop
      vertex 20.262 10.2058 6
      vertex 42 -27 6
      vertex 20.3789 10.3498 6
    endloop
  endfacet
  facet normal 0 0 1
    outer loop
      vertex 34 35 6
      vertex 40.3468 31.8701 6
      vertex 39.6569 32.6569 6
    endloop
  endfacet
  facet normal -0 0 1
    outer loop
      vertex 20.1307 10.044 6
      vertex 42 -27 6
      vertex 20.262 10.2058 6
    endloop
  endfacet
  facet normal 0 0 1
    outer loop
      vertex 34 35 6
      vertex 39.6569 32.6569 6
      vertex 38.8701 33.3468 6
    endloop
  endfacet
  facet normal -0 0 1
    outer loop
      vertex 20.0184 9.947 6
      vertex 42 -27 6
      vertex 20.1307 10.044 6
    endloop
  endfacet
  facet normal 0 0 1
    outer loop
      vertex 34 35 6
      vertex 38.8701 33.3468 6
      vertex 38 33.9282 6
    endloop
  endfacet
  facet normal -0 0 1
    outer loop
      vertex 19.8505 9.83977 6
      vertex 42 -27 6
      vertex 20.0184 9.947 6
    endloop
  endfacet
  facet normal 0 0 1
    outer loop
      vertex 34 35 6
      vertex 38 33.9282 6
      vertex 37.0615 34.391 6
    endloop
  endfacet
  facet normal 0 0 1
    outer loop
      vertex 42 27 6
      vertex 21.0651 12.2375 6
      vertex 20.8224 11.415 6
    endloop
  endfacet
  facet normal 0 0 1
    outer loop
      vertex 34 35 6
      vertex 37.0615 34.391 6
      vertex 36.0706 34.7274 6
    endloop
  endfacet
  facet normal 0 0 1
    outer loop
      vertex 42 27 6
      vertex 21.1168 12.4125 6
      vertex 21.0651 12.2375 6
    endloop
  endfacet
  facet normal 0 0 1
    outer loop
      vertex 34 35 6
      vertex 36.0706 34.7274 6
      vertex 35.0442 34.9316 6
    endloop
  endfacet
  facet normal -0 0 1
    outer loop
      vertex 19.7501 9.77562 6
      vertex 42 -27 6
      vertex 19.8505 9.83977 6
    endloop
  endfacet
  facet normal 0 0 1
    outer loop
      vertex 42 27 6
      vertex 34 35 6
      vertex 21.8408 21.904 6
    endloop
  endfacet
  facet normal -0 0 1
    outer loop
      vertex 19.4936 9.67793 6
      vertex 42 -27 6
      vertex 19.7501 9.77562 6
    endloop
  endfacet
  facet normal 0 0 1
    outer loop
      vertex 42 27 6
      vertex 21.9936 21.1088 6
      vertex 21.9936 20.5911 6
    endloop
  endfacet
  facet normal 0 0 1
    outer loop
      vertex 42 27 6
      vertex 21.9424 21.5116 6
      vertex 21.9936 21.1088 6
    endloop
  endfacet
  facet normal 0 0 1
    outer loop
      vertex 42 27 6
      vertex 21.942 21.5132 6
      vertex 21.9424 21.5116 6
    endloop
  endfacet
  facet normal 0 0 1
    outer loop
      vertex 42 27 6
      vertex 21.8408 21.904 6
      vertex 21.942 21.5132 6
    endloop
  endfacet
  facet normal 0 0 1
    outer loop
      vertex 34 35 6
      vertex 21.6906 22.2793 6
      vertex 21.8408 21.904 6
    endloop
  endfacet
  facet normal 0 0 1
    outer loop
      vertex 34 35 6
      vertex 21.4944 22.6312 6
      vertex 21.6906 22.2793 6
    endloop
  endfacet
  facet normal 0 0 1
    outer loop
      vertex 34 35 6
      vertex 21.4923 22.634 6
      vertex 21.4944 22.6312 6
    endloop
  endfacet
  facet normal 0 0 1
    outer loop
      vertex 34 35 6
      vertex 21.2555 22.9535 6
      vertex 21.4923 22.634 6
    endloop
  endfacet
  facet normal 0 0 1
    outer loop
      vertex 34 35 6
      vertex 20.9812 23.2375 6
      vertex 21.2555 22.9535 6
    endloop
  endfacet
  facet normal 0 0 1
    outer loop
      vertex 34 35 6
      vertex 20.978 23.2408 6
      vertex 20.9812 23.2375 6
    endloop
  endfacet
  facet normal 0 0 1
    outer loop
      vertex 34 35 6
      vertex 20.9745 23.2436 6
      vertex 20.978 23.2408 6
    endloop
  endfacet
  facet normal 0 0 1
    outer loop
      vertex 34 35 6
      vertex 20.6667 23.4881 6
      vertex 20.9745 23.2436 6
    endloop
  endfacet
  facet normal 0 0 1
    outer loop
      vertex 34 35 6
      vertex 20.3314 23.6885 6
      vertex 20.6667 23.4881 6
    endloop
  endfacet
  facet normal 0 0 1
    outer loop
      vertex 34 35 6
      vertex 20.3269 23.6912 6
      vertex 20.3314 23.6885 6
    endloop
  endfacet
  facet normal 0 0 1
    outer loop
      vertex 34 35 6
      vertex 20.322 23.6933 6
      vertex 20.3269 23.6912 6
    endloop
  endfacet
  facet normal 0 0 1
    outer loop
      vertex 34 35 6
      vertex 19.9643 23.8467 6
      vertex 20.322 23.6933 6
    endloop
  endfacet
  facet normal 0 0 1
    outer loop
      vertex 34 35 6
      vertex 19.5853 23.9518 6
      vertex 19.9643 23.8467 6
    endloop
  endfacet
  facet normal 0 0 1
    outer loop
      vertex 34 35 6
      vertex 19.1962 24.0049 6
      vertex 19.5853 23.9518 6
    endloop
  endfacet
  facet normal 0 0 1
    outer loop
      vertex 34 35 6
      vertex 19.196 24.0049 6
      vertex 19.1962 24.0049 6
    endloop
  endfacet
  facet normal 0 0 1
    outer loop
      vertex 34 35 6
      vertex 19.1958 24.0049 6
      vertex 19.196 24.0049 6
    endloop
  endfacet
  facet normal 0 0 1
    outer loop
      vertex 34 35 6
      vertex 19.1393 24.0049 6
      vertex 19.1958 24.0049 6
    endloop
  endfacet
  facet normal 0 0 1
    outer loop
      vertex 34 35 6
      vertex 19.0282 24.0049 6
      vertex 19.1393 24.0049 6
    endloop
  endfacet
  facet normal 0 0 1
    outer loop
      vertex 34 35 6
      vertex -19.0282 24.0049 6
      vertex 19.0282 24.0049 6
    endloop
  endfacet
  facet normal -0 0 1
    outer loop
      vertex -34 35 6
      vertex -19.0282 24.0049 6
      vertex 34 35 6
    endloop
  endfacet
  facet normal 0 0 1
    outer loop
      vertex -19.0282 24.0049 6
      vertex -34 35 6
      vertex -19.1393 24.0049 6
    endloop
  endfacet
  facet normal 0 0 1
    outer loop
      vertex -19.1393 24.0049 6
      vertex -34 35 6
      vertex -19.1958 24.0049 6
    endloop
  endfacet
  facet normal 0 0 1
    outer loop
      vertex -19.1958 24.0049 6
      vertex -34 35 6
      vertex -19.196 24.0049 6
    endloop
  endfacet
  facet normal 0 0 1
    outer loop
      vertex -19.196 24.0049 6
      vertex -34 35 6
      vertex -19.1962 24.0049 6
    endloop
  endfacet
  facet normal 0 0 1
    outer loop
      vertex -34 35 6
      vertex -20.3314 23.6885 6
      vertex -20.3269 23.6912 6
    endloop
  endfacet
  facet normal 0 0 1
    outer loop
      vertex -42 27 6
      vertex -21.942 21.5132 6
      vertex -21.8408 21.904 6
    endloop
  endfacet
  facet normal 0 0 1
    outer loop
      vertex -21.9424 21.5116 6
      vertex -42 27 6
      vertex -21.9936 21.1088 6
    endloop
  endfacet
  facet normal 0 0 1
    outer loop
      vertex -21.942 21.5132 6
      vertex -42 27 6
      vertex -21.9424 21.5116 6
    endloop
  endfacet
  facet normal -0 0 1
    outer loop
      vertex -42 27 6
      vertex -21.8408 21.904 6
      vertex -34 35 6
    endloop
  endfacet
  facet normal 0 0 1
    outer loop
      vertex -21.6906 22.2793 6
      vertex -34 35 6
      vertex -21.8408 21.904 6
    endloop
  endfacet
  facet normal 0 0 1
    outer loop
      vertex -21.4944 22.6312 6
      vertex -34 35 6
      vertex -21.6906 22.2793 6
    endloop
  endfacet
  facet normal 0 0 1
    outer loop
      vertex -21.4923 22.634 6
      vertex -34 35 6
      vertex -21.4944 22.6312 6
    endloop
  endfacet
  facet normal 0 0 1
    outer loop
      vertex -21.2555 22.9535 6
      vertex -34 35 6
      vertex -21.4923 22.634 6
    endloop
  endfacet
  facet normal 0 0 1
    outer loop
      vertex -20.9812 23.2375 6
      vertex -34 35 6
      vertex -21.2555 22.9535 6
    endloop
  endfacet
  facet normal 0 0 1
    outer loop
      vertex -20.978 23.2408 6
      vertex -34 35 6
      vertex -20.9812 23.2375 6
    endloop
  endfacet
  facet normal 0 0 1
    outer loop
      vertex -20.9745 23.2436 6
      vertex -34 35 6
      vertex -20.978 23.2408 6
    endloop
  endfacet
  facet normal 0 0 1
    outer loop
      vertex -20.6667 23.4881 6
      vertex -34 35 6
      vertex -20.9745 23.2436 6
    endloop
  endfacet
  facet normal 0 0 1
    outer loop
      vertex -20.3314 23.6885 6
      vertex -34 35 6
      vertex -20.6667 23.4881 6
    endloop
  endfacet
  facet normal 0 0 1
    outer loop
      vertex -20.322 23.6933 6
      vertex -34 35 6
      vertex -20.3269 23.6912 6
    endloop
  endfacet
  facet normal 0 0 1
    outer loop
      vertex -19.9643 23.8467 6
      vertex -34 35 6
      vertex -20.322 23.6933 6
    endloop
  endfacet
  facet normal 0 0 1
    outer loop
      vertex -19.5853 23.9518 6
      vertex -34 35 6
      vertex -19.9643 23.8467 6
    endloop
  endfacet
  facet normal 0 0 1
    outer loop
      vertex -19.1962 24.0049 6
      vertex -34 35 6
      vertex -19.5853 23.9518 6
    endloop
  endfacet
  facet normal 0 0 1
    outer loop
      vertex 42 27 6
      vertex 21.9936 20.5911 6
      vertex 21.9722 19.3309 6
    endloop
  endfacet
  facet normal 0 0 1
    outer loop
      vertex 42 27 6
      vertex 21.9722 19.3309 6
      vertex 21.968 19.0814 6
    endloop
  endfacet
  facet normal 0 0 1
    outer loop
      vertex 42 27 6
      vertex 21.968 19.0814 6
      vertex 21.8916 17.5975 6
    endloop
  endfacet
  facet normal 0 0 1
    outer loop
      vertex 42 27 6
      vertex 21.8916 17.5975 6
      vertex 21.8442 17.0582 6
    endloop
  endfacet
  facet normal 0 0 1
    outer loop
      vertex 42 27 6
      vertex 21.8442 17.0582 6
      vertex 21.7657 16.1649 6
    endloop
  endfacet
  facet normal 0 0 1
    outer loop
      vertex 42 27 6
      vertex 21.7657 16.1649 6
      vertex 21.6826 15.5136 6
    endloop
  endfacet
  facet normal 0 0 1
    outer loop
      vertex 42 27 6
      vertex 21.6826 15.5136 6
      vertex 21.5925 14.808 6
    endloop
  endfacet
  facet normal 0 0 1
    outer loop
      vertex 42 27 6
      vertex 21.5925 14.808 6
      vertex 21.375 13.55 6
    endloop
  endfacet
  facet normal 0 0 1
    outer loop
      vertex 42 27 6
      vertex 21.375 13.55 6
      vertex 21.1168 12.4125 6
    endloop
  endfacet
  facet normal -0 0 1
    outer loop
      vertex 19.3734 9.63214 6
      vertex 42 -27 6
      vertex 19.4936 9.67793 6
    endloop
  endfacet
  facet normal -0 0 1
    outer loop
      vertex 19.3056 9.62356 6
      vertex 42 -27 6
      vertex 19.3734 9.63214 6
    endloop
  endfacet
  facet normal 0 0 1
    outer loop
      vertex 42 -27 6
      vertex 34 -35 6
      vertex 41.9316 -28.0442 6
    endloop
  endfacet
  facet normal 0 0 1
    outer loop
      vertex 41.9316 -28.0442 6
      vertex 34 -35 6
      vertex 41.7274 -29.0706 6
    endloop
  endfacet
  facet normal 0 0 1
    outer loop
      vertex 41.7274 -29.0706 6
      vertex 34 -35 6
      vertex 41.391 -30.0615 6
    endloop
  endfacet
  facet normal 0 0 1
    outer loop
      vertex 40.3468 -31.8701 6
      vertex 34 -35 6
      vertex 39.6569 -32.6569 6
    endloop
  endfacet
  facet normal 0 0 1
    outer loop
      vertex 39.6569 -32.6569 6
      vertex 34 -35 6
      vertex 38.8701 -33.3468 6
    endloop
  endfacet
  facet normal 0 0 1
    outer loop
      vertex 38.8701 -33.3468 6
      vertex 34 -35 6
      vertex 38 -33.9282 6
    endloop
  endfacet
  facet normal 0 0 1
    outer loop
      vertex 36.0706 -34.7274 6
      vertex 34 -35 6
      vertex 35.0442 -34.9316 6
    endloop
  endfacet
  facet normal 0 0 1
    outer loop
      vertex 38 -33.9282 6
      vertex 34 -35 6
      vertex 37.0615 -34.391 6
    endloop
  endfacet
  facet normal 0 0 1
    outer loop
      vertex 37.0615 -34.391 6
      vertex 34 -35 6
      vertex 36.0706 -34.7274 6
    endloop
  endfacet
  facet normal 0 0 1
    outer loop
      vertex 41.391 -30.0615 6
      vertex 34 -35 6
      vertex 40.9282 -31 6
    endloop
  endfacet
  facet normal 0 0 1
    outer loop
      vertex 40.9282 -31 6
      vertex 34 -35 6
      vertex 40.3468 -31.8701 6
    endloop
  endfacet
  facet normal -0 0 1
    outer loop
      vertex 19 9.58486 6
      vertex 42 -27 6
      vertex 19.3056 9.62356 6
    endloop
  endfacet
  facet normal 0 0 1
    outer loop
      vertex 42 -27 6
      vertex 19 9.58486 6
      vertex 34 -35 6
    endloop
  endfacet
  facet normal -0 0 1
    outer loop
      vertex -19 9.58486 6
      vertex 34 -35 6
      vertex 19 9.58486 6
    endloop
  endfacet
  facet normal 0 0 1
    outer loop
      vertex -42 -27 6
      vertex -19 9.58486 6
      vertex -19.3056 9.62356 6
    endloop
  endfacet
  facet normal 0 0 1
    outer loop
      vertex -42 -27 6
      vertex -19.3056 9.62356 6
      vertex -19.3734 9.63214 6
    endloop
  endfacet
  facet normal 0 0 1
    outer loop
      vertex -42 -27 6
      vertex -19.3734 9.63214 6
      vertex -19.4936 9.67793 6
    endloop
  endfacet
  facet normal 0 0 1
    outer loop
      vertex -42 -27 6
      vertex -19.4936 9.67793 6
      vertex -19.7501 9.77562 6
    endloop
  endfacet
  facet normal 0 0 1
    outer loop
      vertex -42 -27 6
      vertex -19.7501 9.77562 6
      vertex -19.8505 9.83977 6
    endloop
  endfacet
  facet normal 0 0 1
    outer loop
      vertex -42 -27 6
      vertex -19.8505 9.83977 6
      vertex -20.0184 9.947 6
    endloop
  endfacet
  facet normal 0 0 1
    outer loop
      vertex -20.3789 10.3498 6
      vertex -20.1307 10.044 6
      vertex -20.262 10.2058 6
    endloop
  endfacet
  facet normal 0 0 1
    outer loop
      vertex -20.4968 10.5744 6
      vertex -20.3789 10.3498 6
      vertex -20.4899 10.5613 6
    endloop
  endfacet
  facet normal 0 0 1
    outer loop
      vertex -42 27 6
      vertex -21.0651 12.2375 6
      vertex -21.1168 12.4125 6
    endloop
  endfacet
  facet normal 0 0 1
    outer loop
      vertex -42 27 6
      vertex -21.6826 15.5136 6
      vertex -21.7657 16.1649 6
    endloop
  endfacet
  facet normal 0 0 1
    outer loop
      vertex -42 27 6
      vertex -21.8442 17.0582 6
      vertex -21.8916 17.5975 6
    endloop
  endfacet
  facet normal 0 0 1
    outer loop
      vertex -21.9936 21.1088 6
      vertex -42 27 6
      vertex -21.9936 20.5911 6
    endloop
  endfacet
  facet normal 0 0 1
    outer loop
      vertex -21.9936 20.5911 6
      vertex -42 27 6
      vertex -21.9722 19.3309 6
    endloop
  endfacet
  facet normal 0 0 1
    outer loop
      vertex -21.9722 19.3309 6
      vertex -42 27 6
      vertex -21.968 19.0814 6
    endloop
  endfacet
  facet normal 0 0 1
    outer loop
      vertex -21.968 19.0814 6
      vertex -42 27 6
      vertex -21.8916 17.5975 6
    endloop
  endfacet
  facet normal 0 0 1
    outer loop
      vertex -21.8442 17.0582 6
      vertex -42 27 6
      vertex -21.7657 16.1649 6
    endloop
  endfacet
  facet normal 0 0 1
    outer loop
      vertex -21.6826 15.5136 6
      vertex -42 27 6
      vertex -21.5925 14.808 6
    endloop
  endfacet
  facet normal 0 0 1
    outer loop
      vertex -21.5925 14.808 6
      vertex -42 27 6
      vertex -21.375 13.55 6
    endloop
  endfacet
  facet normal 0 0 1
    outer loop
      vertex -21.375 13.55 6
      vertex -42 27 6
      vertex -21.1168 12.4125 6
    endloop
  endfacet
  facet normal 0 0 1
    outer loop
      vertex -21.0651 12.2375 6
      vertex -42 27 6
      vertex -20.8224 11.415 6
    endloop
  endfacet
  facet normal 0 0 1
    outer loop
      vertex -20.8224 11.415 6
      vertex -42 27 6
      vertex -20.4968 10.5744 6
    endloop
  endfacet
  facet normal 0 0 1
    outer loop
      vertex -19 9.58486 6
      vertex -34 -35 6
      vertex 34 -35 6
    endloop
  endfacet
  facet normal 0 0 1
    outer loop
      vertex -42 -27 6
      vertex -20.0184 9.947 6
      vertex -20.1307 10.044 6
    endloop
  endfacet
  facet normal 0 0 1
    outer loop
      vertex -42 -27 6
      vertex -20.1307 10.044 6
      vertex -20.3789 10.3498 6
    endloop
  endfacet
  facet normal 0 0 1
    outer loop
      vertex -42 -27 6
      vertex -20.4968 10.5744 6
      vertex -42 27 6
    endloop
  endfacet
  facet normal 0 0 1
    outer loop
      vertex -42 27 6
      vertex -34 35 6
      vertex -35.0442 34.9316 6
    endloop
  endfacet
  facet normal 0 0 1
    outer loop
      vertex -20.4968 10.5744 6
      vertex -42 -27 6
      vertex -20.3789 10.3498 6
    endloop
  endfacet
  facet normal 0 0 1
    outer loop
      vertex -42 27 6
      vertex -35.0442 34.9316 6
      vertex -36.0706 34.7274 6
    endloop
  endfacet
  facet normal 0 0 1
    outer loop
      vertex -19 9.58486 6
      vertex -42 -27 6
      vertex -34 -35 6
    endloop
  endfacet
  facet normal 0 0 1
    outer loop
      vertex -42 27 6
      vertex -36.0706 34.7274 6
      vertex -37.0615 34.391 6
    endloop
  endfacet
  facet normal 0 0 1
    outer loop
      vertex -34 -35 6
      vertex -42 -27 6
      vertex -35.0442 -34.9316 6
    endloop
  endfacet
  facet normal 0 0 1
    outer loop
      vertex -42 27 6
      vertex -37.0615 34.391 6
      vertex -38 33.9282 6
    endloop
  endfacet
  facet normal 0 0 1
    outer loop
      vertex -35.0442 -34.9316 6
      vertex -42 -27 6
      vertex -36.0706 -34.7274 6
    endloop
  endfacet
  facet normal 0 0 1
    outer loop
      vertex -42 27 6
      vertex -38 33.9282 6
      vertex -38.8701 33.3468 6
    endloop
  endfacet
  facet normal 0 0 1
    outer loop
      vertex -36.0706 -34.7274 6
      vertex -42 -27 6
      vertex -37.0615 -34.391 6
    endloop
  endfacet
  facet normal 0 0 1
    outer loop
      vertex -42 27 6
      vertex -38.8701 33.3468 6
      vertex -39.6569 32.6569 6
    endloop
  endfacet
  facet normal 0 0 1
    outer loop
      vertex -37.0615 -34.391 6
      vertex -42 -27 6
      vertex -38 -33.9282 6
    endloop
  endfacet
  facet normal 0 0 1
    outer loop
      vertex -42 27 6
      vertex -39.6569 32.6569 6
      vertex -40.3468 31.8701 6
    endloop
  endfacet
  facet normal 0 0 1
    outer loop
      vertex -38 -33.9282 6
      vertex -42 -27 6
      vertex -38.8701 -33.3468 6
    endloop
  endfacet
  facet normal 0 0 1
    outer loop
      vertex -42 27 6
      vertex -40.3468 31.8701 6
      vertex -40.9282 31 6
    endloop
  endfacet
  facet normal 0 0 1
    outer loop
      vertex -38.8701 -33.3468 6
      vertex -42 -27 6
      vertex -39.6569 -32.6569 6
    endloop
  endfacet
  facet normal 0 0 1
    outer loop
      vertex -42 27 6
      vertex -40.9282 31 6
      vertex -41.391 30.0615 6
    endloop
  endfacet
  facet normal 0 0 1
    outer loop
      vertex -39.6569 -32.6569 6
      vertex -42 -27 6
      vertex -40.3468 -31.8701 6
    endloop
  endfacet
  facet normal 0 0 1
    outer loop
      vertex -42 27 6
      vertex -41.391 30.0615 6
      vertex -41.7274 29.0706 6
    endloop
  endfacet
  facet normal 0 0 1
    outer loop
      vertex -40.3468 -31.8701 6
      vertex -42 -27 6
      vertex -40.9282 -31 6
    endloop
  endfacet
  facet normal 0 0 1
    outer loop
      vertex -42 27 6
      vertex -41.7274 29.0706 6
      vertex -41.9316 28.0442 6
    endloop
  endfacet
  facet normal 0 0 1
    outer loop
      vertex -40.9282 -31 6
      vertex -42 -27 6
      vertex -41.391 -30.0615 6
    endloop
  endfacet
  facet normal 0 0 1
    outer loop
      vertex -41.391 -30.0615 6
      vertex -42 -27 6
      vertex -41.7274 -29.0706 6
    endloop
  endfacet
  facet normal 0 0 1
    outer loop
      vertex -41.7274 -29.0706 6
      vertex -42 -27 6
      vertex -41.9316 -28.0442 6
    endloop
  endfacet
  facet normal 0 0 -1
    outer loop
      vertex 33.6569 -26.6569 0
      vertex 46 -31 0
      vertex 45.9316 -32.0442 0
    endloop
  endfacet
  facet normal 0 0 -1
    outer loop
      vertex 46 -31 0
      vertex 36 -21 0
      vertex 46 31 0
    endloop
  endfacet
  facet normal 0 0 -1
    outer loop
      vertex 33.6569 -26.6569 0
      vertex 45.9316 -32.0442 0
      vertex 45.7274 -33.0706 0
    endloop
  endfacet
  facet normal 0 0 -1
    outer loop
      vertex 36 21 0
      vertex 46 31 0
      vertex 36 -21 0
    endloop
  endfacet
  facet normal 0 0 -1
    outer loop
      vertex 33.6569 -26.6569 0
      vertex 45.7274 -33.0706 0
      vertex 45.391 -34.0615 0
    endloop
  endfacet
  facet normal 0 0 -1
    outer loop
      vertex 35.9316 22.0442 0
      vertex 46 31 0
      vertex 36 21 0
    endloop
  endfacet
  facet normal 0 0 -1
    outer loop
      vertex 33.6569 -26.6569 0
      vertex 45.391 -34.0615 0
      vertex 44.9282 -35 0
    endloop
  endfacet
  facet normal 0 0 -1
    outer loop
      vertex 35.7274 23.0706 0
      vertex 46 31 0
      vertex 35.9316 22.0442 0
    endloop
  endfacet
  facet normal 0 0 -1
    outer loop
      vertex 33.6569 -26.6569 0
      vertex 44.9282 -35 0
      vertex 44.3468 -35.8701 0
    endloop
  endfacet
  facet normal 0 0 -1
    outer loop
      vertex 35.391 24.0615 0
      vertex 46 31 0
      vertex 35.7274 23.0706 0
    endloop
  endfacet
  facet normal 0 0 -1
    outer loop
      vertex 33.6569 -26.6569 0
      vertex 44.3468 -35.8701 0
      vertex 43.6569 -36.6569 0
    endloop
  endfacet
  facet normal 0 0 -1
    outer loop
      vertex 34.9282 25 0
      vertex 46 31 0
      vertex 35.391 24.0615 0
    endloop
  endfacet
  facet normal 0 0 -1
    outer loop
      vertex 33.6569 -26.6569 0
      vertex 43.6569 -36.6569 0
      vertex 42.8701 -37.3468 0
    endloop
  endfacet
  facet normal 0 0 -1
    outer loop
      vertex 34.3468 25.8701 0
      vertex 46 31 0
      vertex 34.9282 25 0
    endloop
  endfacet
  facet normal 0 0 -1
    outer loop
      vertex 33.6569 -26.6569 0
      vertex 42.8701 -37.3468 0
      vertex 42 -37.9282 0
    endloop
  endfacet
  facet normal 0 0 -1
    outer loop
      vertex 33.6569 26.6569 0
      vertex 46 31 0
      vertex 34.3468 25.8701 0
    endloop
  endfacet
  facet normal 0 0 -1
    outer loop
      vertex 33.6569 -26.6569 0
      vertex 42 -37.9282 0
      vertex 41.0615 -38.391 0
    endloop
  endfacet
  facet normal -0 0 -1
    outer loop
      vertex 46 31 0
      vertex 33.6569 26.6569 0
      vertex 45.9316 32.0442 0
    endloop
  endfacet
  facet normal 0 0 -1
    outer loop
      vertex 33.6569 -26.6569 0
      vertex 41.0615 -38.391 0
      vertex 40.0706 -38.7274 0
    endloop
  endfacet
  facet normal -0 0 -1
    outer loop
      vertex 45.9316 32.0442 0
      vertex 33.6569 26.6569 0
      vertex 45.7274 33.0706 0
    endloop
  endfacet
  facet normal 0 0 -1
    outer loop
      vertex 33.6569 -26.6569 0
      vertex 40.0706 -38.7274 0
      vertex 39.0442 -38.9316 0
    endloop
  endfacet
  facet normal -0 0 -1
    outer loop
      vertex 45.7274 33.0706 0
      vertex 33.6569 26.6569 0
      vertex 45.391 34.0615 0
    endloop
  endfacet
  facet normal 0 0 -1
    outer loop
      vertex 33.6569 -26.6569 0
      vertex 39.0442 -38.9316 0
      vertex 38 -39 0
    endloop
  endfacet
  facet normal -0 0 -1
    outer loop
      vertex 45.391 34.0615 0
      vertex 33.6569 26.6569 0
      vertex 44.9282 35 0
    endloop
  endfacet
  facet normal -0 0 -1
    outer loop
      vertex 44.9282 35 0
      vertex 33.6569 26.6569 0
      vertex 44.3468 35.8701 0
    endloop
  endfacet
  facet normal 0 0 -1
    outer loop
      vertex 46 -31 0
      vertex 35.9316 -22.0442 0
      vertex 36 -21 0
    endloop
  endfacet
  facet normal 0 0 -1
    outer loop
      vertex 46 -31 0
      vertex 35.7274 -23.0706 0
      vertex 35.9316 -22.0442 0
    endloop
  endfacet
  facet normal 0 0 -1
    outer loop
      vertex 46 -31 0
      vertex 35.391 -24.0615 0
      vertex 35.7274 -23.0706 0
    endloop
  endfacet
  facet normal 0 0 -1
    outer loop
      vertex 46 -31 0
      vertex 34.9282 -25 0
      vertex 35.391 -24.0615 0
    endloop
  endfacet
  facet normal 0 0 -1
    outer loop
      vertex 46 -31 0
      vertex 34.3468 -25.8701 0
      vertex 34.9282 -25 0
    endloop
  endfacet
  facet normal 0 0 -1
    outer loop
      vertex 46 -31 0
      vertex 33.6569 -26.6569 0
      vertex 34.3468 -25.8701 0
    endloop
  endfacet
  facet normal 0 0 -1
    outer loop
      vertex 38 -39 0
      vertex 32.8701 -27.3468 0
      vertex 33.6569 -26.6569 0
    endloop
  endfacet
  facet normal 0 0 -1
    outer loop
      vertex 38 -39 0
      vertex 32 -27.9282 0
      vertex 32.8701 -27.3468 0
    endloop
  endfacet
  facet normal 0 0 -1
    outer loop
      vertex 38 -39 0
      vertex 31.0615 -28.391 0
      vertex 32 -27.9282 0
    endloop
  endfacet
  facet normal 0 0 -1
    outer loop
      vertex 38 -39 0
      vertex 30.0706 -28.7274 0
      vertex 31.0615 -28.391 0
    endloop
  endfacet
  facet normal 0 0 -1
    outer loop
      vertex 38 -39 0
      vertex 29.0442 -28.9316 0
      vertex 30.0706 -28.7274 0
    endloop
  endfacet
  facet normal 0 0 -1
    outer loop
      vertex 38 -39 0
      vertex 28 -29 0
      vertex 29.0442 -28.9316 0
    endloop
  endfacet
  facet normal 0 0 -1
    outer loop
      vertex 38 -39 0
      vertex -28 -29 0
      vertex 28 -29 0
    endloop
  endfacet
  facet normal 0 0 -1
    outer loop
      vertex -38 -39 0
      vertex -28 -29 0
      vertex 38 -39 0
    endloop
  endfacet
  facet normal -0 0 -1
    outer loop
      vertex -35.9316 -22.0442 0
      vertex -46 -31 0
      vertex -36 -21 0
    endloop
  endfacet
  facet normal -0 0 -1
    outer loop
      vertex -35.7274 -23.0706 0
      vertex -46 -31 0
      vertex -35.9316 -22.0442 0
    endloop
  endfacet
  facet normal -0 0 -1
    outer loop
      vertex -35.391 -24.0615 0
      vertex -46 -31 0
      vertex -35.7274 -23.0706 0
    endloop
  endfacet
  facet normal -0 0 -1
    outer loop
      vertex -34.9282 -25 0
      vertex -46 -31 0
      vertex -35.391 -24.0615 0
    endloop
  endfacet
  facet normal -0 0 -1
    outer loop
      vertex -34.3468 -25.8701 0
      vertex -46 -31 0
      vertex -34.9282 -25 0
    endloop
  endfacet
  facet normal -0 0 -1
    outer loop
      vertex -33.6569 -26.6569 0
      vertex -46 -31 0
      vertex -34.3468 -25.8701 0
    endloop
  endfacet
  facet normal 0 0 -1
    outer loop
      vertex -46 -31 0
      vertex -33.6569 -26.6569 0
      vertex -38 -39 0
    endloop
  endfacet
  facet normal -0 0 -1
    outer loop
      vertex -32.8701 -27.3468 0
      vertex -38 -39 0
      vertex -33.6569 -26.6569 0
    endloop
  endfacet
  facet normal -0 0 -1
    outer loop
      vertex -32 -27.9282 0
      vertex -38 -39 0
      vertex -32.8701 -27.3468 0
    endloop
  endfacet
  facet normal -0 0 -1
    outer loop
      vertex -31.0615 -28.391 0
      vertex -38 -39 0
      vertex -32 -27.9282 0
    endloop
  endfacet
  facet normal -0 0 -1
    outer loop
      vertex -30.0706 -28.7274 0
      vertex -38 -39 0
      vertex -31.0615 -28.391 0
    endloop
  endfacet
  facet normal -0 0 -1
    outer loop
      vertex -29.0442 -28.9316 0
      vertex -38 -39 0
      vertex -30.0706 -28.7274 0
    endloop
  endfacet
  facet normal -0 0 -1
    outer loop
      vertex -28 -29 0
      vertex -38 -39 0
      vertex -29.0442 -28.9316 0
    endloop
  endfacet
  facet normal -0 0 -1
    outer loop
      vertex 44.3468 35.8701 0
      vertex 33.6569 26.6569 0
      vertex 43.6569 36.6569 0
    endloop
  endfacet
  facet normal -0 0 -1
    outer loop
      vertex 43.6569 36.6569 0
      vertex 33.6569 26.6569 0
      vertex 42.8701 37.3468 0
    endloop
  endfacet
  facet normal -0 0 -1
    outer loop
      vertex 42.8701 37.3468 0
      vertex 33.6569 26.6569 0
      vertex 42 37.9282 0
    endloop
  endfacet
  facet normal -0 0 -1
    outer loop
      vertex 42 37.9282 0
      vertex 33.6569 26.6569 0
      vertex 41.0615 38.391 0
    endloop
  endfacet
  facet normal -0 0 -1
    outer loop
      vertex 41.0615 38.391 0
      vertex 33.6569 26.6569 0
      vertex 40.0706 38.7274 0
    endloop
  endfacet
  facet normal -0 0 -1
    outer loop
      vertex 40.0706 38.7274 0
      vertex 33.6569 26.6569 0
      vertex 39.0442 38.9316 0
    endloop
  endfacet
  facet normal -0 0 -1
    outer loop
      vertex 39.0442 38.9316 0
      vertex 33.6569 26.6569 0
      vertex 38 39 0
    endloop
  endfacet
  facet normal 0 0 -1
    outer loop
      vertex 32.8701 27.3468 0
      vertex 38 39 0
      vertex 33.6569 26.6569 0
    endloop
  endfacet
  facet normal 0 0 -1
    outer loop
      vertex 32 27.9282 0
      vertex 38 39 0
      vertex 32.8701 27.3468 0
    endloop
  endfacet
  facet normal 0 0 -1
    outer loop
      vertex 31.0615 28.391 0
      vertex 38 39 0
      vertex 32 27.9282 0
    endloop
  endfacet
  facet normal 0 0 -1
    outer loop
      vertex 30.0706 28.7274 0
      vertex 38 39 0
      vertex 31.0615 28.391 0
    endloop
  endfacet
  facet normal 0 0 -1
    outer loop
      vertex 29.0442 28.9316 0
      vertex 38 39 0
      vertex 30.0706 28.7274 0
    endloop
  endfacet
  facet normal 0 0 -1
    outer loop
      vertex 28 29 0
      vertex 38 39 0
      vertex 29.0442 28.9316 0
    endloop
  endfacet
  facet normal 0 0 -1
    outer loop
      vertex -28 29 0
      vertex 38 39 0
      vertex 28 29 0
    endloop
  endfacet
  facet normal 0 0 -1
    outer loop
      vertex -38 39 0
      vertex -28 29 0
      vertex -29.0442 28.9316 0
    endloop
  endfacet
  facet normal 0 0 -1
    outer loop
      vertex -28 29 0
      vertex -38 39 0
      vertex 38 39 0
    endloop
  endfacet
  facet normal 0 0 -1
    outer loop
      vertex -30.0706 28.7274 0
      vertex -38 39 0
      vertex -29.0442 28.9316 0
    endloop
  endfacet
  facet normal 0 0 -1
    outer loop
      vertex -31.0615 28.391 0
      vertex -38 39 0
      vertex -30.0706 28.7274 0
    endloop
  endfacet
  facet normal 0 0 -1
    outer loop
      vertex -32 27.9282 0
      vertex -38 39 0
      vertex -31.0615 28.391 0
    endloop
  endfacet
  facet normal 0 0 -1
    outer loop
      vertex -32.8701 27.3468 0
      vertex -38 39 0
      vertex -32 27.9282 0
    endloop
  endfacet
  facet normal 0 0 -1
    outer loop
      vertex -33.6569 26.6569 0
      vertex -38 39 0
      vertex -32.8701 27.3468 0
    endloop
  endfacet
  facet normal 0 0 -1
    outer loop
      vertex -46 31 0
      vertex -33.6569 26.6569 0
      vertex -34.3468 25.8701 0
    endloop
  endfacet
  facet normal 0 0 -1
    outer loop
      vertex -46 31 0
      vertex -34.3468 25.8701 0
      vertex -34.9282 25 0
    endloop
  endfacet
  facet normal 0 0 -1
    outer loop
      vertex -46 31 0
      vertex -34.9282 25 0
      vertex -35.391 24.0615 0
    endloop
  endfacet
  facet normal 0 0 -1
    outer loop
      vertex -46 31 0
      vertex -35.391 24.0615 0
      vertex -35.7274 23.0706 0
    endloop
  endfacet
  facet normal 0 0 -1
    outer loop
      vertex -46 31 0
      vertex -35.7274 23.0706 0
      vertex -35.9316 22.0442 0
    endloop
  endfacet
  facet normal 0 0 -1
    outer loop
      vertex -46 31 0
      vertex -35.9316 22.0442 0
      vertex -36 21 0
    endloop
  endfacet
  facet normal -0 0 -1
    outer loop
      vertex -36 -21 0
      vertex -46 -31 0
      vertex -36 21 0
    endloop
  endfacet
  facet normal 0 0 -1
    outer loop
      vertex -46 -31 0
      vertex -38 -39 0
      vertex -39.0442 -38.9316 0
    endloop
  endfacet
  facet normal 0 0 -1
    outer loop
      vertex -46 31 0
      vertex -36 21 0
      vertex -46 -31 0
    endloop
  endfacet
  facet normal 0 0 -1
    outer loop
      vertex -46 -31 0
      vertex -39.0442 -38.9316 0
      vertex -40.0706 -38.7274 0
    endloop
  endfacet
  facet normal 0 0 -1
    outer loop
      vertex -33.6569 26.6569 0
      vertex -46 31 0
      vertex -45.9316 32.0442 0
    endloop
  endfacet
  facet normal 0 0 -1
    outer loop
      vertex -46 -31 0
      vertex -40.0706 -38.7274 0
      vertex -41.0615 -38.391 0
    endloop
  endfacet
  facet normal 0 0 -1
    outer loop
      vertex -33.6569 26.6569 0
      vertex -39.0442 38.9316 0
      vertex -38 39 0
    endloop
  endfacet
  facet normal 0 0 -1
    outer loop
      vertex -46 -31 0
      vertex -41.0615 -38.391 0
      vertex -42 -37.9282 0
    endloop
  endfacet
  facet normal 0 0 -1
    outer loop
      vertex -33.6569 26.6569 0
      vertex -40.0706 38.7274 0
      vertex -39.0442 38.9316 0
    endloop
  endfacet
  facet normal 0 0 -1
    outer loop
      vertex -46 -31 0
      vertex -42 -37.9282 0
      vertex -42.8701 -37.3468 0
    endloop
  endfacet
  facet normal 0 0 -1
    outer loop
      vertex -33.6569 26.6569 0
      vertex -41.0615 38.391 0
      vertex -40.0706 38.7274 0
    endloop
  endfacet
  facet normal 0 0 -1
    outer loop
      vertex -46 -31 0
      vertex -42.8701 -37.3468 0
      vertex -43.6569 -36.6569 0
    endloop
  endfacet
  facet normal 0 0 -1
    outer loop
      vertex -33.6569 26.6569 0
      vertex -42 37.9282 0
      vertex -41.0615 38.391 0
    endloop
  endfacet
  facet normal 0 0 -1
    outer loop
      vertex -46 -31 0
      vertex -43.6569 -36.6569 0
      vertex -44.3468 -35.8701 0
    endloop
  endfacet
  facet normal 0 0 -1
    outer loop
      vertex -33.6569 26.6569 0
      vertex -42.8701 37.3468 0
      vertex -42 37.9282 0
    endloop
  endfacet
  facet normal 0 0 -1
    outer loop
      vertex -46 -31 0
      vertex -44.3468 -35.8701 0
      vertex -44.9282 -35 0
    endloop
  endfacet
  facet normal 0 0 -1
    outer loop
      vertex -33.6569 26.6569 0
      vertex -43.6569 36.6569 0
      vertex -42.8701 37.3468 0
    endloop
  endfacet
  facet normal 0 0 -1
    outer loop
      vertex -46 -31 0
      vertex -44.9282 -35 0
      vertex -45.391 -34.0615 0
    endloop
  endfacet
  facet normal 0 0 -1
    outer loop
      vertex -33.6569 26.6569 0
      vertex -44.3468 35.8701 0
      vertex -43.6569 36.6569 0
    endloop
  endfacet
  facet normal 0 0 -1
    outer loop
      vertex -46 -31 0
      vertex -45.391 -34.0615 0
      vertex -45.7274 -33.0706 0
    endloop
  endfacet
  facet normal 0 0 -1
    outer loop
      vertex -33.6569 26.6569 0
      vertex -44.9282 35 0
      vertex -44.3468 35.8701 0
    endloop
  endfacet
  facet normal 0 0 -1
    outer loop
      vertex -46 -31 0
      vertex -45.7274 -33.0706 0
      vertex -45.9316 -32.0442 0
    endloop
  endfacet
  facet normal 0 0 -1
    outer loop
      vertex -33.6569 26.6569 0
      vertex -45.391 34.0615 0
      vertex -44.9282 35 0
    endloop
  endfacet
  facet normal 0 0 -1
    outer loop
      vertex -33.6569 26.6569 0
      vertex -45.7274 33.0706 0
      vertex -45.391 34.0615 0
    endloop
  endfacet
  facet normal 0 0 -1
    outer loop
      vertex -33.6569 26.6569 0
      vertex -45.9316 32.0442 0
      vertex -45.7274 33.0706 0
    endloop
  endfacet
  facet normal -0.896879 -0.442276 0
    outer loop
      vertex -44.9282 -35 0
      vertex -45.391 -34.0615 0.0999994
      vertex -45.391 -34.0615 0
    endloop
  endfacet
  facet normal -0.896879 -0.442276 0
    outer loop
      vertex -45.391 -34.0615 0.0999994
      vertex -44.9282 -35 0
      vertex -44.9282 -35 0.0999994
    endloop
  endfacet
  facet normal 0.659289 -0.75189 0
    outer loop
      vertex 42.8701 -37.3468 0
      vertex 43.6569 -36.6569 0.0999994
      vertex 42.8701 -37.3468 0.0999994
    endloop
  endfacet
  facet normal 0.659289 -0.75189 0
    outer loop
      vertex 43.6569 -36.6569 0.0999994
      vertex 42.8701 -37.3468 0
      vertex 43.6569 -36.6569 0
    endloop
  endfacet
  facet normal 0.717967 -0.243742 0.652007
    outer loop
      vertex 41.391 -30.0615 6
      vertex 45.7274 -33.0706 0.0999994
      vertex 41.7274 -29.0706 6
    endloop
  endfacet
  facet normal 0.717967 -0.243742 0.652007
    outer loop
      vertex 45.7274 -33.0706 0.0999994
      vertex 41.391 -30.0615 6
      vertex 45.391 -34.0615 0.0999994
    endloop
  endfacet
  facet normal 0.94692 -0.321469 0
    outer loop
      vertex 45.391 -34.0615 0.0999994
      vertex 45.7274 -33.0706 0
      vertex 45.7274 -33.0706 0.0999994
    endloop
  endfacet
  facet normal 0.94692 -0.321469 0
    outer loop
      vertex 45.7274 -33.0706 0
      vertex 45.391 -34.0615 0.0999994
      vertex 45.391 -34.0615 0
    endloop
  endfacet
  facet normal 0.980779 0.195124 0
    outer loop
      vertex 45.9316 32.0442 0.0999994
      vertex 45.7274 33.0706 0
      vertex 45.7274 33.0706 0.0999994
    endloop
  endfacet
  facet normal 0.980779 0.195124 0
    outer loop
      vertex 45.7274 33.0706 0
      vertex 45.9316 32.0442 0.0999994
      vertex 45.9316 32.0442 0
    endloop
  endfacet
  facet normal 0.831462 0.555582 0
    outer loop
      vertex 44.9282 35 0.0999994
      vertex 44.3468 35.8701 0
      vertex 44.3468 35.8701 0.0999994
    endloop
  endfacet
  facet normal 0.831462 0.555582 0
    outer loop
      vertex 44.3468 35.8701 0
      vertex 44.9282 35 0.0999994
      vertex 44.9282 35 0
    endloop
  endfacet
  facet normal -0.605715 0.404738 0.685053
    outer loop
      vertex -44.9282 35 0.0999994
      vertex -40.3468 31.8701 6
      vertex -44.3468 35.8701 0.0999994
    endloop
  endfacet
  facet normal -0.605715 0.404738 0.685053
    outer loop
      vertex -40.3468 31.8701 6
      vertex -44.9282 35 0.0999994
      vertex -40.9282 31 6
    endloop
  endfacet
  facet normal -0.47638 0.54329 0.691302
    outer loop
      vertex -42.8701 37.3468 0.0999994
      vertex -39.6569 32.6569 6
      vertex -38.8701 33.3468 6
    endloop
  endfacet
  facet normal -0.47638 0.54329 0.691302
    outer loop
      vertex -39.6569 32.6569 6
      vertex -42.8701 37.3468 0.0999994
      vertex -43.6569 36.6569 0.0999994
    endloop
  endfacet
  facet normal -0.766898 -0.152573 0.62337
    outer loop
      vertex -45.9316 -32.0442 0.0999994
      vertex -41.7274 -29.0706 6
      vertex -41.9316 -28.0442 6
    endloop
  endfacet
  facet normal -0.766898 -0.152573 0.62337
    outer loop
      vertex -41.7274 -29.0706 6
      vertex -45.9316 -32.0442 0.0999994
      vertex -45.7274 -33.0706 0.0999994
    endloop
  endfacet
  facet normal -0.605715 -0.404738 0.685053
    outer loop
      vertex -44.9282 -35 0.0999994
      vertex -40.3468 -31.8701 6
      vertex -40.9282 -31 6
    endloop
  endfacet
  facet normal -0.605715 -0.404738 0.685053
    outer loop
      vertex -40.3468 -31.8701 6
      vertex -44.9282 -35 0.0999994
      vertex -44.3468 -35.8701 0.0999994
    endloop
  endfacet
  facet normal -0.94692 -0.321469 0
    outer loop
      vertex -45.391 -34.0615 0
      vertex -45.7274 -33.0706 0.0999994
      vertex -45.7274 -33.0706 0
    endloop
  endfacet
  facet normal -0.94692 -0.321469 0
    outer loop
      vertex -45.7274 -33.0706 0.0999994
      vertex -45.391 -34.0615 0
      vertex -45.391 -34.0615 0.0999994
    endloop
  endfacet
  facet normal -0.980779 -0.195124 0
    outer loop
      vertex -45.7274 -33.0706 0
      vertex -45.9316 -32.0442 0.0999994
      vertex -45.9316 -32.0442 0
    endloop
  endfacet
  facet normal -0.980779 -0.195124 0
    outer loop
      vertex -45.9316 -32.0442 0.0999994
      vertex -45.7274 -33.0706 0
      vertex -45.7274 -33.0706 0.0999994
    endloop
  endfacet
  facet normal 0.827709 -0 0.561158
    outer loop
      vertex 42 -27 6
      vertex 46 31 0.0999994
      vertex 42 27 6
    endloop
  endfacet
  facet normal 0.827709 0 0.561158
    outer loop
      vertex 46 31 0.0999994
      vertex 42 -27 6
      vertex 46 -31 0.0999994
    endloop
  endfacet
  facet normal 0.66403 0.327451 0.67219
    outer loop
      vertex 40.9282 31 6
      vertex 45.391 34.0615 0.0999994
      vertex 44.9282 35 0.0999994
    endloop
  endfacet
  facet normal 0.66403 0.327451 0.67219
    outer loop
      vertex 45.391 34.0615 0.0999994
      vertex 40.9282 31 6
      vertex 41.391 30.0615 6
    endloop
  endfacet
  facet normal -0.717967 0.243742 0.652007
    outer loop
      vertex -45.7274 33.0706 0.0999994
      vertex -41.391 30.0615 6
      vertex -45.391 34.0615 0.0999994
    endloop
  endfacet
  facet normal -0.717967 0.243742 0.652007
    outer loop
      vertex -41.391 30.0615 6
      vertex -45.7274 33.0706 0.0999994
      vertex -41.7274 29.0706 6
    endloop
  endfacet
  facet normal -0.243742 0.717967 0.652007
    outer loop
      vertex -40.0706 38.7274 0.0999994
      vertex -37.0615 34.391 6
      vertex -36.0706 34.7274 6
    endloop
  endfacet
  facet normal -0.243742 0.717967 0.652007
    outer loop
      vertex -37.0615 34.391 6
      vertex -40.0706 38.7274 0.0999994
      vertex -41.0615 38.391 0.0999994
    endloop
  endfacet
  facet normal -0.327451 0.66403 0.67219
    outer loop
      vertex -41.0615 38.391 0.0999994
      vertex -38 33.9282 6
      vertex -37.0615 34.391 6
    endloop
  endfacet
  facet normal -0.327451 0.66403 0.67219
    outer loop
      vertex -38 33.9282 6
      vertex -41.0615 38.391 0.0999994
      vertex -42 37.9282 0.0999994
    endloop
  endfacet
  facet normal -0.75189 0.659289 0
    outer loop
      vertex -44.3468 35.8701 0
      vertex -43.6569 36.6569 0.0999994
      vertex -43.6569 36.6569 0
    endloop
  endfacet
  facet normal -0.75189 0.659289 0
    outer loop
      vertex -43.6569 36.6569 0.0999994
      vertex -44.3468 35.8701 0
      vertex -44.3468 35.8701 0.0999994
    endloop
  endfacet
  facet normal -0.404738 0.605715 0.685053
    outer loop
      vertex -42 37.9282 0.0999994
      vertex -38.8701 33.3468 6
      vertex -38 33.9282 6
    endloop
  endfacet
  facet normal -0.404738 0.605715 0.685053
    outer loop
      vertex -38.8701 33.3468 6
      vertex -42 37.9282 0.0999994
      vertex -42.8701 37.3468 0.0999994
    endloop
  endfacet
  facet normal -0.831462 0.555582 0
    outer loop
      vertex -44.9282 35 0
      vertex -44.3468 35.8701 0.0999994
      vertex -44.3468 35.8701 0
    endloop
  endfacet
  facet normal -0.831462 0.555582 0
    outer loop
      vertex -44.3468 35.8701 0.0999994
      vertex -44.9282 35 0
      vertex -44.9282 35 0.0999994
    endloop
  endfacet
  facet normal -0.717967 -0.243742 0.652007
    outer loop
      vertex -45.7274 -33.0706 0.0999994
      vertex -41.391 -30.0615 6
      vertex -41.7274 -29.0706 6
    endloop
  endfacet
  facet normal -0.717967 -0.243742 0.652007
    outer loop
      vertex -41.391 -30.0615 6
      vertex -45.7274 -33.0706 0.0999994
      vertex -45.391 -34.0615 0.0999994
    endloop
  endfacet
  facet normal 0.80948 0.0530247 0.584749
    outer loop
      vertex 41.9316 28.0442 6
      vertex 46 31 0.0999994
      vertex 45.9316 32.0442 0.0999994
    endloop
  endfacet
  facet normal 0.80948 0.0530247 0.584749
    outer loop
      vertex 46 31 0.0999994
      vertex 41.9316 28.0442 6
      vertex 42 27 6
    endloop
  endfacet
  facet normal 0.605715 0.404738 0.685053
    outer loop
      vertex 40.3468 31.8701 6
      vertex 44.9282 35 0.0999994
      vertex 44.3468 35.8701 0.0999994
    endloop
  endfacet
  facet normal 0.605715 0.404738 0.685053
    outer loop
      vertex 44.9282 35 0.0999994
      vertex 40.3468 31.8701 6
      vertex 40.9282 31 6
    endloop
  endfacet
  facet normal 0.717967 0.243742 0.652007
    outer loop
      vertex 41.391 30.0615 6
      vertex 45.7274 33.0706 0.0999994
      vertex 45.391 34.0615 0.0999994
    endloop
  endfacet
  facet normal 0.717967 0.243742 0.652007
    outer loop
      vertex 45.7274 33.0706 0.0999994
      vertex 41.391 30.0615 6
      vertex 41.7274 29.0706 6
    endloop
  endfacet
  facet normal -0.980779 0.195124 0
    outer loop
      vertex -45.9316 32.0442 0
      vertex -45.7274 33.0706 0.0999994
      vertex -45.7274 33.0706 0
    endloop
  endfacet
  facet normal -0.980779 0.195124 0
    outer loop
      vertex -45.7274 33.0706 0.0999994
      vertex -45.9316 32.0442 0
      vertex -45.9316 32.0442 0.0999994
    endloop
  endfacet
  facet normal -0.94692 0.321469 0
    outer loop
      vertex -45.7274 33.0706 0
      vertex -45.391 34.0615 0.0999994
      vertex -45.391 34.0615 0
    endloop
  endfacet
  facet normal -0.94692 0.321469 0
    outer loop
      vertex -45.391 34.0615 0.0999994
      vertex -45.7274 33.0706 0
      vertex -45.7274 33.0706 0.0999994
    endloop
  endfacet
  facet normal -0.66403 0.327451 0.67219
    outer loop
      vertex -45.391 34.0615 0.0999994
      vertex -40.9282 31 6
      vertex -44.9282 35 0.0999994
    endloop
  endfacet
  facet normal -0.66403 0.327451 0.67219
    outer loop
      vertex -40.9282 31 6
      vertex -45.391 34.0615 0.0999994
      vertex -41.391 30.0615 6
    endloop
  endfacet
  facet normal -0.896879 0.442276 0
    outer loop
      vertex -45.391 34.0615 0
      vertex -44.9282 35 0.0999994
      vertex -44.9282 35 0
    endloop
  endfacet
  facet normal -0.896879 0.442276 0
    outer loop
      vertex -44.9282 35 0.0999994
      vertex -45.391 34.0615 0
      vertex -45.391 34.0615 0.0999994
    endloop
  endfacet
  facet normal -0.442276 0.896879 0
    outer loop
      vertex -41.0615 38.391 0
      vertex -42 37.9282 0.0999994
      vertex -41.0615 38.391 0.0999994
    endloop
  endfacet
  facet normal -0.442276 0.896879 0
    outer loop
      vertex -42 37.9282 0.0999994
      vertex -41.0615 38.391 0
      vertex -42 37.9282 0
    endloop
  endfacet
  facet normal -0.321469 0.94692 0
    outer loop
      vertex -40.0706 38.7274 0
      vertex -41.0615 38.391 0.0999994
      vertex -40.0706 38.7274 0.0999994
    endloop
  endfacet
  facet normal -0.321469 0.94692 0
    outer loop
      vertex -41.0615 38.391 0.0999994
      vertex -40.0706 38.7274 0
      vertex -41.0615 38.391 0
    endloop
  endfacet
  facet normal -0.54329 0.47638 0.691302
    outer loop
      vertex -44.3468 35.8701 0.0999994
      vertex -39.6569 32.6569 6
      vertex -43.6569 36.6569 0.0999994
    endloop
  endfacet
  facet normal -0.54329 0.47638 0.691302
    outer loop
      vertex -39.6569 32.6569 6
      vertex -44.3468 35.8701 0.0999994
      vertex -40.3468 31.8701 6
    endloop
  endfacet
  facet normal -0.555582 0.831462 0
    outer loop
      vertex -42 37.9282 0
      vertex -42.8701 37.3468 0.0999994
      vertex -42 37.9282 0.0999994
    endloop
  endfacet
  facet normal -0.555582 0.831462 0
    outer loop
      vertex -42.8701 37.3468 0.0999994
      vertex -42 37.9282 0
      vertex -42.8701 37.3468 0
    endloop
  endfacet
  facet normal 0.54329 0.47638 0.691302
    outer loop
      vertex 39.6569 32.6569 6
      vertex 44.3468 35.8701 0.0999994
      vertex 43.6569 36.6569 0.0999994
    endloop
  endfacet
  facet normal 0.54329 0.47638 0.691302
    outer loop
      vertex 44.3468 35.8701 0.0999994
      vertex 39.6569 32.6569 6
      vertex 40.3468 31.8701 6
    endloop
  endfacet
  facet normal -0.659289 0.75189 0
    outer loop
      vertex -42.8701 37.3468 0
      vertex -43.6569 36.6569 0.0999994
      vertex -42.8701 37.3468 0.0999994
    endloop
  endfacet
  facet normal -0.659289 0.75189 0
    outer loop
      vertex -43.6569 36.6569 0.0999994
      vertex -42.8701 37.3468 0
      vertex -43.6569 36.6569 0
    endloop
  endfacet
  facet normal 0.47638 0.54329 0.691302
    outer loop
      vertex 42.8701 37.3468 0.0999994
      vertex 39.6569 32.6569 6
      vertex 43.6569 36.6569 0.0999994
    endloop
  endfacet
  facet normal 0.47638 0.54329 0.691302
    outer loop
      vertex 39.6569 32.6569 6
      vertex 42.8701 37.3468 0.0999994
      vertex 38.8701 33.3468 6
    endloop
  endfacet
  facet normal -0.499587 0.844591 -0.192558
    outer loop
      vertex -20.3155 39.0575 63.3478
      vertex -20.6667 38.8232 63.2313
      vertex -20.6525 38.8795 63.4414
    endloop
  endfacet
  facet normal 0.115136 0.993017 -0.0256954
    outer loop
      vertex 19.2926 39.387 63.605
      vertex 19.224 39.3958 63.6377
      vertex 19.4822 39.3739 63.9483
    endloop
  endfacet
  facet normal -0.194908 -0.977161 0.0846598
    outer loop
      vertex -19.4643 8.29103 8.92694
      vertex -19.765 8.32942 8.67776
      vertex -19.4138 8.27614 8.87134
    endloop
  endfacet
  facet normal 0.318713 -0.947268 0.0332353
    outer loop
      vertex 19.8351 8.35656 8.77907
      vertex 19.765 8.32942 8.67776
      vertex 20.1491 8.4547 8.56511
    endloop
  endfacet
  facet normal 0.0834334 -0.996431 0.0127829
    outer loop
      vertex 19.369 8.25077 8.38424
      vertex 19.1515 8.23693 8.72502
      vertex 19.2496 8.24027 8.34508
    endloop
  endfacet
  facet normal 0.532179 -0.803086 -0.268027
    outer loop
      vertex 20.5693 8.73502 7.9302
      vertex 20.3987 8.68468 7.7423
      vertex 20.5949 8.90192 7.48095
    endloop
  endfacet
  facet normal -0.000576619 -0.96534 0.260995
    outer loop
      vertex -19.0508 23.912 67.423
      vertex -19.1194 23.9032 67.3903
      vertex -19 23.9137 67.4294
    endloop
  endfacet
  facet normal 0.1306 -0.957653 0.256602
    outer loop
      vertex 19.1962 8.33377 9.28434
      vertex 19.5853 23.9124 67.2266
      vertex 19.1962 23.8629 67.2399
    endloop
  endfacet
  facet normal 0.13052 -0.957663 0.256605
    outer loop
      vertex 19.5853 23.9124 67.2266
      vertex 19.1962 8.33377 9.28434
      vertex 19.5853 8.38325 9.27109
    endloop
  endfacet
  facet normal -0.866434 -0.139015 0.479548
    outer loop
      vertex -21.5482 26.5699 68.0376
      vertex -21.7184 26.4806 67.7042
      vertex -21.6245 26.1044 67.7648
    endloop
  endfacet
  facet normal 0.0565756 -0.258237 0.964424
    outer loop
      vertex 19.3512 26.1633 69.3852
      vertex 19 25.7902 69.3059
      vertex 19.3256 25.7846 69.2853
    endloop
  endfacet
  facet normal -0.659396 0.194574 0.72618
    outer loop
      vertex -21.1168 37.1511 65.8708
      vertex -20.8224 27.1796 68.8099
      vertex -20.8224 37.218 66.1202
    endloop
  endfacet
  facet normal -0.659359 0.194584 0.726211
    outer loop
      vertex -20.8224 27.1796 68.8099
      vertex -21.1168 37.1511 65.8708
      vertex -21.1168 27.1128 68.5605
    endloop
  endfacet
  facet normal -0.824417 0.26843 0.498279
    outer loop
      vertex -21.3343 37.4427 65.4556
      vertex -21.5925 36.9907 65.2719
      vertex -21.375 37.0749 65.5864
    endloop
  endfacet
  facet normal -0.37651 0.921543 0.0948636
    outer loop
      vertex -20.0527 39.2217 63.9607
      vertex -20.1785 39.1282 64.3697
      vertex -19.9382 39.2555 64.0868
    endloop
  endfacet
  facet normal -0.00241658 0.966925 -0.255048
    outer loop
      vertex -19.0256 39.3557 63.29
      vertex -19.1387 39.3412 63.2361
      vertex -19.0751 39.3522 63.2772
    endloop
  endfacet
  facet normal -0 0.382787 0.923837
    outer loop
      vertex -19 37.7406 66.5675
      vertex 19 37.3781 66.7177
      vertex 19 37.7406 66.5675
    endloop
  endfacet
  facet normal 0 0.382787 0.923837
    outer loop
      vertex 19 37.3781 66.7177
      vertex -19 37.7406 66.5675
      vertex -19 37.3781 66.7177
    endloop
  endfacet
  facet normal 0 0.965926 -0.258818
    outer loop
      vertex -19.1393 24.0049 6
      vertex -19.1958 24.0049 6
      vertex -19.1699 39.3307 63.1969
    endloop
  endfacet
  facet normal -0.1306 -0.957653 0.256602
    outer loop
      vertex -19.5853 23.9124 67.2266
      vertex -19.1962 8.33377 9.28434
      vertex -19.1962 23.8629 67.2399
    endloop
  endfacet
  facet normal -0.13052 -0.957663 0.256605
    outer loop
      vertex -19.1962 8.33377 9.28434
      vertex -19.5853 23.9124 67.2266
      vertex -19.5853 8.38325 9.27109
    endloop
  endfacet
  facet normal -0.793342 -0.588032 0.157563
    outer loop
      vertex -21.2555 24.8439 66.9771
      vertex -21.4944 9.61543 8.94092
      vertex -21.2555 9.31471 9.0215
    endloop
  endfacet
  facet normal -0.608486 0.775842 -0.166775
    outer loop
      vertex -20.6667 38.8232 63.2313
      vertex -20.9611 38.6592 63.5425
      vertex -20.6525 38.8795 63.4414
    endloop
  endfacet
  facet normal -0.401957 0.884361 0.237352
    outer loop
      vertex -20.0146 39.1654 64.5085
      vertex -20.3987 38.9544 64.6442
      vertex -20.2042 38.9986 64.8089
    endloop
  endfacet
  facet normal 1 0 0
    outer loop
      vertex 21.9936 26.565 66.5159
      vertex 21.9936 21.1088 6
      vertex 21.9936 36.6033 63.8261
    endloop
  endfacet
  facet normal 1 -0 0
    outer loop
      vertex 21.9936 11.0358 8.56033
      vertex 21.9936 21.1088 6
      vertex 21.9936 26.565 66.5159
    endloop
  endfacet
  facet normal 1 0 0
    outer loop
      vertex 21.9936 21.1088 6
      vertex 21.9936 11.0358 8.56033
      vertex 21.9936 20.5911 6
    endloop
  endfacet
  facet normal 0.382482 0.892479 -0.23914
    outer loop
      vertex 20.3269 23.6912 6
      vertex 19.9643 39.1577 63.1417
      vertex 20.3269 39.0127 63.1805
    endloop
  endfacet
  facet normal 0.38249 0.892476 -0.239139
    outer loop
      vertex 19.9643 39.1577 63.1417
      vertex 20.3269 23.6912 6
      vertex 20.322 23.6933 6
    endloop
  endfacet
  facet normal -0.0974384 -0.708908 0.698538
    outer loop
      vertex -19.2175 24.7728 68.7068
      vertex -19.4314 24.7618 68.6658
      vertex -19.3434 24.4873 68.3995
    endloop
  endfacet
  facet normal 0.866064 0.482898 -0.129392
    outer loop
      vertex 21.6906 37.6954 63.5335
      vertex 21.4944 22.6312 6
      vertex 21.4944 38.0237 63.4455
    endloop
  endfacet
  facet normal 0.866077 0.482877 -0.129387
    outer loop
      vertex 21.4944 22.6312 6
      vertex 21.6906 37.6954 63.5335
      vertex 21.6906 22.2793 6
    endloop
  endfacet
  facet normal -0.608738 0.766338 -0.20534
    outer loop
      vertex -20.6667 23.4881 6
      vertex -20.9745 23.2436 6
      vertex -20.6667 38.8232 63.2313
    endloop
  endfacet
  facet normal -0.481359 0.668677 0.566714
    outer loop
      vertex -20.5185 38.5359 65.357
      vertex -20.6379 38.2479 65.5954
      vertex -20.2472 38.5828 65.5321
    endloop
  endfacet
  facet normal -5.60588e-06 0.258823 0.965925
    outer loop
      vertex 19 37.3781 66.7177
      vertex 12.35 30.9149 68.4495
      vertex 19 27.3398 69.4075
    endloop
  endfacet
  facet normal 0 0.258818 0.965926
    outer loop
      vertex 19 37.3781 66.7177
      vertex -12.35 30.9149 68.4495
      vertex 12.35 30.9149 68.4495
    endloop
  endfacet
  facet normal 5.60588e-06 0.258823 0.965925
    outer loop
      vertex -19 27.3398 69.4075
      vertex -12.35 30.9149 68.4495
      vertex -19 37.3781 66.7177
    endloop
  endfacet
  facet normal -0 0.258818 0.965926
    outer loop
      vertex -19 37.3781 66.7177
      vertex -12.35 30.9149 68.4495
      vertex 19 37.3781 66.7177
    endloop
  endfacet
  facet normal 3.98311e-05 0.258902 0.965904
    outer loop
      vertex 12.35 30.9052 68.4521
      vertex 19 27.3398 69.4075
      vertex 12.35 30.9149 68.4495
    endloop
  endfacet
  facet normal 0 0.258833 0.965922
    outer loop
      vertex 19 27.3398 69.4075
      vertex 12.35 30.9052 68.4521
      vertex 9.76357 27.3398 69.4075
    endloop
  endfacet
  facet normal -3.98311e-05 0.258902 0.965904
    outer loop
      vertex -12.35 30.9149 68.4495
      vertex -19 27.3398 69.4075
      vertex -12.35 30.9052 68.4521
    endloop
  endfacet
  facet normal 0 0.258833 0.965922
    outer loop
      vertex -12.35 30.9052 68.4521
      vertex -19 27.3398 69.4075
      vertex -9.76357 27.3398 69.4075
    endloop
  endfacet
  facet normal -0.195949 0.915107 0.352397
    outer loop
      vertex -19.6378 39.2217 64.7187
      vertex -19.757 39.0654 65.0583
      vertex -19.512 39.0869 65.1387
    endloop
  endfacet
  facet normal 0.0834573 0.99643 -0.012697
    outer loop
      vertex 19.369 39.3883 64.0022
      vertex 19.224 39.3958 63.6377
      vertex 19.2496 39.3988 64.0414
    endloop
  endfacet
  facet normal 0.49144 0.861159 -0.129966
    outer loop
      vertex 20.3155 39.0575 63.3478
      vertex 20.2817 39.1016 63.5122
      vertex 20.6099 38.9348 63.648
    endloop
  endfacet
  facet normal 0.258728 -0.928426 0.266619
    outer loop
      vertex 19.9561 24.0431 67.3219
      vertex 19.5803 23.9322 67.3004
      vertex 19.5853 23.9124 67.2266
    endloop
  endfacet
  facet normal -0.660177 -0.701399 -0.268711
    outer loop
      vertex -20.9533 9.02282 7.93217
      vertex -21.1602 9.29263 7.73622
      vertex -20.7894 8.95933 7.69522
    endloop
  endfacet
  facet normal 0.278236 -0.943851 -0.178128
    outer loop
      vertex 19.8077 8.35396 8.18913
      vertex 19.6634 8.329 8.09599
      vertex 19.8334 8.44235 7.76092
    endloop
  endfacet
  facet normal 0.636979 -0.0615238 0.768422
    outer loop
      vertex 21.0806 26.7276 68.6262
      vertex 20.7294 26.4063 68.8916
      vertex 21.0087 26.3429 68.655
    endloop
  endfacet
  facet normal 0.330191 -0.933525 -0.139656
    outer loop
      vertex 20.1785 8.5109 8.01676
      vertex 19.8077 8.35396 8.18913
      vertex 20.0146 8.4737 7.87791
    endloop
  endfacet
  facet normal -0.00192621 -0.965271 0.261242
    outer loop
      vertex -19.1387 23.8988 67.3739
      vertex -19.1557 23.8938 67.3553
      vertex -19.1194 23.9032 67.3903
    endloop
  endfacet
  facet normal 0 -0.130461 0.991453
    outer loop
      vertex -19 26.1692 69.4075
      vertex -9.22535 26.5583 69.4587
      vertex -19 26.5583 69.4587
    endloop
  endfacet
  facet normal 0 -0.130461 0.991453
    outer loop
      vertex -9.22535 26.5583 69.4587
      vertex -19 26.1692 69.4075
      vertex -8.97132 26.1692 69.4075
    endloop
  endfacet
  facet normal 0 -0.130461 0.991453
    outer loop
      vertex 9.22535 26.5583 69.4587
      vertex 19 26.1692 69.4075
      vertex 19 26.5583 69.4587
    endloop
  endfacet
  facet normal 0 -0.130461 0.991453
    outer loop
      vertex 19 26.1692 69.4075
      vertex 9.22535 26.5583 69.4587
      vertex 8.97132 26.1692 69.4075
    endloop
  endfacet
  facet normal -0.0631385 0 0.998005
    outer loop
      vertex -19 26.9507 69.4587
      vertex -19.3841 26.9442 69.4344
      vertex -19 26.5583 69.4587
    endloop
  endfacet
  facet normal 0 -0.258931 0.965896
    outer loop
      vertex 8.97132 26.1692 69.4075
      vertex 19 25.7902 69.3059
      vertex 19 26.1692 69.4075
    endloop
  endfacet
  facet normal -6.45033e-06 -0.259091 0.965853
    outer loop
      vertex 8.85 25.9761 69.3557
      vertex 19 25.7902 69.3059
      vertex 8.97132 26.1692 69.4075
    endloop
  endfacet
  facet normal 0 -0.258762 0.965941
    outer loop
      vertex -8.85 25.9761 69.3557
      vertex 19 25.7902 69.3059
      vertex 8.85 25.9761 69.3557
    endloop
  endfacet
  facet normal 0 -0.258931 0.965896
    outer loop
      vertex -19 25.7902 69.3059
      vertex -8.97132 26.1692 69.4075
      vertex -19 26.1692 69.4075
    endloop
  endfacet
  facet normal 0 -0.258762 0.965941
    outer loop
      vertex -8.85 25.9761 69.3557
      vertex -19 25.7902 69.3059
      vertex 19 25.7902 69.3059
    endloop
  endfacet
  facet normal 6.45033e-06 -0.259091 0.965853
    outer loop
      vertex -8.97132 26.1692 69.4075
      vertex -19 25.7902 69.3059
      vertex -8.85 25.9761 69.3557
    endloop
  endfacet
  facet normal -0.0656097 0.258265 0.963844
    outer loop
      vertex -19 37.3781 66.7177
      vertex -19.3907 27.3331 69.3827
      vertex -19 27.3398 69.4075
    endloop
  endfacet
  facet normal 0.0647974 0.130422 0.989339
    outer loop
      vertex 19.3907 27.3331 69.3827
      vertex 19 26.9507 69.4587
      vertex 19.3841 26.9442 69.4344
    endloop
  endfacet
  facet normal -0.532154 0.803049 0.268186
    outer loop
      vertex -20.5693 38.9041 64.4563
      vertex -20.7894 38.6798 64.6912
      vertex -20.3987 38.9544 64.6442
    endloop
  endfacet
  facet normal -0.47431 0.877709 -0.0682377
    outer loop
      vertex -20.2817 39.1016 63.5122
      vertex -20.6099 38.9348 63.648
      vertex -20.2259 39.1441 63.671
    endloop
  endfacet
  facet normal -0.245619 0.954351 -0.169954
    outer loop
      vertex -19.5653 39.295 63.2617
      vertex -19.9315 39.2223 63.3827
      vertex -19.8909 39.2533 63.4981
    endloop
  endfacet
  facet normal 0.124237 0.968365 -0.216415
    outer loop
      vertex 19.5653 39.295 63.2617
      vertex 19.1813 39.3248 63.1746
      vertex 19.5407 39.3138 63.3317
    endloop
  endfacet
  facet normal -0.597893 0.796472 -0.0903084
    outer loop
      vertex -20.6099 38.9348 63.648
      vertex -20.9611 38.6592 63.5425
      vertex -20.9106 38.7249 63.7876
    endloop
  endfacet
  facet normal 0 0.991453 0.130461
    outer loop
      vertex 19 39.4073 64.0731
      vertex -19 39.3561 64.4622
      vertex 19 39.3561 64.4622
    endloop
  endfacet
  facet normal 0 0.991453 0.130461
    outer loop
      vertex -19 39.3561 64.4622
      vertex 19 39.4073 64.0731
      vertex -19 39.4073 64.0731
    endloop
  endfacet
  facet normal 0.0568033 0.706041 0.705889
    outer loop
      vertex 19.3256 38.6637 65.8343
      vertex 19 38.6693 65.8549
      vertex 19.3512 38.3858 66.1102
    endloop
  endfacet
  facet normal 0.499663 -0.844608 0.192287
    outer loop
      vertex 20.3269 8.62641 9.20593
      vertex 20.3155 8.58158 9.03864
      vertex 20.6525 8.75963 8.94501
    endloop
  endfacet
  facet normal 0.980776 0.0505048 0.18849
    outer loop
      vertex 21.968 36.7044 64.2036
      vertex 21.8916 36.8038 64.5745
      vertex 21.968 26.6661 66.8933
    endloop
  endfacet
  facet normal 0.188425 -0.49474 -0.848368
    outer loop
      vertex 19.7353 9.58369 6.10864
      vertex 19.4936 9.67793 6
      vertex 19.7501 9.77562 6
    endloop
  endfacet
  facet normal 0.188434 -0.494725 -0.848375
    outer loop
      vertex 19.4936 9.67793 6
      vertex 19.7353 9.58369 6.10864
      vertex 19.3708 9.56493 6.03862
    endloop
  endfacet
  facet normal 0.0976392 -0.963201 -0.250421
    outer loop
      vertex 19.3434 8.29469 7.96795
      vertex 19.2175 8.38825 7.559
      vertex 19.4314 8.39925 7.60009
    endloop
  endfacet
  facet normal 0.123322 -0.98607 -0.111617
    outer loop
      vertex 19.369 8.25077 8.38424
      vertex 19.2496 8.24027 8.34508
      vertex 19.3434 8.29469 7.96795
    endloop
  endfacet
  facet normal 0.0568889 -0.258512 0.964331
    outer loop
      vertex 19 26.1692 69.4075
      vertex 19 25.7902 69.3059
      vertex 19.3512 26.1633 69.3852
    endloop
  endfacet
  facet normal 0.458258 -0.869766 -0.183049
    outer loop
      vertex 20.5693 8.73502 7.9302
      vertex 20.1785 8.5109 8.01676
      vertex 20.3987 8.68468 7.7423
    endloop
  endfacet
  facet normal -0.313385 -0.517891 0.795976
    outer loop
      vertex -19.8631 25.3832 68.9899
      vertex -19.989 25.0192 68.7035
      vertex -19.757 25.0488 68.8141
    endloop
  endfacet
  facet normal 0.130597 -0.955552 0.264318
    outer loop
      vertex 19.5853 23.9124 67.2266
      vertex 19.1945 23.8695 67.2646
      vertex 19.1962 23.8629 67.2399
    endloop
  endfacet
  facet normal -0.00058092 -0.965926 0.258818
    outer loop
      vertex -19.1813 23.8823 67.3124
      vertex -19.1945 23.8695 67.2646
      vertex -19.1895 8.32063 9.23529
    endloop
  endfacet
  facet normal -0.49135 -0.810823 0.318028
    outer loop
      vertex -20.2817 24.2444 67.4932
      vertex -20.6099 24.4567 67.5274
      vertex -20.3155 24.2004 67.3288
    endloop
  endfacet
  facet normal -0.513393 -0.567932 -0.643336
    outer loop
      vertex -20.6379 9.39121 6.79109
      vertex -20.7294 9.71057 6.58218
      vertex -20.4204 9.65714 6.38276
    endloop
  endfacet
  facet normal 0.745312 0.0431752 0.665317
    outer loop
      vertex 21.375 27.0366 68.2762
      vertex 21.1168 27.1128 68.5605
      vertex 21.3343 26.6528 68.3467
    endloop
  endfacet
  facet normal 0.0647877 0.381983 0.921896
    outer loop
      vertex 19 37.7406 66.5675
      vertex 19 37.3781 66.7177
      vertex 19.3841 37.7341 66.5432
    endloop
  endfacet
  facet normal -0.255132 -0.392536 0.883642
    outer loop
      vertex -19.6456 25.7682 69.2238
      vertex -19.9546 25.741 69.1225
      vertex -19.5838 25.4077 69.0815
    endloop
  endfacet
  facet normal -0.793362 0.588007 -0.157556
    outer loop
      vertex -21.2555 22.9535 6
      vertex -21.4923 22.634 6
      vertex -21.2555 38.3244 63.365
    endloop
  endfacet
  facet normal -0.0248211 0.991145 0.130447
    outer loop
      vertex -19.1259 39.4052 64.0651
      vertex -19.1732 39.3532 64.4512
      vertex -19 39.4073 64.0731
    endloop
  endfacet
  facet normal -0.195007 0.977134 -0.0847381
    outer loop
      vertex -19.4643 39.3481 63.4595
      vertex -19.765 39.3097 63.7087
      vertex -19.4138 39.363 63.5151
    endloop
  endfacet
  facet normal -0.130595 0.95975 -0.248646
    outer loop
      vertex -19.1962 39.3053 63.1021
      vertex -19.5853 39.2558 63.1154
      vertex -19.5803 39.2756 63.1892
    endloop
  endfacet
  facet normal 0.0982113 0.979941 -0.173407
    outer loop
      vertex 19.4643 39.3481 63.4595
      vertex 19.1387 39.3412 63.2361
      vertex 19.4138 39.363 63.5151
    endloop
  endfacet
  facet normal 0.0248785 0.991147 0.130421
    outer loop
      vertex 19 39.4073 64.0731
      vertex 19 39.3561 64.4622
      vertex 19.1732 39.3532 64.4512
    endloop
  endfacet
  facet normal 0.130186 0.960322 -0.246645
    outer loop
      vertex 19.1962 39.3053 63.1021
      vertex 19.1945 39.3119 63.1269
      vertex 19.5803 39.2756 63.1892
    endloop
  endfacet
  facet normal -0.0166776 0.999861 0
    outer loop
      vertex -19 39.4073 63.6807
      vertex -19.1259 39.4052 64.0651
      vertex -19 39.4073 64.0731
    endloop
  endfacet
  facet normal -0.160773 0.958798 0.23422
    outer loop
      vertex -19.5078 39.33 64.3646
      vertex -19.6378 39.2217 64.7187
      vertex -19.3434 39.3444 64.4185
    endloop
  endfacet
  facet normal -0.597035 0.722655 0.34831
    outer loop
      vertex -20.5949 38.7372 64.9055
      vertex -20.7894 38.6798 64.6912
      vertex -20.7638 38.4802 65.1492
    endloop
  endfacet
  facet normal 0 0.866007 0.500031
    outer loop
      vertex 19 39.1044 65.2038
      vertex -19 38.9082 65.5436
      vertex 19 38.9082 65.5436
    endloop
  endfacet
  facet normal 0 0.866007 0.500031
    outer loop
      vertex -19 38.9082 65.5436
      vertex 19 39.1044 65.2038
      vertex -19 39.1044 65.2038
    endloop
  endfacet
  facet normal 0.536749 0.457279 0.709082
    outer loop
      vertex 20.7294 37.9285 65.8043
      vertex 20.4204 37.982 66.0037
      vertex 20.7912 37.5832 65.9802
    endloop
  endfacet
  facet normal 0.330443 -0.738622 0.587576
    outer loop
      vertex 20.0146 24.6873 68.3879
      vertex 19.8077 24.428 68.1783
      vertex 19.9382 24.3984 68.0677
    endloop
  endfacet
  facet normal 0.555488 0.215218 0.80319
    outer loop
      vertex 20.4968 27.236 69.0201
      vertex 20.8224 37.218 66.1202
      vertex 20.4968 37.2743 66.3303
    endloop
  endfacet
  facet normal 0.555704 0.215171 0.803053
    outer loop
      vertex 20.8224 37.218 66.1202
      vertex 20.4968 27.236 69.0201
      vertex 20.8224 27.1796 68.8099
    endloop
  endfacet
  facet normal 0.608486 0.775842 -0.166775
    outer loop
      vertex 20.6667 38.8232 63.2313
      vertex 20.6525 38.8795 63.4414
      vertex 20.9611 38.6592 63.5425
    endloop
  endfacet
  facet normal -0.13808 0.862022 0.4877
    outer loop
      vertex -19.2582 39.1 65.1874
      vertex -19.5838 38.8883 65.4694
      vertex -19.2944 38.9032 65.525
    endloop
  endfacet
  facet normal -0.0606504 -0.130221 0.989628
    outer loop
      vertex -19 26.5583 69.4587
      vertex -19.3512 26.1633 69.3852
      vertex -19 26.1692 69.4075
    endloop
  endfacet
  facet normal 0 -0.965782 0.259353
    outer loop
      vertex -19.1194 23.9032 67.3903
      vertex 19 23.9137 67.4294
      vertex -19 23.9137 67.4294
    endloop
  endfacet
  facet normal 0 -0.965782 0.259353
    outer loop
      vertex 19 23.9137 67.4294
      vertex -19.1194 23.9032 67.3903
      vertex 19.1194 23.9032 67.3903
    endloop
  endfacet
  facet normal 0.00882398 -0.923838 0.382682
    outer loop
      vertex 19 24.0639 67.792
      vertex 19 23.9137 67.4294
      vertex 19.0764 24.0626 67.7871
    endloop
  endfacet
  facet normal 0.875214 0.44573 0.187951
    outer loop
      vertex 21.5989 37.8756 64.2061
      vertex 21.4858 37.9619 64.5281
      vertex 21.6245 37.6266 64.6774
    endloop
  endfacet
  facet normal 0.416428 -0.908068 -0.0447289
    outer loop
      vertex 20.4434 8.60024 8.35019
      vertex 20.0527 8.41735 8.42571
      vertex 20.3223 8.55333 8.17509
    endloop
  endfacet
  facet normal 0.532272 -0.803033 -0.268002
    outer loop
      vertex 20.7894 8.95933 7.69522
      vertex 20.5693 8.73502 7.9302
      vertex 20.5949 8.90192 7.48095
    endloop
  endfacet
  facet normal 0.046303 -0.865093 -0.49947
    outer loop
      vertex 19.2582 8.53911 7.19903
      vertex 19 8.53473 7.18268
      vertex 19 8.73094 6.84284
    endloop
  endfacet
  facet normal 0.31861 -0.368865 -0.87317
    outer loop
      vertex 20.126 9.95645 6.03527
      vertex 20.0184 9.947 6
      vertex 20.1307 10.044 6
    endloop
  endfacet
  facet normal 0.351092 -0.771516 -0.530563
    outer loop
      vertex 20.1278 8.80915 7.13472
      vertex 19.8631 8.77537 7.00868
      vertex 20.2472 9.05632 6.85431
    endloop
  endfacet
  facet normal 0.227594 -0.855743 -0.464656
    outer loop
      vertex 19.757 8.5737 7.32812
      vertex 19.5838 8.75083 6.91707
      vertex 19.8631 8.77537 7.00868
    endloop
  endfacet
  facet normal -0.382693 -0.892395 0.239117
    outer loop
      vertex -19.9643 24.0105 67.2003
      vertex -20.3269 24.1556 67.1615
      vertex -19.9643 8.48135 9.2448
    endloop
  endfacet
  facet normal -0.889241 -0.239181 -0.389927
    outer loop
      vertex -21.5482 10.2792 7.23998
      vertex -21.7657 10.7393 7.45377
      vertex -21.5925 10.6484 7.11454
    endloop
  endfacet
  facet normal -0.989367 -0.108987 0.0963074
    outer loop
      vertex -21.968 26.6661 66.8933
      vertex -21.9936 26.565 66.5159
      vertex -21.9424 26.1892 66.6166
    endloop
  endfacet
  facet normal -0.864678 -0.496764 0.0745481
    outer loop
      vertex -21.4944 9.61543 8.94092
      vertex -21.6676 9.8528 8.51374
      vertex -21.4731 9.53116 8.62643
    endloop
  endfacet
  facet normal 0.138071 -0.861968 -0.487799
    outer loop
      vertex 19.512 8.55217 7.24779
      vertex 19.2582 8.53911 7.19903
      vertex 19.5838 8.75083 6.91707
    endloop
  endfacet
  facet normal -0.25518 -0.781845 -0.56886
    outer loop
      vertex -19.8631 8.77537 7.00868
      vertex -19.9546 9.01897 6.71492
      vertex -19.6456 8.99183 6.61361
    endloop
  endfacet
  facet normal 0.288197 -0.957557 -0.00525119
    outer loop
      vertex 20.0527 8.41735 8.42571
      vertex 19.6819 8.30487 8.58616
      vertex 19.9382 8.38358 8.29967
    endloop
  endfacet
  facet normal 0.258846 -0.933006 0.249998
    outer loop
      vertex 19.5853 8.38325 9.27109
      vertex 19.9643 24.0105 67.2003
      vertex 19.5853 23.9124 67.2266
    endloop
  endfacet
  facet normal 0.25884 -0.933007 0.249999
    outer loop
      vertex 19.9643 24.0105 67.2003
      vertex 19.5853 8.38325 9.27109
      vertex 19.9643 8.48135 9.2448
    endloop
  endfacet
  facet normal -0.506909 -0.853338 -0.121891
    outer loop
      vertex -20.4434 8.60024 8.35019
      vertex -20.713 8.7907 8.138
      vertex -20.5693 8.73502 7.9302
    endloop
  endfacet
  facet normal 0.608315 -0.775973 0.16679
    outer loop
      vertex 20.6667 8.81593 9.15515
      vertex 20.6525 8.75963 8.94501
      vertex 20.978 9.04668 9.09332
    endloop
  endfacet
  facet normal -0.0173175 -0.865989 0.499764
    outer loop
      vertex -19 24.0639 67.792
      vertex -19.1259 24.2579 68.1238
      vertex -19.0764 24.0626 67.7871
    endloop
  endfacet
  facet normal 0.60933 -0.189158 0.770023
    outer loop
      vertex 21.0087 26.3429 68.655
      vertex 20.6379 26.0253 68.8704
      vertex 20.9026 25.9653 68.6462
    endloop
  endfacet
  facet normal -0.170993 -0.882394 0.43834
    outer loop
      vertex -19.587 24.2085 67.9393
      vertex -19.6819 24.187 67.859
      vertex -19.4138 24.0195 67.6264
    endloop
  endfacet
  facet normal 0.000351952 -0.965882 0.258981
    outer loop
      vertex -19.1557 8.30286 9.16897
      vertex -19.1895 8.32063 9.23529
      vertex -19.1813 8.31434 9.21182
    endloop
  endfacet
  facet normal -0.393033 -0.529997 0.751417
    outer loop
      vertex -20.1278 25.3494 68.8638
      vertex -20.2042 24.982 68.5647
      vertex -19.989 25.0192 68.7035
    endloop
  endfacet
  facet normal -0.382648 -0.892413 0.239122
    outer loop
      vertex -20.3269 24.1556 67.1615
      vertex -20.3269 8.62641 9.20593
      vertex -19.9643 8.48135 9.2448
    endloop
  endfacet
  facet normal 0 0.965896 0.258931
    outer loop
      vertex 19 39.3561 64.4622
      vertex -19 39.2545 64.8412
      vertex 19 39.2545 64.8412
    endloop
  endfacet
  facet normal 0 0.965896 0.258931
    outer loop
      vertex -19 39.2545 64.8412
      vertex 19 39.3561 64.4622
      vertex -19 39.3561 64.4622
    endloop
  endfacet
  facet normal 0.86646 -0.138989 0.479509
    outer loop
      vertex 21.5482 26.5699 68.0376
      vertex 21.4602 26.1907 68.0867
      vertex 21.6245 26.1044 67.7648
    endloop
  endfacet
  facet normal 0.768394 0.50185 0.397137
    outer loop
      vertex 21.3301 38.0436 64.833
      vertex 21.1346 38.1193 65.1156
      vertex 21.4602 37.7128 64.9993
    endloop
  endfacet
  facet normal 0.608379 0.775961 -0.16661
    outer loop
      vertex 20.978 38.5924 63.2931
      vertex 20.6667 38.8232 63.2313
      vertex 20.9611 38.6592 63.5425
    endloop
  endfacet
  facet normal -0.946917 0.0832028 0.310523
    outer loop
      vertex -21.8916 36.8038 64.5745
      vertex -21.7657 26.8615 67.6224
      vertex -21.7657 36.8998 64.9327
    endloop
  endfacet
  facet normal -0.946892 0.0832251 0.310595
    outer loop
      vertex -21.7657 26.8615 67.6224
      vertex -21.8916 36.8038 64.5745
      vertex -21.8916 26.7655 67.2643
    endloop
  endfacet
  facet normal -0.745508 0.0433764 0.665084
    outer loop
      vertex -21.1168 27.1128 68.5605
      vertex -21.3343 26.6528 68.3467
      vertex -21.0806 26.7276 68.6262
    endloop
  endfacet
  facet normal -0.571342 -0.31354 0.75846
    outer loop
      vertex -20.6379 26.0253 68.8704
      vertex -20.9026 25.9653 68.6462
      vertex -20.7638 25.6011 68.6002
    endloop
  endfacet
  facet normal -0.376033 -0.872809 0.311132
    outer loop
      vertex -19.9315 24.0751 67.4414
      vertex -20.3155 24.2004 67.3288
      vertex -19.9561 24.0431 67.3219
    endloop
  endfacet
  facet normal 0.00181315 0.962782 -0.270273
    outer loop
      vertex -19.0256 39.3557 63.29
      vertex -19.0751 39.3522 63.2772
      vertex -19.0508 39.3544 63.2852
    endloop
  endfacet
  facet normal -0.751837 0.653266 0.0893525
    outer loop
      vertex -21.1787 38.4755 63.9288
      vertex -21.4094 38.1908 64.0691
      vertex -21.3045 38.2707 64.3676
    endloop
  endfacet
  facet normal -0.00478163 0.965915 -0.258815
    outer loop
      vertex -19.196 24.0049 6
      vertex -19.1962 39.3053 63.1021
      vertex -19.1813 39.3248 63.1746
    endloop
  endfacet
  facet normal 0 0.965926 -0.258818
    outer loop
      vertex -19.1962 39.3053 63.1021
      vertex -19.196 24.0049 6
      vertex -19.1962 24.0049 6
    endloop
  endfacet
  facet normal -0.258738 0.933034 -0.250005
    outer loop
      vertex -19.9643 23.8467 6
      vertex -19.5853 39.2558 63.1154
      vertex -19.5853 23.9518 6
    endloop
  endfacet
  facet normal -0.258846 0.933006 -0.249997
    outer loop
      vertex -19.5853 39.2558 63.1154
      vertex -19.9643 23.8467 6
      vertex -19.9643 39.1577 63.1417
    endloop
  endfacet
  facet normal -0.258846 -0.933006 0.249998
    outer loop
      vertex -19.9643 24.0105 67.2003
      vertex -19.5853 8.38325 9.27109
      vertex -19.5853 23.9124 67.2266
    endloop
  endfacet
  facet normal -0.25884 -0.933007 0.249999
    outer loop
      vertex -19.5853 8.38325 9.27109
      vertex -19.9643 24.0105 67.2003
      vertex -19.9643 8.48135 9.2448
    endloop
  endfacet
  facet normal -0.991452 0.126029 -0.0337695
    outer loop
      vertex -21.9424 21.5116 6
      vertex -21.9936 36.6033 63.8261
      vertex -21.9424 36.9791 63.7254
    endloop
  endfacet
  facet normal -0.991452 0.126024 -0.0337681
    outer loop
      vertex -21.9936 36.6033 63.8261
      vertex -21.9424 21.5116 6
      vertex -21.9936 21.1088 6
    endloop
  endfacet
  facet normal -0.108275 0.976548 -0.186093
    outer loop
      vertex -19.1699 39.3307 63.1969
      vertex -19.4643 39.3481 63.4595
      vertex -19.1557 39.3362 63.2175
    endloop
  endfacet
  facet normal 0 1 -0
    outer loop
      vertex 19 39.4073 63.6807
      vertex -19 39.4073 64.0731
      vertex 19 39.4073 64.0731
    endloop
  endfacet
  facet normal 0 1 0
    outer loop
      vertex -19 39.4073 64.0731
      vertex 19 39.4073 63.6807
      vertex -19 39.4073 63.6807
    endloop
  endfacet
  facet normal 0.117668 0.972478 -0.2011
    outer loop
      vertex 19.5407 39.3138 63.3317
      vertex 19.1813 39.3248 63.1746
      vertex 19.5069 39.3316 63.398
    endloop
  endfacet
  facet normal 0.108275 0.976548 -0.186093
    outer loop
      vertex 19.1699 39.3307 63.1969
      vertex 19.1557 39.3362 63.2175
      vertex 19.4643 39.3481 63.4595
    endloop
  endfacet
  facet normal 0.258846 0.933006 -0.249997
    outer loop
      vertex 19.9643 23.8467 6
      vertex 19.5853 39.2558 63.1154
      vertex 19.9643 39.1577 63.1417
    endloop
  endfacet
  facet normal 0.258738 0.933034 -0.250005
    outer loop
      vertex 19.5853 39.2558 63.1154
      vertex 19.9643 23.8467 6
      vertex 19.5853 23.9518 6
    endloop
  endfacet
  facet normal 0.108758 0.976393 -0.186624
    outer loop
      vertex 19.5069 39.3316 63.398
      vertex 19.1699 39.3307 63.1969
      vertex 19.4643 39.3481 63.4595
    endloop
  endfacet
  facet normal -0.108758 0.976393 -0.186624
    outer loop
      vertex -19.1699 39.3307 63.1969
      vertex -19.5069 39.3316 63.398
      vertex -19.4643 39.3481 63.4595
    endloop
  endfacet
  facet normal -0.0734066 0.985641 -0.152066
    outer loop
      vertex -19.1194 39.3456 63.2525
      vertex -19.3563 39.376 63.5639
      vertex -19.0981 39.3493 63.2662
    endloop
  endfacet
  facet normal -0.745524 0.29493 0.597671
    outer loop
      vertex -21.0806 37.5176 65.7351
      vertex -21.3343 37.4427 65.4556
      vertex -21.1168 37.1511 65.8708
    endloop
  endfacet
  facet normal -0.997855 -0.016945 -0.0632397
    outer loop
      vertex -21.9722 19.3309 6
      vertex -21.9936 11.0358 8.56033
      vertex -21.9936 20.5911 6
    endloop
  endfacet
  facet normal -0.46684 0.819956 0.331259
    outer loop
      vertex -20.2042 38.9986 64.8089
      vertex -20.3987 38.9544 64.6442
      vertex -20.3731 38.7875 65.0934
    endloop
  endfacet
  facet normal 0.16969 0.981114 0.0928421
    outer loop
      vertex 19.6634 39.3101 64.2905
      vertex 19.369 39.3883 64.0022
      vertex 19.5078 39.33 64.3646
    endloop
  endfacet
  facet normal -0.408926 0.583328 0.701789
    outer loop
      vertex -20.0297 38.3388 65.9346
      vertex -20.3453 38.2985 65.7842
      vertex -20.0871 38.0245 66.1624
    endloop
  endfacet
  facet normal -0.122984 0.986107 0.111663
    outer loop
      vertex -19.2496 39.3988 64.0414
      vertex -19.5078 39.33 64.3646
      vertex -19.3434 39.3444 64.4185
    endloop
  endfacet
  facet normal 0.803141 -0.110579 0.585438
    outer loop
      vertex 21.5482 26.5699 68.0376
      vertex 21.3343 26.6528 68.3467
      vertex 21.4602 26.1907 68.0867
    endloop
  endfacet
  facet normal 0.828803 -0.263214 0.493766
    outer loop
      vertex 21.4602 26.1907 68.0867
      vertex 21.3301 25.821 68.108
      vertex 21.4858 25.7393 67.8031
    endloop
  endfacet
  facet normal -0.637073 0.437655 0.634505
    outer loop
      vertex -21.0087 37.8651 65.5676
      vertex -21.0806 37.5176 65.7351
      vertex -20.7294 37.9285 65.8043
    endloop
  endfacet
  facet normal -0.670363 0.741118 0.0368408
    outer loop
      vertex -20.9106 38.7249 63.7876
      vertex -21.0838 38.5478 64.1987
      vertex -20.8275 38.7883 64.0243
    endloop
  endfacet
  facet normal -0.0518752 0.792134 0.608139
    outer loop
      vertex -19.2944 38.9032 65.525
      vertex -19.3256 38.6637 65.8343
      vertex -19 38.9082 65.5436
    endloop
  endfacet
  facet normal -0.523519 -0.432681 0.733972
    outer loop
      vertex -20.5185 25.6568 68.808
      vertex -20.7638 25.6011 68.6002
      vertex -20.3731 25.307 68.7055
    endloop
  endfacet
  facet normal -0.193406 0.125805 0.97302
    outer loop
      vertex -19.3907 27.3331 69.3827
      vertex -19.7748 27.3134 69.3089
      vertex -19.7615 26.9247 69.3618
    endloop
  endfacet
  facet normal -0.0632477 -0.000109119 0.997998
    outer loop
      vertex -19 26.5583 69.4587
      vertex -19.3841 26.9442 69.4344
      vertex -19.3708 26.552 69.4352
    endloop
  endfacet
  facet normal 0.706411 -0.670279 0.227398
    outer loop
      vertex 21.2555 24.8439 66.9771
      vertex 20.9611 24.6426 67.2983
      vertex 20.978 24.5758 67.0489
    endloop
  endfacet
  facet normal 0.0750594 -0.794847 0.602149
    outer loop
      vertex 19.1732 24.496 68.4322
      vertex 19.1259 24.2579 68.1238
      vertex 19.3434 24.4873 68.3995
    endloop
  endfacet
  facet normal 0.254495 -0.919888 0.298392
    outer loop
      vertex 19.9315 24.0751 67.4414
      vertex 19.5653 23.9516 67.373
      vertex 19.5803 23.9322 67.3004
    endloop
  endfacet
  facet normal 0.745508 0.0433764 0.665084
    outer loop
      vertex 21.1168 27.1128 68.5605
      vertex 21.0806 26.7276 68.6262
      vertex 21.3343 26.6528 68.3467
    endloop
  endfacet
  facet normal -0.46668 -0.544515 0.696931
    outer loop
      vertex -20.3731 25.307 68.7055
      vertex -20.5949 25.2566 68.5176
      vertex -20.3987 24.9378 68.3999
    endloop
  endfacet
  facet normal 0 -0.382697 0.923874
    outer loop
      vertex -19 25.7902 69.3059
      vertex 19 25.4276 69.1557
      vertex 19 25.7902 69.3059
    endloop
  endfacet
  facet normal 0 -0.382697 0.923874
    outer loop
      vertex 19 25.4276 69.1557
      vertex -19 25.7902 69.3059
      vertex -19 25.4276 69.1557
    endloop
  endfacet
  facet normal 0.875059 -0.445958 -0.188133
    outer loop
      vertex 21.744 10.1036 8.04893
      vertex 21.5989 9.76346 8.18031
      vertex 21.6245 10.0125 7.70905
    endloop
  endfacet
  facet normal 0.500014 0.836508 -0.224142
    outer loop
      vertex 20.3314 23.6885 6
      vertex 20.3269 39.0127 63.1805
      vertex 20.6667 38.8232 63.2313
    endloop
  endfacet
  facet normal 0.50143 0.835717 -0.22393
    outer loop
      vertex 20.3269 39.0127 63.1805
      vertex 20.3314 23.6885 6
      vertex 20.3269 23.6912 6
    endloop
  endfacet
  facet normal 0.828907 0.474673 0.29597
    outer loop
      vertex 21.4858 37.9619 64.5281
      vertex 21.4602 37.7128 64.9993
      vertex 21.6245 37.6266 64.6774
    endloop
  endfacet
  facet normal 0.0631557 -0.499062 -0.864262
    outer loop
      vertex 19.3708 9.56493 6.03862
      vertex 19.3056 9.62356 6
      vertex 19.3734 9.63214 6
    endloop
  endfacet
  facet normal 0.278298 -0.943834 -0.178121
    outer loop
      vertex 20.0146 8.4737 7.87791
      vertex 19.8077 8.35396 8.18913
      vertex 19.8334 8.44235 7.76092
    endloop
  endfacet
  facet normal 0.707168 -0.682954 0.182997
    outer loop
      vertex 20.978 24.5758 67.0489
      vertex 21.2555 9.31471 9.0215
      vertex 21.2555 24.8439 66.9771
    endloop
  endfacet
  facet normal 0.707088 -0.683031 0.183017
    outer loop
      vertex 21.2555 9.31471 9.0215
      vertex 20.978 24.5758 67.0489
      vertex 20.978 9.04668 9.09332
    endloop
  endfacet
  facet normal 0.161013 -0.958808 -0.234012
    outer loop
      vertex 19.6378 8.41739 7.66778
      vertex 19.3434 8.29469 7.96795
      vertex 19.4314 8.39925 7.60009
    endloop
  endfacet
  facet normal 0.0748135 -0.989435 -0.124179
    outer loop
      vertex 19.2496 8.24027 8.34508
      vertex 19.1259 8.2339 8.32131
      vertex 19.1732 8.28593 7.93524
    endloop
  endfacet
  facet normal 0 -0.499903 -0.866081
    outer loop
      vertex -19 9.55863 6.01514
      vertex 19 9.58486 6
      vertex 19 9.55863 6.01514
    endloop
  endfacet
  facet normal -0 -0.499903 -0.866081
    outer loop
      vertex 19 9.58486 6
      vertex -19 9.55863 6.01514
      vertex -19 9.58486 6
    endloop
  endfacet
  facet normal -0.792272 -0.60068 0.107188
    outer loop
      vertex -21.2555 9.31471 9.0215
      vertex -21.4944 9.61543 8.94092
      vertex -21.2362 9.23851 8.73713
    endloop
  endfacet
  facet normal -0.144021 -0.988697 0.0416606
    outer loop
      vertex -19.3563 8.26307 8.82258
      vertex -19.4822 8.26521 8.43813
      vertex -19.2926 8.25206 8.7815
    endloop
  endfacet
  facet normal -0.849851 -0.525913 -0.0341891
    outer loop
      vertex -21.4094 9.44833 8.31732
      vertex -21.6676 9.8528 8.51374
      vertex -21.5989 9.76346 8.18031
    endloop
  endfacet
  facet normal -0.193675 0.126054 0.972934
    outer loop
      vertex -19.3907 27.3331 69.3827
      vertex -19.7615 26.9247 69.3618
      vertex -19.3841 26.9442 69.4344
    endloop
  endfacet
  facet normal -0.660193 0.701365 0.268759
    outer loop
      vertex -20.9533 38.6163 64.4543
      vertex -20.9789 38.4167 64.9123
      vertex -20.7894 38.6798 64.6912
    endloop
  endfacet
  facet normal 0.318749 -0.947251 0.033375
    outer loop
      vertex 20.1491 8.4547 8.56511
      vertex 19.765 8.32942 8.67776
      vertex 20.0527 8.41735 8.42571
    endloop
  endfacet
  facet normal -0.0977051 -0.963189 -0.250439
    outer loop
      vertex -19.1732 8.28593 7.93524
      vertex -19.3434 8.29469 7.96795
      vertex -19.2175 8.38825 7.559
    endloop
  endfacet
  facet normal 0.288321 -0.957521 -0.00493852
    outer loop
      vertex 19.765 8.32942 8.67776
      vertex 19.6819 8.30487 8.58616
      vertex 20.0527 8.41735 8.42571
    endloop
  endfacet
  facet normal 0.252648 -0.966752 -0.0394799
    outer loop
      vertex 19.6819 8.30487 8.58616
      vertex 19.587 8.28335 8.50582
      vertex 19.8077 8.35396 8.18913
    endloop
  endfacet
  facet normal 0.376406 -0.921569 -0.0950261
    outer loop
      vertex 20.0527 8.41735 8.42571
      vertex 19.9382 8.38358 8.29967
      vertex 20.1785 8.5109 8.01676
    endloop
  endfacet
  facet normal 0.252811 -0.966712 -0.0394233
    outer loop
      vertex 19.9382 8.38358 8.29967
      vertex 19.6819 8.30487 8.58616
      vertex 19.8077 8.35396 8.18913
    endloop
  endfacet
  facet normal 0.0749043 -0.794799 0.602232
    outer loop
      vertex 19.3434 24.4873 68.3995
      vertex 19.1259 24.2579 68.1238
      vertex 19.2496 24.2516 68.1001
    endloop
  endfacet
  facet normal -3.94535e-05 -0.965821 0.259209
    outer loop
      vertex -19.0256 8.28342 9.09644
      vertex -19.0751 8.28686 9.10925
      vertex -19.0508 8.28472 9.10128
    endloop
  endfacet
  facet normal 0.866032 -0.482953 0.129407
    outer loop
      vertex 21.6906 25.4728 66.8085
      vertex 21.4944 9.61543 8.94092
      vertex 21.6906 9.94369 8.85297
    endloop
  endfacet
  facet normal 0.991452 -0.126029 0.0337695
    outer loop
      vertex 21.9936 26.565 66.5159
      vertex 21.9424 26.1892 66.6166
      vertex 21.9936 11.0358 8.56033
    endloop
  endfacet
  facet normal 0.416437 -0.908066 -0.0446792
    outer loop
      vertex 20.1491 8.4547 8.56511
      vertex 20.0527 8.41735 8.42571
      vertex 20.4434 8.60024 8.35019
    endloop
  endfacet
  facet normal 0.491148 -0.861351 0.1298
    outer loop
      vertex 20.3155 8.58158 9.03864
      vertex 20.2817 8.53753 8.87422
      vertex 20.6525 8.75963 8.94501
    endloop
  endfacet
  facet normal -0.245514 -0.911349 0.330403
    outer loop
      vertex -19.8909 24.106 67.5568
      vertex -19.9315 24.0751 67.4414
      vertex -19.5407 23.9704 67.443
    endloop
  endfacet
  facet normal -0.269856 -0.624257 0.733131
    outer loop
      vertex -19.757 25.0488 68.8141
      vertex -19.8334 24.7187 68.5049
      vertex -19.6378 24.7436 68.5981
    endloop
  endfacet
  facet normal 0.546642 -0.695907 0.46572
    outer loop
      vertex 20.713 24.8318 68.0042
      vertex 20.4434 24.5608 67.9157
      vertex 20.8275 24.7717 67.78
    endloop
  endfacet
  facet normal -0.0750594 -0.794847 0.602149
    outer loop
      vertex -19.1732 24.496 68.4322
      vertex -19.3434 24.4873 68.3995
      vertex -19.1259 24.2579 68.1238
    endloop
  endfacet
  facet normal -0.382568 -0.885636 0.26323
    outer loop
      vertex -19.9561 24.0431 67.3219
      vertex -20.3269 24.1556 67.1615
      vertex -19.9643 24.0105 67.2003
    endloop
  endfacet
  facet normal -0.130652 -0.955313 0.265155
    outer loop
      vertex -19.5803 23.9322 67.3004
      vertex -19.5853 23.9124 67.2266
      vertex -19.1945 23.8695 67.2646
    endloop
  endfacet
  facet normal -0.124714 -0.947768 0.293567
    outer loop
      vertex -19.1813 23.8823 67.3124
      vertex -19.5653 23.9516 67.373
      vertex -19.1895 23.8761 67.2889
    endloop
  endfacet
  facet normal -0.694886 -0.526543 -0.489782
    outer loop
      vertex -20.9026 9.45127 7.01524
      vertex -21.2537 9.84629 7.0887
      vertex -21.0087 9.77398 6.81884
    endloop
  endfacet
  facet normal -0.138144 -0.502633 0.853391
    outer loop
      vertex -19.2582 25.0834 68.9432
      vertex -19.5838 25.4077 69.0815
      vertex -19.512 25.0703 68.8944
    endloop
  endfacet
  facet normal -0.0461004 -0.4995 0.865087
    outer loop
      vertex -19 25.4276 69.1557
      vertex -19.2582 25.0834 68.9432
      vertex -19 25.0878 68.9595
    endloop
  endfacet
  facet normal 0.193372 0.377547 0.905575
    outer loop
      vertex 19.7615 37.7147 66.4707
      vertex 19.3841 37.7341 66.5432
      vertex 19.7748 37.3517 66.6192
    endloop
  endfacet
  facet normal 0.393243 0.834562 0.385831
    outer loop
      vertex 20.3731 38.7875 65.0934
      vertex 19.989 39.0358 64.9478
      vertex 20.1278 38.8299 65.2517
    endloop
  endfacet
  facet normal 0.523538 0.741743 0.419196
    outer loop
      vertex 20.7638 38.4802 65.1492
      vertex 20.3731 38.7875 65.0934
      vertex 20.5185 38.5359 65.357
    endloop
  endfacet
  facet normal 0 0.923964 0.382479
    outer loop
      vertex 19 39.2545 64.8412
      vertex -19 39.1044 65.2038
      vertex 19 39.1044 65.2038
    endloop
  endfacet
  facet normal 0 0.923964 0.382479
    outer loop
      vertex -19 39.1044 65.2038
      vertex 19 39.2545 64.8412
      vertex -19 39.2545 64.8412
    endloop
  endfacet
  facet normal -0.866441 0.360148 0.345795
    outer loop
      vertex -21.6245 37.6266 64.6774
      vertex -21.7184 37.2705 64.813
      vertex -21.4602 37.7128 64.9993
    endloop
  endfacet
  facet normal -0.89685 0.114487 0.427263
    outer loop
      vertex -21.7657 36.8998 64.9327
      vertex -21.5925 26.9524 67.9617
      vertex -21.5925 36.9907 65.2719
    endloop
  endfacet
  facet normal -0.896898 0.114457 0.427169
    outer loop
      vertex -21.5925 26.9524 67.9617
      vertex -21.7657 36.8998 64.9327
      vertex -21.7657 26.8615 67.6224
    endloop
  endfacet
  facet normal -0.866003 -0.483001 0.12942
    outer loop
      vertex -21.4944 25.1446 66.8965
      vertex -21.6906 25.4728 66.8085
      vertex -21.4944 9.61543 8.94092
    endloop
  endfacet
  facet normal -0.57711 -0.715155 0.394331
    outer loop
      vertex -20.8275 24.7717 67.78
      vertex -20.9106 24.7083 67.5434
      vertex -20.5398 24.5102 67.7268
    endloop
  endfacet
  facet normal -0.706295 0.694307 -0.138145
    outer loop
      vertex -20.9611 38.6592 63.5425
      vertex -21.2555 38.3244 63.365
      vertex -21.2362 38.4006 63.6493
    endloop
  endfacet
  facet normal -0.634848 0.763324 0.1196
    outer loop
      vertex -20.8275 38.7883 64.0243
      vertex -20.9533 38.6163 64.4543
      vertex -20.713 38.8484 64.2485
    endloop
  endfacet
  facet normal -0.401881 0.884345 0.237541
    outer loop
      vertex -20.1785 39.1282 64.3697
      vertex -20.3987 38.9544 64.6442
      vertex -20.0146 39.1654 64.5085
    endloop
  endfacet
  facet normal -0.458181 0.869784 0.183159
    outer loop
      vertex -20.1785 39.1282 64.3697
      vertex -20.5693 38.9041 64.4563
      vertex -20.3987 38.9544 64.6442
    endloop
  endfacet
  facet normal -0.382703 0.892392 -0.239114
    outer loop
      vertex -19.9643 23.8467 6
      vertex -20.322 23.6933 6
      vertex -19.9643 39.1577 63.1417
    endloop
  endfacet
  facet normal 0.254224 0.946029 -0.200996
    outer loop
      vertex 19.9561 39.1903 63.2632
      vertex 19.5653 39.295 63.2617
      vertex 19.9315 39.2223 63.3827
    endloop
  endfacet
  facet normal 0.0017678 0.96577 -0.259395
    outer loop
      vertex 19.1962 39.3053 63.1021
      vertex 19.1813 39.3248 63.1746
      vertex 19.1895 39.3185 63.1512
    endloop
  endfacet
  facet normal 0 0.991453 -0.130461
    outer loop
      vertex 19 39.3561 63.2916
      vertex -19 39.4073 63.6807
      vertex 19 39.4073 63.6807
    endloop
  endfacet
  facet normal 0 0.991453 -0.130461
    outer loop
      vertex -19 39.4073 63.6807
      vertex 19 39.3561 63.2916
      vertex -19 39.3561 63.2916
    endloop
  endfacet
  facet normal 0.0258173 0.990806 -0.132803
    outer loop
      vertex 19.0508 39.3544 63.2852
      vertex 19.0256 39.3557 63.29
      vertex 19.1515 39.4022 63.6614
    endloop
  endfacet
  facet normal -0.00733744 0.991427 -0.130458
    outer loop
      vertex -19 39.3561 63.2916
      vertex -19.0256 39.3557 63.29
      vertex -19 39.4073 63.6807
    endloop
  endfacet
  facet normal 0.00733744 0.991427 -0.130458
    outer loop
      vertex 19.0256 39.3557 63.29
      vertex 19 39.3561 63.2916
      vertex 19 39.4073 63.6807
    endloop
  endfacet
  facet normal -0.000860148 0.966119 -0.258097
    outer loop
      vertex -19.0256 39.3557 63.29
      vertex -19.1699 39.3307 63.1969
      vertex -19.1387 39.3412 63.2361
    endloop
  endfacet
  facet normal -0.123295 0.986096 0.111413
    outer loop
      vertex -19.369 39.3883 64.0022
      vertex -19.5078 39.33 64.3646
      vertex -19.2496 39.3988 64.0414
    endloop
  endfacet
  facet normal 0.00638083 0.965906 -0.258815
    outer loop
      vertex -19.1958 24.0049 6
      vertex -19.1813 39.3248 63.1746
      vertex -19.1699 39.3307 63.1969
    endloop
  endfacet
  facet normal 0 0.965926 -0.258819
    outer loop
      vertex -19.1813 39.3248 63.1746
      vertex -19.1958 24.0049 6
      vertex -19.196 24.0049 6
    endloop
  endfacet
  facet normal -0.195832 0.915141 0.352373
    outer loop
      vertex -19.4314 39.2398 64.7864
      vertex -19.6378 39.2217 64.7187
      vertex -19.512 39.0869 65.1387
    endloop
  endfacet
  facet normal -0.252668 0.966749 0.0394336
    outer loop
      vertex -19.587 39.3557 63.8806
      vertex -19.9382 39.2555 64.0868
      vertex -19.8077 39.2851 64.1973
    endloop
  endfacet
  facet normal -0.170887 0.983379 -0.061338
    outer loop
      vertex -19.4138 39.363 63.5151
      vertex -19.6819 39.3342 63.8003
      vertex -19.587 39.3557 63.8806
    endloop
  endfacet
  facet normal -0.00867907 0.991427 -0.13037
    outer loop
      vertex -19.0256 39.3557 63.29
      vertex -19.0764 39.406 63.6759
      vertex -19 39.4073 63.6807
    endloop
  endfacet
  facet normal -0.25881 0.93716 -0.233985
    outer loop
      vertex -19.5853 39.2558 63.1154
      vertex -19.9643 39.1577 63.1417
      vertex -19.9561 39.1903 63.2632
    endloop
  endfacet
  facet normal -0.653755 0.0671924 0.753717
    outer loop
      vertex -20.8224 27.1796 68.8099
      vertex -21.1168 27.1128 68.5605
      vertex -20.7912 26.7933 68.8714
    endloop
  endfacet
  facet normal -0.310668 -0.0125364 0.950436
    outer loop
      vertex -19.7615 26.9247 69.3618
      vertex -20.0871 26.5023 69.2498
      vertex -19.7353 26.5332 69.3652
    endloop
  endfacet
  facet normal -0.154767 0.788707 0.59497
    outer loop
      vertex -19.5838 38.8883 65.4694
      vertex -19.6456 38.6473 65.7728
      vertex -19.3256 38.6637 65.8343
    endloop
  endfacet
  facet normal -0.118938 0.920485 0.372238
    outer loop
      vertex -19.2175 39.2508 64.8275
      vertex -19.512 39.0869 65.1387
      vertex -19.2582 39.1 65.1874
    endloop
  endfacet
  facet normal -0.634877 0.763303 0.119582
    outer loop
      vertex -20.8275 38.7883 64.0243
      vertex -21.0838 38.5478 64.1987
      vertex -20.9533 38.6163 64.4543
    endloop
  endfacet
  facet normal -0.712148 0.67806 0.181879
    outer loop
      vertex -21.0838 38.5478 64.1987
      vertex -21.3045 38.2707 64.3676
      vertex -20.9533 38.6163 64.4543
    endloop
  endfacet
  facet normal -0.0464677 0.865072 0.499491
    outer loop
      vertex -19 39.1044 65.2038
      vertex -19.2582 39.1 65.1874
      vertex -19 38.9082 65.5436
    endloop
  endfacet
  facet normal -0.227715 0.855794 0.464502
    outer loop
      vertex -19.512 39.0869 65.1387
      vertex -19.8631 38.8637 65.3778
      vertex -19.5838 38.8883 65.4694
    endloop
  endfacet
  facet normal 0.751827 -0.170656 -0.636893
    outer loop
      vertex 21.375 10.5642 6.80005
      vertex 21.1168 12.4125 6
      vertex 21.375 13.55 6
    endloop
  endfacet
  facet normal 0.751819 -0.170661 -0.636901
    outer loop
      vertex 21.1168 12.4125 6
      vertex 21.375 10.5642 6.80005
      vertex 21.1168 10.488 6.51568
    endloop
  endfacet
  facet normal 0.875042 0.446003 0.188104
    outer loop
      vertex 21.744 37.5355 64.3375
      vertex 21.5989 37.8756 64.2061
      vertex 21.6245 37.6266 64.6774
    endloop
  endfacet
  facet normal 0.889267 -0.0122648 0.457224
    outer loop
      vertex 21.5925 26.9524 67.9617
      vertex 21.5482 26.5699 68.0376
      vertex 21.7657 26.8615 67.6224
    endloop
  endfacet
  facet normal -0.91476 -0.169069 0.36692
    outer loop
      vertex -21.6245 26.1044 67.7648
      vertex -21.8421 26.3863 67.3522
      vertex -21.744 26.0133 67.4249
    endloop
  endfacet
  facet normal -0.914772 -0.169241 0.366809
    outer loop
      vertex -21.7184 26.4806 67.7042
      vertex -21.8421 26.3863 67.3522
      vertex -21.6245 26.1044 67.7648
    endloop
  endfacet
  facet normal -0.0565756 -0.258237 0.964424
    outer loop
      vertex -19 25.7902 69.3059
      vertex -19.3512 26.1633 69.3852
      vertex -19.3256 25.7846 69.2853
    endloop
  endfacet
  facet normal -0.060504 -0.13035 0.98962
    outer loop
      vertex -19 26.5583 69.4587
      vertex -19.3708 26.552 69.4352
      vertex -19.3512 26.1633 69.3852
    endloop
  endfacet
  facet normal -0.0647974 0.130422 0.989339
    outer loop
      vertex -19 26.9507 69.4587
      vertex -19.3907 27.3331 69.3827
      vertex -19.3841 26.9442 69.4344
    endloop
  endfacet
  facet normal -0.0650326 0.130185 0.989355
    outer loop
      vertex -19 27.3398 69.4075
      vertex -19.3907 27.3331 69.3827
      vertex -19 26.9507 69.4587
    endloop
  endfacet
  facet normal 0.25881 -0.928475 0.266369
    outer loop
      vertex 19.9561 24.0431 67.3219
      vertex 19.5853 23.9124 67.2266
      vertex 19.9643 24.0105 67.2003
    endloop
  endfacet
  facet normal 0.500041 -0.836493 0.224138
    outer loop
      vertex 20.3269 24.1556 67.1615
      vertex 20.3269 8.62641 9.20593
      vertex 20.6667 8.81593 9.15515
    endloop
  endfacet
  facet normal 0.438438 0.104365 0.892681
    outer loop
      vertex 20.1456 27.2808 69.1873
      vertex 20.126 26.8927 69.2423
      vertex 20.4712 26.8487 69.0779
    endloop
  endfacet
  facet normal 0.065364 0.258261 0.963861
    outer loop
      vertex 19.3907 37.3714 66.693
      vertex 19 37.3781 66.7177
      vertex 19.3907 27.3331 69.3827
    endloop
  endfacet
  facet normal -0.7064 -0.670297 0.227377
    outer loop
      vertex -21.2362 24.92 67.2614
      vertex -21.2555 24.8439 66.9771
      vertex -20.9611 24.6426 67.2983
    endloop
  endfacet
  facet normal 0.803125 -0.388571 -0.451667
    outer loop
      vertex 21.4602 9.92626 7.38714
      vertex 21.3343 10.1964 6.93087
      vertex 21.5482 10.2792 7.23998
    endloop
  endfacet
  facet normal 0.889259 -0.0122331 0.457241
    outer loop
      vertex 21.7657 26.8615 67.6224
      vertex 21.5482 26.5699 68.0376
      vertex 21.7184 26.4806 67.7042
    endloop
  endfacet
  facet normal 0.91476 0.329909 0.233184
    outer loop
      vertex 21.744 37.5355 64.3375
      vertex 21.6245 37.6266 64.6774
      vertex 21.8421 37.1762 64.461
    endloop
  endfacet
  facet normal 0.608738 0.766338 -0.20534
    outer loop
      vertex 20.9745 23.2436 6
      vertex 20.6667 23.4881 6
      vertex 20.6667 38.8232 63.2313
    endloop
  endfacet
  facet normal 0 -0.608771 -0.793346
    outer loop
      vertex -19 9.24731 6.25403
      vertex 19 9.55863 6.01514
      vertex 19 9.24731 6.25403
    endloop
  endfacet
  facet normal -0 -0.608771 -0.793346
    outer loop
      vertex 19 9.55863 6.01514
      vertex -19 9.24731 6.25403
      vertex -19 9.55863 6.01514
    endloop
  endfacet
  facet normal 0.408733 -0.58345 -0.7018
    outer loop
      vertex 20.4204 9.65714 6.38276
      vertex 20.0297 9.30032 6.45186
      vertex 20.0871 9.6146 6.22401
    endloop
  endfacet
  facet normal 0.35118 -0.771565 -0.530434
    outer loop
      vertex 20.2472 9.05632 6.85431
      vertex 19.8631 8.77537 7.00868
      vertex 19.9546 9.01897 6.71492
    endloop
  endfacet
  facet normal 0.313168 -0.846554 -0.430433
    outer loop
      vertex 19.989 8.60332 7.43866
      vertex 19.757 8.5737 7.32812
      vertex 19.8631 8.77537 7.00868
    endloop
  endfacet
  facet normal 0.25518 -0.781845 -0.56886
    outer loop
      vertex 19.8631 8.77537 7.00868
      vertex 19.6456 8.99183 6.61361
      vertex 19.9546 9.01897 6.71492
    endloop
  endfacet
  facet normal 0.312989 -0.846631 -0.430411
    outer loop
      vertex 19.989 8.60332 7.43866
      vertex 19.8631 8.77537 7.00868
      vertex 20.1278 8.80915 7.13472
    endloop
  endfacet
  facet normal 0.039873 -0.923147 -0.382374
    outer loop
      vertex 19.2175 8.38825 7.559
      vertex 19 8.53473 7.18268
      vertex 19.2582 8.53911 7.19903
    endloop
  endfacet
  facet normal 0.330188 -0.933526 -0.139664
    outer loop
      vertex 19.9382 8.38358 8.29967
      vertex 19.8077 8.35396 8.18913
      vertex 20.1785 8.5109 8.01676
    endloop
  endfacet
  facet normal 0.123198 -0.986086 -0.111612
    outer loop
      vertex 19.369 8.25077 8.38424
      vertex 19.3434 8.29469 7.96795
      vertex 19.5078 8.30913 8.02184
    endloop
  endfacet
  facet normal -0.500041 -0.836493 0.224138
    outer loop
      vertex -20.3269 24.1556 67.1615
      vertex -20.6667 8.81593 9.15515
      vertex -20.3269 8.62641 9.20593
    endloop
  endfacet
  facet normal -0.499749 -0.827614 0.25555
    outer loop
      vertex -20.6525 24.4014 67.3208
      vertex -20.6667 24.3451 67.1107
      vertex -20.3269 24.1556 67.1615
    endloop
  endfacet
  facet normal -0.896808 -0.114516 -0.427343
    outer loop
      vertex -21.5925 14.808 6
      vertex -21.7657 10.7393 7.45377
      vertex -21.6826 15.5136 6
    endloop
  endfacet
  facet normal -0.896864 -0.114475 -0.427235
    outer loop
      vertex -21.7657 10.7393 7.45377
      vertex -21.5925 14.808 6
      vertex -21.5925 10.6484 7.11454
    endloop
  endfacet
  facet normal 0.195956 -0.91511 -0.352383
    outer loop
      vertex 19.757 8.5737 7.32812
      vertex 19.4314 8.39925 7.60009
      vertex 19.512 8.55217 7.24779
    endloop
  endfacet
  facet normal 0.227549 -0.855761 -0.464645
    outer loop
      vertex 19.757 8.5737 7.32812
      vertex 19.512 8.55217 7.24779
      vertex 19.5838 8.75083 6.91707
    endloop
  endfacet
  facet normal 0.232612 -0.962565 0.139143
    outer loop
      vertex 19.8909 8.38584 8.88834
      vertex 19.5069 8.30751 8.98842
      vertex 19.8351 8.35656 8.77907
    endloop
  endfacet
  facet normal 0.0007623 -0.965673 0.259759
    outer loop
      vertex -19.0751 8.28686 9.10925
      vertex -19.1387 8.29786 9.15033
      vertex -19.0981 8.28979 9.12021
    endloop
  endfacet
  facet normal -0.536749 0.457279 0.709082
    outer loop
      vertex -20.7294 37.9285 65.8043
      vertex -20.7912 37.5832 65.9802
      vertex -20.4204 37.982 66.0037
    endloop
  endfacet
  facet normal -0.828907 0.474673 0.29597
    outer loop
      vertex -21.4858 37.9619 64.5281
      vertex -21.6245 37.6266 64.6774
      vertex -21.4602 37.7128 64.9993
    endloop
  endfacet
  facet normal 0.0250284 -0.991135 -0.130483
    outer loop
      vertex 19.1259 8.2339 8.32131
      vertex 19 8.23177 8.31334
      vertex 19 8.28299 7.92428
    endloop
  endfacet
  facet normal 0.0747898 -0.989438 -0.124174
    outer loop
      vertex 19.2496 8.24027 8.34508
      vertex 19.1732 8.28593 7.93524
      vertex 19.3434 8.29469 7.96795
    endloop
  endfacet
  facet normal 0.130522 -0.959835 0.248355
    outer loop
      vertex 19.1962 8.33377 9.28434
      vertex 19.1945 8.32714 9.25961
      vertex 19.5803 8.36348 9.1973
    endloop
  endfacet
  facet normal 0.376498 -0.921535 -0.0949898
    outer loop
      vertex 20.3223 8.55333 8.17509
      vertex 20.0527 8.41735 8.42571
      vertex 20.1785 8.5109 8.01676
    endloop
  endfacet
  facet normal 0.458243 -0.869762 -0.183107
    outer loop
      vertex 20.3223 8.55333 8.17509
      vertex 20.1785 8.5109 8.01676
      vertex 20.5693 8.73502 7.9302
    endloop
  endfacet
  facet normal -0.00292546 -0.965836 0.259137
    outer loop
      vertex 19.1962 8.33377 9.28434
      vertex 19.1895 8.32063 9.23529
      vertex 19.1945 8.32714 9.25961
    endloop
  endfacet
  facet normal -0.000417333 -0.965926 0.258819
    outer loop
      vertex 19.1962 23.8629 67.2399
      vertex 19.1895 8.32063 9.23529
      vertex 19.1962 8.33377 9.28434
    endloop
  endfacet
  facet normal 0.408804 -0.58351 -0.701709
    outer loop
      vertex 20.3453 9.34061 6.60222
      vertex 20.0297 9.30032 6.45186
      vertex 20.4204 9.65714 6.38276
    endloop
  endfacet
  facet normal 0.820504 -0.554297 -0.139745
    outer loop
      vertex 21.5989 9.76346 8.18031
      vertex 21.3045 9.36837 8.01888
      vertex 21.4858 9.6772 7.8584
    endloop
  endfacet
  facet normal 0.660166 -0.701377 -0.268794
    outer loop
      vertex 21.1602 9.29263 7.73622
      vertex 20.7894 8.95933 7.69522
      vertex 20.9789 9.22241 7.47417
    endloop
  endfacet
  facet normal 0.466749 -0.820022 -0.331224
    outer loop
      vertex 20.3987 8.68468 7.7423
      vertex 20.3731 8.85157 7.29305
      vertex 20.5949 8.90192 7.48095
    endloop
  endfacet
  facet normal 0.608356 -0.775964 0.166681
    outer loop
      vertex 20.978 9.04668 9.09332
      vertex 20.6525 8.75963 8.94501
      vertex 20.9611 8.97986 8.84393
    endloop
  endfacet
  facet normal 0.343795 -0.936027 0.0752186
    outer loop
      vertex 20.2259 8.49499 8.71546
      vertex 19.8909 8.38584 8.88834
      vertex 20.1491 8.4547 8.56511
    endloop
  endfacet
  facet normal -0.0166382 -0.865887 0.499962
    outer loop
      vertex -19 24.2601 68.1318
      vertex -19.1259 24.2579 68.1238
      vertex -19 24.0639 67.792
    endloop
  endfacet
  facet normal 0.00439534 -0.966899 0.255123
    outer loop
      vertex -19.1557 23.8938 67.3553
      vertex -19.1699 23.8883 67.3347
      vertex -19.1194 23.9032 67.3903
    endloop
  endfacet
  facet normal 0.0518005 -0.382184 0.922633
    outer loop
      vertex 19.3256 25.7846 69.2853
      vertex 19 25.4276 69.1557
      vertex 19.2944 25.4226 69.1371
    endloop
  endfacet
  facet normal 0.0517998 -0.382183 0.922634
    outer loop
      vertex 19 25.7902 69.3059
      vertex 19 25.4276 69.1557
      vertex 19.3256 25.7846 69.2853
    endloop
  endfacet
  facet normal 0.318984 -0.837029 0.444557
    outer loop
      vertex 20.0527 24.3646 67.9417
      vertex 19.8351 24.1353 67.6661
      vertex 20.1491 24.3273 67.8023
    endloop
  endfacet
  facet normal 0.382693 -0.892395 0.239117
    outer loop
      vertex 19.9643 24.0105 67.2003
      vertex 19.9643 8.48135 9.2448
      vertex 20.3269 24.1556 67.1615
    endloop
  endfacet
  facet normal -0.11679 -0.942452 0.313279
    outer loop
      vertex -19.1699 23.8883 67.3347
      vertex -19.5069 23.9881 67.5093
      vertex -19.1813 23.8823 67.3124
    endloop
  endfacet
  facet normal 0.11679 -0.942452 0.313279
    outer loop
      vertex 19.5069 23.9881 67.5093
      vertex 19.1699 23.8883 67.3347
      vertex 19.1813 23.8823 67.3124
    endloop
  endfacet
  facet normal -0.318912 -0.837028 0.444612
    outer loop
      vertex -19.765 24.1624 67.7674
      vertex -20.0527 24.3646 67.9417
      vertex -19.8351 24.1353 67.6661
    endloop
  endfacet
  facet normal -0.128531 -0.951145 0.280719
    outer loop
      vertex -19.5653 23.9516 67.373
      vertex -19.5803 23.9322 67.3004
      vertex -19.1945 23.8695 67.2646
    endloop
  endfacet
  facet normal -0.114345 -0.872587 0.474886
    outer loop
      vertex -19.369 24.2411 68.0609
      vertex -19.4822 24.2266 68.007
      vertex -19.224 24.0523 67.7489
    endloop
  endfacet
  facet normal -0.0518005 -0.382184 0.922633
    outer loop
      vertex -19 25.4276 69.1557
      vertex -19.3256 25.7846 69.2853
      vertex -19.2944 25.4226 69.1371
    endloop
  endfacet
  facet normal -0.330059 -0.738679 0.58772
    outer loop
      vertex -20.0146 24.6873 68.3879
      vertex -20.1785 24.6501 68.2491
      vertex -19.9382 24.3984 68.0677
    endloop
  endfacet
  facet normal -0.449252 -0.778747 0.437864
    outer loop
      vertex -20.4434 24.5608 67.9157
      vertex -20.5398 24.5102 67.7268
      vertex -20.2259 24.287 67.6519
    endloop
  endfacet
  facet normal -0.0858437 -0.93203 0.352066
    outer loop
      vertex -19.3563 24.0326 67.6751
      vertex -19.4138 24.0195 67.6264
      vertex -19.1194 23.9032 67.3903
    endloop
  endfacet
  facet normal -0.254495 -0.919888 0.298392
    outer loop
      vertex -19.5653 23.9516 67.373
      vertex -19.9315 24.0751 67.4414
      vertex -19.5803 23.9322 67.3004
    endloop
  endfacet
  facet normal 0 0.130461 0.991453
    outer loop
      vertex -19 26.9507 69.4587
      vertex -9.76357 27.3398 69.4075
      vertex -19 27.3398 69.4075
    endloop
  endfacet
  facet normal 0 0.130461 0.991453
    outer loop
      vertex -9.76357 27.3398 69.4075
      vertex -19 26.9507 69.4587
      vertex -9.49095 26.9507 69.4587
    endloop
  endfacet
  facet normal -0 0.130461 0.991453
    outer loop
      vertex 9.76357 27.3398 69.4075
      vertex 19 26.9507 69.4587
      vertex 19 27.3398 69.4075
    endloop
  endfacet
  facet normal 0 0.130461 0.991453
    outer loop
      vertex 19 26.9507 69.4587
      vertex 9.76357 27.3398 69.4075
      vertex 9.49095 26.9507 69.4587
    endloop
  endfacet
  facet normal 0.0632477 -0.000109119 0.997998
    outer loop
      vertex 19.3841 26.9442 69.4344
      vertex 19 26.5583 69.4587
      vertex 19.3708 26.552 69.4352
    endloop
  endfacet
  facet normal -0.0631256 0.498924 0.864344
    outer loop
      vertex -19 38.0805 66.3713
      vertex -19.3841 37.7341 66.5432
      vertex -19 37.7406 66.5675
    endloop
  endfacet
  facet normal -0.0566866 0.70597 0.70597
    outer loop
      vertex -19 38.6693 65.8549
      vertex -19.3512 38.3858 66.1102
      vertex -19 38.3918 66.1324
    endloop
  endfacet
  facet normal 0.46684 0.819956 0.331259
    outer loop
      vertex 20.3987 38.9544 64.6442
      vertex 20.2042 38.9986 64.8089
      vertex 20.3731 38.7875 65.0934
    endloop
  endfacet
  facet normal 0.864673 0.49678 -0.0744984
    outer loop
      vertex 21.6906 37.6954 63.5335
      vertex 21.4944 38.0237 63.4455
      vertex 21.6676 37.7863 63.8727
    endloop
  endfacet
  facet normal 0.0976819 0.963151 0.250596
    outer loop
      vertex 19.4314 39.2398 64.7864
      vertex 19.1732 39.3532 64.4512
      vertex 19.2175 39.2508 64.8275
    endloop
  endfacet
  facet normal 0.60937 0.548701 0.57236
    outer loop
      vertex 20.9026 38.1878 65.3712
      vertex 20.6379 38.2479 65.5954
      vertex 21.0087 37.8651 65.5676
    endloop
  endfacet
  facet normal 0.343746 0.93604 -0.075284
    outer loop
      vertex 20.2259 39.1441 63.671
      vertex 19.8351 39.2825 63.6074
      vertex 20.1491 39.1844 63.8214
    endloop
  endfacet
  facet normal 0.0855231 0.983217 -0.161152
    outer loop
      vertex 19.4138 39.363 63.5151
      vertex 19.1387 39.3412 63.2361
      vertex 19.3563 39.376 63.5639
    endloop
  endfacet
  facet normal -0.922175 0.384643 -0.0405274
    outer loop
      vertex -21.6676 37.7863 63.8727
      vertex -21.8408 37.3452 63.6273
      vertex -21.8165 37.4412 63.9855
    endloop
  endfacet
  facet normal -0.720431 0.606782 0.335849
    outer loop
      vertex -21.1602 38.3465 64.6502
      vertex -21.3301 38.0436 64.833
      vertex -21.1346 38.1193 65.1156
    endloop
  endfacet
  facet normal -0.938847 0.208348 0.274147
    outer loop
      vertex -21.8421 37.1762 64.461
      vertex -21.8916 36.8038 64.5745
      vertex -21.7657 36.8998 64.9327
    endloop
  endfacet
  facet normal -0.86645 0.360174 0.345746
    outer loop
      vertex -21.4602 37.7128 64.9993
      vertex -21.7184 37.2705 64.813
      vertex -21.5482 37.3598 65.1465
    endloop
  endfacet
  facet normal -0.914768 0.329967 0.233071
    outer loop
      vertex -21.6245 37.6266 64.6774
      vertex -21.8421 37.1762 64.461
      vertex -21.7184 37.2705 64.813
    endloop
  endfacet
  facet normal -0.946892 -0.083224 -0.310594
    outer loop
      vertex -21.8442 17.0582 6
      vertex -21.8916 10.8353 7.81194
      vertex -21.8916 17.5975 6
    endloop
  endfacet
  facet normal -0.94691 -0.0832096 -0.310545
    outer loop
      vertex -21.8916 10.8353 7.81194
      vertex -21.8442 17.0582 6
      vertex -21.7657 10.7393 7.45377
    endloop
  endfacet
  facet normal -0.914757 -0.329906 -0.233197
    outer loop
      vertex -21.744 10.1036 8.04893
      vertex -21.8421 10.4629 7.92544
      vertex -21.6245 10.0125 7.70905
    endloop
  endfacet
  facet normal -0.651538 -0.334318 0.680977
    outer loop
      vertex -20.9026 25.9653 68.6462
      vertex -21.1346 25.8968 68.3906
      vertex -20.7638 25.6011 68.6002
    endloop
  endfacet
  facet normal -0.726379 -0.0846985 0.682055
    outer loop
      vertex -21.0806 26.7276 68.6262
      vertex -21.2537 26.2706 68.3851
      vertex -21.0087 26.3429 68.655
    endloop
  endfacet
  facet normal -0.608796 -0.766295 0.205328
    outer loop
      vertex -20.978 24.5758 67.0489
      vertex -20.978 9.04668 9.09332
      vertex -20.6667 8.81593 9.15515
    endloop
  endfacet
  facet normal -0.793329 -0.588049 0.157567
    outer loop
      vertex -21.4944 25.1446 66.8965
      vertex -21.4944 9.61543 8.94092
      vertex -21.2555 24.8439 66.9771
    endloop
  endfacet
  facet normal -0.577291 0.816382 -0.0159939
    outer loop
      vertex -20.6099 38.9348 63.648
      vertex -20.9106 38.7249 63.7876
      vertex -20.8275 38.7883 64.0243
    endloop
  endfacet
  facet normal -0.84982 0.525959 0.0342366
    outer loop
      vertex -21.4731 38.1079 63.76
      vertex -21.6676 37.7863 63.8727
      vertex -21.5989 37.8756 64.2061
    endloop
  endfacet
  facet normal -0.546644 0.835544 0.0551944
    outer loop
      vertex -20.4434 39.0388 64.0363
      vertex -20.8275 38.7883 64.0243
      vertex -20.713 38.8484 64.2485
    endloop
  endfacet
  facet normal -0.449298 0.893326 -0.0100054
    outer loop
      vertex -20.2259 39.1441 63.671
      vertex -20.5398 38.9882 63.8474
      vertex -20.4434 39.0388 64.0363
    endloop
  endfacet
  facet normal -0.499973 0.836531 -0.224148
    outer loop
      vertex -20.3314 23.6885 6
      vertex -20.6667 23.4881 6
      vertex -20.6667 38.8232 63.2313
    endloop
  endfacet
  facet normal -0.288206 0.957553 0.00534814
    outer loop
      vertex -19.765 39.3097 63.7087
      vertex -20.0527 39.2217 63.9607
      vertex -19.6819 39.3342 63.8003
    endloop
  endfacet
  facet normal -0.330116 0.933559 0.139608
    outer loop
      vertex -19.8077 39.2851 64.1973
      vertex -20.1785 39.1282 64.3697
      vertex -20.0146 39.1654 64.5085
    endloop
  endfacet
  facet normal -0.441014 0.758153 0.480323
    outer loop
      vertex -20.1278 38.8299 65.2517
      vertex -20.3731 38.7875 65.0934
      vertex -20.2472 38.5828 65.5321
    endloop
  endfacet
  facet normal -0.458162 0.869779 0.183229
    outer loop
      vertex -20.3223 39.0858 64.2114
      vertex -20.5693 38.9041 64.4563
      vertex -20.1785 39.1282 64.3697
    endloop
  endfacet
  facet normal 0.36328 0.923871 -0.120371
    outer loop
      vertex 19.9315 39.2223 63.3827
      vertex 19.8909 39.2533 63.4981
      vertex 20.2259 39.1441 63.671
    endloop
  endfacet
  facet normal 0.00241658 0.966925 -0.255048
    outer loop
      vertex 19.1387 39.3412 63.2361
      vertex 19.0256 39.3557 63.29
      vertex 19.0751 39.3522 63.2772
    endloop
  endfacet
  facet normal 0.0725748 0.985811 -0.15136
    outer loop
      vertex 19.3563 39.376 63.5639
      vertex 19.0981 39.3493 63.2662
      vertex 19.2926 39.387 63.605
    endloop
  endfacet
  facet normal -0.0078674 0.967465 -0.252881
    outer loop
      vertex -19.1387 39.3412 63.2361
      vertex -19.1699 39.3307 63.1969
      vertex -19.1557 39.3362 63.2175
    endloop
  endfacet
  facet normal 0 0.970143 -0.242536
    outer loop
      vertex 19.0256 39.3557 63.29
      vertex -19 39.3561 63.2916
      vertex 19 39.3561 63.2916
    endloop
  endfacet
  facet normal 0 0.970143 -0.242536
    outer loop
      vertex -19 39.3561 63.2916
      vertex 19.0256 39.3557 63.29
      vertex -19.0256 39.3557 63.29
    endloop
  endfacet
  facet normal 0 0.965926 -0.258818
    outer loop
      vertex 19.196 24.0049 6
      vertex 19.1962 39.3053 63.1021
      vertex 19.1962 24.0049 6
    endloop
  endfacet
  facet normal 0.00478163 0.965915 -0.258815
    outer loop
      vertex 19.1962 39.3053 63.1021
      vertex 19.196 24.0049 6
      vertex 19.1813 39.3248 63.1746
    endloop
  endfacet
  facet normal -0.215918 0.970075 -0.111058
    outer loop
      vertex -19.4643 39.3481 63.4595
      vertex -19.8351 39.2825 63.6074
      vertex -19.765 39.3097 63.7087
    endloop
  endfacet
  facet normal -0.115751 0.973276 -0.19833
    outer loop
      vertex -19.1813 39.3248 63.1746
      vertex -19.5069 39.3316 63.398
      vertex -19.1699 39.3307 63.1969
    endloop
  endfacet
  facet normal 0.16924 0.981148 0.0933107
    outer loop
      vertex 19.4822 39.3739 63.9483
      vertex 19.369 39.3883 64.0022
      vertex 19.6634 39.3101 64.2905
    endloop
  endfacet
  facet normal -0.00181315 0.962782 -0.270273
    outer loop
      vertex 19.0751 39.3522 63.2772
      vertex 19.0256 39.3557 63.29
      vertex 19.0508 39.3544 63.2852
    endloop
  endfacet
  facet normal -0.474304 0.877707 -0.0683089
    outer loop
      vertex -20.2259 39.1441 63.671
      vertex -20.6099 38.9348 63.648
      vertex -20.5398 38.9882 63.8474
    endloop
  endfacet
  facet normal -0.49144 0.861159 -0.129966
    outer loop
      vertex -20.3155 39.0575 63.3478
      vertex -20.6099 38.9348 63.648
      vertex -20.2817 39.1016 63.5122
    endloop
  endfacet
  facet normal -0.416391 0.908071 0.0450038
    outer loop
      vertex -20.1491 39.1844 63.8214
      vertex -20.4434 39.0388 64.0363
      vertex -20.0527 39.2217 63.9607
    endloop
  endfacet
  facet normal -0.343746 0.93604 -0.075284
    outer loop
      vertex -19.8351 39.2825 63.6074
      vertex -20.2259 39.1441 63.671
      vertex -20.1491 39.1844 63.8214
    endloop
  endfacet
  facet normal -0.221699 0.952268 0.209846
    outer loop
      vertex -19.6634 39.3101 64.2905
      vertex -19.8334 39.1967 64.6255
      vertex -19.6378 39.2217 64.7187
    endloop
  endfacet
  facet normal -0.22172 0.952263 0.209846
    outer loop
      vertex -19.5078 39.33 64.3646
      vertex -19.6634 39.3101 64.2905
      vertex -19.6378 39.2217 64.7187
    endloop
  endfacet
  facet normal -0.0976819 0.963151 0.250596
    outer loop
      vertex -19.1732 39.3532 64.4512
      vertex -19.4314 39.2398 64.7864
      vertex -19.2175 39.2508 64.8275
    endloop
  endfacet
  facet normal -0.0327266 0.965364 0.258845
    outer loop
      vertex -19.1732 39.3532 64.4512
      vertex -19.2175 39.2508 64.8275
      vertex -19 39.2545 64.8412
    endloop
  endfacet
  facet normal -0.254224 0.946029 -0.200996
    outer loop
      vertex -19.5653 39.295 63.2617
      vertex -19.9561 39.1903 63.2632
      vertex -19.9315 39.2223 63.3827
    endloop
  endfacet
  facet normal -0.124376 0.968197 -0.217084
    outer loop
      vertex -19.1895 39.3185 63.1512
      vertex -19.5653 39.295 63.2617
      vertex -19.1813 39.3248 63.1746
    endloop
  endfacet
  facet normal -0.382655 0.898468 -0.215245
    outer loop
      vertex -19.9643 39.1577 63.1417
      vertex -20.3155 39.0575 63.3478
      vertex -19.9561 39.1903 63.2632
    endloop
  endfacet
  facet normal -0.376034 0.911493 -0.166672
    outer loop
      vertex -19.9561 39.1903 63.2632
      vertex -20.3155 39.0575 63.3478
      vertex -19.9315 39.2223 63.3827
    endloop
  endfacet
  facet normal -0.351109 0.771528 0.530534
    outer loop
      vertex -19.8631 38.8637 65.3778
      vertex -20.2472 38.5828 65.5321
      vertex -19.9546 38.6201 65.6715
    endloop
  endfacet
  facet normal -0.255417 0.781777 0.568847
    outer loop
      vertex -19.8631 38.8637 65.3778
      vertex -19.9546 38.6201 65.6715
      vertex -19.5838 38.8883 65.4694
    endloop
  endfacet
  facet normal -0.383339 0.683422 0.621277
    outer loop
      vertex -19.9546 38.6201 65.6715
      vertex -20.3453 38.2985 65.7842
      vertex -20.0297 38.3388 65.9346
    endloop
  endfacet
  facet normal -0.653613 0.318721 0.686445
    outer loop
      vertex -21.0806 37.5176 65.7351
      vertex -21.1168 37.1511 65.8708
      vertex -20.7912 37.5832 65.9802
    endloop
  endfacet
  facet normal -0.660148 0.701401 0.268777
    outer loop
      vertex -20.9533 38.6163 64.4543
      vertex -21.1602 38.3465 64.6502
      vertex -20.9789 38.4167 64.9123
    endloop
  endfacet
  facet normal -0.720453 0.606761 0.33584
    outer loop
      vertex -20.9789 38.4167 64.9123
      vertex -21.1602 38.3465 64.6502
      vertex -21.1346 38.1193 65.1156
    endloop
  endfacet
  facet normal -0.138076 0.862021 0.487704
    outer loop
      vertex -19.512 39.0869 65.1387
      vertex -19.5838 38.8883 65.4694
      vertex -19.2582 39.1 65.1874
    endloop
  endfacet
  facet normal -0.0462435 0.865153 0.499372
    outer loop
      vertex -19.2582 39.1 65.1874
      vertex -19.2944 38.9032 65.525
      vertex -19 38.9082 65.5436
    endloop
  endfacet
  facet normal 0.828916 -0.263119 0.493626
    outer loop
      vertex 21.6245 26.1044 67.7648
      vertex 21.4602 26.1907 68.0867
      vertex 21.4858 25.7393 67.8031
    endloop
  endfacet
  facet normal 0.989344 -0.109068 0.0964487
    outer loop
      vertex 21.968 26.6661 66.8933
      vertex 21.9172 26.2886 66.9875
      vertex 21.9424 26.1892 66.6166
    endloop
  endfacet
  facet normal 0.0399458 -0.608325 0.792682
    outer loop
      vertex 19 25.0878 68.9595
      vertex 19 24.7765 68.7206
      vertex 19.2175 24.7728 68.7068
    endloop
  endfacet
  facet normal 0.864692 -0.467429 0.183895
    outer loop
      vertex 21.6676 25.5637 67.1477
      vertex 21.4731 25.2288 67.211
      vertex 21.6906 25.4728 66.8085
    endloop
  endfacet
  facet normal 0.506855 0.853389 0.121758
    outer loop
      vertex 20.713 38.8484 64.2485
      vertex 20.4434 39.0388 64.0363
      vertex 20.5693 38.9041 64.4563
    endloop
  endfacet
  facet normal 0.118871 0.920471 0.372294
    outer loop
      vertex 19.4314 39.2398 64.7864
      vertex 19.2175 39.2508 64.8275
      vertex 19.512 39.0869 65.1387
    endloop
  endfacet
  facet normal 0.89685 0.114487 0.427263
    outer loop
      vertex 21.5925 26.9524 67.9617
      vertex 21.7657 36.8998 64.9327
      vertex 21.5925 36.9907 65.2719
    endloop
  endfacet
  facet normal 0.896898 0.114457 0.427169
    outer loop
      vertex 21.7657 36.8998 64.9327
      vertex 21.5925 26.9524 67.9617
      vertex 21.7657 26.8615 67.6224
    endloop
  endfacet
  facet normal 0.536634 -0.0417048 0.842784
    outer loop
      vertex 20.7912 26.7933 68.8714
      vertex 20.4204 26.4598 69.091
      vertex 20.7294 26.4063 68.8916
    endloop
  endfacet
  facet normal -0.513587 -0.169918 0.841045
    outer loop
      vertex -20.4204 26.4598 69.091
      vertex -20.6379 26.0253 68.8704
      vertex -20.3453 26.0759 69.0593
    endloop
  endfacet
  facet normal -0.0568889 -0.258512 0.964331
    outer loop
      vertex -19 26.1692 69.4075
      vertex -19.3512 26.1633 69.3852
      vertex -19 25.7902 69.3059
    endloop
  endfacet
  facet normal -0.318735 0.368865 0.873124
    outer loop
      vertex -19.7615 37.7147 66.4707
      vertex -20.126 37.6826 66.3512
      vertex -19.7748 37.3517 66.6192
    endloop
  endfacet
  facet normal -0.438521 0.355888 0.825253
    outer loop
      vertex -20.4712 37.6386 66.1868
      vertex -20.4968 37.2743 66.3303
      vertex -20.1456 37.3191 66.4976
    endloop
  endfacet
  facet normal -0.195046 0.253843 0.947376
    outer loop
      vertex -19.3907 37.3714 66.693
      vertex -19.7748 37.3517 66.6192
      vertex -19.3907 27.3331 69.3827
    endloop
  endfacet
  facet normal -0.188404 0.494805 0.848335
    outer loop
      vertex -19.7353 38.0554 66.2778
      vertex -19.7615 37.7147 66.4707
      vertex -19.3841 37.7341 66.5432
    endloop
  endfacet
  facet normal 0.258803 -0.937252 0.233625
    outer loop
      vertex 19.9643 8.48135 9.2448
      vertex 19.5853 8.38325 9.27109
      vertex 19.9561 8.44878 9.12322
    endloop
  endfacet
  facet normal 0.258788 -0.937267 0.233579
    outer loop
      vertex 19.5853 8.38325 9.27109
      vertex 19.5803 8.36348 9.1973
      vertex 19.9561 8.44878 9.12322
    endloop
  endfacet
  facet normal 0.608706 -0.766362 0.205346
    outer loop
      vertex 20.6667 24.3451 67.1107
      vertex 20.6667 8.81593 9.15515
      vertex 20.978 24.5758 67.0489
    endloop
  endfacet
  facet normal 0.382648 -0.892413 0.239122
    outer loop
      vertex 20.3269 24.1556 67.1615
      vertex 19.9643 8.48135 9.2448
      vertex 20.3269 8.62641 9.20593
    endloop
  endfacet
  facet normal 0.0461004 -0.4995 0.865087
    outer loop
      vertex 19 25.4276 69.1557
      vertex 19 25.0878 68.9595
      vertex 19.2582 25.0834 68.9432
    endloop
  endfacet
  facet normal 0.653755 0.0671924 0.753717
    outer loop
      vertex 20.8224 27.1796 68.8099
      vertex 20.7912 26.7933 68.8714
      vertex 21.1168 27.1128 68.5605
    endloop
  endfacet
  facet normal 0.180193 -0.134445 0.9744
    outer loop
      vertex 19.7353 26.5332 69.3652
      vertex 19.3708 26.552 69.4352
      vertex 19.6964 26.1455 69.3189
    endloop
  endfacet
  facet normal 0.980783 -0.0504965 -0.188455
    outer loop
      vertex 21.968 10.9347 8.18291
      vertex 21.8916 17.5975 6
      vertex 21.968 19.0814 6
    endloop
  endfacet
  facet normal 0.980782 -0.0504976 -0.188458
    outer loop
      vertex 21.8916 17.5975 6
      vertex 21.968 10.9347 8.18291
      vertex 21.8916 10.8353 7.81194
    endloop
  endfacet
  facet normal 0.376056 -0.911445 0.16688
    outer loop
      vertex 20.3155 8.58158 9.03864
      vertex 19.9561 8.44878 9.12322
      vertex 20.2817 8.53753 8.87422
    endloop
  endfacet
  facet normal 0.608861 0.766247 -0.205315
    outer loop
      vertex 20.978 23.2408 6
      vertex 20.6667 38.8232 63.2313
      vertex 20.978 38.5924 63.2931
    endloop
  endfacet
  facet normal 0.611457 0.764321 -0.204776
    outer loop
      vertex 20.6667 38.8232 63.2313
      vertex 20.978 23.2408 6
      vertex 20.9745 23.2436 6
    endloop
  endfacet
  facet normal 0.707078 0.683041 -0.18302
    outer loop
      vertex 21.2555 38.3244 63.365
      vertex 20.978 23.2408 6
      vertex 20.978 38.5924 63.2931
    endloop
  endfacet
  facet normal 0.70573 0.684344 -0.183356
    outer loop
      vertex 20.978 23.2408 6
      vertex 21.2555 38.3244 63.365
      vertex 20.9812 23.2375 6
    endloop
  endfacet
  facet normal 0.972422 -0.0758108 0.220562
    outer loop
      vertex 21.8916 26.7655 67.2643
      vertex 21.8421 26.3863 67.3522
      vertex 21.968 26.6661 66.8933
    endloop
  endfacet
  facet normal 0.914772 -0.169241 0.366809
    outer loop
      vertex 21.7184 26.4806 67.7042
      vertex 21.6245 26.1044 67.7648
      vertex 21.8421 26.3863 67.3522
    endloop
  endfacet
  facet normal 0.83153 -0.143766 -0.536553
    outer loop
      vertex 21.5925 10.6484 7.11454
      vertex 21.375 13.55 6
      vertex 21.5925 14.808 6
    endloop
  endfacet
  facet normal 0.831513 -0.143777 -0.536577
    outer loop
      vertex 21.375 13.55 6
      vertex 21.5925 10.6484 7.11454
      vertex 21.375 10.5642 6.80005
    endloop
  endfacet
  facet normal 0.965915 -0.25004 0.0669977
    outer loop
      vertex 21.8408 25.823 66.7147
      vertex 21.8408 10.2939 8.75913
      vertex 21.9424 26.1892 66.6166
    endloop
  endfacet
  facet normal 0.946917 0.0832028 0.310523
    outer loop
      vertex 21.7657 26.8615 67.6224
      vertex 21.8916 36.8038 64.5745
      vertex 21.7657 36.8998 64.9327
    endloop
  endfacet
  facet normal 0.946892 0.0832251 0.310595
    outer loop
      vertex 21.8916 36.8038 64.5745
      vertex 21.7657 26.8615 67.6224
      vertex 21.8916 26.7655 67.2643
    endloop
  endfacet
  facet normal 0.866434 -0.139015 0.479548
    outer loop
      vertex 21.7184 26.4806 67.7042
      vertex 21.5482 26.5699 68.0376
      vertex 21.6245 26.1044 67.7648
    endloop
  endfacet
  facet normal 0.382703 0.892392 -0.239114
    outer loop
      vertex 20.322 23.6933 6
      vertex 19.9643 23.8467 6
      vertex 19.9643 39.1577 63.1417
    endloop
  endfacet
  facet normal 0.0566555 -0.705971 -0.705971
    outer loop
      vertex 19.3256 8.97535 6.55212
      vertex 19 8.96983 6.53151
      vertex 19 9.24731 6.25403
    endloop
  endfacet
  facet normal 0.889241 -0.239181 -0.389927
    outer loop
      vertex 21.7657 10.7393 7.45377
      vertex 21.5482 10.2792 7.23998
      vertex 21.5925 10.6484 7.11454
    endloop
  endfacet
  facet normal 0.393145 -0.834667 -0.385705
    outer loop
      vertex 20.2042 8.64052 7.57751
      vertex 19.989 8.60332 7.43866
      vertex 20.1278 8.80915 7.13472
    endloop
  endfacet
  facet normal 0.221595 -0.952298 -0.209819
    outer loop
      vertex 19.6634 8.329 8.09599
      vertex 19.5078 8.30913 8.02184
      vertex 19.6378 8.41739 7.66778
    endloop
  endfacet
  facet normal 0.1695 -0.981118 -0.0931549
    outer loop
      vertex 19.4822 8.26521 8.43813
      vertex 19.369 8.25077 8.38424
      vertex 19.6634 8.329 8.09599
    endloop
  endfacet
  facet normal 0.221435 -0.952336 -0.209817
    outer loop
      vertex 19.6634 8.329 8.09599
      vertex 19.6378 8.41739 7.66778
      vertex 19.8334 8.44235 7.76092
    endloop
  endfacet
  facet normal 0.144021 -0.988697 0.0416606
    outer loop
      vertex 19.3563 8.26307 8.82258
      vertex 19.2926 8.25206 8.7815
      vertex 19.4822 8.26521 8.43813
    endloop
  endfacet
  facet normal 0.195984 -0.915116 -0.352354
    outer loop
      vertex 19.6378 8.41739 7.66778
      vertex 19.4314 8.39925 7.60009
      vertex 19.757 8.5737 7.32812
    endloop
  endfacet
  facet normal -0.536687 -0.45742 -0.709037
    outer loop
      vertex -20.7294 9.71057 6.58218
      vertex -20.7912 10.0558 6.40624
      vertex -20.4204 9.65714 6.38276
    endloop
  endfacet
  facet normal -0.0519132 -0.792289 -0.607933
    outer loop
      vertex -19.2944 8.73593 6.86148
      vertex -19.3256 8.97535 6.55212
      vertex -19 8.96983 6.53151
    endloop
  endfacet
  facet normal -0.500014 -0.836508 0.224142
    outer loop
      vertex -20.6667 24.3451 67.1107
      vertex -20.6667 8.81593 9.15515
      vertex -20.3269 24.1556 67.1615
    endloop
  endfacet
  facet normal -0.706354 -0.694257 0.138094
    outer loop
      vertex -20.9611 8.97986 8.84393
      vertex -21.2555 9.31471 9.0215
      vertex -21.2362 9.23851 8.73713
    endloop
  endfacet
  facet normal -0.69429 -0.717988 0.0495455
    outer loop
      vertex -20.9611 8.97986 8.84393
      vertex -21.2362 9.23851 8.73713
      vertex -21.1787 9.16362 8.45762
    endloop
  endfacet
  facet normal -0.659382 -0.194565 -0.726195
    outer loop
      vertex -21.1168 10.488 6.51568
      vertex -20.8224 11.415 6
      vertex -20.8224 10.4211 6.26629
    endloop
  endfacet
  facet normal -0.65938 -0.194567 -0.726197
    outer loop
      vertex -20.8224 11.415 6
      vertex -21.1168 10.488 6.51568
      vertex -21.0651 12.2375 6
    endloop
  endfacet
  facet normal 0.0398698 -0.923148 -0.382372
    outer loop
      vertex 19.2175 8.38825 7.559
      vertex 19 8.38456 7.54523
      vertex 19 8.53473 7.18268
    endloop
  endfacet
  facet normal 0.0566669 -0.705964 -0.705977
    outer loop
      vertex 19.3256 8.97535 6.55212
      vertex 19 9.24731 6.25403
      vertex 19.3512 9.25327 6.27626
    endloop
  endfacet
  facet normal 0 -0.965923 -0.258828
    outer loop
      vertex -19 8.38456 7.54523
      vertex 19 8.28299 7.92428
      vertex -19 8.28299 7.92428
    endloop
  endfacet
  facet normal 0 -0.965923 -0.258828
    outer loop
      vertex 19 8.28299 7.92428
      vertex -19 8.38456 7.54523
      vertex 19 8.38456 7.54523
    endloop
  endfacet
  facet normal -0.128271 -0.964242 0.231915
    outer loop
      vertex -19.1895 8.32063 9.23529
      vertex -19.5803 8.36348 9.1973
      vertex -19.5653 8.34404 9.12477
    endloop
  endfacet
  facet normal -0.707136 0.682984 -0.183005
    outer loop
      vertex -20.9812 23.2375 6
      vertex -21.2555 22.9535 6
      vertex -21.2555 38.3244 63.365
    endloop
  endfacet
  facet normal -0.922169 0.384655 -0.0405519
    outer loop
      vertex -21.6906 37.6954 63.5335
      vertex -21.8408 37.3452 63.6273
      vertex -21.6676 37.7863 63.8727
    endloop
  endfacet
  facet normal -0.792239 0.600726 -0.107175
    outer loop
      vertex -21.2555 38.3244 63.365
      vertex -21.4944 38.0237 63.4455
      vertex -21.4731 38.1079 63.76
    endloop
  endfacet
  facet normal 0.0078674 0.967465 -0.252881
    outer loop
      vertex 19.1699 39.3307 63.1969
      vertex 19.1387 39.3412 63.2361
      vertex 19.1557 39.3362 63.2175
    endloop
  endfacet
  facet normal 0 0.965926 -0.258818
    outer loop
      vertex -19.1393 24.0049 6
      vertex -19.1699 39.3307 63.1969
      vertex -19.0282 24.0049 6
    endloop
  endfacet
  facet normal 0.0169158 -0.999857 0
    outer loop
      vertex 19 8.23177 8.70576
      vertex 19 8.23177 8.31334
      vertex 19.1259 8.2339 8.32131
    endloop
  endfacet
  facet normal 0.0254568 -0.990836 0.13265
    outer loop
      vertex 19.1515 8.23693 8.72502
      vertex 19.0256 8.28342 9.09644
      vertex 19.0764 8.23307 8.7106
    endloop
  endfacet
  facet normal 0.363 -0.924028 0.12001
    outer loop
      vertex 20.2817 8.53753 8.87422
      vertex 19.8909 8.38584 8.88834
      vertex 20.2259 8.49499 8.71546
    endloop
  endfacet
  facet normal 0.245559 -0.954461 0.169426
    outer loop
      vertex 19.5653 8.34404 9.12477
      vertex 19.5407 8.32528 9.05474
      vertex 19.8909 8.38584 8.88834
    endloop
  endfacet
  facet normal 0.123983 -0.968439 0.216226
    outer loop
      vertex 19.1895 8.32063 9.23529
      vertex 19.1813 8.31434 9.21182
      vertex 19.5407 8.32528 9.05474
    endloop
  endfacet
  facet normal -0.000351952 -0.965882 0.258981
    outer loop
      vertex 19.1895 8.32063 9.23529
      vertex 19.1557 8.30286 9.16897
      vertex 19.1813 8.31434 9.21182
    endloop
  endfacet
  facet normal 0.130515 -0.959845 0.24832
    outer loop
      vertex 19.5853 8.38325 9.27109
      vertex 19.1962 8.33377 9.28434
      vertex 19.5803 8.36348 9.1973
    endloop
  endfacet
  facet normal 0.474288 -0.877702 0.068482
    outer loop
      vertex 20.2817 8.53753 8.87422
      vertex 20.2259 8.49499 8.71546
      vertex 20.5398 8.65085 8.53906
    endloop
  endfacet
  facet normal 0.50685 -0.853369 -0.121919
    outer loop
      vertex 20.4434 8.60024 8.35019
      vertex 20.3223 8.55333 8.17509
      vertex 20.5693 8.73502 7.9302
    endloop
  endfacet
  facet normal 0.923861 -0.369688 0.0990574
    outer loop
      vertex 21.6906 25.4728 66.8085
      vertex 21.6906 9.94369 8.85297
      vertex 21.8408 10.2939 8.75913
    endloop
  endfacet
  facet normal 0.864642 -0.496835 0.0744939
    outer loop
      vertex 21.6906 9.94369 8.85297
      vertex 21.4944 9.61543 8.94092
      vertex 21.6676 9.8528 8.51374
    endloop
  endfacet
  facet normal 0.849855 -0.525905 -0.0342113
    outer loop
      vertex 21.4731 9.53116 8.62643
      vertex 21.4094 9.44833 8.31732
      vertex 21.6676 9.8528 8.51374
    endloop
  endfacet
  facet normal 0.706354 -0.694257 0.138094
    outer loop
      vertex 21.2555 9.31471 9.0215
      vertex 20.9611 8.97986 8.84393
      vertex 21.2362 9.23851 8.73713
    endloop
  endfacet
  facet normal 0.720399 -0.60685 -0.335796
    outer loop
      vertex 21.1602 9.29263 7.73622
      vertex 20.9789 9.22241 7.47417
      vertex 21.1346 9.51976 7.27083
    endloop
  endfacet
  facet normal 0.40191 -0.884346 -0.237489
    outer loop
      vertex 20.1785 8.5109 8.01676
      vertex 20.0146 8.4737 7.87791
      vertex 20.3987 8.68468 7.7423
    endloop
  endfacet
  facet normal 0 -0.793315 0.608811
    outer loop
      vertex -19 24.2601 68.1318
      vertex 19 24.499 68.4431
      vertex -19 24.499 68.4431
    endloop
  endfacet
  facet normal 0 -0.793315 0.608811
    outer loop
      vertex 19 24.499 68.4431
      vertex -19 24.2601 68.1318
      vertex 19 24.2601 68.1318
    endloop
  endfacet
  facet normal -0.232869 -0.903457 0.359912
    outer loop
      vertex -19.5069 23.9881 67.5093
      vertex -19.8909 24.106 67.5568
      vertex -19.5407 23.9704 67.443
    endloop
  endfacet
  facet normal 0.130652 -0.955313 0.265155
    outer loop
      vertex 19.5803 23.9322 67.3004
      vertex 19.1945 23.8695 67.2646
      vertex 19.5853 23.9124 67.2266
    endloop
  endfacet
  facet normal 0 -0.923874 0.382697
    outer loop
      vertex -19 23.9137 67.4294
      vertex 19 24.0639 67.792
      vertex -19 24.0639 67.792
    endloop
  endfacet
  facet normal 0 -0.923874 0.382697
    outer loop
      vertex 19 24.0639 67.792
      vertex -19 23.9137 67.4294
      vertex 19 23.9137 67.4294
    endloop
  endfacet
  facet normal 0 -0.866007 0.500031
    outer loop
      vertex -19 24.0639 67.792
      vertex 19 24.2601 68.1318
      vertex -19 24.2601 68.1318
    endloop
  endfacet
  facet normal 0 -0.866007 0.500031
    outer loop
      vertex 19 24.2601 68.1318
      vertex -19 24.0639 67.792
      vertex 19 24.0639 67.792
    endloop
  endfacet
  facet normal 0.720374 -0.357589 0.5943
    outer loop
      vertex 21.1346 25.8968 68.3906
      vertex 20.9789 25.5376 68.3632
      vertex 21.1602 25.4674 68.1012
    endloop
  endfacet
  facet normal 0.0328181 -0.706726 0.706726
    outer loop
      vertex 19 24.7765 68.7206
      vertex 19 24.499 68.4431
      vertex 19.2175 24.7728 68.7068
    endloop
  endfacet
  facet normal 0.571321 -0.313553 0.75847
    outer loop
      vertex 20.6379 26.0253 68.8704
      vertex 20.5185 25.6568 68.808
      vertex 20.7638 25.6011 68.6002
    endloop
  endfacet
  facet normal 0.0322541 -0.70651 0.706967
    outer loop
      vertex 19.2175 24.7728 68.7068
      vertex 19 24.499 68.4431
      vertex 19.1732 24.496 68.4322
    endloop
  endfacet
  facet normal 0.23265 -0.90313 0.360874
    outer loop
      vertex 19.8351 24.1353 67.6661
      vertex 19.5069 23.9881 67.5093
      vertex 19.8909 24.106 67.5568
    endloop
  endfacet
  facet normal 0.00192621 -0.965271 0.261242
    outer loop
      vertex 19.1387 23.8988 67.3739
      vertex 19.1194 23.9032 67.3903
      vertex 19.1557 23.8938 67.3553
    endloop
  endfacet
  facet normal -0.130597 -0.955552 0.264318
    outer loop
      vertex -19.1945 23.8695 67.2646
      vertex -19.5853 23.9124 67.2266
      vertex -19.1962 23.8629 67.2399
    endloop
  endfacet
  facet normal 0 -0.966531 0.256548
    outer loop
      vertex -19 8.28299 9.09482
      vertex 19.0256 8.28342 9.09644
      vertex -19.0256 8.28342 9.09644
    endloop
  endfacet
  facet normal 0 -0.966531 0.256548
    outer loop
      vertex 19.0256 8.28342 9.09644
      vertex -19 8.28299 9.09482
      vertex 19 8.28299 9.09482
    endloop
  endfacet
  facet normal -0.12384 -0.946579 0.297745
    outer loop
      vertex -19.5407 23.9704 67.443
      vertex -19.5653 23.9516 67.373
      vertex -19.1813 23.8823 67.3124
    endloop
  endfacet
  facet normal -0.0862627 -0.932164 0.351609
    outer loop
      vertex -19.1194 23.9032 67.3903
      vertex -19.4138 24.0195 67.6264
      vertex -19.1387 23.8988 67.3739
    endloop
  endfacet
  facet normal -0.227475 -0.508823 0.830274
    outer loop
      vertex -19.5838 25.4077 69.0815
      vertex -19.757 25.0488 68.8141
      vertex -19.512 25.0703 68.8944
    endloop
  endfacet
  facet normal -0.288036 -0.826605 0.483487
    outer loop
      vertex -19.9382 24.3984 68.0677
      vertex -20.0527 24.3646 67.9417
      vertex -19.765 24.1624 67.7674
    endloop
  endfacet
  facet normal -0.60933 -0.189158 0.770023
    outer loop
      vertex -20.6379 26.0253 68.8704
      vertex -21.0087 26.3429 68.655
      vertex -20.9026 25.9653 68.6462
    endloop
  endfacet
  facet normal -0.608229 -0.75547 0.243562
    outer loop
      vertex -20.9611 24.6426 67.2983
      vertex -20.978 24.5758 67.0489
      vertex -20.6525 24.4014 67.3208
    endloop
  endfacet
  facet normal -0.597898 -0.734928 0.32
    outer loop
      vertex -20.6099 24.4567 67.5274
      vertex -20.9106 24.7083 67.5434
      vertex -20.6525 24.4014 67.3208
    endloop
  endfacet
  facet normal -0.25881 -0.928475 0.266369
    outer loop
      vertex -19.9561 24.0431 67.3219
      vertex -19.9643 24.0105 67.2003
      vertex -19.5853 23.9124 67.2266
    endloop
  endfacet
  facet normal -0.363109 -0.860193 0.358078
    outer loop
      vertex -19.8909 24.106 67.5568
      vertex -20.2259 24.287 67.6519
      vertex -19.9315 24.0751 67.4414
    endloop
  endfacet
  facet normal -0.245464 -0.911155 0.330973
    outer loop
      vertex -19.5407 23.9704 67.443
      vertex -19.9315 24.0751 67.4414
      vertex -19.5653 23.9516 67.373
    endloop
  endfacet
  facet normal -0.194896 -0.888628 0.415158
    outer loop
      vertex -19.4138 24.0195 67.6264
      vertex -19.765 24.1624 67.7674
      vertex -19.4643 24.0046 67.5708
    endloop
  endfacet
  facet normal -0.343882 -0.848171 0.402928
    outer loop
      vertex -19.8351 24.1353 67.6661
      vertex -20.2259 24.287 67.6519
      vertex -19.8909 24.106 67.5568
    endloop
  endfacet
  facet normal -0.169281 -0.802935 0.571524
    outer loop
      vertex -19.369 24.2411 68.0609
      vertex -19.6634 24.453 68.2714
      vertex -19.4822 24.2266 68.007
    endloop
  endfacet
  facet normal -0.0248096 -0.924403 0.38061
    outer loop
      vertex -19.0256 23.9133 67.4278
      vertex -19.0764 24.0626 67.7871
      vertex -19.0508 23.912 67.423
    endloop
  endfacet
  facet normal -0 0.608811 0.793315
    outer loop
      vertex -19 38.3918 66.1324
      vertex 19 38.0805 66.3713
      vertex 19 38.3918 66.1324
    endloop
  endfacet
  facet normal 0 0.608811 0.793315
    outer loop
      vertex 19 38.0805 66.3713
      vertex -19 38.3918 66.1324
      vertex -19 38.0805 66.3713
    endloop
  endfacet
  facet normal -0 0.499921 0.866071
    outer loop
      vertex -19 38.0805 66.3713
      vertex 19 37.7406 66.5675
      vertex 19 38.0805 66.3713
    endloop
  endfacet
  facet normal 0 0.499921 0.866071
    outer loop
      vertex 19 37.7406 66.5675
      vertex -19 38.0805 66.3713
      vertex -19 37.7406 66.5675
    endloop
  endfacet
  facet normal -0.188439 0.494775 0.848345
    outer loop
      vertex -19.3708 38.0742 66.3478
      vertex -19.7353 38.0554 66.2778
      vertex -19.3841 37.7341 66.5432
    endloop
  endfacet
  facet normal -0.0632533 0.49903 0.864273
    outer loop
      vertex -19.3708 38.0742 66.3478
      vertex -19.3841 37.7341 66.5432
      vertex -19 38.0805 66.3713
    endloop
  endfacet
  facet normal 0.0464677 0.865072 0.499491
    outer loop
      vertex 19 39.1044 65.2038
      vertex 19 38.9082 65.5436
      vertex 19.2582 39.1 65.1874
    endloop
  endfacet
  facet normal 0.866441 0.360148 0.345795
    outer loop
      vertex 21.6245 37.6266 64.6774
      vertex 21.4602 37.7128 64.9993
      vertex 21.7184 37.2705 64.813
    endloop
  endfacet
  facet normal 0.694124 0.718152 -0.0494872
    outer loop
      vertex 20.9611 38.6592 63.5425
      vertex 20.9106 38.7249 63.7876
      vertex 21.1787 38.4755 63.9288
    endloop
  endfacet
  facet normal 0.474304 0.877707 -0.0683089
    outer loop
      vertex 20.6099 38.9348 63.648
      vertex 20.2259 39.1441 63.671
      vertex 20.5398 38.9882 63.8474
    endloop
  endfacet
  facet normal 0.0326001 0.965382 0.258794
    outer loop
      vertex 19 39.3561 64.4622
      vertex 19 39.2545 64.8412
      vertex 19.1732 39.3532 64.4512
    endloop
  endfacet
  facet normal 0.232686 0.962456 -0.139772
    outer loop
      vertex 19.5407 39.3138 63.3317
      vertex 19.5069 39.3316 63.398
      vertex 19.8909 39.2533 63.4981
    endloop
  endfacet
  facet normal 0 0.707107 0.707107
    outer loop
      vertex 19 38.6693 65.8549
      vertex -19 38.3918 66.1324
      vertex 19 38.3918 66.1324
    endloop
  endfacet
  facet normal 0 0.707107 0.707107
    outer loop
      vertex -19 38.3918 66.1324
      vertex 19 38.6693 65.8549
      vertex -19 38.6693 65.8549
    endloop
  endfacet
  facet normal 0 0.793315 0.608811
    outer loop
      vertex 19 38.9082 65.5436
      vertex -19 38.6693 65.8549
      vertex 19 38.6693 65.8549
    endloop
  endfacet
  facet normal 0 0.793315 0.608811
    outer loop
      vertex -19 38.6693 65.8549
      vertex 19 38.9082 65.5436
      vertex -19 38.9082 65.5436
    endloop
  endfacet
  facet normal 0.438322 0.10426 0.892751
    outer loop
      vertex 20.4968 27.236 69.0201
      vertex 20.1456 27.2808 69.1873
      vertex 20.4712 26.8487 69.0779
    endloop
  endfacet
  facet normal 0.318735 0.368865 0.873124
    outer loop
      vertex 20.126 37.6826 66.3512
      vertex 19.7615 37.7147 66.4707
      vertex 19.7748 37.3517 66.6192
    endloop
  endfacet
  facet normal 0.490974 0.861516 -0.129363
    outer loop
      vertex 20.6525 38.8795 63.4414
      vertex 20.3155 39.0575 63.3478
      vertex 20.6099 38.9348 63.648
    endloop
  endfacet
  facet normal 0.382363 0.898743 -0.214613
    outer loop
      vertex 20.3269 39.0127 63.1805
      vertex 19.9643 39.1577 63.1417
      vertex 20.3155 39.0575 63.3478
    endloop
  endfacet
  facet normal -0.803177 0.388541 0.4516
    outer loop
      vertex -21.4602 37.7128 64.9993
      vertex -21.5482 37.3598 65.1465
      vertex -21.3343 37.4427 65.4556
    endloop
  endfacet
  facet normal -0.947492 0.298295 0.115231
    outer loop
      vertex -21.8165 37.4412 63.9855
      vertex -21.9172 37.0785 64.0964
      vertex -21.8421 37.1762 64.461
    endloop
  endfacet
  facet normal -0.875214 0.44573 0.187951
    outer loop
      vertex -21.5989 37.8756 64.2061
      vertex -21.6245 37.6266 64.6774
      vertex -21.4858 37.9619 64.5281
    endloop
  endfacet
  facet normal -0.889267 -0.0122648 0.457224
    outer loop
      vertex -21.5925 26.9524 67.9617
      vertex -21.7657 26.8615 67.6224
      vertex -21.5482 26.5699 68.0376
    endloop
  endfacet
  facet normal -0.972415 0.175933 0.153154
    outer loop
      vertex -21.8421 37.1762 64.461
      vertex -21.968 36.7044 64.2036
      vertex -21.8916 36.8038 64.5745
    endloop
  endfacet
  facet normal -0.83152 0.143775 0.536566
    outer loop
      vertex -21.5925 36.9907 65.2719
      vertex -21.375 27.0366 68.2762
      vertex -21.375 37.0749 65.5864
    endloop
  endfacet
  facet normal -0.83152 0.143775 0.536566
    outer loop
      vertex -21.375 27.0366 68.2762
      vertex -21.5925 36.9907 65.2719
      vertex -21.5925 26.9524 67.9617
    endloop
  endfacet
  facet normal -0.824423 0.0164935 0.565734
    outer loop
      vertex -21.375 27.0366 68.2762
      vertex -21.5925 26.9524 67.9617
      vertex -21.3343 26.6528 68.3467
    endloop
  endfacet
  facet normal -0.745312 0.0431752 0.665317
    outer loop
      vertex -21.1168 27.1128 68.5605
      vertex -21.375 27.0366 68.2762
      vertex -21.3343 26.6528 68.3467
    endloop
  endfacet
  facet normal -0.991452 -0.126029 0.0337695
    outer loop
      vertex -21.9936 26.565 66.5159
      vertex -21.9936 11.0358 8.56033
      vertex -21.9424 26.1892 66.6166
    endloop
  endfacet
  facet normal -0.965898 0.250099 -0.0670137
    outer loop
      vertex -21.942 21.5132 6
      vertex -21.9424 36.9791 63.7254
      vertex -21.8408 37.3452 63.6273
    endloop
  endfacet
  facet normal -0.9681 0.242025 -0.0648505
    outer loop
      vertex -21.9424 36.9791 63.7254
      vertex -21.942 21.5132 6
      vertex -21.9424 21.5116 6
    endloop
  endfacet
  facet normal -0.980783 -0.0504965 -0.188455
    outer loop
      vertex -21.8916 17.5975 6
      vertex -21.968 10.9347 8.18291
      vertex -21.968 19.0814 6
    endloop
  endfacet
  facet normal -0.980782 -0.0504976 -0.188458
    outer loop
      vertex -21.968 10.9347 8.18291
      vertex -21.8916 17.5975 6
      vertex -21.8916 10.8353 7.81194
    endloop
  endfacet
  facet normal -0.824297 0.0168263 0.565908
    outer loop
      vertex -21.3343 26.6528 68.3467
      vertex -21.5925 26.9524 67.9617
      vertex -21.5482 26.5699 68.0376
    endloop
  endfacet
  facet normal -0.889259 -0.0122331 0.457241
    outer loop
      vertex -21.5482 26.5699 68.0376
      vertex -21.7657 26.8615 67.6224
      vertex -21.7184 26.4806 67.7042
    endloop
  endfacet
  facet normal -0.427217 -0.0252056 0.903798
    outer loop
      vertex -20.126 26.8927 69.2423
      vertex -20.4712 26.8487 69.0779
      vertex -20.0871 26.5023 69.2498
    endloop
  endfacet
  facet normal -0.636979 -0.0615238 0.768422
    outer loop
      vertex -20.7294 26.4063 68.8916
      vertex -21.0806 26.7276 68.6262
      vertex -21.0087 26.3429 68.655
    endloop
  endfacet
  facet normal -0.963997 -0.233127 0.127912
    outer loop
      vertex -21.8165 25.919 67.0728
      vertex -21.9172 26.2886 66.9875
      vertex -21.8408 25.823 66.7147
    endloop
  endfacet
  facet normal -0.864642 -0.496835 0.0744939
    outer loop
      vertex -21.4944 9.61543 8.94092
      vertex -21.6906 9.94369 8.85297
      vertex -21.6676 9.8528 8.51374
    endloop
  endfacet
  facet normal -0.611457 0.764321 -0.204776
    outer loop
      vertex -20.978 23.2408 6
      vertex -20.6667 38.8232 63.2313
      vertex -20.9745 23.2436 6
    endloop
  endfacet
  facet normal -0.608861 0.766247 -0.205315
    outer loop
      vertex -20.6667 38.8232 63.2313
      vertex -20.978 23.2408 6
      vertex -20.978 38.5924 63.2931
    endloop
  endfacet
  facet normal -0.707078 0.683041 -0.18302
    outer loop
      vertex -20.978 23.2408 6
      vertex -21.2555 38.3244 63.365
      vertex -20.978 38.5924 63.2931
    endloop
  endfacet
  facet normal -0.70573 0.684344 -0.183356
    outer loop
      vertex -21.2555 38.3244 63.365
      vertex -20.978 23.2408 6
      vertex -20.9812 23.2375 6
    endloop
  endfacet
  facet normal -0.50143 0.835717 -0.22393
    outer loop
      vertex -20.3314 23.6885 6
      vertex -20.3269 39.0127 63.1805
      vertex -20.3269 23.6912 6
    endloop
  endfacet
  facet normal -0.500014 0.836508 -0.224142
    outer loop
      vertex -20.3269 39.0127 63.1805
      vertex -20.3314 23.6885 6
      vertex -20.6667 38.8232 63.2313
    endloop
  endfacet
  facet normal -0.49974 0.844601 -0.192117
    outer loop
      vertex -20.3269 39.0127 63.1805
      vertex -20.6667 38.8232 63.2313
      vertex -20.3155 39.0575 63.3478
    endloop
  endfacet
  facet normal -0.523473 0.741691 0.419368
    outer loop
      vertex -20.5949 38.7372 64.9055
      vertex -20.7638 38.4802 65.1492
      vertex -20.3731 38.7875 65.0934
    endloop
  endfacet
  facet normal -0.466629 0.820065 0.331288
    outer loop
      vertex -20.3987 38.9544 64.6442
      vertex -20.5949 38.7372 64.9055
      vertex -20.3731 38.7875 65.0934
    endloop
  endfacet
  facet normal -0.651532 0.630067 0.422518
    outer loop
      vertex -20.7638 38.4802 65.1492
      vertex -21.1346 38.1193 65.1156
      vertex -20.9026 38.1878 65.3712
    endloop
  endfacet
  facet normal -0.195046 0.253843 0.947376
    outer loop
      vertex -19.7748 37.3517 66.6192
      vertex -19.7748 27.3134 69.3089
      vertex -19.3907 27.3331 69.3827
    endloop
  endfacet
  facet normal 0.449298 0.893326 -0.0100054
    outer loop
      vertex 20.5398 38.9882 63.8474
      vertex 20.2259 39.1441 63.671
      vertex 20.4434 39.0388 64.0363
    endloop
  endfacet
  facet normal 0.098315 0.979904 -0.173557
    outer loop
      vertex 19.1557 39.3362 63.2175
      vertex 19.1387 39.3412 63.2361
      vertex 19.4643 39.3481 63.4595
    endloop
  endfacet
  facet normal 0.124376 0.968197 -0.217084
    outer loop
      vertex 19.1895 39.3185 63.1512
      vertex 19.1813 39.3248 63.1746
      vertex 19.5653 39.295 63.2617
    endloop
  endfacet
  facet normal 0.362821 0.924121 -0.119835
    outer loop
      vertex 20.2817 39.1016 63.5122
      vertex 19.9315 39.2223 63.3827
      vertex 20.2259 39.1441 63.671
    endloop
  endfacet
  facet normal 0.138076 0.862021 0.487704
    outer loop
      vertex 19.512 39.0869 65.1387
      vertex 19.2582 39.1 65.1874
      vertex 19.5838 38.8883 65.4694
    endloop
  endfacet
  facet normal 0.00455617 0.967162 -0.254121
    outer loop
      vertex 19.1387 39.3412 63.2361
      vertex 19.0981 39.3493 63.2662
      vertex 19.1194 39.3456 63.2525
    endloop
  endfacet
  facet normal 0.128368 0.964333 -0.231483
    outer loop
      vertex 19.5803 39.2756 63.1892
      vertex 19.1895 39.3185 63.1512
      vertex 19.5653 39.295 63.2617
    endloop
  endfacet
  facet normal 0.128627 0.963399 -0.235197
    outer loop
      vertex 19.1945 39.3119 63.1269
      vertex 19.1895 39.3185 63.1512
      vertex 19.5803 39.2756 63.1892
    endloop
  endfacet
  facet normal 0.115751 0.973276 -0.19833
    outer loop
      vertex 19.1813 39.3248 63.1746
      vertex 19.1699 39.3307 63.1969
      vertex 19.5069 39.3316 63.398
    endloop
  endfacet
  facet normal 0 0.965926 -0.258818
    outer loop
      vertex 19.1958 24.0049 6
      vertex 19.1393 24.0049 6
      vertex 19.1699 39.3307 63.1969
    endloop
  endfacet
  facet normal 0.00709546 0.96318 -0.268765
    outer loop
      vertex -19.0751 39.3522 63.2772
      vertex -19.1387 39.3412 63.2361
      vertex -19.0981 39.3493 63.2662
    endloop
  endfacet
  facet normal -0.0441766 0.989458 -0.137915
    outer loop
      vertex -19.0751 39.3522 63.2772
      vertex -19.224 39.3958 63.6377
      vertex -19.0508 39.3544 63.2852
    endloop
  endfacet
  facet normal 0.0838005 0.996401 -0.0127186
    outer loop
      vertex 19.224 39.3958 63.6377
      vertex 19.1515 39.4022 63.6614
      vertex 19.2496 39.3988 64.0414
    endloop
  endfacet
  facet normal 0.0245765 0.990893 -0.132393
    outer loop
      vertex 19.1515 39.4022 63.6614
      vertex 19.0256 39.3557 63.29
      vertex 19.0764 39.406 63.6759
    endloop
  endfacet
  facet normal -0.597999 0.796442 -0.0898763
    outer loop
      vertex -20.6525 38.8795 63.4414
      vertex -20.9611 38.6592 63.5425
      vertex -20.6099 38.9348 63.648
    endloop
  endfacet
  facet normal -0.490974 0.861516 -0.129363
    outer loop
      vertex -20.3155 39.0575 63.3478
      vertex -20.6525 38.8795 63.4414
      vertex -20.6099 38.9348 63.648
    endloop
  endfacet
  facet normal -0.751832 0.653272 0.0893564
    outer loop
      vertex -21.1787 38.4755 63.9288
      vertex -21.3045 38.2707 64.3676
      vertex -21.0838 38.5478 64.1987
    endloop
  endfacet
  facet normal -0.670117 0.741331 0.0370356
    outer loop
      vertex -20.9106 38.7249 63.7876
      vertex -21.1787 38.4755 63.9288
      vertex -21.0838 38.5478 64.1987
    endloop
  endfacet
  facet normal -0.362821 0.924121 -0.119835
    outer loop
      vertex -19.9315 39.2223 63.3827
      vertex -20.2817 39.1016 63.5122
      vertex -20.2259 39.1441 63.671
    endloop
  endfacet
  facet normal -0.375959 0.911428 -0.167193
    outer loop
      vertex -19.9315 39.2223 63.3827
      vertex -20.3155 39.0575 63.3478
      vertex -20.2817 39.1016 63.5122
    endloop
  endfacet
  facet normal -0.376276 0.921629 0.0949554
    outer loop
      vertex -20.0527 39.2217 63.9607
      vertex -20.3223 39.0858 64.2114
      vertex -20.1785 39.1282 64.3697
    endloop
  endfacet
  facet normal -0.416512 0.908049 0.0443249
    outer loop
      vertex -20.0527 39.2217 63.9607
      vertex -20.4434 39.0388 64.0363
      vertex -20.3223 39.0858 64.2114
    endloop
  endfacet
  facet normal -0.330062 0.933561 0.139726
    outer loop
      vertex -19.9382 39.2555 64.0868
      vertex -20.1785 39.1282 64.3697
      vertex -19.8077 39.2851 64.1973
    endloop
  endfacet
  facet normal -0.213559 0.974518 0.0686073
    outer loop
      vertex -19.587 39.3557 63.8806
      vertex -19.6634 39.3101 64.2905
      vertex -19.4822 39.3739 63.9483
    endloop
  endfacet
  facet normal -0.36328 0.923871 -0.120371
    outer loop
      vertex -19.9315 39.2223 63.3827
      vertex -20.2259 39.1441 63.671
      vertex -19.8909 39.2533 63.4981
    endloop
  endfacet
  facet normal -0.449251 0.89335 -0.00997052
    outer loop
      vertex -20.2259 39.1441 63.671
      vertex -20.4434 39.0388 64.0363
      vertex -20.1491 39.1844 63.8214
    endloop
  endfacet
  facet normal -0.269559 0.907223 0.322931
    outer loop
      vertex -19.6378 39.2217 64.7187
      vertex -19.989 39.0358 64.9478
      vertex -19.757 39.0654 65.0583
    endloop
  endfacet
  facet normal -0.338568 0.896955 0.284328
    outer loop
      vertex -19.8334 39.1967 64.6255
      vertex -20.2042 38.9986 64.8089
      vertex -19.989 39.0358 64.9478
    endloop
  endfacet
  facet normal -0.118871 0.920471 0.372294
    outer loop
      vertex -19.4314 39.2398 64.7864
      vertex -19.512 39.0869 65.1387
      vertex -19.2175 39.2508 64.8275
    endloop
  endfacet
  facet normal -0.0749658 0.989435 0.124088
    outer loop
      vertex -19.2496 39.3988 64.0414
      vertex -19.3434 39.3444 64.4185
      vertex -19.1259 39.4052 64.0651
    endloop
  endfacet
  facet normal -0.16969 0.981114 0.0928421
    outer loop
      vertex -19.369 39.3883 64.0022
      vertex -19.6634 39.3101 64.2905
      vertex -19.5078 39.33 64.3646
    endloop
  endfacet
  facet normal -0.278549 0.943761 0.178117
    outer loop
      vertex -19.8077 39.2851 64.1973
      vertex -19.8334 39.1967 64.6255
      vertex -19.6634 39.3101 64.2905
    endloop
  endfacet
  facet normal -0.0508667 0.998697 -0.00419594
    outer loop
      vertex -19.1515 39.4022 63.6614
      vertex -19.2496 39.3988 64.0414
      vertex -19.1259 39.4052 64.0651
    endloop
  endfacet
  facet normal -0.0245765 0.990893 -0.132393
    outer loop
      vertex -19.0256 39.3557 63.29
      vertex -19.1515 39.4022 63.6614
      vertex -19.0764 39.406 63.6759
    endloop
  endfacet
  facet normal -0.0749948 0.989435 0.12407
    outer loop
      vertex -19.1259 39.4052 64.0651
      vertex -19.3434 39.3444 64.4185
      vertex -19.1732 39.3532 64.4512
    endloop
  endfacet
  facet normal -0.213207 0.97459 0.0686808
    outer loop
      vertex -19.587 39.3557 63.8806
      vertex -19.8077 39.2851 64.1973
      vertex -19.6634 39.3101 64.2905
    endloop
  endfacet
  facet normal -0.343669 0.93612 -0.0746382
    outer loop
      vertex -19.8909 39.2533 63.4981
      vertex -20.2259 39.1441 63.671
      vertex -19.8351 39.2825 63.6074
    endloop
  endfacet
  facet normal -0.130688 0.957642 -0.256598
    outer loop
      vertex -19.5853 23.9518 6
      vertex -19.1962 39.3053 63.1021
      vertex -19.1962 24.0049 6
    endloop
  endfacet
  facet normal -0.1306 0.957653 -0.256602
    outer loop
      vertex -19.1962 39.3053 63.1021
      vertex -19.5853 23.9518 6
      vertex -19.5853 39.2558 63.1154
    endloop
  endfacet
  facet normal -0.00455617 0.967162 -0.254121
    outer loop
      vertex -19.0981 39.3493 63.2662
      vertex -19.1387 39.3412 63.2361
      vertex -19.1194 39.3456 63.2525
    endloop
  endfacet
  facet normal -0.215818 0.970128 -0.110785
    outer loop
      vertex -19.5069 39.3316 63.398
      vertex -19.8351 39.2825 63.6074
      vertex -19.4643 39.3481 63.4595
    endloop
  endfacet
  facet normal 0 0.965926 -0.258818
    outer loop
      vertex 19.0282 24.0049 6
      vertex -19.1699 39.3307 63.1969
      vertex 19.1699 39.3307 63.1969
    endloop
  endfacet
  facet normal 0 0.965926 -0.258818
    outer loop
      vertex -19.1699 39.3307 63.1969
      vertex 19.0282 24.0049 6
      vertex -19.0282 24.0049 6
    endloop
  endfacet
  facet normal -0.318581 0.947314 -0.0331916
    outer loop
      vertex -19.8351 39.2825 63.6074
      vertex -20.1491 39.1844 63.8214
      vertex -20.0527 39.2217 63.9607
    endloop
  endfacet
  facet normal -0.319067 0.947139 -0.0335205
    outer loop
      vertex -19.8351 39.2825 63.6074
      vertex -20.0527 39.2217 63.9607
      vertex -19.765 39.3097 63.7087
    endloop
  endfacet
  facet normal -0.321495 0.245074 0.914647
    outer loop
      vertex -19.7748 37.3517 66.6192
      vertex -20.1456 37.3191 66.4976
      vertex -19.7748 27.3134 69.3089
    endloop
  endfacet
  facet normal -0.154922 0.78863 0.595032
    outer loop
      vertex -19.2944 38.9032 65.525
      vertex -19.5838 38.8883 65.4694
      vertex -19.3256 38.6637 65.8343
    endloop
  endfacet
  facet normal -0.726401 0.414369 0.548306
    outer loop
      vertex -21.2537 37.7928 65.2978
      vertex -21.3343 37.4427 65.4556
      vertex -21.0806 37.5176 65.7351
    endloop
  endfacet
  facet normal -0.571359 0.650786 0.500026
    outer loop
      vertex -20.5185 38.5359 65.357
      vertex -20.7638 38.4802 65.1492
      vertex -20.6379 38.2479 65.5954
    endloop
  endfacet
  facet normal -0.636857 0.437404 0.634894
    outer loop
      vertex -20.7294 37.9285 65.8043
      vertex -21.0806 37.5176 65.7351
      vertex -20.7912 37.5832 65.9802
    endloop
  endfacet
  facet normal -0.653806 0.0671056 0.753681
    outer loop
      vertex -20.7912 26.7933 68.8714
      vertex -21.1168 27.1128 68.5605
      vertex -21.0806 26.7276 68.6262
    endloop
  endfacet
  facet normal -0.255331 0.781733 0.568946
    outer loop
      vertex -19.5838 38.8883 65.4694
      vertex -19.9546 38.6201 65.6715
      vertex -19.6456 38.6473 65.7728
    endloop
  endfacet
  facet normal -0.513337 0.567977 0.643341
    outer loop
      vertex -20.3453 38.2985 65.7842
      vertex -20.6379 38.2479 65.5954
      vertex -20.4204 37.982 66.0037
    endloop
  endfacet
  facet normal -0.778778 0.627252 -0.00773559
    outer loop
      vertex -21.1787 38.4755 63.9288
      vertex -21.4731 38.1079 63.76
      vertex -21.4094 38.1908 64.0691
    endloop
  endfacet
  facet normal -0.820513 0.55431 0.139637
    outer loop
      vertex -21.3045 38.2707 64.3676
      vertex -21.5989 37.8756 64.2061
      vertex -21.4858 37.9619 64.5281
    endloop
  endfacet
  facet normal -0.571298 0.650834 0.500034
    outer loop
      vertex -20.7638 38.4802 65.1492
      vertex -20.9026 38.1878 65.3712
      vertex -20.6379 38.2479 65.5954
    endloop
  endfacet
  facet normal -0.532215 0.803093 0.267934
    outer loop
      vertex -20.3987 38.9544 64.6442
      vertex -20.7894 38.6798 64.6912
      vertex -20.5949 38.7372 64.9055
    endloop
  endfacet
  facet normal -0.297163 0.595347 0.746496
    outer loop
      vertex -19.6964 38.3681 66.0439
      vertex -20.0871 38.0245 66.1624
      vertex -19.7353 38.0554 66.2778
    endloop
  endfacet
  facet normal -0.168846 0.702223 0.691646
    outer loop
      vertex -19.3256 38.6637 65.8343
      vertex -19.6964 38.3681 66.0439
      vertex -19.3512 38.3858 66.1102
    endloop
  endfacet
  facet normal 0.824297 0.0168263 0.565908
    outer loop
      vertex 21.5925 26.9524 67.9617
      vertex 21.3343 26.6528 68.3467
      vertex 21.5482 26.5699 68.0376
    endloop
  endfacet
  facet normal 0.824423 0.0164935 0.565734
    outer loop
      vertex 21.375 27.0366 68.2762
      vertex 21.3343 26.6528 68.3467
      vertex 21.5925 26.9524 67.9617
    endloop
  endfacet
  facet normal 0.792272 -0.60068 0.107188
    outer loop
      vertex 21.2555 9.31471 9.0215
      vertex 21.2362 9.23851 8.73713
      vertex 21.4944 9.61543 8.94092
    endloop
  endfacet
  facet normal 0.866003 -0.483001 0.12942
    outer loop
      vertex 21.4944 25.1446 66.8965
      vertex 21.4944 9.61543 8.94092
      vertex 21.6906 25.4728 66.8085
    endloop
  endfacet
  facet normal 0.660148 0.701401 0.268777
    outer loop
      vertex 21.1602 38.3465 64.6502
      vertex 20.9533 38.6163 64.4543
      vertex 20.9789 38.4167 64.9123
    endloop
  endfacet
  facet normal 0.694963 0.526527 0.489688
    outer loop
      vertex 21.1346 38.1193 65.1156
      vertex 20.9026 38.1878 65.3712
      vertex 21.0087 37.8651 65.5676
    endloop
  endfacet
  facet normal 0.803177 0.388541 0.4516
    outer loop
      vertex 21.4602 37.7128 64.9993
      vertex 21.3343 37.4427 65.4556
      vertex 21.5482 37.3598 65.1465
    endloop
  endfacet
  facet normal 0.751852 0.170645 0.636867
    outer loop
      vertex 21.1168 27.1128 68.5605
      vertex 21.375 37.0749 65.5864
      vertex 21.1168 37.1511 65.8708
    endloop
  endfacet
  facet normal 0.751744 0.170682 0.636984
    outer loop
      vertex 21.375 37.0749 65.5864
      vertex 21.1168 27.1128 68.5605
      vertex 21.375 27.0366 68.2762
    endloop
  endfacet
  facet normal 0.712148 0.67806 0.181879
    outer loop
      vertex 21.0838 38.5478 64.1987
      vertex 20.9533 38.6163 64.4543
      vertex 21.3045 38.2707 64.3676
    endloop
  endfacet
  facet normal 0.513337 0.567977 0.643341
    outer loop
      vertex 20.6379 38.2479 65.5954
      vertex 20.3453 38.2985 65.7842
      vertex 20.4204 37.982 66.0037
    endloop
  endfacet
  facet normal -0.278205 -0.728247 0.626306
    outer loop
      vertex -19.8334 24.7187 68.5049
      vertex -20.0146 24.6873 68.3879
      vertex -19.8077 24.428 68.1783
    endloop
  endfacet
  facet normal -0.0517998 -0.382183 0.922634
    outer loop
      vertex -19 25.7902 69.3059
      vertex -19.3256 25.7846 69.2853
      vertex -19 25.4276 69.1557
    endloop
  endfacet
  facet normal -0.297175 -0.142566 0.94412
    outer loop
      vertex -19.7353 26.5332 69.3652
      vertex -20.0871 26.5023 69.2498
      vertex -19.6964 26.1455 69.3189
    endloop
  endfacet
  facet normal -0.310501 -0.0126789 0.950488
    outer loop
      vertex -19.7615 26.9247 69.3618
      vertex -20.126 26.8927 69.2423
      vertex -20.0871 26.5023 69.2498
    endloop
  endfacet
  facet normal -0.442292 0.232123 0.866312
    outer loop
      vertex -20.4968 37.2743 66.3303
      vertex -20.1456 27.2808 69.1873
      vertex -20.1456 37.3191 66.4976
    endloop
  endfacet
  facet normal -0.442094 0.232156 0.866404
    outer loop
      vertex -20.1456 27.2808 69.1873
      vertex -20.4968 37.2743 66.3303
      vertex -20.4968 27.236 69.0201
    endloop
  endfacet
  facet normal -0.321495 0.245074 0.914647
    outer loop
      vertex -20.1456 37.3191 66.4976
      vertex -20.1456 27.2808 69.1873
      vertex -19.7748 27.3134 69.3089
    endloop
  endfacet
  facet normal 0.382568 -0.885636 0.26323
    outer loop
      vertex 20.3269 24.1556 67.1615
      vertex 19.9561 24.0431 67.3219
      vertex 19.9643 24.0105 67.2003
    endloop
  endfacet
  facet normal 0.12384 -0.946579 0.297745
    outer loop
      vertex 19.5407 23.9704 67.443
      vertex 19.1813 23.8823 67.3124
      vertex 19.5653 23.9516 67.373
    endloop
  endfacet
  facet normal 0.363109 -0.860193 0.358078
    outer loop
      vertex 20.2259 24.287 67.6519
      vertex 19.8909 24.106 67.5568
      vertex 19.9315 24.0751 67.4414
    endloop
  endfacet
  facet normal 0.254359 -0.919834 0.298677
    outer loop
      vertex 19.9315 24.0751 67.4414
      vertex 19.5803 23.9322 67.3004
      vertex 19.9561 24.0431 67.3219
    endloop
  endfacet
  facet normal 0.706332 -0.694269 0.138153
    outer loop
      vertex 20.978 9.04668 9.09332
      vertex 20.9611 8.97986 8.84393
      vertex 21.2555 9.31471 9.0215
    endloop
  endfacet
  facet normal 0.608796 -0.766295 0.205328
    outer loop
      vertex 20.978 24.5758 67.0489
      vertex 20.6667 8.81593 9.15515
      vertex 20.978 9.04668 9.09332
    endloop
  endfacet
  facet normal 0.0606504 -0.130221 0.989628
    outer loop
      vertex 19 26.5583 69.4587
      vertex 19 26.1692 69.4075
      vertex 19.3512 26.1633 69.3852
    endloop
  endfacet
  facet normal 0.195046 0.253843 0.947376
    outer loop
      vertex 19.7748 37.3517 66.6192
      vertex 19.3907 27.3331 69.3827
      vertex 19.7748 27.3134 69.3089
    endloop
  endfacet
  facet normal 0.726416 -0.0846665 0.68202
    outer loop
      vertex 21.3343 26.6528 68.3467
      vertex 21.0806 26.7276 68.6262
      vertex 21.2537 26.2706 68.3851
    endloop
  endfacet
  facet normal 0.77709 -0.382986 0.499452
    outer loop
      vertex 21.3301 25.821 68.108
      vertex 21.1602 25.4674 68.1012
      vertex 21.4858 25.7393 67.8031
    endloop
  endfacet
  facet normal 0.550957 0.0876269 0.829921
    outer loop
      vertex 20.8224 27.1796 68.8099
      vertex 20.4968 27.236 69.0201
      vertex 20.7912 26.7933 68.8714
    endloop
  endfacet
  facet normal 0.550785 0.0874692 0.830051
    outer loop
      vertex 20.4968 27.236 69.0201
      vertex 20.4712 26.8487 69.0779
      vertex 20.7912 26.7933 68.8714
    endloop
  endfacet
  facet normal 0.536875 0.457407 0.708904
    outer loop
      vertex 20.7912 37.5832 65.9802
      vertex 20.4204 37.982 66.0037
      vertex 20.4712 37.6386 66.1868
    endloop
  endfacet
  facet normal 0.659396 0.194574 0.72618
    outer loop
      vertex 20.8224 27.1796 68.8099
      vertex 21.1168 37.1511 65.8708
      vertex 20.8224 37.218 66.1202
    endloop
  endfacet
  facet normal 0.659359 0.194584 0.726211
    outer loop
      vertex 21.1168 37.1511 65.8708
      vertex 20.8224 27.1796 68.8099
      vertex 21.1168 27.1128 68.5605
    endloop
  endfacet
  facet normal 0.0656097 0.258265 0.963844
    outer loop
      vertex 19 37.3781 66.7177
      vertex 19 27.3398 69.4075
      vertex 19.3907 27.3331 69.3827
    endloop
  endfacet
  facet normal 0.321495 0.245074 0.914647
    outer loop
      vertex 19.7748 37.3517 66.6192
      vertex 19.7748 27.3134 69.3089
      vertex 20.1456 37.3191 66.4976
    endloop
  endfacet
  facet normal 0.793304 0.58808 -0.157576
    outer loop
      vertex 21.4944 38.0237 63.4455
      vertex 21.4923 22.634 6
      vertex 21.2555 38.3244 63.365
    endloop
  endfacet
  facet normal 0.789857 0.592393 -0.158731
    outer loop
      vertex 21.4923 22.634 6
      vertex 21.4944 38.0237 63.4455
      vertex 21.4944 22.6312 6
    endloop
  endfacet
  facet normal 0.991452 0.126029 -0.0337695
    outer loop
      vertex 21.9936 36.6033 63.8261
      vertex 21.9424 21.5116 6
      vertex 21.9424 36.9791 63.7254
    endloop
  endfacet
  facet normal 0.991452 0.126024 -0.0337681
    outer loop
      vertex 21.9424 21.5116 6
      vertex 21.9936 36.6033 63.8261
      vertex 21.9936 21.1088 6
    endloop
  endfacet
  facet normal 0.906362 0.415717 0.0754153
    outer loop
      vertex 21.6676 37.7863 63.8727
      vertex 21.5989 37.8756 64.2061
      vertex 21.8165 37.4412 63.9855
    endloop
  endfacet
  facet normal 0.84982 0.525959 0.0342366
    outer loop
      vertex 21.6676 37.7863 63.8727
      vertex 21.4731 38.1079 63.76
      vertex 21.5989 37.8756 64.2061
    endloop
  endfacet
  facet normal 0.938847 0.208348 0.274147
    outer loop
      vertex 21.8421 37.1762 64.461
      vertex 21.7657 36.8998 64.9327
      vertex 21.8916 36.8038 64.5745
    endloop
  endfacet
  facet normal 0.571298 0.650834 0.500034
    outer loop
      vertex 20.7638 38.4802 65.1492
      vertex 20.6379 38.2479 65.5954
      vertex 20.9026 38.1878 65.3712
    endloop
  endfacet
  facet normal 0.670117 0.741331 0.0370356
    outer loop
      vertex 21.1787 38.4755 63.9288
      vertex 20.9106 38.7249 63.7876
      vertex 21.0838 38.5478 64.1987
    endloop
  endfacet
  facet normal 0.989367 -0.108987 0.0963074
    outer loop
      vertex 21.968 26.6661 66.8933
      vertex 21.9424 26.1892 66.6166
      vertex 21.9936 26.565 66.5159
    endloop
  endfacet
  facet normal 0.947508 -0.200715 0.248883
    outer loop
      vertex 21.8421 26.3863 67.3522
      vertex 21.8165 25.919 67.0728
      vertex 21.9172 26.2886 66.9875
    endloop
  endfacet
  facet normal 0.963978 -0.233165 0.127983
    outer loop
      vertex 21.9172 26.2886 66.9875
      vertex 21.8408 25.823 66.7147
      vertex 21.9424 26.1892 66.6166
    endloop
  endfacet
  facet normal 0.609412 -0.548875 -0.572148
    outer loop
      vertex 21.0087 9.77398 6.81884
      vertex 20.6379 9.39121 6.79109
      vertex 20.7294 9.71057 6.58218
    endloop
  endfacet
  facet normal -0.427249 -0.473767 -0.770067
    outer loop
      vertex -20.4204 9.65714 6.38276
      vertex -20.4712 10.0005 6.1997
      vertex -20.0871 9.6146 6.22401
    endloop
  endfacet
  facet normal 0.441141 -0.758058 -0.480357
    outer loop
      vertex 20.3731 8.85157 7.29305
      vertex 20.1278 8.80915 7.13472
      vertex 20.2472 9.05632 6.85431
    endloop
  endfacet
  facet normal 0.278492 -0.69456 -0.663346
    outer loop
      vertex 19.9546 9.01897 6.71492
      vertex 19.6456 8.99183 6.61361
      vertex 20.0297 9.30032 6.45186
    endloop
  endfacet
  facet normal -0.35118 -0.771565 -0.530434
    outer loop
      vertex -19.8631 8.77537 7.00868
      vertex -20.2472 9.05632 6.85431
      vertex -19.9546 9.01897 6.71492
    endloop
  endfacet
  facet normal 0.255285 -0.78179 -0.568888
    outer loop
      vertex 19.8631 8.77537 7.00868
      vertex 19.5838 8.75083 6.91707
      vertex 19.6456 8.99183 6.61361
    endloop
  endfacet
  facet normal 0 -0.707107 -0.707107
    outer loop
      vertex -19 9.24731 6.25403
      vertex 19 8.96983 6.53151
      vertex -19 8.96983 6.53151
    endloop
  endfacet
  facet normal 0 -0.707107 -0.707107
    outer loop
      vertex 19 8.96983 6.53151
      vertex -19 9.24731 6.25403
      vertex 19 9.24731 6.25403
    endloop
  endfacet
  facet normal -0.536687 -0.457421 -0.709037
    outer loop
      vertex -20.4204 9.65714 6.38276
      vertex -20.7912 10.0558 6.40624
      vertex -20.4712 10.0005 6.1997
    endloop
  endfacet
  facet normal 0.310577 -0.486227 -0.816777
    outer loop
      vertex 19.7353 9.58369 6.10864
      vertex 19.8505 9.83977 6
      vertex 20.0871 9.6146 6.22401
    endloop
  endfacet
  facet normal 0.310689 -0.486253 -0.816719
    outer loop
      vertex 19.8505 9.83977 6
      vertex 19.7353 9.58369 6.10864
      vertex 19.7501 9.77562 6
    endloop
  endfacet
  facet normal 0.27849 -0.694559 -0.663348
    outer loop
      vertex 20.0297 9.30032 6.45186
      vertex 19.6456 8.99183 6.61361
      vertex 19.6964 9.27104 6.34259
    endloop
  endfacet
  facet normal -0.154923 -0.788782 -0.59483
    outer loop
      vertex -19.2944 8.73593 6.86148
      vertex -19.6456 8.99183 6.61361
      vertex -19.3256 8.97535 6.55212
    endloop
  endfacet
  facet normal 0.338605 -0.896885 -0.284506
    outer loop
      vertex 20.2042 8.64052 7.57751
      vertex 19.8334 8.44235 7.76092
      vertex 19.989 8.60332 7.43866
    endloop
  endfacet
  facet normal 0.338725 -0.896909 -0.284288
    outer loop
      vertex 20.0146 8.4737 7.87791
      vertex 19.8334 8.44235 7.76092
      vertex 20.2042 8.64052 7.57751
    endloop
  endfacet
  facet normal 0.025082 -0.991131 -0.1305
    outer loop
      vertex 19.1259 8.2339 8.32131
      vertex 19 8.28299 7.92428
      vertex 19.1732 8.28593 7.93524
    endloop
  endfacet
  facet normal 0.0977051 -0.963189 -0.250439
    outer loop
      vertex 19.3434 8.29469 7.96795
      vertex 19.1732 8.28593 7.93524
      vertex 19.2175 8.38825 7.559
    endloop
  endfacet
  facet normal 0.160946 -0.958804 -0.234076
    outer loop
      vertex 19.5078 8.30913 8.02184
      vertex 19.3434 8.29469 7.96795
      vertex 19.6378 8.41739 7.66778
    endloop
  endfacet
  facet normal 0.213042 -0.974612 -0.0688819
    outer loop
      vertex 19.8077 8.35396 8.18913
      vertex 19.4822 8.26521 8.43813
      vertex 19.6634 8.329 8.09599
    endloop
  endfacet
  facet normal 0.000417333 -0.965926 0.258819
    outer loop
      vertex -19.1962 23.8629 67.2399
      vertex -19.1962 8.33377 9.28434
      vertex -19.1895 8.32063 9.23529
    endloop
  endfacet
  facet normal -0.588631 -0.784038 -0.196973
    outer loop
      vertex -20.713 8.7907 8.138
      vertex -20.9533 9.02282 7.93217
      vertex -20.5693 8.73502 7.9302
    endloop
  endfacet
  facet normal -0.000221319 -0.966005 0.258522
    outer loop
      vertex -19.0981 8.28979 9.12021
      vertex -19.1387 8.29786 9.15033
      vertex -19.1194 8.29348 9.13398
    endloop
  endfacet
  facet normal -0.608706 -0.766362 0.205346
    outer loop
      vertex -20.6667 24.3451 67.1107
      vertex -20.978 24.5758 67.0489
      vertex -20.6667 8.81593 9.15515
    endloop
  endfacet
  facet normal -0.608224 -0.755477 0.243551
    outer loop
      vertex -20.6525 24.4014 67.3208
      vertex -20.978 24.5758 67.0489
      vertex -20.6667 24.3451 67.1107
    endloop
  endfacet
  facet normal -0.653791 -0.318651 -0.686308
    outer loop
      vertex -21.0806 10.1215 6.65136
      vertex -21.1168 10.488 6.51568
      vertex -20.8224 10.4211 6.26629
    endloop
  endfacet
  facet normal -0.550822 -0.339182 -0.762595
    outer loop
      vertex -20.4712 10.0005 6.1997
      vertex -20.7912 10.0558 6.40624
      vertex -20.4968 10.3648 6.05616
    endloop
  endfacet
  facet normal -0.27849 -0.694559 -0.663348
    outer loop
      vertex -19.6456 8.99183 6.61361
      vertex -20.0297 9.30032 6.45186
      vertex -19.6964 9.27104 6.34259
    endloop
  endfacet
  facet normal -0.0982646 -0.979974 0.173192
    outer loop
      vertex -19.1557 8.30286 9.16897
      vertex -19.4643 8.29103 8.92694
      vertex -19.4138 8.27614 8.87134
    endloop
  endfacet
  facet normal -0.408733 -0.58345 -0.7018
    outer loop
      vertex -20.0297 9.30032 6.45186
      vertex -20.4204 9.65714 6.38276
      vertex -20.0871 9.6146 6.22401
    endloop
  endfacet
  facet normal 0.0327571 -0.965405 -0.258689
    outer loop
      vertex 19.1732 8.28593 7.93524
      vertex 19 8.28299 7.92428
      vertex 19.2175 8.38825 7.559
    endloop
  endfacet
  facet normal 0.0327563 -0.965405 -0.258689
    outer loop
      vertex 19.2175 8.38825 7.559
      vertex 19 8.28299 7.92428
      vertex 19 8.38456 7.54523
    endloop
  endfacet
  facet normal 0.108824 -0.976403 0.186533
    outer loop
      vertex 19.1699 8.30838 9.18958
      vertex 19.1557 8.30286 9.16897
      vertex 19.5069 8.30751 8.98842
    endloop
  endfacet
  facet normal 0 -0.965917 0.258853
    outer loop
      vertex -19.0256 8.28342 9.09644
      vertex 19.1895 8.32063 9.23529
      vertex -19.1895 8.32063 9.23529
    endloop
  endfacet
  facet normal 0 -0.965917 0.258853
    outer loop
      vertex 19.1895 8.32063 9.23529
      vertex -19.0256 8.28342 9.09644
      vertex 19.0256 8.28342 9.09644
    endloop
  endfacet
  facet normal 0 -0.965926 0.258818
    outer loop
      vertex -19.1895 8.32063 9.23529
      vertex 19.1813 23.8823 67.3124
      vertex -19.1813 23.8823 67.3124
    endloop
  endfacet
  facet normal 0 -0.965926 0.258818
    outer loop
      vertex 19.1813 23.8823 67.3124
      vertex -19.1895 8.32063 9.23529
      vertex 19.1895 8.32063 9.23529
    endloop
  endfacet
  facet normal -0.0003212 -0.966093 0.258194
    outer loop
      vertex -19.0256 8.28342 9.09644
      vertex -19.1387 8.29786 9.15033
      vertex -19.0751 8.28686 9.10925
    endloop
  endfacet
  facet normal -0.42726 -0.473777 -0.770055
    outer loop
      vertex -20.0871 9.6146 6.22401
      vertex -20.4712 10.0005 6.1997
      vertex -20.126 9.95645 6.03527
    endloop
  endfacet
  facet normal -0.91476 0.329909 0.233184
    outer loop
      vertex -21.744 37.5355 64.3375
      vertex -21.8421 37.1762 64.461
      vertex -21.6245 37.6266 64.6774
    endloop
  endfacet
  facet normal -0.694231 0.718042 -0.0495995
    outer loop
      vertex -20.9611 38.6592 63.5425
      vertex -21.2362 38.4006 63.6493
      vertex -21.1787 38.4755 63.9288
    endloop
  endfacet
  facet normal -0.694124 0.718152 -0.0494872
    outer loop
      vertex -20.9611 38.6592 63.5425
      vertex -21.1787 38.4755 63.9288
      vertex -20.9106 38.7249 63.7876
    endloop
  endfacet
  facet normal -0.963964 0.26597 -0.00578295
    outer loop
      vertex -21.8408 37.3452 63.6273
      vertex -21.9424 36.9791 63.7254
      vertex -21.9172 37.0785 64.0964
    endloop
  endfacet
  facet normal -0.989344 -0.109068 0.0964487
    outer loop
      vertex -21.9172 26.2886 66.9875
      vertex -21.968 26.6661 66.8933
      vertex -21.9424 26.1892 66.6166
    endloop
  endfacet
  facet normal -0.0007623 -0.965673 0.259759
    outer loop
      vertex 19.1387 8.29786 9.15033
      vertex 19.0751 8.28686 9.10925
      vertex 19.0981 8.28979 9.12021
    endloop
  endfacet
  facet normal 0.00839314 -0.99141 0.13052
    outer loop
      vertex 19 8.28299 9.09482
      vertex 19 8.23177 8.70576
      vertex 19.0256 8.28342 9.09644
    endloop
  endfacet
  facet normal 0.215608 -0.970183 0.110716
    outer loop
      vertex 19.8351 8.35656 8.77907
      vertex 19.4643 8.29103 8.92694
      vertex 19.765 8.32942 8.67776
    endloop
  endfacet
  facet normal 0.363001 -0.924043 0.119895
    outer loop
      vertex 19.9315 8.41676 9.00372
      vertex 19.8909 8.38584 8.88834
      vertex 20.2817 8.53753 8.87422
    endloop
  endfacet
  facet normal 0.376019 -0.911471 0.166822
    outer loop
      vertex 19.9561 8.44878 9.12322
      vertex 19.9315 8.41676 9.00372
      vertex 20.2817 8.53753 8.87422
    endloop
  endfacet
  facet normal 0.343819 -0.936017 0.0752401
    outer loop
      vertex 19.8909 8.38584 8.88834
      vertex 19.8351 8.35656 8.77907
      vertex 20.1491 8.4547 8.56511
    endloop
  endfacet
  facet normal 0.213119 -0.974602 -0.068778
    outer loop
      vertex 19.587 8.28335 8.50582
      vertex 19.4822 8.26521 8.43813
      vertex 19.8077 8.35396 8.18913
    endloop
  endfacet
  facet normal 0.232654 -0.962528 0.139331
    outer loop
      vertex 19.5407 8.32528 9.05474
      vertex 19.5069 8.30751 8.98842
      vertex 19.8909 8.38584 8.88834
    endloop
  endfacet
  facet normal -0.000845712 -0.965808 0.259256
    outer loop
      vertex 19.1813 8.31434 9.21182
      vertex 19.1557 8.30286 9.16897
      vertex 19.1699 8.30838 9.18958
    endloop
  endfacet
  facet normal 0.778758 -0.627279 0.00760448
    outer loop
      vertex 21.4731 9.53116 8.62643
      vertex 21.1787 9.16362 8.45762
      vertex 21.4094 9.44833 8.31732
    endloop
  endfacet
  facet normal 0.474261 -0.877719 0.068456
    outer loop
      vertex 20.6099 8.70428 8.73847
      vertex 20.2817 8.53753 8.87422
      vertex 20.5398 8.65085 8.53906
    endloop
  endfacet
  facet normal 0.536687 -0.45742 -0.709037
    outer loop
      vertex 20.7294 9.71057 6.58218
      vertex 20.4204 9.65714 6.38276
      vertex 20.7912 10.0558 6.40624
    endloop
  endfacet
  facet normal 0.803175 -0.388501 -0.451639
    outer loop
      vertex 21.4602 9.92626 7.38714
      vertex 21.2537 9.84629 7.0887
      vertex 21.3343 10.1964 6.93087
    endloop
  endfacet
  facet normal 0.922174 -0.384646 0.0405343
    outer loop
      vertex 21.6906 9.94369 8.85297
      vertex 21.6676 9.8528 8.51374
      vertex 21.8408 10.2939 8.75913
    endloop
  endfacet
  facet normal 0.997887 -0.0167981 -0.0627641
    outer loop
      vertex 21.9936 11.0358 8.56033
      vertex 21.968 19.0814 6
      vertex 21.9722 19.3309 6
    endloop
  endfacet
  facet normal 0.997861 -0.0169213 -0.0631511
    outer loop
      vertex 21.968 19.0814 6
      vertex 21.9936 11.0358 8.56033
      vertex 21.968 10.9347 8.18291
    endloop
  endfacet
  facet normal 0.864678 -0.496764 0.0745481
    outer loop
      vertex 21.4944 9.61543 8.94092
      vertex 21.4731 9.53116 8.62643
      vertex 21.6676 9.8528 8.51374
    endloop
  endfacet
  facet normal 0.828792 -0.474864 -0.295987
    outer loop
      vertex 21.4858 9.6772 7.8584
      vertex 21.3301 9.5955 7.5535
      vertex 21.4602 9.92626 7.38714
    endloop
  endfacet
  facet normal 0.79227 -0.573877 0.2073
    outer loop
      vertex 21.4731 25.2288 67.211
      vertex 21.2555 24.8439 66.9771
      vertex 21.4944 25.1446 66.8965
    endloop
  endfacet
  facet normal 0.778668 -0.547283 0.306851
    outer loop
      vertex 21.4731 25.2288 67.211
      vertex 21.1787 24.9949 67.5409
      vertex 21.2362 24.92 67.2614
    endloop
  endfacet
  facet normal 0.499775 -0.844497 0.192483
    outer loop
      vertex 20.6667 8.81593 9.15515
      vertex 20.3269 8.62641 9.20593
      vertex 20.6525 8.75963 8.94501
    endloop
  endfacet
  facet normal 0.7518 -0.653314 -0.0893229
    outer loop
      vertex 21.1787 9.16362 8.45762
      vertex 21.0838 9.09131 8.18776
      vertex 21.3045 9.36837 8.01888
    endloop
  endfacet
  facet normal 0.588619 -0.784021 -0.197076
    outer loop
      vertex 20.9533 9.02282 7.93217
      vertex 20.5693 8.73502 7.9302
      vertex 20.7894 8.95933 7.69522
    endloop
  endfacet
  facet normal 0.938841 -0.208353 -0.274166
    outer loop
      vertex 21.8421 10.4629 7.92544
      vertex 21.7657 10.7393 7.45377
      vertex 21.8916 10.8353 7.81194
    endloop
  endfacet
  facet normal 0.393283 -0.834602 -0.385704
    outer loop
      vertex 20.2042 8.64052 7.57751
      vertex 20.1278 8.80915 7.13472
      vertex 20.3731 8.85157 7.29305
    endloop
  endfacet
  facet normal 0.481428 -0.668639 -0.5667
    outer loop
      vertex 20.6379 9.39121 6.79109
      vertex 20.2472 9.05632 6.85431
      vertex 20.3453 9.34061 6.60222
    endloop
  endfacet
  facet normal 0.00606921 -0.968749 0.247971
    outer loop
      vertex -19.0751 23.9098 67.415
      vertex -19.1194 23.9032 67.3903
      vertex -19.0508 23.912 67.423
    endloop
  endfacet
  facet normal -0.194793 -0.888561 0.415348
    outer loop
      vertex -19.6819 24.187 67.859
      vertex -19.765 24.1624 67.7674
      vertex -19.4138 24.0195 67.6264
    endloop
  endfacet
  facet normal 0.00058092 -0.965926 0.258818
    outer loop
      vertex 19.1945 23.8695 67.2646
      vertex 19.1813 23.8823 67.3124
      vertex 19.1895 8.32063 9.23529
    endloop
  endfacet
  facet normal 0.010401 -0.965874 0.258804
    outer loop
      vertex 19.1945 23.8695 67.2646
      vertex 19.1895 8.32063 9.23529
      vertex 19.1962 23.8629 67.2399
    endloop
  endfacet
  facet normal 0 -0.965917 0.258852
    outer loop
      vertex -19.1699 23.8883 67.3347
      vertex 19.1194 23.9032 67.3903
      vertex -19.1194 23.9032 67.3903
    endloop
  endfacet
  facet normal 0 -0.965917 0.258852
    outer loop
      vertex 19.1194 23.9032 67.3903
      vertex -19.1699 23.8883 67.3347
      vertex 19.1699 23.8883 67.3347
    endloop
  endfacet
  facet normal 0.128531 -0.951145 0.280719
    outer loop
      vertex 19.5653 23.9516 67.373
      vertex 19.1945 23.8695 67.2646
      vertex 19.5803 23.9322 67.3004
    endloop
  endfacet
  facet normal -0.00882398 -0.923838 0.382682
    outer loop
      vertex -19 24.0639 67.792
      vertex -19.0764 24.0626 67.7871
      vertex -19 23.9137 67.4294
    endloop
  endfacet
  facet normal -0.123407 -0.798155 0.589678
    outer loop
      vertex -19.3434 24.4873 68.3995
      vertex -19.369 24.2411 68.0609
      vertex -19.2496 24.2516 68.1001
    endloop
  endfacet
  facet normal 0.849886 -0.438291 0.292565
    outer loop
      vertex 21.5989 25.6531 67.4812
      vertex 21.4731 25.2288 67.211
      vertex 21.6676 25.5637 67.1477
    endloop
  endfacet
  facet normal 0.726379 -0.0846985 0.682055
    outer loop
      vertex 21.0806 26.7276 68.6262
      vertex 21.0087 26.3429 68.655
      vertex 21.2537 26.2706 68.3851
    endloop
  endfacet
  facet normal 0.449252 -0.778747 0.437864
    outer loop
      vertex 20.4434 24.5608 67.9157
      vertex 20.2259 24.287 67.6519
      vertex 20.5398 24.5102 67.7268
    endloop
  endfacet
  facet normal 0.751715 -0.521169 0.404114
    outer loop
      vertex 21.3045 25.3916 67.8185
      vertex 21.0838 25.0673 67.8108
      vertex 21.1787 24.9949 67.5409
    endloop
  endfacet
  facet normal -0.12729 -0.950252 0.284285
    outer loop
      vertex -19.1895 23.8761 67.2889
      vertex -19.5653 23.9516 67.373
      vertex -19.1945 23.8695 67.2646
    endloop
  endfacet
  facet normal -0.052185 -0.960955 0.271738
    outer loop
      vertex -19.1895 23.8761 67.2889
      vertex -19.1945 23.8695 67.2646
      vertex -19.1813 23.8823 67.3124
    endloop
  endfacet
  facet normal -0.86646 -0.138989 0.479509
    outer loop
      vertex -21.5482 26.5699 68.0376
      vertex -21.6245 26.1044 67.7648
      vertex -21.4602 26.1907 68.0867
    endloop
  endfacet
  facet normal -0.947508 -0.200715 0.248883
    outer loop
      vertex -21.8421 26.3863 67.3522
      vertex -21.9172 26.2886 66.9875
      vertex -21.8165 25.919 67.0728
    endloop
  endfacet
  facet normal -0.376288 -0.750509 0.543271
    outer loop
      vertex -19.9382 24.3984 68.0677
      vertex -20.3223 24.6077 68.0908
      vertex -20.0527 24.3646 67.9417
    endloop
  endfacet
  facet normal -0.449103 -0.778758 0.437999
    outer loop
      vertex -20.1491 24.3273 67.8023
      vertex -20.4434 24.5608 67.9157
      vertex -20.2259 24.287 67.6519
    endloop
  endfacet
  facet normal -0.269855 -0.624257 0.733131
    outer loop
      vertex -19.757 25.0488 68.8141
      vertex -19.989 25.0192 68.7035
      vertex -19.8334 24.7187 68.5049
    endloop
  endfacet
  facet normal -0.155041 -0.385603 0.909545
    outer loop
      vertex -19.3256 25.7846 69.2853
      vertex -19.6456 25.7682 69.2238
      vertex -19.5838 25.4077 69.0815
    endloop
  endfacet
  facet normal -0.362812 -0.860159 0.35846
    outer loop
      vertex -20.2259 24.287 67.6519
      vertex -20.2817 24.2444 67.4932
      vertex -19.9315 24.0751 67.4414
    endloop
  endfacet
  facet normal -0.382567 -0.885638 0.263227
    outer loop
      vertex -20.3155 24.2004 67.3288
      vertex -20.3269 24.1556 67.1615
      vertex -19.9561 24.0431 67.3219
    endloop
  endfacet
  facet normal -0.546645 -0.696101 0.465428
    outer loop
      vertex -20.4434 24.5608 67.9157
      vertex -20.8275 24.7717 67.78
      vertex -20.5398 24.5102 67.7268
    endloop
  endfacet
  facet normal -0.117823 -0.942824 0.311771
    outer loop
      vertex -19.5069 23.9881 67.5093
      vertex -19.5407 23.9704 67.443
      vertex -19.1813 23.8823 67.3124
    endloop
  endfacet
  facet normal -0.0248085 -0.793138 0.608537
    outer loop
      vertex -19 24.2601 68.1318
      vertex -19.1732 24.496 68.4322
      vertex -19.1259 24.2579 68.1238
    endloop
  endfacet
  facet normal -0.21272 -0.809587 0.547101
    outer loop
      vertex -19.6634 24.453 68.2714
      vertex -19.8077 24.428 68.1783
      vertex -19.587 24.2085 67.9393
    endloop
  endfacet
  facet normal 0.0566866 0.70597 0.70597
    outer loop
      vertex 19 38.6693 65.8549
      vertex 19 38.3918 66.1324
      vertex 19.3512 38.3858 66.1102
    endloop
  endfacet
  facet normal -0.19336 0.377536 0.905582
    outer loop
      vertex -19.3841 37.7341 66.5432
      vertex -19.7748 37.3517 66.6192
      vertex -19.3907 37.3714 66.693
    endloop
  endfacet
  facet normal -0.0647877 0.381983 0.921896
    outer loop
      vertex -19 37.7406 66.5675
      vertex -19.3841 37.7341 66.5432
      vertex -19 37.3781 66.7177
    endloop
  endfacet
  facet normal -0.060512 0.607644 0.791901
    outer loop
      vertex -19.3512 38.3858 66.1102
      vertex -19.3708 38.0742 66.3478
      vertex -19 38.0805 66.3713
    endloop
  endfacet
  facet normal -0.0604373 0.607698 0.791865
    outer loop
      vertex -19 38.3918 66.1324
      vertex -19.3512 38.3858 66.1102
      vertex -19 38.0805 66.3713
    endloop
  endfacet
  facet normal 0.694231 0.718042 -0.0495995
    outer loop
      vertex 21.2362 38.4006 63.6493
      vertex 20.9611 38.6592 63.5425
      vertex 21.1787 38.4755 63.9288
    endloop
  endfacet
  facet normal 0.706312 0.694299 -0.138101
    outer loop
      vertex 20.978 38.5924 63.2931
      vertex 20.9611 38.6592 63.5425
      vertex 21.2555 38.3244 63.365
    endloop
  endfacet
  facet normal 0.634877 0.763303 0.119582
    outer loop
      vertex 21.0838 38.5478 64.1987
      vertex 20.8275 38.7883 64.0243
      vertex 20.9533 38.6163 64.4543
    endloop
  endfacet
  facet normal 0.499587 0.844591 -0.192558
    outer loop
      vertex 20.6667 38.8232 63.2313
      vertex 20.3155 39.0575 63.3478
      vertex 20.6525 38.8795 63.4414
    endloop
  endfacet
  facet normal 0.588648 0.784041 0.196909
    outer loop
      vertex 20.713 38.8484 64.2485
      vertex 20.5693 38.9041 64.4563
      vertex 20.9533 38.6163 64.4543
    endloop
  endfacet
  facet normal 0.634848 0.763324 0.1196
    outer loop
      vertex 20.8275 38.7883 64.0243
      vertex 20.713 38.8484 64.2485
      vertex 20.9533 38.6163 64.4543
    endloop
  endfacet
  facet normal 0.232414 0.9627 -0.138537
    outer loop
      vertex 19.8909 39.2533 63.4981
      vertex 19.5069 39.3316 63.398
      vertex 19.8351 39.2825 63.6074
    endloop
  endfacet
  facet normal 0.0564965 0.988196 -0.142395
    outer loop
      vertex 19.0981 39.3493 63.2662
      vertex 19.0751 39.3522 63.2772
      vertex 19.2926 39.387 63.605
    endloop
  endfacet
  facet normal 0.255417 0.781777 0.568847
    outer loop
      vertex 19.8631 38.8637 65.3778
      vertex 19.5838 38.8883 65.4694
      vertex 19.9546 38.6201 65.6715
    endloop
  endfacet
  facet normal 0.0397783 0.923233 0.382177
    outer loop
      vertex 19 39.2545 64.8412
      vertex 19 39.1044 65.2038
      vertex 19.2175 39.2508 64.8275
    endloop
  endfacet
  facet normal 0.441064 0.758124 0.480324
    outer loop
      vertex 20.3731 38.7875 65.0934
      vertex 20.2472 38.5828 65.5321
      vertex 20.5185 38.5359 65.357
    endloop
  endfacet
  facet normal 0.154922 0.78863 0.595032
    outer loop
      vertex 19.5838 38.8883 65.4694
      vertex 19.2944 38.9032 65.525
      vertex 19.3256 38.6637 65.8343
    endloop
  endfacet
  facet normal 0.19336 0.377536 0.905582
    outer loop
      vertex 19.7748 37.3517 66.6192
      vertex 19.3841 37.7341 66.5432
      vertex 19.3907 37.3714 66.693
    endloop
  endfacet
  facet normal -0.777186 0.581326 0.240918
    outer loop
      vertex -21.3045 38.2707 64.3676
      vertex -21.3301 38.0436 64.833
      vertex -21.1602 38.3465 64.6502
    endloop
  endfacet
  facet normal -0.694963 0.526527 0.489688
    outer loop
      vertex -20.9026 38.1878 65.3712
      vertex -21.1346 38.1193 65.1156
      vertex -21.0087 37.8651 65.5676
    endloop
  endfacet
  facet normal -0.889225 0.239209 0.389946
    outer loop
      vertex -21.5482 37.3598 65.1465
      vertex -21.7657 36.8998 64.9327
      vertex -21.5925 36.9907 65.2719
    endloop
  endfacet
  facet normal -0.824333 0.268297 0.498489
    outer loop
      vertex -21.5482 37.3598 65.1465
      vertex -21.5925 36.9907 65.2719
      vertex -21.3343 37.4427 65.4556
    endloop
  endfacet
  facet normal -0.963978 -0.233165 0.127983
    outer loop
      vertex -21.9172 26.2886 66.9875
      vertex -21.9424 26.1892 66.6166
      vertex -21.8408 25.823 66.7147
    endloop
  endfacet
  facet normal -0.997861 0.0169176 0.0631387
    outer loop
      vertex -21.9936 36.6033 63.8261
      vertex -21.968 26.6661 66.8933
      vertex -21.968 36.7044 64.2036
    endloop
  endfacet
  facet normal -0.99786 0.0169224 0.0631541
    outer loop
      vertex -21.968 26.6661 66.8933
      vertex -21.9936 36.6033 63.8261
      vertex -21.9936 26.565 66.5159
    endloop
  endfacet
  facet normal -0.938877 -0.0432451 0.341526
    outer loop
      vertex -21.7657 26.8615 67.6224
      vertex -21.8421 26.3863 67.3522
      vertex -21.7184 26.4806 67.7042
    endloop
  endfacet
  facet normal -0.980785 0.0504944 0.188444
    outer loop
      vertex -21.8916 36.8038 64.5745
      vertex -21.968 26.6661 66.8933
      vertex -21.8916 26.7655 67.2643
    endloop
  endfacet
  facet normal -0.972423 -0.0758218 0.220556
    outer loop
      vertex -21.8421 26.3863 67.3522
      vertex -21.968 26.6661 66.8933
      vertex -21.9172 26.2886 66.9875
    endloop
  endfacet
  facet normal -0.726416 -0.0846665 0.68202
    outer loop
      vertex -21.0806 26.7276 68.6262
      vertex -21.3343 26.6528 68.3467
      vertex -21.2537 26.2706 68.3851
    endloop
  endfacet
  facet normal -0.751852 0.170645 0.636867
    outer loop
      vertex -21.375 37.0749 65.5864
      vertex -21.1168 27.1128 68.5605
      vertex -21.1168 37.1511 65.8708
    endloop
  endfacet
  facet normal -0.751744 0.170682 0.636984
    outer loop
      vertex -21.1168 27.1128 68.5605
      vertex -21.375 37.0749 65.5864
      vertex -21.375 27.0366 68.2762
    endloop
  endfacet
  facet normal -0.745441 0.295053 0.597714
    outer loop
      vertex -21.3343 37.4427 65.4556
      vertex -21.375 37.0749 65.5864
      vertex -21.1168 37.1511 65.8708
    endloop
  endfacet
  facet normal -0.965898 -0.250099 0.067014
    outer loop
      vertex -21.9424 26.1892 66.6166
      vertex -21.9424 10.66 8.66103
      vertex -21.8408 10.2939 8.75913
    endloop
  endfacet
  facet normal -0.922174 -0.384646 0.0405343
    outer loop
      vertex -21.6906 9.94369 8.85297
      vertex -21.8408 10.2939 8.75913
      vertex -21.6676 9.8528 8.51374
    endloop
  endfacet
  facet normal -0.965892 0.250123 -0.0670204
    outer loop
      vertex -21.8408 21.904 6
      vertex -21.942 21.5132 6
      vertex -21.8408 37.3452 63.6273
    endloop
  endfacet
  facet normal -0.923853 0.369705 -0.0990625
    outer loop
      vertex -21.6906 22.2793 6
      vertex -21.8408 37.3452 63.6273
      vertex -21.6906 37.6954 63.5335
    endloop
  endfacet
  facet normal -0.923841 0.369733 -0.0990698
    outer loop
      vertex -21.8408 37.3452 63.6273
      vertex -21.6906 22.2793 6
      vertex -21.8408 21.904 6
    endloop
  endfacet
  facet normal -0.768343 -0.236055 0.594918
    outer loop
      vertex -21.2537 26.2706 68.3851
      vertex -21.4602 26.1907 68.0867
      vertex -21.1346 25.8968 68.3906
    endloop
  endfacet
  facet normal -0.803163 -0.110558 0.585411
    outer loop
      vertex -21.3343 26.6528 68.3467
      vertex -21.4602 26.1907 68.0867
      vertex -21.2537 26.2706 68.3851
    endloop
  endfacet
  facet normal -0.427345 -0.0253799 0.903732
    outer loop
      vertex -20.0871 26.5023 69.2498
      vertex -20.4712 26.8487 69.0779
      vertex -20.4204 26.4598 69.091
    endloop
  endfacet
  facet normal -0.92216 -0.353377 0.15731
    outer loop
      vertex -21.8165 25.919 67.0728
      vertex -21.8408 25.823 66.7147
      vertex -21.6906 25.4728 66.8085
    endloop
  endfacet
  facet normal -0.828916 -0.263119 0.493626
    outer loop
      vertex -21.4602 26.1907 68.0867
      vertex -21.6245 26.1044 67.7648
      vertex -21.4858 25.7393 67.8031
    endloop
  endfacet
  facet normal -0.50707 0.853276 0.121657
    outer loop
      vertex -20.4434 39.0388 64.0363
      vertex -20.5693 38.9041 64.4563
      vertex -20.3223 39.0858 64.2114
    endloop
  endfacet
  facet normal -0.506855 0.853389 0.121758
    outer loop
      vertex -20.4434 39.0388 64.0363
      vertex -20.713 38.8484 64.2485
      vertex -20.5693 38.9041 64.4563
    endloop
  endfacet
  facet normal 0 0.965926 -0.258818
    outer loop
      vertex 19.1393 24.0049 6
      vertex 19.0282 24.0049 6
      vertex 19.1699 39.3307 63.1969
    endloop
  endfacet
  facet normal 0 0.965926 -0.258819
    outer loop
      vertex 19.1958 24.0049 6
      vertex 19.1813 39.3248 63.1746
      vertex 19.196 24.0049 6
    endloop
  endfacet
  facet normal -0.00638083 0.965906 -0.258815
    outer loop
      vertex 19.1813 39.3248 63.1746
      vertex 19.1958 24.0049 6
      vertex 19.1699 39.3307 63.1969
    endloop
  endfacet
  facet normal 0.0248211 0.991145 0.130447
    outer loop
      vertex 19.1259 39.4052 64.0651
      vertex 19 39.4073 64.0731
      vertex 19.1732 39.3532 64.4512
    endloop
  endfacet
  facet normal -0.00709546 0.96318 -0.268765
    outer loop
      vertex 19.1387 39.3412 63.2361
      vertex 19.0751 39.3522 63.2772
      vertex 19.0981 39.3493 63.2662
    endloop
  endfacet
  facet normal 0.0582981 0.987923 -0.143562
    outer loop
      vertex 19.2926 39.387 63.605
      vertex 19.0751 39.3522 63.2772
      vertex 19.224 39.3958 63.6377
    endloop
  endfacet
  facet normal 0.114395 0.993119 -0.0250724
    outer loop
      vertex 19.4822 39.3739 63.9483
      vertex 19.224 39.3958 63.6377
      vertex 19.369 39.3883 64.0022
    endloop
  endfacet
  facet normal 0.0734066 0.985641 -0.152066
    outer loop
      vertex 19.1194 39.3456 63.2525
      vertex 19.0981 39.3493 63.2662
      vertex 19.3563 39.376 63.5639
    endloop
  endfacet
  facet normal 0.0865869 0.983011 -0.161837
    outer loop
      vertex 19.1387 39.3412 63.2361
      vertex 19.1194 39.3456 63.2525
      vertex 19.3563 39.376 63.5639
    endloop
  endfacet
  facet normal 0.0385632 0.966299 -0.254517
    outer loop
      vertex 19.1962 39.3053 63.1021
      vertex 19.1895 39.3185 63.1512
      vertex 19.1945 39.3119 63.1269
    endloop
  endfacet
  facet normal -0.0855231 0.983217 -0.161152
    outer loop
      vertex -19.1387 39.3412 63.2361
      vertex -19.4138 39.363 63.5151
      vertex -19.3563 39.376 63.5639
    endloop
  endfacet
  facet normal -0.144501 0.988609 -0.0420818
    outer loop
      vertex -19.2926 39.387 63.605
      vertex -19.587 39.3557 63.8806
      vertex -19.4822 39.3739 63.9483
    endloop
  endfacet
  facet normal 0.00867907 0.991427 -0.13037
    outer loop
      vertex 19.0256 39.3557 63.29
      vertex 19 39.4073 63.6807
      vertex 19.0764 39.406 63.6759
    endloop
  endfacet
  facet normal 0.0497118 0.998754 -0.00426961
    outer loop
      vertex 19.1515 39.4022 63.6614
      vertex 19.0764 39.406 63.6759
      vertex 19.1259 39.4052 64.0651
    endloop
  endfacet
  facet normal -0.577068 0.816543 -0.0158022
    outer loop
      vertex -20.6099 38.9348 63.648
      vertex -20.8275 38.7883 64.0243
      vertex -20.5398 38.9882 63.8474
    endloop
  endfacet
  facet normal -0.546645 0.835547 0.0551503
    outer loop
      vertex -20.5398 38.9882 63.8474
      vertex -20.8275 38.7883 64.0243
      vertex -20.4434 39.0388 64.0363
    endloop
  endfacet
  facet normal -0.588648 0.784041 0.196909
    outer loop
      vertex -20.713 38.8484 64.2485
      vertex -20.9533 38.6163 64.4543
      vertex -20.5693 38.9041 64.4563
    endloop
  endfacet
  facet normal -0.588627 0.784011 0.197092
    outer loop
      vertex -20.5693 38.9041 64.4563
      vertex -20.9533 38.6163 64.4543
      vertex -20.7894 38.6798 64.6912
    endloop
  endfacet
  facet normal -0.441064 0.758124 0.480324
    outer loop
      vertex -20.3731 38.7875 65.0934
      vertex -20.5185 38.5359 65.357
      vertex -20.2472 38.5828 65.5321
    endloop
  endfacet
  facet normal -0.269722 0.907254 0.322707
    outer loop
      vertex -19.8334 39.1967 64.6255
      vertex -19.989 39.0358 64.9478
      vertex -19.6378 39.2217 64.7187
    endloop
  endfacet
  facet normal -0.313047 0.846573 0.430483
    outer loop
      vertex -19.757 39.0654 65.0583
      vertex -19.989 39.0358 64.9478
      vertex -19.8631 38.8637 65.3778
    endloop
  endfacet
  facet normal -0.227579 0.855746 0.464657
    outer loop
      vertex -19.757 39.0654 65.0583
      vertex -19.8631 38.8637 65.3778
      vertex -19.512 39.0869 65.1387
    endloop
  endfacet
  facet normal -0.278088 0.943887 0.178171
    outer loop
      vertex -19.8077 39.2851 64.1973
      vertex -20.0146 39.1654 64.5085
      vertex -19.8334 39.1967 64.6255
    endloop
  endfacet
  facet normal -0.338549 0.896952 0.284363
    outer loop
      vertex -20.0146 39.1654 64.5085
      vertex -20.2042 38.9986 64.8089
      vertex -19.8334 39.1967 64.6255
    endloop
  endfacet
  facet normal -0.0400137 0.923175 0.38229
    outer loop
      vertex -19.2175 39.2508 64.8275
      vertex -19.2582 39.1 65.1874
      vertex -19 39.1044 65.2038
    endloop
  endfacet
  facet normal -0.0397783 0.923233 0.382177
    outer loop
      vertex -19 39.2545 64.8412
      vertex -19.2175 39.2508 64.8275
      vertex -19 39.1044 65.2038
    endloop
  endfacet
  facet normal -0.0497118 0.998754 -0.00426961
    outer loop
      vertex -19.0764 39.406 63.6759
      vertex -19.1515 39.4022 63.6614
      vertex -19.1259 39.4052 64.0651
    endloop
  endfacet
  facet normal -0.0170065 0.999855 -0.00010775
    outer loop
      vertex -19.0764 39.406 63.6759
      vertex -19.1259 39.4052 64.0651
      vertex -19 39.4073 63.6807
    endloop
  endfacet
  facet normal -0.0425343 0.98964 -0.137129
    outer loop
      vertex -19.0508 39.3544 63.2852
      vertex -19.224 39.3958 63.6377
      vertex -19.1515 39.4022 63.6614
    endloop
  endfacet
  facet normal -0.0258173 0.990806 -0.132803
    outer loop
      vertex -19.0508 39.3544 63.2852
      vertex -19.1515 39.4022 63.6614
      vertex -19.0256 39.3557 63.29
    endloop
  endfacet
  facet normal -0.0865869 0.983011 -0.161837
    outer loop
      vertex -19.1387 39.3412 63.2361
      vertex -19.3563 39.376 63.5639
      vertex -19.1194 39.3456 63.2525
    endloop
  endfacet
  facet normal -0.194905 0.977172 -0.0845425
    outer loop
      vertex -19.4138 39.363 63.5151
      vertex -19.765 39.3097 63.7087
      vertex -19.6819 39.3342 63.8003
    endloop
  endfacet
  facet normal -0.114395 0.993119 -0.0250724
    outer loop
      vertex -19.224 39.3958 63.6377
      vertex -19.4822 39.3739 63.9483
      vertex -19.369 39.3883 64.0022
    endloop
  endfacet
  facet normal -0.16924 0.981148 0.0933107
    outer loop
      vertex -19.4822 39.3739 63.9483
      vertex -19.6634 39.3101 64.2905
      vertex -19.369 39.3883 64.0022
    endloop
  endfacet
  facet normal -0.38249 0.892476 -0.239139
    outer loop
      vertex -20.3269 23.6912 6
      vertex -19.9643 39.1577 63.1417
      vertex -20.322 23.6933 6
    endloop
  endfacet
  facet normal -0.382482 0.892479 -0.23914
    outer loop
      vertex -19.9643 39.1577 63.1417
      vertex -20.3269 23.6912 6
      vertex -20.3269 39.0127 63.1805
    endloop
  endfacet
  facet normal -0.382363 0.898743 -0.214613
    outer loop
      vertex -19.9643 39.1577 63.1417
      vertex -20.3269 39.0127 63.1805
      vertex -20.3155 39.0575 63.3478
    endloop
  endfacet
  facet normal -0.232686 0.962456 -0.139772
    outer loop
      vertex -19.5407 39.3138 63.3317
      vertex -19.8909 39.2533 63.4981
      vertex -19.5069 39.3316 63.398
    endloop
  endfacet
  facet normal -0.0017678 0.96577 -0.259395
    outer loop
      vertex -19.1813 39.3248 63.1746
      vertex -19.1962 39.3053 63.1021
      vertex -19.1895 39.3185 63.1512
    endloop
  endfacet
  facet normal -0.0982113 0.979941 -0.173407
    outer loop
      vertex -19.1387 39.3412 63.2361
      vertex -19.4643 39.3481 63.4595
      vertex -19.4138 39.363 63.5151
    endloop
  endfacet
  facet normal -0.098315 0.979904 -0.173557
    outer loop
      vertex -19.1557 39.3362 63.2175
      vertex -19.4643 39.3481 63.4595
      vertex -19.1387 39.3412 63.2361
    endloop
  endfacet
  facet normal 0 0.965786 -0.259341
    outer loop
      vertex 19.1699 39.3307 63.1969
      vertex -19.0256 39.3557 63.29
      vertex 19.0256 39.3557 63.29
    endloop
  endfacet
  facet normal 0 0.965786 -0.259341
    outer loop
      vertex -19.0256 39.3557 63.29
      vertex 19.1699 39.3307 63.1969
      vertex -19.1699 39.3307 63.1969
    endloop
  endfacet
  facet normal 0.000860148 0.966119 -0.258097
    outer loop
      vertex 19.1699 39.3307 63.1969
      vertex 19.0256 39.3557 63.29
      vertex 19.1387 39.3412 63.2361
    endloop
  endfacet
  facet normal -0.232414 0.9627 -0.138537
    outer loop
      vertex -19.5069 39.3316 63.398
      vertex -19.8909 39.2533 63.4981
      vertex -19.8351 39.2825 63.6074
    endloop
  endfacet
  facet normal -0.24564 0.954341 -0.169984
    outer loop
      vertex -19.5653 39.295 63.2617
      vertex -19.8909 39.2533 63.4981
      vertex -19.5407 39.3138 63.3317
    endloop
  endfacet
  facet normal -0.694764 0.526734 0.489749
    outer loop
      vertex -21.1346 38.1193 65.1156
      vertex -21.2537 37.7928 65.2978
      vertex -21.0087 37.8651 65.5676
    endloop
  endfacet
  facet normal -0.726227 0.414585 0.548373
    outer loop
      vertex -21.0087 37.8651 65.5676
      vertex -21.2537 37.7928 65.2978
      vertex -21.0806 37.5176 65.7351
    endloop
  endfacet
  facet normal -0.550742 0.339381 0.762563
    outer loop
      vertex -20.7912 37.5832 65.9802
      vertex -20.8224 37.218 66.1202
      vertex -20.4968 37.2743 66.3303
    endloop
  endfacet
  facet normal -0.65378 0.318909 0.686198
    outer loop
      vertex -20.7912 37.5832 65.9802
      vertex -21.1168 37.1511 65.8708
      vertex -20.8224 37.218 66.1202
    endloop
  endfacet
  facet normal -0.523538 0.741743 0.419196
    outer loop
      vertex -20.3731 38.7875 65.0934
      vertex -20.7638 38.4802 65.1492
      vertex -20.5185 38.5359 65.357
    endloop
  endfacet
  facet normal -0.60937 0.548701 0.57236
    outer loop
      vertex -20.9026 38.1878 65.3712
      vertex -21.0087 37.8651 65.5676
      vertex -20.6379 38.2479 65.5954
    endloop
  endfacet
  facet normal -0.536875 0.457407 0.708904
    outer loop
      vertex -20.4204 37.982 66.0037
      vertex -20.7912 37.5832 65.9802
      vertex -20.4712 37.6386 66.1868
    endloop
  endfacet
  facet normal -0.551 0.339078 0.762512
    outer loop
      vertex -20.4712 37.6386 66.1868
      vertex -20.7912 37.5832 65.9802
      vertex -20.4968 37.2743 66.3303
    endloop
  endfacet
  facet normal -0.297142 0.595331 0.746517
    outer loop
      vertex -20.0297 38.3388 65.9346
      vertex -20.0871 38.0245 66.1624
      vertex -19.6964 38.3681 66.0439
    endloop
  endfacet
  facet normal -0.278555 0.694666 0.663209
    outer loop
      vertex -19.9546 38.6201 65.6715
      vertex -20.0297 38.3388 65.9346
      vertex -19.6964 38.3681 66.0439
    endloop
  endfacet
  facet normal -0.77705 0.581475 0.240998
    outer loop
      vertex -21.3045 38.2707 64.3676
      vertex -21.4858 37.9619 64.5281
      vertex -21.3301 38.0436 64.833
    endloop
  endfacet
  facet normal -0.712149 0.678092 0.181754
    outer loop
      vertex -20.9533 38.6163 64.4543
      vertex -21.3045 38.2707 64.3676
      vertex -21.1602 38.3465 64.6502
    endloop
  endfacet
  facet normal -0.596975 0.722697 0.348325
    outer loop
      vertex -20.7894 38.6798 64.6912
      vertex -20.9789 38.4167 64.9123
      vertex -20.7638 38.4802 65.1492
    endloop
  endfacet
  facet normal -0.65149 0.630011 0.422667
    outer loop
      vertex -20.9789 38.4167 64.9123
      vertex -21.1346 38.1193 65.1156
      vertex -20.7638 38.4802 65.1492
    endloop
  endfacet
  facet normal 0.694886 -0.21129 0.687379
    outer loop
      vertex 21.2537 26.2706 68.3851
      vertex 21.0087 26.3429 68.655
      vertex 21.1346 25.8968 68.3906
    endloop
  endfacet
  facet normal 0.635044 -0.60116 0.485104
    outer loop
      vertex 20.9533 25.1357 68.0664
      vertex 20.8275 24.7717 67.78
      vertex 21.0838 25.0673 67.8108
    endloop
  endfacet
  facet normal 0.793329 -0.588049 0.157567
    outer loop
      vertex 21.4944 25.1446 66.8965
      vertex 21.2555 24.8439 66.9771
      vertex 21.4944 9.61543 8.94092
    endloop
  endfacet
  facet normal 0.864625 -0.46761 0.18375
    outer loop
      vertex 21.6906 25.4728 66.8085
      vertex 21.4731 25.2288 67.211
      vertex 21.4944 25.1446 66.8965
    endloop
  endfacet
  facet normal 0.597035 0.722655 0.34831
    outer loop
      vertex 20.7894 38.6798 64.6912
      vertex 20.5949 38.7372 64.9055
      vertex 20.7638 38.4802 65.1492
    endloop
  endfacet
  facet normal 0.523473 0.741691 0.419368
    outer loop
      vertex 20.5949 38.7372 64.9055
      vertex 20.3731 38.7875 65.0934
      vertex 20.7638 38.4802 65.1492
    endloop
  endfacet
  facet normal 0.83152 0.143775 0.536566
    outer loop
      vertex 21.375 27.0366 68.2762
      vertex 21.5925 36.9907 65.2719
      vertex 21.375 37.0749 65.5864
    endloop
  endfacet
  facet normal 0.83152 0.143775 0.536566
    outer loop
      vertex 21.5925 36.9907 65.2719
      vertex 21.375 27.0366 68.2762
      vertex 21.5925 26.9524 67.9617
    endloop
  endfacet
  facet normal 0.745524 0.29493 0.597671
    outer loop
      vertex 21.3343 37.4427 65.4556
      vertex 21.0806 37.5176 65.7351
      vertex 21.1168 37.1511 65.8708
    endloop
  endfacet
  facet normal 0.745441 0.295053 0.597714
    outer loop
      vertex 21.3343 37.4427 65.4556
      vertex 21.1168 37.1511 65.8708
      vertex 21.375 37.0749 65.5864
    endloop
  endfacet
  facet normal 0.609465 0.548808 0.572155
    outer loop
      vertex 21.0087 37.8651 65.5676
      vertex 20.6379 38.2479 65.5954
      vertex 20.7294 37.9285 65.8043
    endloop
  endfacet
  facet normal 0.513469 0.567863 0.643336
    outer loop
      vertex 20.6379 38.2479 65.5954
      vertex 20.4204 37.982 66.0037
      vertex 20.7294 37.9285 65.8043
    endloop
  endfacet
  facet normal -0.138086 -0.502589 0.853427
    outer loop
      vertex -19.2944 25.4226 69.1371
      vertex -19.5838 25.4077 69.0815
      vertex -19.2582 25.0834 68.9432
    endloop
  endfacet
  facet normal -0.0461743 -0.499457 0.865107
    outer loop
      vertex -19 25.4276 69.1557
      vertex -19.2944 25.4226 69.1371
      vertex -19.2582 25.0834 68.9432
    endloop
  endfacet
  facet normal -0.180214 -0.134428 0.974398
    outer loop
      vertex -19.3708 26.552 69.4352
      vertex -19.6964 26.1455 69.3189
      vertex -19.3512 26.1633 69.3852
    endloop
  endfacet
  facet normal -0.313063 -0.518031 0.796012
    outer loop
      vertex -19.8631 25.3832 68.9899
      vertex -20.1278 25.3494 68.8638
      vertex -19.989 25.0192 68.7035
    endloop
  endfacet
  facet normal -0.383308 -0.281146 0.879791
    outer loop
      vertex -19.9546 25.741 69.1225
      vertex -20.3453 26.0759 69.0593
      vertex -20.2472 25.7037 68.9831
    endloop
  endfacet
  facet normal -0.195905 -0.616325 0.762735
    outer loop
      vertex -19.512 25.0703 68.8944
      vertex -19.757 25.0488 68.8141
      vertex -19.6378 24.7436 68.5981
    endloop
  endfacet
  facet normal -0.188393 -0.0040787 0.982085
    outer loop
      vertex -19.3708 26.552 69.4352
      vertex -19.7615 26.9247 69.3618
      vertex -19.7353 26.5332 69.3652
    endloop
  endfacet
  facet normal -0.188684 -0.00439541 0.982028
    outer loop
      vertex -19.3841 26.9442 69.4344
      vertex -19.7615 26.9247 69.3618
      vertex -19.3708 26.552 69.4352
    endloop
  endfacet
  facet normal -0.438405 0.356014 0.825261
    outer loop
      vertex -20.126 37.6826 66.3512
      vertex -20.4712 37.6386 66.1868
      vertex -20.1456 37.3191 66.4976
    endloop
  endfacet
  facet normal -0.31876 0.36884 0.873126
    outer loop
      vertex -20.126 37.6826 66.3512
      vertex -20.1456 37.3191 66.4976
      vertex -19.7748 37.3517 66.6192
    endloop
  endfacet
  facet normal 0.128259 -0.964283 0.231751
    outer loop
      vertex 19.1945 8.32714 9.25961
      vertex 19.1895 8.32063 9.23529
      vertex 19.5803 8.36348 9.1973
    endloop
  endfacet
  facet normal 0.25434 -0.946006 0.200955
    outer loop
      vertex 19.5803 8.36348 9.1973
      vertex 19.5653 8.34404 9.12477
      vertex 19.9561 8.44878 9.12322
    endloop
  endfacet
  facet normal 0.491207 -0.86136 0.129519
    outer loop
      vertex 20.6525 8.75963 8.94501
      vertex 20.2817 8.53753 8.87422
      vertex 20.6099 8.70428 8.73847
    endloop
  endfacet
  facet normal 0.670422 -0.741064 -0.0368511
    outer loop
      vertex 20.9106 8.91418 8.59881
      vertex 20.8275 8.85077 8.36215
      vertex 21.0838 9.09131 8.18776
    endloop
  endfacet
  facet normal 0.609343 -0.189184 0.770007
    outer loop
      vertex 20.7294 26.4063 68.8916
      vertex 20.6379 26.0253 68.8704
      vertex 21.0087 26.3429 68.655
    endloop
  endfacet
  facet normal 0.0631385 0 0.998005
    outer loop
      vertex 19 26.9507 69.4587
      vertex 19 26.5583 69.4587
      vertex 19.3841 26.9442 69.4344
    endloop
  endfacet
  facet normal 0.351179 -0.402935 0.845173
    outer loop
      vertex 20.2472 25.7037 68.9831
      vertex 19.8631 25.3832 68.9899
      vertex 20.1278 25.3494 68.8638
    endloop
  endfacet
  facet normal 0.154882 -0.385703 0.90953
    outer loop
      vertex 19.3256 25.7846 69.2853
      vertex 19.2944 25.4226 69.1371
      vertex 19.5838 25.4077 69.0815
    endloop
  endfacet
  facet normal 0.383168 -0.28096 0.879911
    outer loop
      vertex 20.0297 26.1162 69.2096
      vertex 19.9546 25.741 69.1225
      vertex 20.3453 26.0759 69.0593
    endloop
  endfacet
  facet normal 0.118573 -0.611161 0.782575
    outer loop
      vertex 19.2582 25.0834 68.9432
      vertex 19.2175 24.7728 68.7068
      vertex 19.4314 24.7618 68.6658
    endloop
  endfacet
  facet normal 0.597074 -0.451699 0.662926
    outer loop
      vertex 20.9789 25.5376 68.3632
      vertex 20.7638 25.6011 68.6002
      vertex 20.7894 25.1992 68.3033
    endloop
  endfacet
  facet normal 0.63703 -0.061621 0.768372
    outer loop
      vertex 20.7912 26.7933 68.8714
      vertex 20.7294 26.4063 68.8916
      vertex 21.0806 26.7276 68.6262
    endloop
  endfacet
  facet normal 0.653806 0.0671056 0.753681
    outer loop
      vertex 21.1168 27.1128 68.5605
      vertex 20.7912 26.7933 68.8714
      vertex 21.0806 26.7276 68.6262
    endloop
  endfacet
  facet normal 0.65378 0.318909 0.686198
    outer loop
      vertex 21.1168 37.1511 65.8708
      vertex 20.7912 37.5832 65.9802
      vertex 20.8224 37.218 66.1202
    endloop
  endfacet
  facet normal 0.550742 0.339381 0.762563
    outer loop
      vertex 20.7912 37.5832 65.9802
      vertex 20.4968 37.2743 66.3303
      vertex 20.8224 37.218 66.1202
    endloop
  endfacet
  facet normal 0.442292 0.232123 0.866312
    outer loop
      vertex 20.1456 27.2808 69.1873
      vertex 20.4968 37.2743 66.3303
      vertex 20.1456 37.3191 66.4976
    endloop
  endfacet
  facet normal 0.442094 0.232156 0.866404
    outer loop
      vertex 20.4968 37.2743 66.3303
      vertex 20.1456 27.2808 69.1873
      vertex 20.4968 27.236 69.0201
    endloop
  endfacet
  facet normal 0.180214 -0.134428 0.974398
    outer loop
      vertex 19.3708 26.552 69.4352
      vertex 19.3512 26.1633 69.3852
      vertex 19.6964 26.1455 69.3189
    endloop
  endfacet
  facet normal 0.923853 0.369705 -0.0990625
    outer loop
      vertex 21.8408 37.3452 63.6273
      vertex 21.6906 22.2793 6
      vertex 21.6906 37.6954 63.5335
    endloop
  endfacet
  facet normal 0.923841 0.369733 -0.0990698
    outer loop
      vertex 21.6906 22.2793 6
      vertex 21.8408 37.3452 63.6273
      vertex 21.8408 21.904 6
    endloop
  endfacet
  facet normal 0.792239 0.600726 -0.107175
    outer loop
      vertex 21.4944 38.0237 63.4455
      vertex 21.2555 38.3244 63.365
      vertex 21.4731 38.1079 63.76
    endloop
  endfacet
  facet normal 0.82054 0.554173 0.140021
    outer loop
      vertex 21.4094 38.1908 64.0691
      vertex 21.3045 38.2707 64.3676
      vertex 21.5989 37.8756 64.2061
    endloop
  endfacet
  facet normal 0.499973 0.836531 -0.224148
    outer loop
      vertex 20.6667 23.4881 6
      vertex 20.3314 23.6885 6
      vertex 20.6667 38.8232 63.2313
    endloop
  endfacet
  facet normal 0.824417 0.26843 0.498279
    outer loop
      vertex 21.5925 36.9907 65.2719
      vertex 21.3343 37.4427 65.4556
      vertex 21.375 37.0749 65.5864
    endloop
  endfacet
  facet normal 0.963996 0.265854 -0.0058539
    outer loop
      vertex 21.8408 37.3452 63.6273
      vertex 21.8165 37.4412 63.9855
      vertex 21.9172 37.0785 64.0964
    endloop
  endfacet
  facet normal 0.906347 0.415773 0.075292
    outer loop
      vertex 21.8165 37.4412 63.9855
      vertex 21.5989 37.8756 64.2061
      vertex 21.744 37.5355 64.3375
    endloop
  endfacet
  facet normal 0.637073 0.437655 0.634505
    outer loop
      vertex 21.0087 37.8651 65.5676
      vertex 20.7294 37.9285 65.8043
      vertex 21.0806 37.5176 65.7351
    endloop
  endfacet
  facet normal 0.694764 0.526734 0.489749
    outer loop
      vertex 21.1346 38.1193 65.1156
      vertex 21.0087 37.8651 65.5676
      vertex 21.2537 37.7928 65.2978
    endloop
  endfacet
  facet normal 0.828824 0.474785 0.296025
    outer loop
      vertex 21.4858 37.9619 64.5281
      vertex 21.3301 38.0436 64.833
      vertex 21.4602 37.7128 64.9993
    endloop
  endfacet
  facet normal 0.712149 0.678092 0.181754
    outer loop
      vertex 21.3045 38.2707 64.3676
      vertex 20.9533 38.6163 64.4543
      vertex 21.1602 38.3465 64.6502
    endloop
  endfacet
  facet normal 0.92216 -0.353377 0.15731
    outer loop
      vertex 21.8165 25.919 67.0728
      vertex 21.6906 25.4728 66.8085
      vertex 21.8408 25.823 66.7147
    endloop
  endfacet
  facet normal 0.972423 -0.0758218 0.220556
    outer loop
      vertex 21.968 26.6661 66.8933
      vertex 21.8421 26.3863 67.3522
      vertex 21.9172 26.2886 66.9875
    endloop
  endfacet
  facet normal 0.997861 0.0169176 0.0631387
    outer loop
      vertex 21.968 26.6661 66.8933
      vertex 21.9936 36.6033 63.8261
      vertex 21.968 36.7044 64.2036
    endloop
  endfacet
  facet normal 0.99786 0.0169224 0.0631541
    outer loop
      vertex 21.9936 36.6033 63.8261
      vertex 21.968 26.6661 66.8933
      vertex 21.9936 26.565 66.5159
    endloop
  endfacet
  facet normal 0.310443 -0.486288 -0.816792
    outer loop
      vertex 20.0871 9.6146 6.22401
      vertex 20.0184 9.947 6
      vertex 20.126 9.95645 6.03527
    endloop
  endfacet
  facet normal 0.310548 -0.486253 -0.816773
    outer loop
      vertex 20.0184 9.947 6
      vertex 20.0871 9.6146 6.22401
      vertex 19.8505 9.83977 6
    endloop
  endfacet
  facet normal 0.18026 -0.603584 -0.776655
    outer loop
      vertex 19.6964 9.27104 6.34259
      vertex 19.3708 9.56493 6.03862
      vertex 19.7353 9.58369 6.10864
    endloop
  endfacet
  facet normal 0.745537 -0.294899 -0.59767
    outer loop
      vertex 21.3343 10.1964 6.93087
      vertex 21.0806 10.1215 6.65136
      vertex 21.1168 10.488 6.51568
    endloop
  endfacet
  facet normal 0.118897 -0.920452 -0.372332
    outer loop
      vertex 19.4314 8.39925 7.60009
      vertex 19.2582 8.53911 7.19903
      vertex 19.512 8.55217 7.24779
    endloop
  endfacet
  facet normal 0.118858 -0.920463 -0.372319
    outer loop
      vertex 19.4314 8.39925 7.60009
      vertex 19.2175 8.38825 7.559
      vertex 19.2582 8.53911 7.19903
    endloop
  endfacet
  facet normal 0.180306 -0.603549 -0.776671
    outer loop
      vertex 19.6964 9.27104 6.34259
      vertex 19.3512 9.25327 6.27626
      vertex 19.3708 9.56493 6.03862
    endloop
  endfacet
  facet normal 0.0632071 -0.499019 -0.864283
    outer loop
      vertex 19 9.55863 6.01514
      vertex 19.3056 9.62356 6
      vertex 19.3708 9.56493 6.03862
    endloop
  endfacet
  facet normal 0.0631794 -0.498905 -0.864351
    outer loop
      vertex 19.3056 9.62356 6
      vertex 19 9.55863 6.01514
      vertex 19 9.58486 6
    endloop
  endfacet
  facet normal 0.169069 -0.702144 -0.691672
    outer loop
      vertex 19.6456 8.99183 6.61361
      vertex 19.3256 8.97535 6.55212
      vertex 19.6964 9.27104 6.34259
    endloop
  endfacet
  facet normal 0.188479 -0.494763 -0.848342
    outer loop
      vertex 19.4936 9.67793 6
      vertex 19.3708 9.56493 6.03862
      vertex 19.3734 9.63214 6
    endloop
  endfacet
  facet normal 0.438538 -0.355872 -0.825251
    outer loop
      vertex 20.4712 10.0005 6.1997
      vertex 20.1307 10.044 6
      vertex 20.262 10.2058 6
    endloop
  endfacet
  facet normal 0.438505 -0.355985 -0.82522
    outer loop
      vertex 20.1307 10.044 6
      vertex 20.4712 10.0005 6.1997
      vertex 20.126 9.95645 6.03527
    endloop
  endfacet
  facet normal 0.427249 -0.473767 -0.770067
    outer loop
      vertex 20.4204 9.65714 6.38276
      vertex 20.0871 9.6146 6.22401
      vertex 20.4712 10.0005 6.1997
    endloop
  endfacet
  facet normal -0.060469 -0.607657 -0.791894
    outer loop
      vertex -19 9.24731 6.25403
      vertex -19.3708 9.56493 6.03862
      vertex -19 9.55863 6.01514
    endloop
  endfacet
  facet normal 0.26966 -0.907217 -0.322863
    outer loop
      vertex 19.989 8.60332 7.43866
      vertex 19.6378 8.41739 7.66778
      vertex 19.757 8.5737 7.32812
    endloop
  endfacet
  facet normal 0.269566 -0.907199 -0.322992
    outer loop
      vertex 19.8334 8.44235 7.76092
      vertex 19.6378 8.41739 7.66778
      vertex 19.989 8.60332 7.43866
    endloop
  endfacet
  facet normal -0.010401 -0.965874 0.258804
    outer loop
      vertex -19.1945 23.8695 67.2646
      vertex -19.1962 23.8629 67.2399
      vertex -19.1895 8.32063 9.23529
    endloop
  endfacet
  facet normal -0.416428 -0.908068 -0.0447289
    outer loop
      vertex -20.0527 8.41735 8.42571
      vertex -20.4434 8.60024 8.35019
      vertex -20.3223 8.55333 8.17509
    endloop
  endfacet
  facet normal -0.123322 -0.98607 -0.111617
    outer loop
      vertex -19.2496 8.24027 8.34508
      vertex -19.369 8.25077 8.38424
      vertex -19.3434 8.29469 7.96795
    endloop
  endfacet
  facet normal -0.382527 -0.898641 0.214749
    outer loop
      vertex -19.9643 8.48135 9.2448
      vertex -20.3269 8.62641 9.20593
      vertex -20.3155 8.58158 9.03864
    endloop
  endfacet
  facet normal -0.706332 -0.694269 0.138153
    outer loop
      vertex -20.978 9.04668 9.09332
      vertex -21.2555 9.31471 9.0215
      vertex -20.9611 8.97986 8.84393
    endloop
  endfacet
  facet normal -0.707168 -0.682954 0.182997
    outer loop
      vertex -21.2555 9.31471 9.0215
      vertex -20.978 24.5758 67.0489
      vertex -21.2555 24.8439 66.9771
    endloop
  endfacet
  facet normal -0.707088 -0.683031 0.183017
    outer loop
      vertex -20.978 24.5758 67.0489
      vertex -21.2555 9.31471 9.0215
      vertex -20.978 9.04668 9.09332
    endloop
  endfacet
  facet normal -0.824304 -0.268292 -0.498541
    outer loop
      vertex -21.5482 10.2792 7.23998
      vertex -21.5925 10.6484 7.11454
      vertex -21.3343 10.1964 6.93087
    endloop
  endfacet
  facet normal -0.555539 -0.215198 -0.80316
    outer loop
      vertex -20.8224 10.4211 6.26629
      vertex -20.4968 10.5744 6
      vertex -20.4968 10.3648 6.05616
    endloop
  endfacet
  facet normal -0.555545 -0.215186 -0.803159
    outer loop
      vertex -20.4968 10.5744 6
      vertex -20.8224 10.4211 6.26629
      vertex -20.8224 11.415 6
    endloop
  endfacet
  facet normal -0.803125 -0.388571 -0.451667
    outer loop
      vertex -21.4602 9.92626 7.38714
      vertex -21.5482 10.2792 7.23998
      vertex -21.3343 10.1964 6.93087
    endloop
  endfacet
  facet normal -0.778758 -0.627279 0.00760448
    outer loop
      vertex -21.1787 9.16362 8.45762
      vertex -21.4731 9.53116 8.62643
      vertex -21.4094 9.44833 8.31732
    endloop
  endfacet
  facet normal -0.906366 -0.41573 -0.0752987
    outer loop
      vertex -21.5989 9.76346 8.18031
      vertex -21.8165 10.1979 8.40097
      vertex -21.744 10.1036 8.04893
    endloop
  endfacet
  facet normal -0.651481 -0.630094 -0.422557
    outer loop
      vertex -20.9789 9.22241 7.47417
      vertex -21.1346 9.51976 7.27083
      vertex -20.7638 9.15892 7.23721
    endloop
  endfacet
  facet normal 0.000845712 -0.965808 0.259256
    outer loop
      vertex -19.1557 8.30286 9.16897
      vertex -19.1813 8.31434 9.21182
      vertex -19.1699 8.30838 9.18958
    endloop
  endfacet
  facet normal -6.29755e-05 -0.965935 0.258784
    outer loop
      vertex -19.0256 8.28342 9.09644
      vertex -19.1895 8.32063 9.23529
      vertex -19.1557 8.30286 9.16897
    endloop
  endfacet
  facet normal -0.866064 0.482898 -0.129392
    outer loop
      vertex -21.4944 22.6312 6
      vertex -21.6906 37.6954 63.5335
      vertex -21.4944 38.0237 63.4455
    endloop
  endfacet
  facet normal -0.866077 0.482877 -0.129387
    outer loop
      vertex -21.6906 37.6954 63.5335
      vertex -21.4944 22.6312 6
      vertex -21.6906 22.2793 6
    endloop
  endfacet
  facet normal -0.793304 0.58808 -0.157576
    outer loop
      vertex -21.4923 22.634 6
      vertex -21.4944 38.0237 63.4455
      vertex -21.2555 38.3244 63.365
    endloop
  endfacet
  facet normal -0.789857 0.592393 -0.158731
    outer loop
      vertex -21.4944 38.0237 63.4455
      vertex -21.4923 22.634 6
      vertex -21.4944 22.6312 6
    endloop
  endfacet
  facet normal -0.653696 -0.318776 -0.686341
    outer loop
      vertex -20.7912 10.0558 6.40624
      vertex -21.0806 10.1215 6.65136
      vertex -20.8224 10.4211 6.26629
    endloop
  endfacet
  facet normal -0.864645 0.496835 -0.0744566
    outer loop
      vertex -21.4944 38.0237 63.4455
      vertex -21.6676 37.7863 63.8727
      vertex -21.4731 38.1079 63.76
    endloop
  endfacet
  facet normal -0.864673 0.49678 -0.0744984
    outer loop
      vertex -21.4944 38.0237 63.4455
      vertex -21.6906 37.6954 63.5335
      vertex -21.6676 37.7863 63.8727
    endloop
  endfacet
  facet normal -0.778741 0.627296 -0.00789587
    outer loop
      vertex -21.2362 38.4006 63.6493
      vertex -21.4731 38.1079 63.76
      vertex -21.1787 38.4755 63.9288
    endloop
  endfacet
  facet normal -0.792267 0.600681 -0.107215
    outer loop
      vertex -21.2555 38.3244 63.365
      vertex -21.4731 38.1079 63.76
      vertex -21.2362 38.4006 63.6493
    endloop
  endfacet
  facet normal -0.608379 0.775961 -0.16661
    outer loop
      vertex -20.6667 38.8232 63.2313
      vertex -20.978 38.5924 63.2931
      vertex -20.9611 38.6592 63.5425
    endloop
  endfacet
  facet normal -0.706312 0.694299 -0.138101
    outer loop
      vertex -20.978 38.5924 63.2931
      vertex -21.2555 38.3244 63.365
      vertex -20.9611 38.6592 63.5425
    endloop
  endfacet
  facet normal -0.947489 0.298303 0.115236
    outer loop
      vertex -21.8165 37.4412 63.9855
      vertex -21.8421 37.1762 64.461
      vertex -21.744 37.5355 64.3375
    endloop
  endfacet
  facet normal -0.989366 0.142543 0.0289184
    outer loop
      vertex -21.9424 36.9791 63.7254
      vertex -21.9936 36.6033 63.8261
      vertex -21.968 36.7044 64.2036
    endloop
  endfacet
  facet normal 0.195048 -0.97711 0.0849292
    outer loop
      vertex 19.765 8.32942 8.67776
      vertex 19.4138 8.27614 8.87134
      vertex 19.6819 8.30487 8.58616
    endloop
  endfacet
  facet normal 0.16962 -0.981109 -0.0930306
    outer loop
      vertex 19.6634 8.329 8.09599
      vertex 19.369 8.25077 8.38424
      vertex 19.5078 8.30913 8.02184
    endloop
  endfacet
  facet normal -0.000233662 -0.965802 0.25928
    outer loop
      vertex 19.1557 8.30286 9.16897
      vertex 19.0256 8.28342 9.09644
      vertex 19.1387 8.29786 9.15033
    endloop
  endfacet
  facet normal 0.0863497 -0.983058 0.161679
    outer loop
      vertex 19.4138 8.27614 8.87134
      vertex 19.1387 8.29786 9.15033
      vertex 19.3563 8.26307 8.82258
    endloop
  endfacet
  facet normal 0.0170113 -0.999855 3.12816e-05
    outer loop
      vertex 19.0764 8.23307 8.7106
      vertex 19 8.23177 8.70576
      vertex 19.1259 8.2339 8.32131
    endloop
  endfacet
  facet normal 0.042222 -0.989671 0.137001
    outer loop
      vertex 19.0751 8.28686 9.10925
      vertex 19.0508 8.28472 9.10128
      vertex 19.1515 8.23693 8.72502
    endloop
  endfacet
  facet normal 0.0003212 -0.966093 0.258194
    outer loop
      vertex 19.1387 8.29786 9.15033
      vertex 19.0256 8.28342 9.09644
      vertex 19.0751 8.28686 9.10925
    endloop
  endfacet
  facet normal 0.00860188 -0.99141 0.130506
    outer loop
      vertex 19.0256 8.28342 9.09644
      vertex 19 8.23177 8.70576
      vertex 19.0764 8.23307 8.7106
    endloop
  endfacet
  facet normal 0.0982964 -0.979966 0.173218
    outer loop
      vertex 19.1557 8.30286 9.16897
      vertex 19.1387 8.29786 9.15033
      vertex 19.4138 8.27614 8.87134
    endloop
  endfacet
  facet normal 0.171107 -0.983312 0.0617971
    outer loop
      vertex 19.4138 8.27614 8.87134
      vertex 19.3563 8.26307 8.82258
      vertex 19.6819 8.30487 8.58616
    endloop
  endfacet
  facet normal 0.215594 -0.970191 0.110677
    outer loop
      vertex 19.5069 8.30751 8.98842
      vertex 19.4643 8.29103 8.92694
      vertex 19.8351 8.35656 8.77907
    endloop
  endfacet
  facet normal 0.108749 -0.976439 0.186386
    outer loop
      vertex 19.5069 8.30751 8.98842
      vertex 19.1557 8.30286 9.16897
      vertex 19.4643 8.29103 8.92694
    endloop
  endfacet
  facet normal 0.660177 -0.701399 -0.268711
    outer loop
      vertex 20.9533 9.02282 7.93217
      vertex 20.7894 8.95933 7.69522
      vertex 21.1602 9.29263 7.73622
    endloop
  endfacet
  facet normal 0.577243 -0.816419 0.0158293
    outer loop
      vertex 20.6099 8.70428 8.73847
      vertex 20.5398 8.65085 8.53906
      vertex 20.9106 8.91418 8.59881
    endloop
  endfacet
  facet normal 0.946908 -0.0832109 -0.31055
    outer loop
      vertex 21.8442 17.0582 6
      vertex 21.7657 10.7393 7.45377
      vertex 21.7657 16.1649 6
    endloop
  endfacet
  facet normal 0.997855 -0.016945 -0.0632397
    outer loop
      vertex 21.9936 11.0358 8.56033
      vertex 21.9722 19.3309 6
      vertex 21.9936 20.5911 6
    endloop
  endfacet
  facet normal 0.963996 -0.265853 0.00585447
    outer loop
      vertex 21.8408 10.2939 8.75913
      vertex 21.8165 10.1979 8.40097
      vertex 21.9172 10.5606 8.29006
    endloop
  endfacet
  facet normal 0.42726 -0.473777 -0.770055
    outer loop
      vertex 20.4712 10.0005 6.1997
      vertex 20.0871 9.6146 6.22401
      vertex 20.126 9.95645 6.03527
    endloop
  endfacet
  facet normal 0.513467 -0.567868 -0.643333
    outer loop
      vertex 20.6379 9.39121 6.79109
      vertex 20.3453 9.34061 6.60222
      vertex 20.4204 9.65714 6.38276
    endloop
  endfacet
  facet normal 0.523549 -0.741701 -0.419257
    outer loop
      vertex 20.5949 8.90192 7.48095
      vertex 20.3731 8.85157 7.29305
      vertex 20.7638 9.15892 7.23721
    endloop
  endfacet
  facet normal 0.77716 -0.581339 -0.240973
    outer loop
      vertex 21.3045 9.36837 8.01888
      vertex 21.1602 9.29263 7.73622
      vertex 21.3301 9.5955 7.5535
    endloop
  endfacet
  facet normal 0.989366 -0.142544 -0.0289241
    outer loop
      vertex 21.9936 11.0358 8.56033
      vertex 21.9424 10.66 8.66103
      vertex 21.968 10.9347 8.18291
    endloop
  endfacet
  facet normal 0.923853 -0.369705 0.0990619
    outer loop
      vertex 21.8408 25.823 66.7147
      vertex 21.6906 25.4728 66.8085
      vertex 21.8408 10.2939 8.75913
    endloop
  endfacet
  facet normal 0.824407 -0.268457 -0.498281
    outer loop
      vertex 21.5925 10.6484 7.11454
      vertex 21.3343 10.1964 6.93087
      vertex 21.375 10.5642 6.80005
    endloop
  endfacet
  facet normal 0.653791 -0.318651 -0.686308
    outer loop
      vertex 21.0806 10.1215 6.65136
      vertex 20.8224 10.4211 6.26629
      vertex 21.1168 10.488 6.51568
    endloop
  endfacet
  facet normal 0.712119 -0.6781 -0.181842
    outer loop
      vertex 21.3045 9.36837 8.01888
      vertex 21.0838 9.09131 8.18776
      vertex 21.1602 9.29263 7.73622
    endloop
  endfacet
  facet normal 0.651481 -0.630094 -0.422557
    outer loop
      vertex 20.9789 9.22241 7.47417
      vertex 20.7638 9.15892 7.23721
      vertex 21.1346 9.51976 7.27083
    endloop
  endfacet
  facet normal 0.792228 -0.600716 0.10731
    outer loop
      vertex 21.4944 9.61543 8.94092
      vertex 21.2362 9.23851 8.73713
      vertex 21.4731 9.53116 8.62643
    endloop
  endfacet
  facet normal 0.751878 -0.653232 -0.0892626
    outer loop
      vertex 21.4094 9.44833 8.31732
      vertex 21.1787 9.16362 8.45762
      vertex 21.3045 9.36837 8.01888
    endloop
  endfacet
  facet normal 0 -0.965658 0.259818
    outer loop
      vertex -19.1813 23.8823 67.3124
      vertex 19.1699 23.8883 67.3347
      vertex -19.1699 23.8883 67.3347
    endloop
  endfacet
  facet normal 0 -0.965658 0.259818
    outer loop
      vertex 19.1699 23.8883 67.3347
      vertex -19.1813 23.8823 67.3124
      vertex 19.1813 23.8823 67.3124
    endloop
  endfacet
  facet normal 0.0728646 -0.929447 0.361688
    outer loop
      vertex 19.2926 24.0436 67.7162
      vertex 19.1194 23.9032 67.3903
      vertex 19.3563 24.0326 67.6751
    endloop
  endfacet
  facet normal -0.0249726 -0.924403 0.380598
    outer loop
      vertex -19.0764 24.0626 67.7871
      vertex -19.1515 24.0587 67.7727
      vertex -19.0508 23.912 67.423
    endloop
  endfacet
  facet normal -0.0418055 -0.925577 0.376244
    outer loop
      vertex -19.1515 24.0587 67.7727
      vertex -19.224 24.0523 67.7489
      vertex -19.0508 23.912 67.423
    endloop
  endfacet
  facet normal -0.144123 -0.877125 0.458127
    outer loop
      vertex -19.2926 24.0436 67.7162
      vertex -19.587 24.2085 67.9393
      vertex -19.3563 24.0326 67.6751
    endloop
  endfacet
  facet normal -0.0728646 -0.929447 0.361688
    outer loop
      vertex -19.2926 24.0436 67.7162
      vertex -19.3563 24.0326 67.6751
      vertex -19.1194 23.9032 67.3903
    endloop
  endfacet
  facet normal 0.245514 -0.911349 0.330403
    outer loop
      vertex 19.8909 24.106 67.5568
      vertex 19.5407 23.9704 67.443
      vertex 19.9315 24.0751 67.4414
    endloop
  endfacet
  facet normal 0.052185 -0.960955 0.271738
    outer loop
      vertex 19.1895 23.8761 67.2889
      vertex 19.1813 23.8823 67.3124
      vertex 19.1945 23.8695 67.2646
    endloop
  endfacet
  facet normal 0.232869 -0.903457 0.359912
    outer loop
      vertex 19.8909 24.106 67.5568
      vertex 19.5069 23.9881 67.5093
      vertex 19.5407 23.9704 67.443
    endloop
  endfacet
  facet normal 0.343889 -0.848192 0.402878
    outer loop
      vertex 20.1491 24.3273 67.8023
      vertex 19.8351 24.1353 67.6661
      vertex 20.2259 24.287 67.6519
    endloop
  endfacet
  facet normal 0.0858437 -0.93203 0.352066
    outer loop
      vertex 19.3563 24.0326 67.6751
      vertex 19.1194 23.9032 67.3903
      vertex 19.4138 24.0195 67.6264
    endloop
  endfacet
  facet normal 0.170993 -0.882394 0.43834
    outer loop
      vertex 19.587 24.2085 67.9393
      vertex 19.4138 24.0195 67.6264
      vertex 19.6819 24.187 67.859
    endloop
  endfacet
  facet normal 0.0248096 -0.924403 0.38061
    outer loop
      vertex 19.0764 24.0626 67.7871
      vertex 19.0256 23.9133 67.4278
      vertex 19.0508 23.912 67.423
    endloop
  endfacet
  facet normal 0.123407 -0.798155 0.589678
    outer loop
      vertex 19.3434 24.4873 68.3995
      vertex 19.2496 24.2516 68.1001
      vertex 19.369 24.2411 68.0609
    endloop
  endfacet
  facet normal 0.449103 -0.778758 0.437999
    outer loop
      vertex 20.4434 24.5608 67.9157
      vertex 20.1491 24.3273 67.8023
      vertex 20.2259 24.287 67.6519
    endloop
  endfacet
  facet normal 0.382567 -0.885638 0.263227
    outer loop
      vertex 20.3155 24.2004 67.3288
      vertex 19.9561 24.0431 67.3219
      vertex 20.3269 24.1556 67.1615
    endloop
  endfacet
  facet normal 0.343882 -0.848171 0.402928
    outer loop
      vertex 20.2259 24.287 67.6519
      vertex 19.8351 24.1353 67.6661
      vertex 19.8909 24.106 67.5568
    endloop
  endfacet
  facet normal 0.474174 -0.794241 0.379922
    outer loop
      vertex 20.6099 24.4567 67.5274
      vertex 20.2259 24.287 67.6519
      vertex 20.2817 24.2444 67.4932
    endloop
  endfacet
  facet normal -0.694886 -0.21129 0.687379
    outer loop
      vertex -21.0087 26.3429 68.655
      vertex -21.2537 26.2706 68.3851
      vertex -21.1346 25.8968 68.3906
    endloop
  endfacet
  facet normal -0.768357 -0.236117 0.594875
    outer loop
      vertex -21.1346 25.8968 68.3906
      vertex -21.4602 26.1907 68.0867
      vertex -21.3301 25.821 68.108
    endloop
  endfacet
  facet normal -0.416519 -0.764164 0.492509
    outer loop
      vertex -20.0527 24.3646 67.9417
      vertex -20.4434 24.5608 67.9157
      vertex -20.1491 24.3273 67.8023
    endloop
  endfacet
  facet normal -0.597097 -0.451687 0.662913
    outer loop
      vertex -20.7638 25.6011 68.6002
      vertex -20.7894 25.1992 68.3033
      vertex -20.5949 25.2566 68.5176
    endloop
  endfacet
  facet normal -0.792219 -0.573911 0.207402
    outer loop
      vertex -21.2362 24.92 67.2614
      vertex -21.4731 25.2288 67.211
      vertex -21.2555 24.8439 66.9771
    endloop
  endfacet
  facet normal -0.635044 -0.60116 0.485104
    outer loop
      vertex -20.9533 25.1357 68.0664
      vertex -21.0838 25.0673 67.8108
      vertex -20.8275 24.7717 67.78
    endloop
  endfacet
  facet normal -0.277945 -0.728293 0.626367
    outer loop
      vertex -19.6634 24.453 68.2714
      vertex -19.8334 24.7187 68.5049
      vertex -19.8077 24.428 68.1783
    endloop
  endfacet
  facet normal -0.118573 -0.611161 0.782575
    outer loop
      vertex -19.2582 25.0834 68.9432
      vertex -19.4314 24.7618 68.6658
      vertex -19.2175 24.7728 68.7068
    endloop
  endfacet
  facet normal -0.393283 -0.529897 0.751357
    outer loop
      vertex -20.1278 25.3494 68.8638
      vertex -20.3731 25.307 68.7055
      vertex -20.2042 24.982 68.5647
    endloop
  endfacet
  facet normal -0.401774 -0.647171 0.647879
    outer loop
      vertex -20.0146 24.6873 68.3879
      vertex -20.2042 24.982 68.5647
      vertex -20.1785 24.6501 68.2491
    endloop
  endfacet
  facet normal -0.694905 -0.211277 0.687364
    outer loop
      vertex -21.0087 26.3429 68.655
      vertex -21.1346 25.8968 68.3906
      vertex -20.9026 25.9653 68.6462
    endloop
  endfacet
  facet normal -0.651555 -0.334368 0.680936
    outer loop
      vertex -20.7638 25.6011 68.6002
      vertex -21.1346 25.8968 68.3906
      vertex -20.9789 25.5376 68.3632
    endloop
  endfacet
  facet normal -0.875192 -0.292021 0.385699
    outer loop
      vertex -21.4858 25.7393 67.8031
      vertex -21.6245 26.1044 67.7648
      vertex -21.5989 25.6531 67.4812
    endloop
  endfacet
  facet normal -0.660149 -0.472991 0.583509
    outer loop
      vertex -20.7894 25.1992 68.3033
      vertex -21.1602 25.4674 68.1012
      vertex -20.9533 25.1357 68.0664
    endloop
  endfacet
  facet normal -0.258728 -0.928426 0.266619
    outer loop
      vertex -19.5803 23.9322 67.3004
      vertex -19.9561 24.0431 67.3219
      vertex -19.5853 23.9124 67.2266
    endloop
  endfacet
  facet normal -0.254359 -0.919834 0.298677
    outer loop
      vertex -19.9315 24.0751 67.4414
      vertex -19.9561 24.0431 67.3219
      vertex -19.5803 23.9322 67.3004
    endloop
  endfacet
  facet normal -0.577164 -0.714899 0.394716
    outer loop
      vertex -20.5398 24.5102 67.7268
      vertex -20.9106 24.7083 67.5434
      vertex -20.6099 24.4567 67.5274
    endloop
  endfacet
  facet normal -0.376001 -0.872897 0.310926
    outer loop
      vertex -20.2817 24.2444 67.4932
      vertex -20.3155 24.2004 67.3288
      vertex -19.9315 24.0751 67.4414
    endloop
  endfacet
  facet normal -0.109403 -0.938979 0.326112
    outer loop
      vertex -19.1557 23.8938 67.3553
      vertex -19.4643 24.0046 67.5708
      vertex -19.1699 23.8883 67.3347
    endloop
  endfacet
  facet normal -0.170462 -0.882361 0.438614
    outer loop
      vertex -19.3563 24.0326 67.6751
      vertex -19.587 24.2085 67.9393
      vertex -19.4138 24.0195 67.6264
    endloop
  endfacet
  facet normal -0.343889 -0.848192 0.402878
    outer loop
      vertex -20.1491 24.3273 67.8023
      vertex -20.2259 24.287 67.6519
      vertex -19.8351 24.1353 67.6661
    endloop
  endfacet
  facet normal -0.318984 -0.837029 0.444557
    outer loop
      vertex -20.0527 24.3646 67.9417
      vertex -20.1491 24.3273 67.8023
      vertex -19.8351 24.1353 67.6661
    endloop
  endfacet
  facet normal -0.0328181 -0.706726 0.706726
    outer loop
      vertex -19 24.7765 68.7206
      vertex -19.2175 24.7728 68.7068
      vertex -19 24.499 68.4431
    endloop
  endfacet
  facet normal -0.0834945 -0.869308 0.487168
    outer loop
      vertex -19.2496 24.2516 68.1001
      vertex -19.369 24.2411 68.0609
      vertex -19.1515 24.0587 67.7727
    endloop
  endfacet
  facet normal -0.0500003 -0.867106 0.495607
    outer loop
      vertex -19.1259 24.2579 68.1238
      vertex -19.1515 24.0587 67.7727
      vertex -19.0764 24.0626 67.7871
    endloop
  endfacet
  facet normal -0.0399458 -0.608325 0.792682
    outer loop
      vertex -19 25.0878 68.9595
      vertex -19.2175 24.7728 68.7068
      vertex -19 24.7765 68.7206
    endloop
  endfacet
  facet normal -0.0245659 -0.793076 0.608628
    outer loop
      vertex -19 24.499 68.4431
      vertex -19.1732 24.496 68.4322
      vertex -19 24.2601 68.1318
    endloop
  endfacet
  facet normal 0.188404 0.494805 0.848335
    outer loop
      vertex 19.7353 38.0554 66.2778
      vertex 19.3841 37.7341 66.5432
      vertex 19.7615 37.7147 66.4707
    endloop
  endfacet
  facet normal 0.383339 0.683422 0.621277
    outer loop
      vertex 20.3453 38.2985 65.7842
      vertex 19.9546 38.6201 65.6715
      vertex 20.0297 38.3388 65.9346
    endloop
  endfacet
  facet normal -0.427144 0.473843 0.770079
    outer loop
      vertex -20.0871 38.0245 66.1624
      vertex -20.4712 37.6386 66.1868
      vertex -20.126 37.6826 66.3512
    endloop
  endfacet
  facet normal -0.193372 0.377547 0.905575
    outer loop
      vertex -19.7615 37.7147 66.4707
      vertex -19.7748 37.3517 66.6192
      vertex -19.3841 37.7341 66.5432
    endloop
  endfacet
  facet normal -0.065364 0.258261 0.963861
    outer loop
      vertex -19.3907 37.3714 66.693
      vertex -19.3907 27.3331 69.3827
      vertex -19 37.3781 66.7177
    endloop
  endfacet
  facet normal -0.0648328 0.381941 0.92191
    outer loop
      vertex -19.3841 37.7341 66.5432
      vertex -19.3907 37.3714 66.693
      vertex -19 37.3781 66.7177
    endloop
  endfacet
  facet normal -0.0568033 0.706041 0.705889
    outer loop
      vertex -19.3256 38.6637 65.8343
      vertex -19.3512 38.3858 66.1102
      vertex -19 38.6693 65.8549
    endloop
  endfacet
  facet normal -0.0520916 0.792238 0.607985
    outer loop
      vertex -19 38.9082 65.5436
      vertex -19.3256 38.6637 65.8343
      vertex -19 38.6693 65.8549
    endloop
  endfacet
  facet normal 0.778741 0.627296 -0.00789587
    outer loop
      vertex 21.2362 38.4006 63.6493
      vertex 21.1787 38.4755 63.9288
      vertex 21.4731 38.1079 63.76
    endloop
  endfacet
  facet normal 0.706295 0.694307 -0.138145
    outer loop
      vertex 21.2555 38.3244 63.365
      vertex 20.9611 38.6592 63.5425
      vertex 21.2362 38.4006 63.6493
    endloop
  endfacet
  facet normal 0.670363 0.741118 0.0368408
    outer loop
      vertex 20.9106 38.7249 63.7876
      vertex 20.8275 38.7883 64.0243
      vertex 21.0838 38.5478 64.1987
    endloop
  endfacet
  facet normal 0.597893 0.796472 -0.0903084
    outer loop
      vertex 20.9611 38.6592 63.5425
      vertex 20.6099 38.9348 63.648
      vertex 20.9106 38.7249 63.7876
    endloop
  endfacet
  facet normal 0.288297 0.957527 0.00511981
    outer loop
      vertex 20.0527 39.2217 63.9607
      vertex 19.6819 39.3342 63.8003
      vertex 19.9382 39.2555 64.0868
    endloop
  endfacet
  facet normal 0.588627 0.784011 0.197092
    outer loop
      vertex 20.9533 38.6163 64.4543
      vertex 20.5693 38.9041 64.4563
      vertex 20.7894 38.6798 64.6912
    endloop
  endfacet
  facet normal 0.577291 0.816382 -0.0159939
    outer loop
      vertex 20.9106 38.7249 63.7876
      vertex 20.6099 38.9348 63.648
      vertex 20.8275 38.7883 64.0243
    endloop
  endfacet
  facet normal 0.577068 0.816543 -0.0158022
    outer loop
      vertex 20.6099 38.9348 63.648
      vertex 20.5398 38.9882 63.8474
      vertex 20.8275 38.7883 64.0243
    endloop
  endfacet
  facet normal 0.215818 0.970128 -0.110785
    outer loop
      vertex 19.5069 39.3316 63.398
      vertex 19.4643 39.3481 63.4595
      vertex 19.8351 39.2825 63.6074
    endloop
  endfacet
  facet normal 0.170887 0.983379 -0.061338
    outer loop
      vertex 19.6819 39.3342 63.8003
      vertex 19.4138 39.363 63.5151
      vertex 19.587 39.3557 63.8806
    endloop
  endfacet
  facet normal 0.441014 0.758153 0.480323
    outer loop
      vertex 20.3731 38.7875 65.0934
      vertex 20.1278 38.8299 65.2517
      vertex 20.2472 38.5828 65.5321
    endloop
  endfacet
  facet normal 0.313178 0.846517 0.430499
    outer loop
      vertex 19.989 39.0358 64.9478
      vertex 19.8631 38.8637 65.3778
      vertex 20.1278 38.8299 65.2517
    endloop
  endfacet
  facet normal 0.338549 0.896952 0.284363
    outer loop
      vertex 20.0146 39.1654 64.5085
      vertex 19.8334 39.1967 64.6255
      vertex 20.2042 38.9986 64.8089
    endloop
  endfacet
  facet normal 0.0749948 0.989435 0.12407
    outer loop
      vertex 19.3434 39.3444 64.4185
      vertex 19.1259 39.4052 64.0651
      vertex 19.1732 39.3532 64.4512
    endloop
  endfacet
  facet normal 0.0520916 0.792238 0.607985
    outer loop
      vertex 19 38.9082 65.5436
      vertex 19 38.6693 65.8549
      vertex 19.3256 38.6637 65.8343
    endloop
  endfacet
  facet normal 0.0518752 0.792134 0.608139
    outer loop
      vertex 19.2944 38.9032 65.525
      vertex 19 38.9082 65.5436
      vertex 19.3256 38.6637 65.8343
    endloop
  endfacet
  facet normal 0.195832 0.915141 0.352373
    outer loop
      vertex 19.6378 39.2217 64.7187
      vertex 19.4314 39.2398 64.7864
      vertex 19.512 39.0869 65.1387
    endloop
  endfacet
  facet normal 0.227715 0.855794 0.464502
    outer loop
      vertex 19.8631 38.8637 65.3778
      vertex 19.512 39.0869 65.1387
      vertex 19.5838 38.8883 65.4694
    endloop
  endfacet
  facet normal 0.481334 0.668656 0.56676
    outer loop
      vertex 20.6379 38.2479 65.5954
      vertex 20.2472 38.5828 65.5321
      vertex 20.3453 38.2985 65.7842
    endloop
  endfacet
  facet normal 0.481359 0.668677 0.566714
    outer loop
      vertex 20.5185 38.5359 65.357
      vertex 20.2472 38.5828 65.5321
      vertex 20.6379 38.2479 65.5954
    endloop
  endfacet
  facet normal 0.427144 0.473843 0.770079
    outer loop
      vertex 20.4712 37.6386 66.1868
      vertex 20.0871 38.0245 66.1624
      vertex 20.126 37.6826 66.3512
    endloop
  endfacet
  facet normal 0.255331 0.781733 0.568946
    outer loop
      vertex 19.9546 38.6201 65.6715
      vertex 19.5838 38.8883 65.4694
      vertex 19.6456 38.6473 65.7728
    endloop
  endfacet
  facet normal 0.0604373 0.607698 0.791865
    outer loop
      vertex 19 38.3918 66.1324
      vertex 19 38.0805 66.3713
      vertex 19.3512 38.3858 66.1102
    endloop
  endfacet
  facet normal -0.828824 0.474785 0.296025
    outer loop
      vertex -21.3301 38.0436 64.833
      vertex -21.4858 37.9619 64.5281
      vertex -21.4602 37.7128 64.9993
    endloop
  endfacet
  facet normal -0.768394 0.50185 0.397137
    outer loop
      vertex -21.3301 38.0436 64.833
      vertex -21.4602 37.7128 64.9993
      vertex -21.1346 38.1193 65.1156
    endloop
  endfacet
  facet normal -0.980776 0.0505048 0.18849
    outer loop
      vertex -21.968 36.7044 64.2036
      vertex -21.968 26.6661 66.8933
      vertex -21.8916 36.8038 64.5745
    endloop
  endfacet
  facet normal -0.875034 -0.292167 0.385946
    outer loop
      vertex -21.6245 26.1044 67.7648
      vertex -21.744 26.0133 67.4249
      vertex -21.5989 25.6531 67.4812
    endloop
  endfacet
  facet normal -0.803141 -0.110579 0.585438
    outer loop
      vertex -21.3343 26.6528 68.3467
      vertex -21.5482 26.5699 68.0376
      vertex -21.4602 26.1907 68.0867
    endloop
  endfacet
  facet normal -0.726303 -0.41452 -0.548322
    outer loop
      vertex -21.0087 9.77398 6.81884
      vertex -21.2537 9.84629 7.0887
      vertex -21.0806 10.1215 6.65136
    endloop
  endfacet
  facet normal -1 0 0
    outer loop
      vertex -21.9936 21.1088 6
      vertex -21.9936 26.565 66.5159
      vertex -21.9936 36.6033 63.8261
    endloop
  endfacet
  facet normal -1 0 0
    outer loop
      vertex -21.9936 11.0358 8.56033
      vertex -21.9936 21.1088 6
      vertex -21.9936 20.5911 6
    endloop
  endfacet
  facet normal -1 0 0
    outer loop
      vertex -21.9936 21.1088 6
      vertex -21.9936 11.0358 8.56033
      vertex -21.9936 26.565 66.5159
    endloop
  endfacet
  facet normal -0.997887 -0.0167981 -0.0627641
    outer loop
      vertex -21.968 19.0814 6
      vertex -21.9936 11.0358 8.56033
      vertex -21.9722 19.3309 6
    endloop
  endfacet
  facet normal -0.997861 -0.0169213 -0.0631511
    outer loop
      vertex -21.9936 11.0358 8.56033
      vertex -21.968 19.0814 6
      vertex -21.968 10.9347 8.18291
    endloop
  endfacet
  facet normal -0.536634 -0.0417048 0.842784
    outer loop
      vertex -20.4204 26.4598 69.091
      vertex -20.7912 26.7933 68.8714
      vertex -20.7294 26.4063 68.8916
    endloop
  endfacet
  facet normal -0.63703 -0.061621 0.768372
    outer loop
      vertex -20.7912 26.7933 68.8714
      vertex -21.0806 26.7276 68.6262
      vertex -20.7294 26.4063 68.8916
    endloop
  endfacet
  facet normal -0.318748 0.117101 0.940578
    outer loop
      vertex -19.7748 27.3134 69.3089
      vertex -20.1456 27.2808 69.1873
      vertex -19.7615 26.9247 69.3618
    endloop
  endfacet
  facet normal -0.536637 -0.0417092 0.842782
    outer loop
      vertex -20.4712 26.8487 69.0779
      vertex -20.7912 26.7933 68.8714
      vertex -20.4204 26.4598 69.091
    endloop
  endfacet
  facet normal -0.820505 -0.410199 0.398131
    outer loop
      vertex -21.4858 25.7393 67.8031
      vertex -21.5989 25.6531 67.4812
      vertex -21.3045 25.3916 67.8185
    endloop
  endfacet
  facet normal -0.777095 -0.38308 0.499372
    outer loop
      vertex -21.1602 25.4674 68.1012
      vertex -21.4858 25.7393 67.8031
      vertex -21.3045 25.3916 67.8185
    endloop
  endfacet
  facet normal -0.84981 -0.438351 0.292696
    outer loop
      vertex -21.4094 25.3117 67.5201
      vertex -21.5989 25.6531 67.4812
      vertex -21.4731 25.2288 67.211
    endloop
  endfacet
  facet normal -0.778668 -0.547283 0.306851
    outer loop
      vertex -21.1787 24.9949 67.5409
      vertex -21.4731 25.2288 67.211
      vertex -21.2362 24.92 67.2614
    endloop
  endfacet
  facet normal 0.0425343 0.98964 -0.137129
    outer loop
      vertex 19.224 39.3958 63.6377
      vertex 19.0508 39.3544 63.2852
      vertex 19.1515 39.4022 63.6614
    endloop
  endfacet
  facet normal 0.0441766 0.989458 -0.137915
    outer loop
      vertex 19.0751 39.3522 63.2772
      vertex 19.0508 39.3544 63.2852
      vertex 19.224 39.3958 63.6377
    endloop
  endfacet
  facet normal 0.130595 0.95975 -0.248646
    outer loop
      vertex 19.5853 39.2558 63.1154
      vertex 19.1962 39.3053 63.1021
      vertex 19.5803 39.2756 63.1892
    endloop
  endfacet
  facet normal 0.1306 0.957653 -0.256602
    outer loop
      vertex 19.5853 23.9518 6
      vertex 19.1962 39.3053 63.1021
      vertex 19.5853 39.2558 63.1154
    endloop
  endfacet
  facet normal 0.130688 0.957642 -0.256598
    outer loop
      vertex 19.1962 39.3053 63.1021
      vertex 19.5853 23.9518 6
      vertex 19.1962 24.0049 6
    endloop
  endfacet
  facet normal -0.170463 0.983466 -0.0611353
    outer loop
      vertex -19.4138 39.363 63.5151
      vertex -19.587 39.3557 63.8806
      vertex -19.3563 39.376 63.5639
    endloop
  endfacet
  facet normal -0.115136 0.993017 -0.0256954
    outer loop
      vertex -19.2926 39.387 63.605
      vertex -19.4822 39.3739 63.9483
      vertex -19.224 39.3958 63.6377
    endloop
  endfacet
  facet normal -0.3512 0.771579 0.530399
    outer loop
      vertex -20.1278 38.8299 65.2517
      vertex -20.2472 38.5828 65.5321
      vertex -19.8631 38.8637 65.3778
    endloop
  endfacet
  facet normal -0.393268 0.834573 0.385783
    outer loop
      vertex -20.2042 38.9986 64.8089
      vertex -20.3731 38.7875 65.0934
      vertex -19.989 39.0358 64.9478
    endloop
  endfacet
  facet normal -0.0326001 0.965382 0.258794
    outer loop
      vertex -19 39.3561 64.4622
      vertex -19.1732 39.3532 64.4512
      vertex -19 39.2545 64.8412
    endloop
  endfacet
  facet normal -0.0248785 0.991147 0.130421
    outer loop
      vertex -19 39.4073 64.0731
      vertex -19.1732 39.3532 64.4512
      vertex -19 39.3561 64.4622
    endloop
  endfacet
  facet normal -0.288297 0.957527 0.00511981
    outer loop
      vertex -19.6819 39.3342 63.8003
      vertex -20.0527 39.2217 63.9607
      vertex -19.9382 39.2555 64.0868
    endloop
  endfacet
  facet normal -0.252559 0.96677 0.0396299
    outer loop
      vertex -19.6819 39.3342 63.8003
      vertex -19.9382 39.2555 64.0868
      vertex -19.587 39.3557 63.8806
    endloop
  endfacet
  facet normal -0.0582981 0.987923 -0.143562
    outer loop
      vertex -19.0751 39.3522 63.2772
      vertex -19.2926 39.387 63.605
      vertex -19.224 39.3958 63.6377
    endloop
  endfacet
  facet normal -0.0564965 0.988196 -0.142395
    outer loop
      vertex -19.0981 39.3493 63.2662
      vertex -19.2926 39.387 63.605
      vertex -19.0751 39.3522 63.2772
    endloop
  endfacet
  facet normal -0.0838005 0.996401 -0.0127186
    outer loop
      vertex -19.224 39.3958 63.6377
      vertex -19.2496 39.3988 64.0414
      vertex -19.1515 39.4022 63.6614
    endloop
  endfacet
  facet normal -0.0834573 0.99643 -0.012697
    outer loop
      vertex -19.224 39.3958 63.6377
      vertex -19.369 39.3883 64.0022
      vertex -19.2496 39.3988 64.0414
    endloop
  endfacet
  facet normal -0.258784 0.937186 -0.233907
    outer loop
      vertex -19.5853 39.2558 63.1154
      vertex -19.9561 39.1903 63.2632
      vertex -19.5803 39.2756 63.1892
    endloop
  endfacet
  facet normal -0.254245 0.946115 -0.200565
    outer loop
      vertex -19.5803 39.2756 63.1892
      vertex -19.9561 39.1903 63.2632
      vertex -19.5653 39.295 63.2617
    endloop
  endfacet
  facet normal -0.117668 0.972478 -0.2011
    outer loop
      vertex -19.1813 39.3248 63.1746
      vertex -19.5407 39.3138 63.3317
      vertex -19.5069 39.3316 63.398
    endloop
  endfacet
  facet normal -0.124237 0.968365 -0.216415
    outer loop
      vertex -19.1813 39.3248 63.1746
      vertex -19.5653 39.295 63.2617
      vertex -19.5407 39.3138 63.3317
    endloop
  endfacet
  facet normal -0.768408 0.50188 0.397071
    outer loop
      vertex -21.1346 38.1193 65.1156
      vertex -21.4602 37.7128 64.9993
      vertex -21.2537 37.7928 65.2978
    endloop
  endfacet
  facet normal -0.803238 0.388455 0.451565
    outer loop
      vertex -21.2537 37.7928 65.2978
      vertex -21.4602 37.7128 64.9993
      vertex -21.3343 37.4427 65.4556
    endloop
  endfacet
  facet normal -0.513469 0.567863 0.643336
    outer loop
      vertex -20.6379 38.2479 65.5954
      vertex -20.7294 37.9285 65.8043
      vertex -20.4204 37.982 66.0037
    endloop
  endfacet
  facet normal -0.609465 0.548808 0.572155
    outer loop
      vertex -20.6379 38.2479 65.5954
      vertex -21.0087 37.8651 65.5676
      vertex -20.7294 37.9285 65.8043
    endloop
  endfacet
  facet normal -0.383193 0.683317 0.621483
    outer loop
      vertex -20.2472 38.5828 65.5321
      vertex -20.3453 38.2985 65.7842
      vertex -19.9546 38.6201 65.6715
    endloop
  endfacet
  facet normal -0.481334 0.668656 0.56676
    outer loop
      vertex -20.2472 38.5828 65.5321
      vertex -20.6379 38.2479 65.5954
      vertex -20.3453 38.2985 65.7842
    endloop
  endfacet
  facet normal 0.803163 -0.110558 0.585411
    outer loop
      vertex 21.3343 26.6528 68.3467
      vertex 21.2537 26.2706 68.3851
      vertex 21.4602 26.1907 68.0867
    endloop
  endfacet
  facet normal 0.651538 -0.334318 0.680977
    outer loop
      vertex 20.9026 25.9653 68.6462
      vertex 20.7638 25.6011 68.6002
      vertex 21.1346 25.8968 68.3906
    endloop
  endfacet
  facet normal 0.401858 -0.647149 0.647849
    outer loop
      vertex 20.2042 24.982 68.5647
      vertex 20.1785 24.6501 68.2491
      vertex 20.3987 24.9378 68.3999
    endloop
  endfacet
  facet normal 0.571342 -0.31354 0.75846
    outer loop
      vertex 20.9026 25.9653 68.6462
      vertex 20.6379 26.0253 68.8704
      vertex 20.7638 25.6011 68.6002
    endloop
  endfacet
  facet normal 0.963997 -0.233127 0.127912
    outer loop
      vertex 21.9172 26.2886 66.9875
      vertex 21.8165 25.919 67.0728
      vertex 21.8408 25.823 66.7147
    endloop
  endfacet
  facet normal 0.875192 -0.292021 0.385699
    outer loop
      vertex 21.6245 26.1044 67.7648
      vertex 21.4858 25.7393 67.8031
      vertex 21.5989 25.6531 67.4812
    endloop
  endfacet
  facet normal 0.751932 -0.521056 0.403854
    outer loop
      vertex 21.3045 25.3916 67.8185
      vertex 21.1787 24.9949 67.5409
      vertex 21.4094 25.3117 67.5201
    endloop
  endfacet
  facet normal 0.793342 -0.588032 0.157563
    outer loop
      vertex 21.2555 24.8439 66.9771
      vertex 21.2555 9.31471 9.0215
      vertex 21.4944 9.61543 8.94092
    endloop
  endfacet
  facet normal 0.777186 0.581326 0.240918
    outer loop
      vertex 21.3045 38.2707 64.3676
      vertex 21.1602 38.3465 64.6502
      vertex 21.3301 38.0436 64.833
    endloop
  endfacet
  facet normal 0.660193 0.701365 0.268759
    outer loop
      vertex 20.9533 38.6163 64.4543
      vertex 20.7894 38.6798 64.6912
      vertex 20.9789 38.4167 64.9123
    endloop
  endfacet
  facet normal 0.803238 0.388455 0.451565
    outer loop
      vertex 21.4602 37.7128 64.9993
      vertex 21.2537 37.7928 65.2978
      vertex 21.3343 37.4427 65.4556
    endloop
  endfacet
  facet normal 0.768408 0.50188 0.397071
    outer loop
      vertex 21.4602 37.7128 64.9993
      vertex 21.1346 38.1193 65.1156
      vertex 21.2537 37.7928 65.2978
    endloop
  endfacet
  facet normal 0.651532 0.630067 0.422518
    outer loop
      vertex 21.1346 38.1193 65.1156
      vertex 20.7638 38.4802 65.1492
      vertex 20.9026 38.1878 65.3712
    endloop
  endfacet
  facet normal 0.3512 0.771579 0.530399
    outer loop
      vertex 20.1278 38.8299 65.2517
      vertex 19.8631 38.8637 65.3778
      vertex 20.2472 38.5828 65.5321
    endloop
  endfacet
  facet normal -0.118945 -0.611012 0.782634
    outer loop
      vertex -19.2582 25.0834 68.9432
      vertex -19.512 25.0703 68.8944
      vertex -19.4314 24.7618 68.6658
    endloop
  endfacet
  facet normal -0.0396676 -0.608451 0.792599
    outer loop
      vertex -19 25.0878 68.9595
      vertex -19.2582 25.0834 68.9432
      vertex -19.2175 24.7728 68.7068
    endloop
  endfacet
  facet normal -0.169167 -0.262071 0.950106
    outer loop
      vertex -19.3512 26.1633 69.3852
      vertex -19.6456 25.7682 69.2238
      vertex -19.3256 25.7846 69.2853
    endloop
  endfacet
  facet normal -0.154882 -0.385703 0.90953
    outer loop
      vertex -19.3256 25.7846 69.2853
      vertex -19.5838 25.4077 69.0815
      vertex -19.2944 25.4226 69.1371
    endloop
  endfacet
  facet normal -0.180193 -0.134445 0.9744
    outer loop
      vertex -19.3708 26.552 69.4352
      vertex -19.7353 26.5332 69.3652
      vertex -19.6964 26.1455 69.3189
    endloop
  endfacet
  facet normal -0.351179 -0.402935 0.845173
    outer loop
      vertex -19.8631 25.3832 68.9899
      vertex -20.2472 25.7037 68.9831
      vertex -20.1278 25.3494 68.8638
    endloop
  endfacet
  facet normal -0.33849 -0.634503 0.69486
    outer loop
      vertex -19.989 25.0192 68.7035
      vertex -20.2042 24.982 68.5647
      vertex -19.8334 24.7187 68.5049
    endloop
  endfacet
  facet normal -0.338595 -0.634617 0.694705
    outer loop
      vertex -19.8334 24.7187 68.5049
      vertex -20.2042 24.982 68.5647
      vertex -20.0146 24.6873 68.3879
    endloop
  endfacet
  facet normal -0.550785 0.0874692 0.830051
    outer loop
      vertex -20.4968 27.236 69.0201
      vertex -20.7912 26.7933 68.8714
      vertex -20.4712 26.8487 69.0779
    endloop
  endfacet
  facet normal -0.438322 0.10426 0.892751
    outer loop
      vertex -20.1456 27.2808 69.1873
      vertex -20.4968 27.236 69.0201
      vertex -20.4712 26.8487 69.0779
    endloop
  endfacet
  facet normal 0.128271 -0.964242 0.231915
    outer loop
      vertex 19.5803 8.36348 9.1973
      vertex 19.1895 8.32063 9.23529
      vertex 19.5653 8.34404 9.12477
    endloop
  endfacet
  facet normal 0.123842 -0.968519 0.215949
    outer loop
      vertex 19.5653 8.34404 9.12477
      vertex 19.1895 8.32063 9.23529
      vertex 19.5407 8.32528 9.05474
    endloop
  endfacet
  facet normal 0.382527 -0.898641 0.214749
    outer loop
      vertex 20.3269 8.62641 9.20593
      vertex 19.9643 8.48135 9.2448
      vertex 20.3155 8.58158 9.03864
    endloop
  endfacet
  facet normal 0.382603 -0.89857 0.214913
    outer loop
      vertex 19.9643 8.48135 9.2448
      vertex 19.9561 8.44878 9.12322
      vertex 20.3155 8.58158 9.03864
    endloop
  endfacet
  facet normal 0.278563 -0.269738 0.921761
    outer loop
      vertex 20.0297 26.1162 69.2096
      vertex 19.6964 26.1455 69.3189
      vertex 19.9546 25.741 69.1225
    endloop
  endfacet
  facet normal 0.255132 -0.392536 0.883642
    outer loop
      vertex 19.6456 25.7682 69.2238
      vertex 19.5838 25.4077 69.0815
      vertex 19.9546 25.741 69.1225
    endloop
  endfacet
  facet normal 0.138144 -0.502633 0.853391
    outer loop
      vertex 19.5838 25.4077 69.0815
      vertex 19.2582 25.0834 68.9432
      vertex 19.512 25.0703 68.8944
    endloop
  endfacet
  facet normal 0.393033 -0.529997 0.751417
    outer loop
      vertex 20.1278 25.3494 68.8638
      vertex 19.989 25.0192 68.7035
      vertex 20.2042 24.982 68.5647
    endloop
  endfacet
  facet normal 0.169167 -0.262071 0.950106
    outer loop
      vertex 19.3512 26.1633 69.3852
      vertex 19.3256 25.7846 69.2853
      vertex 19.6456 25.7682 69.2238
    endloop
  endfacet
  facet normal 0.155041 -0.385603 0.909545
    outer loop
      vertex 19.6456 25.7682 69.2238
      vertex 19.3256 25.7846 69.2853
      vertex 19.5838 25.4077 69.0815
    endloop
  endfacet
  facet normal 0.660149 -0.472991 0.583509
    outer loop
      vertex 21.1602 25.4674 68.1012
      vertex 20.7894 25.1992 68.3033
      vertex 20.9533 25.1357 68.0664
    endloop
  endfacet
  facet normal 0.651555 -0.334368 0.680936
    outer loop
      vertex 21.1346 25.8968 68.3906
      vertex 20.7638 25.6011 68.6002
      vertex 20.9789 25.5376 68.3632
    endloop
  endfacet
  facet normal 0.215854 -0.895607 0.388967
    outer loop
      vertex 19.765 24.1624 67.7674
      vertex 19.5069 23.9881 67.5093
      vertex 19.8351 24.1353 67.6661
    endloop
  endfacet
  facet normal 0.362812 -0.860159 0.35846
    outer loop
      vertex 20.2259 24.287 67.6519
      vertex 19.9315 24.0751 67.4414
      vertex 20.2817 24.2444 67.4932
    endloop
  endfacet
  facet normal 0.653613 0.318721 0.686445
    outer loop
      vertex 21.0806 37.5176 65.7351
      vertex 20.7912 37.5832 65.9802
      vertex 21.1168 37.1511 65.8708
    endloop
  endfacet
  facet normal 0.636857 0.437404 0.634894
    outer loop
      vertex 21.0806 37.5176 65.7351
      vertex 20.7294 37.9285 65.8043
      vertex 20.7912 37.5832 65.9802
    endloop
  endfacet
  facet normal 0.060504 -0.13035 0.98962
    outer loop
      vertex 19.3708 26.552 69.4352
      vertex 19 26.5583 69.4587
      vertex 19.3512 26.1633 69.3852
    endloop
  endfacet
  facet normal 0.408875 -0.154257 0.899459
    outer loop
      vertex 20.4204 26.4598 69.091
      vertex 20.0871 26.5023 69.2498
      vertex 20.3453 26.0759 69.0593
    endloop
  endfacet
  facet normal 0.188393 -0.0040787 0.982085
    outer loop
      vertex 19.7615 26.9247 69.3618
      vertex 19.3708 26.552 69.4352
      vertex 19.7353 26.5332 69.3652
    endloop
  endfacet
  facet normal 0.889225 0.239209 0.389946
    outer loop
      vertex 21.7657 36.8998 64.9327
      vertex 21.5482 37.3598 65.1465
      vertex 21.5925 36.9907 65.2719
    endloop
  endfacet
  facet normal 0.824333 0.268297 0.498489
    outer loop
      vertex 21.5482 37.3598 65.1465
      vertex 21.3343 37.4427 65.4556
      vertex 21.5925 36.9907 65.2719
    endloop
  endfacet
  facet normal 0.989366 0.142543 0.0289184
    outer loop
      vertex 21.9936 36.6033 63.8261
      vertex 21.9424 36.9791 63.7254
      vertex 21.968 36.7044 64.2036
    endloop
  endfacet
  facet normal 0.963964 0.26597 -0.00578295
    outer loop
      vertex 21.9424 36.9791 63.7254
      vertex 21.8408 37.3452 63.6273
      vertex 21.9172 37.0785 64.0964
    endloop
  endfacet
  facet normal 0.86645 0.360174 0.345746
    outer loop
      vertex 21.7184 37.2705 64.813
      vertex 21.4602 37.7128 64.9993
      vertex 21.5482 37.3598 65.1465
    endloop
  endfacet
  facet normal 0.889278 0.239322 0.389756
    outer loop
      vertex 21.7184 37.2705 64.813
      vertex 21.5482 37.3598 65.1465
      vertex 21.7657 36.8998 64.9327
    endloop
  endfacet
  facet normal 0.989349 0.142651 0.0289814
    outer loop
      vertex 21.9424 36.9791 63.7254
      vertex 21.9172 37.0785 64.0964
      vertex 21.968 36.7044 64.2036
    endloop
  endfacet
  facet normal 0.980785 0.0504944 0.188444
    outer loop
      vertex 21.8916 36.8038 64.5745
      vertex 21.8916 26.7655 67.2643
      vertex 21.968 26.6661 66.8933
    endloop
  endfacet
  facet normal 0.965892 0.250123 -0.0670204
    outer loop
      vertex 21.942 21.5132 6
      vertex 21.8408 21.904 6
      vertex 21.8408 37.3452 63.6273
    endloop
  endfacet
  facet normal 0.792267 0.600681 -0.107215
    outer loop
      vertex 21.2555 38.3244 63.365
      vertex 21.2362 38.4006 63.6493
      vertex 21.4731 38.1079 63.76
    endloop
  endfacet
  facet normal 0.751832 0.653272 0.0893564
    outer loop
      vertex 21.1787 38.4755 63.9288
      vertex 21.0838 38.5478 64.1987
      vertex 21.3045 38.2707 64.3676
    endloop
  endfacet
  facet normal 0.820513 0.55431 0.139637
    outer loop
      vertex 21.5989 37.8756 64.2061
      vertex 21.3045 38.2707 64.3676
      vertex 21.4858 37.9619 64.5281
    endloop
  endfacet
  facet normal 0.77705 0.581475 0.240998
    outer loop
      vertex 21.4858 37.9619 64.5281
      vertex 21.3045 38.2707 64.3676
      vertex 21.3301 38.0436 64.833
    endloop
  endfacet
  facet normal 0.938814 -0.0433466 0.341687
    outer loop
      vertex 21.8916 26.7655 67.2643
      vertex 21.7657 26.8615 67.6224
      vertex 21.8421 26.3863 67.3522
    endloop
  endfacet
  facet normal 0.938877 -0.0432451 0.341526
    outer loop
      vertex 21.7657 26.8615 67.6224
      vertex 21.7184 26.4806 67.7042
      vertex 21.8421 26.3863 67.3522
    endloop
  endfacet
  facet normal 0.441002 -0.232283 -0.866927
    outer loop
      vertex 20.4968 10.3648 6.05616
      vertex 20.4899 10.5613 6
      vertex 20.4968 10.5744 6
    endloop
  endfacet
  facet normal 0.555539 -0.215198 -0.80316
    outer loop
      vertex 20.4968 10.5744 6
      vertex 20.8224 10.4211 6.26629
      vertex 20.4968 10.3648 6.05616
    endloop
  endfacet
  facet normal 0.555545 -0.215186 -0.803159
    outer loop
      vertex 20.8224 10.4211 6.26629
      vertex 20.4968 10.5744 6
      vertex 20.8224 11.415 6
    endloop
  endfacet
  facet normal 0.745408 -0.29509 -0.597737
    outer loop
      vertex 21.3343 10.1964 6.93087
      vertex 21.1168 10.488 6.51568
      vertex 21.375 10.5642 6.80005
    endloop
  endfacet
  facet normal 0.536687 -0.457421 -0.709037
    outer loop
      vertex 20.7912 10.0558 6.40624
      vertex 20.4204 9.65714 6.38276
      vertex 20.4712 10.0005 6.1997
    endloop
  endfacet
  facet normal 0.060469 -0.607657 -0.791894
    outer loop
      vertex 19.3708 9.56493 6.03862
      vertex 19 9.24731 6.25403
      vertex 19 9.55863 6.01514
    endloop
  endfacet
  facet normal 0.2971 -0.595488 -0.746408
    outer loop
      vertex 20.0871 9.6146 6.22401
      vertex 19.6964 9.27104 6.34259
      vertex 19.7353 9.58369 6.10864
    endloop
  endfacet
  facet normal 0.297035 -0.595437 -0.746475
    outer loop
      vertex 20.0297 9.30032 6.45186
      vertex 19.6964 9.27104 6.34259
      vertex 20.0871 9.6146 6.22401
    endloop
  endfacet
  facet normal 0.0462867 -0.865099 -0.499461
    outer loop
      vertex 19.2582 8.53911 7.19903
      vertex 19 8.73094 6.84284
      vertex 19.2944 8.73593 6.86148
    endloop
  endfacet
  facet normal 0.0519207 -0.792286 -0.607937
    outer loop
      vertex 19.2944 8.73593 6.86148
      vertex 19 8.73094 6.84284
      vertex 19 8.96983 6.53151
    endloop
  endfacet
  facet normal -0.0566555 -0.705971 -0.705971
    outer loop
      vertex -19 8.96983 6.53151
      vertex -19.3256 8.97535 6.55212
      vertex -19 9.24731 6.25403
    endloop
  endfacet
  facet normal -0.438466 -0.355949 -0.825256
    outer loop
      vertex -20.4712 10.0005 6.1997
      vertex -20.3789 10.3498 6
      vertex -20.262 10.2058 6
    endloop
  endfacet
  facet normal -0.4384 -0.35598 -0.825278
    outer loop
      vertex -20.3789 10.3498 6
      vertex -20.4712 10.0005 6.1997
      vertex -20.4968 10.3648 6.05616
    endloop
  endfacet
  facet normal -0.2971 -0.595488 -0.746408
    outer loop
      vertex -19.6964 9.27104 6.34259
      vertex -20.0871 9.6146 6.22401
      vertex -19.7353 9.58369 6.10864
    endloop
  endfacet
  facet normal -0.0169158 -0.999857 -0
    outer loop
      vertex -19 8.23177 8.70576
      vertex -19.1259 8.2339 8.32131
      vertex -19 8.23177 8.31334
    endloop
  endfacet
  facet normal -0.213042 -0.974612 -0.0688819
    outer loop
      vertex -19.4822 8.26521 8.43813
      vertex -19.8077 8.35396 8.18913
      vertex -19.6634 8.329 8.09599
    endloop
  endfacet
  facet normal -0.608356 -0.775964 0.166681
    outer loop
      vertex -20.6525 8.75963 8.94501
      vertex -20.978 9.04668 9.09332
      vertex -20.9611 8.97986 8.84393
    endloop
  endfacet
  facet normal -0.532272 -0.803033 -0.268002
    outer loop
      vertex -20.5693 8.73502 7.9302
      vertex -20.7894 8.95933 7.69522
      vertex -20.5949 8.90192 7.48095
    endloop
  endfacet
  facet normal 0 -0.866022 -0.500006
    outer loop
      vertex -19 8.73094 6.84284
      vertex 19 8.53473 7.18268
      vertex -19 8.53473 7.18268
    endloop
  endfacet
  facet normal 0 -0.866022 -0.500006
    outer loop
      vertex 19 8.53473 7.18268
      vertex -19 8.73094 6.84284
      vertex 19 8.73094 6.84284
    endloop
  endfacet
  facet normal -0.597007 -0.722682 -0.3483
    outer loop
      vertex -20.5949 8.90192 7.48095
      vertex -20.9789 9.22241 7.47417
      vertex -20.7638 9.15892 7.23721
    endloop
  endfacet
  facet normal -0.849855 -0.525905 -0.0342113
    outer loop
      vertex -21.4731 9.53116 8.62643
      vertex -21.6676 9.8528 8.51374
      vertex -21.4094 9.44833 8.31732
    endloop
  endfacet
  facet normal -0.712119 -0.6781 -0.181842
    outer loop
      vertex -21.0838 9.09131 8.18776
      vertex -21.3045 9.36837 8.01888
      vertex -21.1602 9.29263 7.73622
    endloop
  endfacet
  facet normal -0.499663 -0.844608 0.192287
    outer loop
      vertex -20.3269 8.62641 9.20593
      vertex -20.6525 8.75963 8.94501
      vertex -20.3155 8.58158 9.03864
    endloop
  endfacet
  facet normal -0.923853 -0.369705 0.0990619
    outer loop
      vertex -21.8408 25.823 66.7147
      vertex -21.8408 10.2939 8.75913
      vertex -21.6906 25.4728 66.8085
    endloop
  endfacet
  facet normal -0.965915 -0.25004 0.0669977
    outer loop
      vertex -21.8408 25.823 66.7147
      vertex -21.9424 26.1892 66.6166
      vertex -21.8408 10.2939 8.75913
    endloop
  endfacet
  facet normal -0.972419 -0.175913 -0.153151
    outer loop
      vertex -21.9172 10.5606 8.29006
      vertex -21.968 10.9347 8.18291
      vertex -21.8421 10.4629 7.92544
    endloop
  endfacet
  facet normal -0.963996 -0.265853 0.00585447
    outer loop
      vertex -21.8408 10.2939 8.75913
      vertex -21.9172 10.5606 8.29006
      vertex -21.8165 10.1979 8.40097
    endloop
  endfacet
  facet normal -0.7518 -0.653314 -0.0893229
    outer loop
      vertex -21.1787 9.16362 8.45762
      vertex -21.3045 9.36837 8.01888
      vertex -21.0838 9.09131 8.18776
    endloop
  endfacet
  facet normal -0.491148 -0.861351 0.1298
    outer loop
      vertex -20.3155 8.58158 9.03864
      vertex -20.6525 8.75963 8.94501
      vertex -20.2817 8.53753 8.87422
    endloop
  endfacet
  facet normal -0.0976392 -0.963201 -0.250421
    outer loop
      vertex -19.3434 8.29469 7.96795
      vertex -19.4314 8.39925 7.60009
      vertex -19.2175 8.38825 7.559
    endloop
  endfacet
  facet normal -0.523549 -0.741701 -0.419257
    outer loop
      vertex -20.5949 8.90192 7.48095
      vertex -20.7638 9.15892 7.23721
      vertex -20.3731 8.85157 7.29305
    endloop
  endfacet
  facet normal -0.48141 -0.668625 -0.566732
    outer loop
      vertex -20.5185 9.10324 7.02941
      vertex -20.6379 9.39121 6.79109
      vertex -20.2472 9.05632 6.85431
    endloop
  endfacet
  facet normal -0.383263 -0.683331 -0.621425
    outer loop
      vertex -19.9546 9.01897 6.71492
      vertex -20.2472 9.05632 6.85431
      vertex -20.0297 9.30032 6.45186
    endloop
  endfacet
  facet normal -0.108749 -0.976439 0.186386
    outer loop
      vertex -19.1557 8.30286 9.16897
      vertex -19.5069 8.30751 8.98842
      vertex -19.4643 8.29103 8.92694
    endloop
  endfacet
  facet normal 0.000233662 -0.965802 0.25928
    outer loop
      vertex -19.0256 8.28342 9.09644
      vertex -19.1557 8.30286 9.16897
      vertex -19.1387 8.29786 9.15033
    endloop
  endfacet
  facet normal -0.245559 -0.954461 0.169426
    outer loop
      vertex -19.5653 8.34404 9.12477
      vertex -19.8909 8.38584 8.88834
      vertex -19.5407 8.32528 9.05474
    endloop
  endfacet
  facet normal 0.00292546 -0.965836 0.259137
    outer loop
      vertex -19.1895 8.32063 9.23529
      vertex -19.1962 8.33377 9.28434
      vertex -19.1945 8.32714 9.25961
    endloop
  endfacet
  facet normal -0.25434 -0.946006 0.200955
    outer loop
      vertex -19.5803 8.36348 9.1973
      vertex -19.9561 8.44878 9.12322
      vertex -19.5653 8.34404 9.12477
    endloop
  endfacet
  facet normal -0.108824 -0.976403 0.186533
    outer loop
      vertex -19.1699 8.30838 9.18958
      vertex -19.5069 8.30751 8.98842
      vertex -19.1557 8.30286 9.16897
    endloop
  endfacet
  facet normal -0.442208 -0.232081 -0.866366
    outer loop
      vertex -20.3789 10.3498 6
      vertex -20.4968 10.3648 6.05616
      vertex -20.4899 10.5613 6
    endloop
  endfacet
  facet normal -0.441002 -0.232283 -0.866927
    outer loop
      vertex -20.4899 10.5613 6
      vertex -20.4968 10.3648 6.05616
      vertex -20.4968 10.5744 6
    endloop
  endfacet
  facet normal -0.550804 -0.339203 -0.762598
    outer loop
      vertex -20.7912 10.0558 6.40624
      vertex -20.8224 10.4211 6.26629
      vertex -20.4968 10.3648 6.05616
    endloop
  endfacet
  facet normal -0.849917 0.52581 0.0341316
    outer loop
      vertex -21.4731 38.1079 63.76
      vertex -21.5989 37.8756 64.2061
      vertex -21.4094 38.1908 64.0691
    endloop
  endfacet
  facet normal -0.82054 0.554173 0.140021
    outer loop
      vertex -21.4094 38.1908 64.0691
      vertex -21.5989 37.8756 64.2061
      vertex -21.3045 38.2707 64.3676
    endloop
  endfacet
  facet normal -0.938861 0.208312 0.274129
    outer loop
      vertex -21.7184 37.2705 64.813
      vertex -21.8421 37.1762 64.461
      vertex -21.7657 36.8998 64.9327
    endloop
  endfacet
  facet normal -0.889278 0.239322 0.389756
    outer loop
      vertex -21.7184 37.2705 64.813
      vertex -21.7657 36.8998 64.9327
      vertex -21.5482 37.3598 65.1465
    endloop
  endfacet
  facet normal -0.875042 0.446003 0.188104
    outer loop
      vertex -21.5989 37.8756 64.2061
      vertex -21.744 37.5355 64.3375
      vertex -21.6245 37.6266 64.6774
    endloop
  endfacet
  facet normal -0.963996 0.265854 -0.0058539
    outer loop
      vertex -21.8408 37.3452 63.6273
      vertex -21.9172 37.0785 64.0964
      vertex -21.8165 37.4412 63.9855
    endloop
  endfacet
  facet normal 0.114648 -0.993085 0.0252736
    outer loop
      vertex 19.4822 8.26521 8.43813
      vertex 19.2926 8.25206 8.7815
      vertex 19.369 8.25077 8.38424
    endloop
  endfacet
  facet normal 0.0256259 -0.990824 0.132706
    outer loop
      vertex 19.0508 8.28472 9.10128
      vertex 19.0256 8.28342 9.09644
      vertex 19.1515 8.23693 8.72502
    endloop
  endfacet
  facet normal 0.170912 -0.983364 0.0615191
    outer loop
      vertex 19.6819 8.30487 8.58616
      vertex 19.3563 8.26307 8.82258
      vertex 19.587 8.28335 8.50582
    endloop
  endfacet
  facet normal 0.144187 -0.988671 0.0417151
    outer loop
      vertex 19.587 8.28335 8.50582
      vertex 19.3563 8.26307 8.82258
      vertex 19.4822 8.26521 8.43813
    endloop
  endfacet
  facet normal 6.29755e-05 -0.965935 0.258784
    outer loop
      vertex 19.1895 8.32063 9.23529
      vertex 19.0256 8.28342 9.09644
      vertex 19.1557 8.30286 9.16897
    endloop
  endfacet
  facet normal 0.0505078 -0.998714 0.00429295
    outer loop
      vertex 19.1515 8.23693 8.72502
      vertex 19.0764 8.23307 8.7106
      vertex 19.1259 8.2339 8.32131
    endloop
  endfacet
  facet normal 0.0506054 -0.99871 0.00428672
    outer loop
      vertex 19.1515 8.23693 8.72502
      vertex 19.1259 8.2339 8.32131
      vertex 19.2496 8.24027 8.34508
    endloop
  endfacet
  facet normal 0.0576457 -0.988019 0.143161
    outer loop
      vertex 19.0981 8.28979 9.12021
      vertex 19.0751 8.28686 9.10925
      vertex 19.2926 8.25206 8.7815
    endloop
  endfacet
  facet normal 3.94535e-05 -0.965821 0.259209
    outer loop
      vertex 19.0751 8.28686 9.10925
      vertex 19.0256 8.28342 9.09644
      vertex 19.0508 8.28472 9.10128
    endloop
  endfacet
  facet normal 0.0982646 -0.979974 0.173192
    outer loop
      vertex 19.4643 8.29103 8.92694
      vertex 19.1557 8.30286 9.16897
      vertex 19.4138 8.27614 8.87134
    endloop
  endfacet
  facet normal 0.194908 -0.977161 0.0846598
    outer loop
      vertex 19.4643 8.29103 8.92694
      vertex 19.4138 8.27614 8.87134
      vertex 19.765 8.32942 8.67776
    endloop
  endfacet
  facet normal 0.401938 -0.884352 -0.237417
    outer loop
      vertex 20.3987 8.68468 7.7423
      vertex 20.0146 8.4737 7.87791
      vertex 20.2042 8.64052 7.57751
    endloop
  endfacet
  facet normal 0.466799 -0.819997 -0.331217
    outer loop
      vertex 20.3987 8.68468 7.7423
      vertex 20.2042 8.64052 7.57751
      vertex 20.3731 8.85157 7.29305
    endloop
  endfacet
  facet normal 0.506909 -0.853338 -0.121891
    outer loop
      vertex 20.713 8.7907 8.138
      vertex 20.4434 8.60024 8.35019
      vertex 20.5693 8.73502 7.9302
    endloop
  endfacet
  facet normal 0.712086 -0.67813 -0.181862
    outer loop
      vertex 21.0838 9.09131 8.18776
      vertex 20.9533 9.02282 7.93217
      vertex 21.1602 9.29263 7.73622
    endloop
  endfacet
  facet normal 0.449185 -0.893383 0.00995689
    outer loop
      vertex 20.2259 8.49499 8.71546
      vertex 20.1491 8.4547 8.56511
      vertex 20.5398 8.65085 8.53906
    endloop
  endfacet
  facet normal 0.449193 -0.893377 0.0101215
    outer loop
      vertex 20.5398 8.65085 8.53906
      vertex 20.1491 8.4547 8.56511
      vertex 20.4434 8.60024 8.35019
    endloop
  endfacet
  facet normal 0.947493 -0.298297 -0.115225
    outer loop
      vertex 21.8165 10.1979 8.40097
      vertex 21.744 10.1036 8.04893
      vertex 21.8421 10.4629 7.92544
    endloop
  endfacet
  facet normal 0.946892 -0.083224 -0.310594
    outer loop
      vertex 21.8916 10.8353 7.81194
      vertex 21.8442 17.0582 6
      vertex 21.8916 17.5975 6
    endloop
  endfacet
  facet normal 0.94691 -0.0832096 -0.310545
    outer loop
      vertex 21.8442 17.0582 6
      vertex 21.8916 10.8353 7.81194
      vertex 21.7657 10.7393 7.45377
    endloop
  endfacet
  facet normal 0.896932 -0.11444 -0.427102
    outer loop
      vertex 21.7657 10.7393 7.45377
      vertex 21.6826 15.5136 6
      vertex 21.7657 16.1649 6
    endloop
  endfacet
  facet normal 0.550804 -0.339203 -0.762598
    outer loop
      vertex 20.7912 10.0558 6.40624
      vertex 20.4968 10.3648 6.05616
      vertex 20.8224 10.4211 6.26629
    endloop
  endfacet
  facet normal 0.550822 -0.339182 -0.762595
    outer loop
      vertex 20.7912 10.0558 6.40624
      vertex 20.4712 10.0005 6.1997
      vertex 20.4968 10.3648 6.05616
    endloop
  endfacet
  facet normal 0.571345 -0.650756 -0.500082
    outer loop
      vertex 20.7638 9.15892 7.23721
      vertex 20.5185 9.10324 7.02941
      vertex 20.6379 9.39121 6.79109
    endloop
  endfacet
  facet normal 0.523539 -0.741694 -0.419282
    outer loop
      vertex 20.7638 9.15892 7.23721
      vertex 20.3731 8.85157 7.29305
      vertex 20.5185 9.10324 7.02941
    endloop
  endfacet
  facet normal 0.694886 -0.526543 -0.489782
    outer loop
      vertex 21.2537 9.84629 7.0887
      vertex 20.9026 9.45127 7.01524
      vertex 21.0087 9.77398 6.81884
    endloop
  endfacet
  facet normal 0.694923 -0.526596 -0.489673
    outer loop
      vertex 21.1346 9.51976 7.27083
      vertex 20.9026 9.45127 7.01524
      vertex 21.2537 9.84629 7.0887
    endloop
  endfacet
  facet normal 0.90637 -0.322446 0.272986
    outer loop
      vertex 21.744 26.0133 67.4249
      vertex 21.5989 25.6531 67.4812
      vertex 21.8165 25.919 67.0728
    endloop
  endfacet
  facet normal 0.947519 -0.200697 0.248852
    outer loop
      vertex 21.8421 26.3863 67.3522
      vertex 21.744 26.0133 67.4249
      vertex 21.8165 25.919 67.0728
    endloop
  endfacet
  facet normal 0.896808 -0.114516 -0.427343
    outer loop
      vertex 21.7657 10.7393 7.45377
      vertex 21.5925 14.808 6
      vertex 21.6826 15.5136 6
    endloop
  endfacet
  facet normal 0.896864 -0.114475 -0.427235
    outer loop
      vertex 21.5925 14.808 6
      vertex 21.7657 10.7393 7.45377
      vertex 21.5925 10.6484 7.11454
    endloop
  endfacet
  facet normal 0.824304 -0.268292 -0.498541
    outer loop
      vertex 21.5482 10.2792 7.23998
      vertex 21.3343 10.1964 6.93087
      vertex 21.5925 10.6484 7.11454
    endloop
  endfacet
  facet normal 0.768384 -0.501813 -0.397203
    outer loop
      vertex 21.4602 9.92626 7.38714
      vertex 21.1346 9.51976 7.27083
      vertex 21.2537 9.84629 7.0887
    endloop
  endfacet
  facet normal 0.651493 -0.63011 -0.422514
    outer loop
      vertex 21.1346 9.51976 7.27083
      vertex 20.7638 9.15892 7.23721
      vertex 20.9026 9.45127 7.01524
    endloop
  endfacet
  facet normal -0.00186572 -0.96271 0.270529
    outer loop
      vertex -19.0256 23.9133 67.4278
      vertex -19.0508 23.912 67.423
      vertex -19 23.9137 67.4294
    endloop
  endfacet
  facet normal -0.00947442 -0.923882 0.382561
    outer loop
      vertex -19 23.9137 67.4294
      vertex -19.0764 24.0626 67.7871
      vertex -19.0256 23.9133 67.4278
    endloop
  endfacet
  facet normal -0.0832418 -0.869247 0.48732
    outer loop
      vertex -19.1515 24.0587 67.7727
      vertex -19.369 24.2411 68.0609
      vertex -19.224 24.0523 67.7489
    endloop
  endfacet
  facet normal -0.011533 -0.960689 0.277387
    outer loop
      vertex -19.0981 23.9069 67.404
      vertex -19.1194 23.9032 67.3903
      vertex -19.0751 23.9098 67.415
    endloop
  endfacet
  facet normal 0.117823 -0.942824 0.311771
    outer loop
      vertex 19.5069 23.9881 67.5093
      vertex 19.1813 23.8823 67.3124
      vertex 19.5407 23.9704 67.443
    endloop
  endfacet
  facet normal 0.245464 -0.911155 0.330973
    outer loop
      vertex 19.9315 24.0751 67.4414
      vertex 19.5407 23.9704 67.443
      vertex 19.5653 23.9516 67.373
    endloop
  endfacet
  facet normal 0.416519 -0.764164 0.492509
    outer loop
      vertex 20.4434 24.5608 67.9157
      vertex 20.0527 24.3646 67.9417
      vertex 20.1491 24.3273 67.8023
    endloop
  endfacet
  facet normal 0.288036 -0.826605 0.483487
    outer loop
      vertex 19.9382 24.3984 68.0677
      vertex 19.765 24.1624 67.7674
      vertex 20.0527 24.3646 67.9417
    endloop
  endfacet
  facet normal 0.0245659 -0.793076 0.608628
    outer loop
      vertex 19 24.499 68.4431
      vertex 19 24.2601 68.1318
      vertex 19.1732 24.496 68.4322
    endloop
  endfacet
  facet normal 0.169281 -0.802935 0.571524
    outer loop
      vertex 19.6634 24.453 68.2714
      vertex 19.369 24.2411 68.0609
      vertex 19.4822 24.2266 68.007
    endloop
  endfacet
  facet normal 0.215342 -0.89553 0.389428
    outer loop
      vertex 19.765 24.1624 67.7674
      vertex 19.4643 24.0046 67.5708
      vertex 19.5069 23.9881 67.5093
    endloop
  endfacet
  facet normal 0.288161 -0.826604 0.483413
    outer loop
      vertex 19.9382 24.3984 68.0677
      vertex 19.6819 24.187 67.859
      vertex 19.765 24.1624 67.7674
    endloop
  endfacet
  facet normal 0.252769 -0.817438 0.517593
    outer loop
      vertex 19.9382 24.3984 68.0677
      vertex 19.587 24.2085 67.9393
      vertex 19.6819 24.187 67.859
    endloop
  endfacet
  facet normal 0.000576619 -0.96534 0.260995
    outer loop
      vertex 19.0508 23.912 67.423
      vertex 19 23.9137 67.4294
      vertex 19.1194 23.9032 67.3903
    endloop
  endfacet
  facet normal 0.0832418 -0.869247 0.48732
    outer loop
      vertex 19.369 24.2411 68.0609
      vertex 19.1515 24.0587 67.7727
      vertex 19.224 24.0523 67.7489
    endloop
  endfacet
  facet normal 0.500014 -0.836508 0.224142
    outer loop
      vertex 20.6667 24.3451 67.1107
      vertex 20.3269 24.1556 67.1615
      vertex 20.6667 8.81593 9.15515
    endloop
  endfacet
  facet normal 0.577164 -0.714899 0.394716
    outer loop
      vertex 20.9106 24.7083 67.5434
      vertex 20.5398 24.5102 67.7268
      vertex 20.6099 24.4567 67.5274
    endloop
  endfacet
  facet normal 0.597898 -0.734928 0.32
    outer loop
      vertex 20.9106 24.7083 67.5434
      vertex 20.6099 24.4567 67.5274
      vertex 20.6525 24.4014 67.3208
    endloop
  endfacet
  facet normal 0.474164 -0.7943 0.379809
    outer loop
      vertex 20.5398 24.5102 67.7268
      vertex 20.2259 24.287 67.6519
      vertex 20.6099 24.4567 67.5274
    endloop
  endfacet
  facet normal -0.49969 -0.827613 0.25567
    outer loop
      vertex -20.3155 24.2004 67.3288
      vertex -20.6525 24.4014 67.3208
      vertex -20.3269 24.1556 67.1615
    endloop
  endfacet
  facet normal -0.706411 -0.670279 0.227398
    outer loop
      vertex -20.9611 24.6426 67.2983
      vertex -21.2555 24.8439 66.9771
      vertex -20.978 24.5758 67.0489
    endloop
  endfacet
  facet normal -0.670269 -0.623492 0.402488
    outer loop
      vertex -20.8275 24.7717 67.78
      vertex -21.1787 24.9949 67.5409
      vertex -20.9106 24.7083 67.5434
    endloop
  endfacet
  facet normal -0.694155 -0.646588 0.316343
    outer loop
      vertex -20.9106 24.7083 67.5434
      vertex -21.1787 24.9949 67.5409
      vertex -20.9611 24.6426 67.2983
    endloop
  endfacet
  facet normal -0.491164 -0.810826 0.318307
    outer loop
      vertex -20.6099 24.4567 67.5274
      vertex -20.6525 24.4014 67.3208
      vertex -20.3155 24.2004 67.3288
    endloop
  endfacet
  facet normal -0.597777 -0.734951 0.320171
    outer loop
      vertex -20.9106 24.7083 67.5434
      vertex -20.9611 24.6426 67.2983
      vertex -20.6525 24.4014 67.3208
    endloop
  endfacet
  facet normal -0.532314 -0.561501 0.633529
    outer loop
      vertex -20.5949 25.2566 68.5176
      vertex -20.7894 25.1992 68.3033
      vertex -20.3987 24.9378 68.3999
    endloop
  endfacet
  facet normal -0.546642 -0.695907 0.46572
    outer loop
      vertex -20.713 24.8318 68.0042
      vertex -20.8275 24.7717 67.78
      vertex -20.4434 24.5608 67.9157
    endloop
  endfacet
  facet normal -0.77709 -0.382986 0.499452
    outer loop
      vertex -21.3301 25.821 68.108
      vertex -21.4858 25.7393 67.8031
      vertex -21.1602 25.4674 68.1012
    endloop
  endfacet
  facet normal -0.828803 -0.263214 0.493766
    outer loop
      vertex -21.4602 26.1907 68.0867
      vertex -21.4858 25.7393 67.8031
      vertex -21.3301 25.821 68.108
    endloop
  endfacet
  facet normal -0.115303 -0.872876 0.474123
    outer loop
      vertex -19.224 24.0523 67.7489
      vertex -19.4822 24.2266 68.007
      vertex -19.2926 24.0436 67.7162
    endloop
  endfacet
  facet normal -0.221974 -0.719926 0.657597
    outer loop
      vertex -19.5078 24.4728 68.3456
      vertex -19.8334 24.7187 68.5049
      vertex -19.6634 24.453 68.2714
    endloop
  endfacet
  facet normal -0.383168 -0.28096 0.879911
    outer loop
      vertex -20.0297 26.1162 69.2096
      vertex -20.3453 26.0759 69.0593
      vertex -19.9546 25.741 69.1225
    endloop
  endfacet
  facet normal -0.532296 -0.561453 0.633586
    outer loop
      vertex -20.3987 24.9378 68.3999
      vertex -20.7894 25.1992 68.3033
      vertex -20.5693 24.8875 68.212
    endloop
  endfacet
  facet normal -0.720402 -0.357572 0.594276
    outer loop
      vertex -21.1346 25.8968 68.3906
      vertex -21.3301 25.821 68.108
      vertex -21.1602 25.4674 68.1012
    endloop
  endfacet
  facet normal -0.720374 -0.357589 0.5943
    outer loop
      vertex -21.1346 25.8968 68.3906
      vertex -21.1602 25.4674 68.1012
      vertex -20.9789 25.5376 68.3632
    endloop
  endfacet
  facet normal -0.712125 -0.496289 0.496563
    outer loop
      vertex -21.1602 25.4674 68.1012
      vertex -21.3045 25.3916 67.8185
      vertex -20.9533 25.1357 68.0664
    endloop
  endfacet
  facet normal -0.712127 -0.49642 0.49643
    outer loop
      vertex -20.9533 25.1357 68.0664
      vertex -21.3045 25.3916 67.8185
      vertex -21.0838 25.0673 67.8108
    endloop
  endfacet
  facet normal -0.660145 -0.472964 0.583536
    outer loop
      vertex -20.9789 25.5376 68.3632
      vertex -21.1602 25.4674 68.1012
      vertex -20.7894 25.1992 68.3033
    endloop
  endfacet
  facet normal -0.597074 -0.451699 0.662926
    outer loop
      vertex -20.7638 25.6011 68.6002
      vertex -20.9789 25.5376 68.3632
      vertex -20.7894 25.1992 68.3033
    endloop
  endfacet
  facet normal -0.0983778 -0.935268 0.339992
    outer loop
      vertex -19.4138 24.0195 67.6264
      vertex -19.4643 24.0046 67.5708
      vertex -19.1557 23.8938 67.3553
    endloop
  endfacet
  facet normal -0.0976444 -0.935117 0.34062
    outer loop
      vertex -19.1387 23.8988 67.3739
      vertex -19.4138 24.0195 67.6264
      vertex -19.1557 23.8938 67.3553
    endloop
  endfacet
  facet normal -0.108556 -0.93875 0.327055
    outer loop
      vertex -19.4643 24.0046 67.5708
      vertex -19.5069 23.9881 67.5093
      vertex -19.1699 23.8883 67.3347
    endloop
  endfacet
  facet normal -0.215342 -0.89553 0.389428
    outer loop
      vertex -19.4643 24.0046 67.5708
      vertex -19.765 24.1624 67.7674
      vertex -19.5069 23.9881 67.5093
    endloop
  endfacet
  facet normal -0.23265 -0.90313 0.360874
    outer loop
      vertex -19.8351 24.1353 67.6661
      vertex -19.8909 24.106 67.5568
      vertex -19.5069 23.9881 67.5093
    endloop
  endfacet
  facet normal -0.215854 -0.895607 0.388967
    outer loop
      vertex -19.765 24.1624 67.7674
      vertex -19.8351 24.1353 67.6661
      vertex -19.5069 23.9881 67.5093
    endloop
  endfacet
  facet normal -0.416482 -0.764065 0.492694
    outer loop
      vertex -20.3223 24.6077 68.0908
      vertex -20.4434 24.5608 67.9157
      vertex -20.0527 24.3646 67.9417
    endloop
  endfacet
  facet normal -0.376392 -0.750669 0.542979
    outer loop
      vertex -20.1785 24.6501 68.2491
      vertex -20.3223 24.6077 68.0908
      vertex -19.9382 24.3984 68.0677
    endloop
  endfacet
  facet normal -0.160756 -0.713273 0.682202
    outer loop
      vertex -19.3434 24.4873 68.3995
      vertex -19.6378 24.7436 68.5981
      vertex -19.5078 24.4728 68.3456
    endloop
  endfacet
  facet normal -0.221792 -0.719809 0.657787
    outer loop
      vertex -19.6378 24.7436 68.5981
      vertex -19.8334 24.7187 68.5049
      vertex -19.5078 24.4728 68.3456
    endloop
  endfacet
  facet normal -0.0508009 -0.867046 0.495631
    outer loop
      vertex -19.1259 24.2579 68.1238
      vertex -19.2496 24.2516 68.1001
      vertex -19.1515 24.0587 67.7727
    endloop
  endfacet
  facet normal -0.0749043 -0.794799 0.602232
    outer loop
      vertex -19.1259 24.2579 68.1238
      vertex -19.3434 24.4873 68.3995
      vertex -19.2496 24.2516 68.1001
    endloop
  endfacet
  facet normal -0.0322541 -0.70651 0.706967
    outer loop
      vertex -19 24.499 68.4431
      vertex -19.2175 24.7728 68.7068
      vertex -19.1732 24.496 68.4322
    endloop
  endfacet
  facet normal -0.0979949 -0.708751 0.69862
    outer loop
      vertex -19.2175 24.7728 68.7068
      vertex -19.3434 24.4873 68.3995
      vertex -19.1732 24.496 68.4322
    endloop
  endfacet
  facet normal 0 -0.707107 0.707107
    outer loop
      vertex -19 24.499 68.4431
      vertex 19 24.7765 68.7206
      vertex -19 24.7765 68.7206
    endloop
  endfacet
  facet normal 0 -0.707107 0.707107
    outer loop
      vertex 19 24.7765 68.7206
      vertex -19 24.499 68.4431
      vertex 19 24.499 68.4431
    endloop
  endfacet
  facet normal 0 -0.608811 0.793315
    outer loop
      vertex -19 25.0878 68.9595
      vertex 19 24.7765 68.7206
      vertex 19 25.0878 68.9595
    endloop
  endfacet
  facet normal 0 -0.608811 0.793315
    outer loop
      vertex 19 24.7765 68.7206
      vertex -19 25.0878 68.9595
      vertex -19 24.7765 68.7206
    endloop
  endfacet
  facet normal 0.195046 0.253843 0.947376
    outer loop
      vertex 19.3907 37.3714 66.693
      vertex 19.3907 27.3331 69.3827
      vertex 19.7748 37.3517 66.6192
    endloop
  endfacet
  facet normal 0.0648328 0.381941 0.92191
    outer loop
      vertex 19.3841 37.7341 66.5432
      vertex 19 37.3781 66.7177
      vertex 19.3907 37.3714 66.693
    endloop
  endfacet
  facet normal 0.31866 0.117204 0.940595
    outer loop
      vertex 20.1456 27.2808 69.1873
      vertex 19.7615 26.9247 69.3618
      vertex 20.126 26.8927 69.2423
    endloop
  endfacet
  facet normal 0.318748 0.117101 0.940578
    outer loop
      vertex 19.7748 27.3134 69.3089
      vertex 19.7615 26.9247 69.3618
      vertex 20.1456 27.2808 69.1873
    endloop
  endfacet
  facet normal 0.180122 0.603573 0.776696
    outer loop
      vertex 19.6964 38.3681 66.0439
      vertex 19.3512 38.3858 66.1102
      vertex 19.3708 38.0742 66.3478
    endloop
  endfacet
  facet normal 0.060512 0.607644 0.791901
    outer loop
      vertex 19.3512 38.3858 66.1102
      vertex 19 38.0805 66.3713
      vertex 19.3708 38.0742 66.3478
    endloop
  endfacet
  facet normal -0.310585 0.486332 0.816712
    outer loop
      vertex -20.0871 38.0245 66.1624
      vertex -20.126 37.6826 66.3512
      vertex -19.7615 37.7147 66.4707
    endloop
  endfacet
  facet normal -0.310619 0.486301 0.816717
    outer loop
      vertex -19.7353 38.0554 66.2778
      vertex -20.0871 38.0245 66.1624
      vertex -19.7615 37.7147 66.4707
    endloop
  endfacet
  facet normal -0.27857 0.694657 0.663212
    outer loop
      vertex -19.6456 38.6473 65.7728
      vertex -19.9546 38.6201 65.6715
      vertex -19.6964 38.3681 66.0439
    endloop
  endfacet
  facet normal -0.168906 0.702261 0.691593
    outer loop
      vertex -19.6456 38.6473 65.7728
      vertex -19.6964 38.3681 66.0439
      vertex -19.3256 38.6637 65.8343
    endloop
  endfacet
  facet normal 0.849917 0.52581 0.0341316
    outer loop
      vertex 21.4731 38.1079 63.76
      vertex 21.4094 38.1908 64.0691
      vertex 21.5989 37.8756 64.2061
    endloop
  endfacet
  facet normal 0.864645 0.496835 -0.0744566
    outer loop
      vertex 21.4944 38.0237 63.4455
      vertex 21.4731 38.1079 63.76
      vertex 21.6676 37.7863 63.8727
    endloop
  endfacet
  facet normal 0.49974 0.844601 -0.192117
    outer loop
      vertex 20.3269 39.0127 63.1805
      vertex 20.3155 39.0575 63.3478
      vertex 20.6667 38.8232 63.2313
    endloop
  endfacet
  facet normal 0.597999 0.796442 -0.0898763
    outer loop
      vertex 20.6525 38.8795 63.4414
      vertex 20.6099 38.9348 63.648
      vertex 20.9611 38.6592 63.5425
    endloop
  endfacet
  facet normal 0.24564 0.954341 -0.169984
    outer loop
      vertex 19.5653 39.295 63.2617
      vertex 19.5407 39.3138 63.3317
      vertex 19.8909 39.2533 63.4981
    endloop
  endfacet
  facet normal 0.416391 0.908071 0.0450038
    outer loop
      vertex 20.1491 39.1844 63.8214
      vertex 20.0527 39.2217 63.9607
      vertex 20.4434 39.0388 64.0363
    endloop
  endfacet
  facet normal 0.532215 0.803093 0.267934
    outer loop
      vertex 20.7894 38.6798 64.6912
      vertex 20.3987 38.9544 64.6442
      vertex 20.5949 38.7372 64.9055
    endloop
  endfacet
  facet normal 0.449251 0.89335 -0.00997052
    outer loop
      vertex 20.2259 39.1441 63.671
      vertex 20.1491 39.1844 63.8214
      vertex 20.4434 39.0388 64.0363
    endloop
  endfacet
  facet normal 0.123295 0.986096 0.111413
    outer loop
      vertex 19.369 39.3883 64.0022
      vertex 19.2496 39.3988 64.0414
      vertex 19.5078 39.33 64.3646
    endloop
  endfacet
  facet normal 0.252668 0.966749 0.0394336
    outer loop
      vertex 19.9382 39.2555 64.0868
      vertex 19.587 39.3557 63.8806
      vertex 19.8077 39.2851 64.1973
    endloop
  endfacet
  facet normal 0.0462435 0.865153 0.499372
    outer loop
      vertex 19.2582 39.1 65.1874
      vertex 19 38.9082 65.5436
      vertex 19.2944 38.9032 65.525
    endloop
  endfacet
  facet normal 0.13808 0.862022 0.4877
    outer loop
      vertex 19.5838 38.8883 65.4694
      vertex 19.2582 39.1 65.1874
      vertex 19.2944 38.9032 65.525
    endloop
  endfacet
  facet normal 0.571359 0.650786 0.500026
    outer loop
      vertex 20.7638 38.4802 65.1492
      vertex 20.5185 38.5359 65.357
      vertex 20.6379 38.2479 65.5954
    endloop
  endfacet
  facet normal 0.466629 0.820065 0.331288
    outer loop
      vertex 20.3987 38.9544 64.6442
      vertex 20.3731 38.7875 65.0934
      vertex 20.5949 38.7372 64.9055
    endloop
  endfacet
  facet normal 0.330116 0.933559 0.139608
    outer loop
      vertex 20.1785 39.1282 64.3697
      vertex 19.8077 39.2851 64.1973
      vertex 20.0146 39.1654 64.5085
    endloop
  endfacet
  facet normal 0.401957 0.884361 0.237352
    outer loop
      vertex 20.3987 38.9544 64.6442
      vertex 20.0146 39.1654 64.5085
      vertex 20.2042 38.9986 64.8089
    endloop
  endfacet
  facet normal 0.278555 0.694666 0.663209
    outer loop
      vertex 19.9546 38.6201 65.6715
      vertex 19.6964 38.3681 66.0439
      vertex 20.0297 38.3388 65.9346
    endloop
  endfacet
  facet normal 0.154767 0.788707 0.59497
    outer loop
      vertex 19.5838 38.8883 65.4694
      vertex 19.3256 38.6637 65.8343
      vertex 19.6456 38.6473 65.7728
    endloop
  endfacet
  facet normal 0.393268 0.834573 0.385783
    outer loop
      vertex 20.2042 38.9986 64.8089
      vertex 19.989 39.0358 64.9478
      vertex 20.3731 38.7875 65.0934
    endloop
  endfacet
  facet normal 0.338568 0.896955 0.284328
    outer loop
      vertex 20.2042 38.9986 64.8089
      vertex 19.8334 39.1967 64.6255
      vertex 19.989 39.0358 64.9478
    endloop
  endfacet
  facet normal 0.351109 0.771528 0.530534
    outer loop
      vertex 20.2472 38.5828 65.5321
      vertex 19.8631 38.8637 65.3778
      vertex 19.9546 38.6201 65.6715
    endloop
  endfacet
  facet normal 0.383193 0.683317 0.621483
    outer loop
      vertex 20.2472 38.5828 65.5321
      vertex 19.9546 38.6201 65.6715
      vertex 20.3453 38.2985 65.7842
    endloop
  endfacet
  facet normal -0.946908 -0.0832109 -0.31055
    outer loop
      vertex -21.7657 10.7393 7.45377
      vertex -21.8442 17.0582 6
      vertex -21.7657 16.1649 6
    endloop
  endfacet
  facet normal -0.989366 -0.142544 -0.0289241
    outer loop
      vertex -21.9424 10.66 8.66103
      vertex -21.9936 11.0358 8.56033
      vertex -21.968 10.9347 8.18291
    endloop
  endfacet
  facet normal -0.991452 -0.126029 0.0337695
    outer loop
      vertex -21.9424 26.1892 66.6166
      vertex -21.9936 11.0358 8.56033
      vertex -21.9424 10.66 8.66103
    endloop
  endfacet
  facet normal -0.609343 -0.189184 0.770007
    outer loop
      vertex -20.7294 26.4063 68.8916
      vertex -21.0087 26.3429 68.655
      vertex -20.6379 26.0253 68.8704
    endloop
  endfacet
  facet normal -0.513353 -0.17009 0.841153
    outer loop
      vertex -20.4204 26.4598 69.091
      vertex -20.7294 26.4063 68.8916
      vertex -20.6379 26.0253 68.8704
    endloop
  endfacet
  facet normal -0.938814 -0.0433466 0.341687
    outer loop
      vertex -21.7657 26.8615 67.6224
      vertex -21.8916 26.7655 67.2643
      vertex -21.8421 26.3863 67.3522
    endloop
  endfacet
  facet normal -0.972422 -0.0758108 0.220562
    outer loop
      vertex -21.8916 26.7655 67.2643
      vertex -21.968 26.6661 66.8933
      vertex -21.8421 26.3863 67.3522
    endloop
  endfacet
  facet normal -0.313178 0.846517 0.430499
    outer loop
      vertex -19.989 39.0358 64.9478
      vertex -20.1278 38.8299 65.2517
      vertex -19.8631 38.8637 65.3778
    endloop
  endfacet
  facet normal -0.393243 0.834562 0.385831
    outer loop
      vertex -19.989 39.0358 64.9478
      vertex -20.3731 38.7875 65.0934
      vertex -20.1278 38.8299 65.2517
    endloop
  endfacet
  facet normal -0.143963 0.988713 -0.0414945
    outer loop
      vertex -19.3563 39.376 63.5639
      vertex -19.587 39.3557 63.8806
      vertex -19.2926 39.387 63.605
    endloop
  endfacet
  facet normal -0.0725748 0.985811 -0.15136
    outer loop
      vertex -19.0981 39.3493 63.2662
      vertex -19.3563 39.376 63.5639
      vertex -19.2926 39.387 63.605
    endloop
  endfacet
  facet normal -0.160875 0.958804 0.234123
    outer loop
      vertex -19.3434 39.3444 64.4185
      vertex -19.6378 39.2217 64.7187
      vertex -19.4314 39.2398 64.7864
    endloop
  endfacet
  facet normal -0.0979131 0.963172 0.250425
    outer loop
      vertex -19.3434 39.3444 64.4185
      vertex -19.4314 39.2398 64.7864
      vertex -19.1732 39.3532 64.4512
    endloop
  endfacet
  facet normal -0.128627 0.963399 -0.235197
    outer loop
      vertex -19.1945 39.3119 63.1269
      vertex -19.5803 39.2756 63.1892
      vertex -19.1895 39.3185 63.1512
    endloop
  endfacet
  facet normal -0.128368 0.964333 -0.231483
    outer loop
      vertex -19.1895 39.3185 63.1512
      vertex -19.5803 39.2756 63.1892
      vertex -19.5653 39.295 63.2617
    endloop
  endfacet
  facet normal 0.513353 -0.17009 0.841153
    outer loop
      vertex 20.7294 26.4063 68.8916
      vertex 20.4204 26.4598 69.091
      vertex 20.6379 26.0253 68.8704
    endloop
  endfacet
  facet normal 0.513587 -0.169918 0.841045
    outer loop
      vertex 20.4204 26.4598 69.091
      vertex 20.3453 26.0759 69.0593
      vertex 20.6379 26.0253 68.8704
    endloop
  endfacet
  facet normal 0.597097 -0.451687 0.662913
    outer loop
      vertex 20.7638 25.6011 68.6002
      vertex 20.5949 25.2566 68.5176
      vertex 20.7894 25.1992 68.3033
    endloop
  endfacet
  facet normal 0.546645 -0.696101 0.465428
    outer loop
      vertex 20.8275 24.7717 67.78
      vertex 20.4434 24.5608 67.9157
      vertex 20.5398 24.5102 67.7268
    endloop
  endfacet
  facet normal 0.84981 -0.438351 0.292696
    outer loop
      vertex 21.5989 25.6531 67.4812
      vertex 21.4094 25.3117 67.5201
      vertex 21.4731 25.2288 67.211
    endloop
  endfacet
  facet normal 0.720402 -0.357572 0.594276
    outer loop
      vertex 21.3301 25.821 68.108
      vertex 21.1346 25.8968 68.3906
      vertex 21.1602 25.4674 68.1012
    endloop
  endfacet
  facet normal 0.694155 -0.646588 0.316343
    outer loop
      vertex 21.1787 24.9949 67.5409
      vertex 20.9106 24.7083 67.5434
      vertex 20.9611 24.6426 67.2983
    endloop
  endfacet
  facet normal 0.376033 -0.872809 0.311132
    outer loop
      vertex 20.3155 24.2004 67.3288
      vertex 19.9315 24.0751 67.4414
      vertex 19.9561 24.0431 67.3219
    endloop
  endfacet
  facet normal 0.65149 0.630011 0.422667
    outer loop
      vertex 20.9789 38.4167 64.9123
      vertex 20.7638 38.4802 65.1492
      vertex 21.1346 38.1193 65.1156
    endloop
  endfacet
  facet normal 0.596975 0.722697 0.348325
    outer loop
      vertex 20.7894 38.6798 64.6912
      vertex 20.7638 38.4802 65.1492
      vertex 20.9789 38.4167 64.9123
    endloop
  endfacet
  facet normal 0.726227 0.414585 0.548373
    outer loop
      vertex 21.2537 37.7928 65.2978
      vertex 21.0087 37.8651 65.5676
      vertex 21.0806 37.5176 65.7351
    endloop
  endfacet
  facet normal 0.726401 0.414369 0.548306
    outer loop
      vertex 21.2537 37.7928 65.2978
      vertex 21.0806 37.5176 65.7351
      vertex 21.3343 37.4427 65.4556
    endloop
  endfacet
  facet normal -0.297096 -0.142472 0.944159
    outer loop
      vertex -19.6964 26.1455 69.3189
      vertex -20.0871 26.5023 69.2498
      vertex -20.0297 26.1162 69.2096
    endloop
  endfacet
  facet normal -0.278563 -0.269738 0.921761
    outer loop
      vertex -19.6964 26.1455 69.3189
      vertex -20.0297 26.1162 69.2096
      vertex -19.9546 25.741 69.1225
    endloop
  endfacet
  facet normal -0.408669 -0.154412 0.899526
    outer loop
      vertex -20.0871 26.5023 69.2498
      vertex -20.3453 26.0759 69.0593
      vertex -20.0297 26.1162 69.2096
    endloop
  endfacet
  facet normal -0.408875 -0.154257 0.899459
    outer loop
      vertex -20.0871 26.5023 69.2498
      vertex -20.4204 26.4598 69.091
      vertex -20.3453 26.0759 69.0593
    endloop
  endfacet
  facet normal 0.245531 -0.954475 0.169386
    outer loop
      vertex 19.9315 8.41676 9.00372
      vertex 19.5653 8.34404 9.12477
      vertex 19.8909 8.38584 8.88834
    endloop
  endfacet
  facet normal 0.254332 -0.945974 0.201117
    outer loop
      vertex 19.9561 8.44878 9.12322
      vertex 19.5653 8.34404 9.12477
      vertex 19.9315 8.41676 9.00372
    endloop
  endfacet
  facet normal 0.19583 -0.616352 0.762732
    outer loop
      vertex 19.512 25.0703 68.8944
      vertex 19.4314 24.7618 68.6658
      vertex 19.6378 24.7436 68.5981
    endloop
  endfacet
  facet normal 0 -0.500031 0.866007
    outer loop
      vertex -19 25.4276 69.1557
      vertex 19 25.0878 68.9595
      vertex 19 25.4276 69.1557
    endloop
  endfacet
  facet normal 0 -0.500031 0.866007
    outer loop
      vertex 19 25.0878 68.9595
      vertex -19 25.4276 69.1557
      vertex -19 25.0878 68.9595
    endloop
  endfacet
  facet normal 0.383308 -0.281146 0.879791
    outer loop
      vertex 20.3453 26.0759 69.0593
      vertex 19.9546 25.741 69.1225
      vertex 20.2472 25.7037 68.9831
    endloop
  endfacet
  facet normal 0.313063 -0.518031 0.796012
    outer loop
      vertex 20.1278 25.3494 68.8638
      vertex 19.8631 25.3832 68.9899
      vertex 19.989 25.0192 68.7035
    endloop
  endfacet
  facet normal 0.278435 -0.269826 0.921774
    outer loop
      vertex 19.6964 26.1455 69.3189
      vertex 19.6456 25.7682 69.2238
      vertex 19.9546 25.741 69.1225
    endloop
  endfacet
  facet normal 0.168957 -0.262225 0.950101
    outer loop
      vertex 19.6964 26.1455 69.3189
      vertex 19.3512 26.1633 69.3852
      vertex 19.6456 25.7682 69.2238
    endloop
  endfacet
  facet normal 0.778772 -0.546949 0.307182
    outer loop
      vertex 21.4094 25.3117 67.5201
      vertex 21.1787 24.9949 67.5409
      vertex 21.4731 25.2288 67.211
    endloop
  endfacet
  facet normal 0.712127 -0.49642 0.49643
    outer loop
      vertex 21.3045 25.3916 67.8185
      vertex 20.9533 25.1357 68.0664
      vertex 21.0838 25.0673 67.8108
    endloop
  endfacet
  facet normal 0.330059 -0.738679 0.58772
    outer loop
      vertex 20.0146 24.6873 68.3879
      vertex 19.9382 24.3984 68.0677
      vertex 20.1785 24.6501 68.2491
    endloop
  endfacet
  facet normal 0.318912 -0.837028 0.444612
    outer loop
      vertex 20.0527 24.3646 67.9417
      vertex 19.765 24.1624 67.7674
      vertex 19.8351 24.1353 67.6661
    endloop
  endfacet
  facet normal 0 0 1
    outer loop
      vertex -19 26.5583 69.4587
      vertex -9.49095 26.9507 69.4587
      vertex -19 26.9507 69.4587
    endloop
  endfacet
  facet normal 0 0 1
    outer loop
      vertex -9.49095 26.9507 69.4587
      vertex -19 26.5583 69.4587
      vertex -9.22535 26.5583 69.4587
    endloop
  endfacet
  facet normal -0 0 1
    outer loop
      vertex 9.49095 26.9507 69.4587
      vertex 19 26.5583 69.4587
      vertex 19 26.9507 69.4587
    endloop
  endfacet
  facet normal 0 0 1
    outer loop
      vertex 19 26.5583 69.4587
      vertex 9.49095 26.9507 69.4587
      vertex 9.22535 26.5583 69.4587
    endloop
  endfacet
  facet normal 0.427345 -0.0253799 0.903732
    outer loop
      vertex 20.4712 26.8487 69.0779
      vertex 20.0871 26.5023 69.2498
      vertex 20.4204 26.4598 69.091
    endloop
  endfacet
  facet normal 0.427217 -0.0252056 0.903798
    outer loop
      vertex 20.126 26.8927 69.2423
      vertex 20.0871 26.5023 69.2498
      vertex 20.4712 26.8487 69.0779
    endloop
  endfacet
  facet normal 0.297175 -0.142566 0.94412
    outer loop
      vertex 19.7353 26.5332 69.3652
      vertex 19.6964 26.1455 69.3189
      vertex 20.0871 26.5023 69.2498
    endloop
  endfacet
  facet normal 0.536637 -0.0417092 0.842782
    outer loop
      vertex 20.4712 26.8487 69.0779
      vertex 20.4204 26.4598 69.091
      vertex 20.7912 26.7933 68.8714
    endloop
  endfacet
  facet normal 0.707136 0.682984 -0.183005
    outer loop
      vertex 21.2555 22.9535 6
      vertex 20.9812 23.2375 6
      vertex 21.2555 38.3244 63.365
    endloop
  endfacet
  facet normal 0.793362 0.588007 -0.157556
    outer loop
      vertex 21.4923 22.634 6
      vertex 21.2555 22.9535 6
      vertex 21.2555 38.3244 63.365
    endloop
  endfacet
  facet normal 0.972415 0.175934 0.153153
    outer loop
      vertex 21.9172 37.0785 64.0964
      vertex 21.8421 37.1762 64.461
      vertex 21.968 36.7044 64.2036
    endloop
  endfacet
  facet normal 0.972415 0.175933 0.153154
    outer loop
      vertex 21.968 36.7044 64.2036
      vertex 21.8421 37.1762 64.461
      vertex 21.8916 36.8038 64.5745
    endloop
  endfacet
  facet normal 0.947492 0.298295 0.115231
    outer loop
      vertex 21.9172 37.0785 64.0964
      vertex 21.8165 37.4412 63.9855
      vertex 21.8421 37.1762 64.461
    endloop
  endfacet
  facet normal 0.947489 0.298303 0.115236
    outer loop
      vertex 21.8165 37.4412 63.9855
      vertex 21.744 37.5355 64.3375
      vertex 21.8421 37.1762 64.461
    endloop
  endfacet
  facet normal 0.965898 0.250099 -0.0670137
    outer loop
      vertex 21.9424 36.9791 63.7254
      vertex 21.942 21.5132 6
      vertex 21.8408 37.3452 63.6273
    endloop
  endfacet
  facet normal 0.9681 0.242025 -0.0648505
    outer loop
      vertex 21.942 21.5132 6
      vertex 21.9424 36.9791 63.7254
      vertex 21.9424 21.5116 6
    endloop
  endfacet
  facet normal 0.720453 0.606761 0.33584
    outer loop
      vertex 21.1602 38.3465 64.6502
      vertex 20.9789 38.4167 64.9123
      vertex 21.1346 38.1193 65.1156
    endloop
  endfacet
  facet normal 0.720431 0.606782 0.335849
    outer loop
      vertex 21.1602 38.3465 64.6502
      vertex 21.1346 38.1193 65.1156
      vertex 21.3301 38.0436 64.833
    endloop
  endfacet
  facet normal 0.91476 -0.169069 0.36692
    outer loop
      vertex 21.8421 26.3863 67.3522
      vertex 21.6245 26.1044 67.7648
      vertex 21.744 26.0133 67.4249
    endloop
  endfacet
  facet normal 0.875034 -0.292167 0.385946
    outer loop
      vertex 21.6245 26.1044 67.7648
      vertex 21.5989 25.6531 67.4812
      vertex 21.744 26.0133 67.4249
    endloop
  endfacet
  facet normal 0.659382 -0.194565 -0.726195
    outer loop
      vertex 20.8224 11.415 6
      vertex 21.1168 10.488 6.51568
      vertex 20.8224 10.4211 6.26629
    endloop
  endfacet
  facet normal 0.65938 -0.194567 -0.726197
    outer loop
      vertex 21.1168 10.488 6.51568
      vertex 20.8224 11.415 6
      vertex 21.0651 12.2375 6
    endloop
  endfacet
  facet normal 0.4384 -0.35598 -0.825278
    outer loop
      vertex 20.4712 10.0005 6.1997
      vertex 20.3789 10.3498 6
      vertex 20.4968 10.3648 6.05616
    endloop
  endfacet
  facet normal 0.438466 -0.355949 -0.825256
    outer loop
      vertex 20.3789 10.3498 6
      vertex 20.4712 10.0005 6.1997
      vertex 20.262 10.2058 6
    endloop
  endfacet
  facet normal 0.442208 -0.232081 -0.866366
    outer loop
      vertex 20.4968 10.3648 6.05616
      vertex 20.3789 10.3498 6
      vertex 20.4899 10.5613 6
    endloop
  endfacet
  facet normal 0.726404 -0.414395 -0.548283
    outer loop
      vertex 21.2537 9.84629 7.0887
      vertex 21.0806 10.1215 6.65136
      vertex 21.3343 10.1964 6.93087
    endloop
  endfacet
  facet normal 0.726303 -0.41452 -0.548322
    outer loop
      vertex 21.2537 9.84629 7.0887
      vertex 21.0087 9.77398 6.81884
      vertex 21.0806 10.1215 6.65136
    endloop
  endfacet
  facet normal 0.169051 -0.702132 -0.691688
    outer loop
      vertex 19.6964 9.27104 6.34259
      vertex 19.3256 8.97535 6.55212
      vertex 19.3512 9.25327 6.27626
    endloop
  endfacet
  facet normal 0.0604378 -0.607634 -0.791914
    outer loop
      vertex 19.3512 9.25327 6.27626
      vertex 19 9.24731 6.25403
      vertex 19.3708 9.56493 6.03862
    endloop
  endfacet
  facet normal 0.154877 -0.788759 -0.594871
    outer loop
      vertex 19.5838 8.75083 6.91707
      vertex 19.2944 8.73593 6.86148
      vertex 19.6456 8.99183 6.61361
    endloop
  endfacet
  facet normal 0.138078 -0.86197 -0.487793
    outer loop
      vertex 19.5838 8.75083 6.91707
      vertex 19.2582 8.53911 7.19903
      vertex 19.2944 8.73593 6.86148
    endloop
  endfacet
  facet normal -0.0631794 -0.498905 -0.864351
    outer loop
      vertex -19 9.55863 6.01514
      vertex -19.3056 9.62356 6
      vertex -19 9.58486 6
    endloop
  endfacet
  facet normal -0.0632071 -0.499019 -0.864283
    outer loop
      vertex -19.3056 9.62356 6
      vertex -19 9.55863 6.01514
      vertex -19.3708 9.56493 6.03862
    endloop
  endfacet
  facet normal -0.310548 -0.486253 -0.816773
    outer loop
      vertex -20.0871 9.6146 6.22401
      vertex -20.0184 9.947 6
      vertex -19.8505 9.83977 6
    endloop
  endfacet
  facet normal -0.310443 -0.486288 -0.816792
    outer loop
      vertex -20.0184 9.947 6
      vertex -20.0871 9.6146 6.22401
      vertex -20.126 9.95645 6.03527
    endloop
  endfacet
  facet normal -0.376019 -0.911471 0.166822
    outer loop
      vertex -19.9561 8.44878 9.12322
      vertex -20.2817 8.53753 8.87422
      vertex -19.9315 8.41676 9.00372
    endloop
  endfacet
  facet normal -0.363001 -0.924043 0.119895
    outer loop
      vertex -19.9315 8.41676 9.00372
      vertex -20.2817 8.53753 8.87422
      vertex -19.8909 8.38584 8.88834
    endloop
  endfacet
  facet normal -0.0747898 -0.989438 -0.124174
    outer loop
      vertex -19.2496 8.24027 8.34508
      vertex -19.3434 8.29469 7.96795
      vertex -19.1732 8.28593 7.93524
    endloop
  endfacet
  facet normal -0.0250284 -0.991135 -0.130483
    outer loop
      vertex -19 8.23177 8.31334
      vertex -19.1259 8.2339 8.32131
      vertex -19 8.28299 7.92428
    endloop
  endfacet
  facet normal -0.351092 -0.771516 -0.530563
    outer loop
      vertex -20.1278 8.80915 7.13472
      vertex -20.2472 9.05632 6.85431
      vertex -19.8631 8.77537 7.00868
    endloop
  endfacet
  facet normal 0 -0.923882 -0.382677
    outer loop
      vertex -19 8.53473 7.18268
      vertex 19 8.38456 7.54523
      vertex -19 8.38456 7.54523
    endloop
  endfacet
  facet normal 0 -0.923882 -0.382677
    outer loop
      vertex 19 8.38456 7.54523
      vertex -19 8.53473 7.18268
      vertex 19 8.53473 7.18268
    endloop
  endfacet
  facet normal -0.792228 -0.600716 0.10731
    outer loop
      vertex -21.2362 9.23851 8.73713
      vertex -21.4944 9.61543 8.94092
      vertex -21.4731 9.53116 8.62643
    endloop
  endfacet
  facet normal -0.778689 -0.62736 0.00790079
    outer loop
      vertex -21.2362 9.23851 8.73713
      vertex -21.4731 9.53116 8.62643
      vertex -21.1787 9.16362 8.45762
    endloop
  endfacet
  facet normal -0.491207 -0.86136 0.129519
    outer loop
      vertex -20.2817 8.53753 8.87422
      vertex -20.6525 8.75963 8.94501
      vertex -20.6099 8.70428 8.73847
    endloop
  endfacet
  facet normal -0.474261 -0.877719 0.068456
    outer loop
      vertex -20.2817 8.53753 8.87422
      vertex -20.6099 8.70428 8.73847
      vertex -20.5398 8.65085 8.53906
    endloop
  endfacet
  facet normal -0.972421 -0.175926 -0.153128
    outer loop
      vertex -21.8421 10.4629 7.92544
      vertex -21.968 10.9347 8.18291
      vertex -21.8916 10.8353 7.81194
    endloop
  endfacet
  facet normal -0.938841 -0.208353 -0.274166
    outer loop
      vertex -21.8421 10.4629 7.92544
      vertex -21.8916 10.8353 7.81194
      vertex -21.7657 10.7393 7.45377
    endloop
  endfacet
  facet normal -0.906374 -0.4157 -0.0753659
    outer loop
      vertex -21.6676 9.8528 8.51374
      vertex -21.8165 10.1979 8.40097
      vertex -21.5989 9.76346 8.18031
    endloop
  endfacet
  facet normal -0.922174 -0.384645 0.0405323
    outer loop
      vertex -21.6676 9.8528 8.51374
      vertex -21.8408 10.2939 8.75913
      vertex -21.8165 10.1979 8.40097
    endloop
  endfacet
  facet normal -0.889281 -0.239268 -0.389782
    outer loop
      vertex -21.7184 10.3686 7.57341
      vertex -21.7657 10.7393 7.45377
      vertex -21.5482 10.2792 7.23998
    endloop
  endfacet
  facet normal -0.875059 -0.445958 -0.188133
    outer loop
      vertex -21.5989 9.76346 8.18031
      vertex -21.744 10.1036 8.04893
      vertex -21.6245 10.0125 7.70905
    endloop
  endfacet
  facet normal -0.824407 -0.268457 -0.498281
    outer loop
      vertex -21.3343 10.1964 6.93087
      vertex -21.5925 10.6484 7.11454
      vertex -21.375 10.5642 6.80005
    endloop
  endfacet
  facet normal -0.609412 -0.548875 -0.572148
    outer loop
      vertex -20.6379 9.39121 6.79109
      vertex -21.0087 9.77398 6.81884
      vertex -20.7294 9.71057 6.58218
    endloop
  endfacet
  facet normal -0.820515 -0.554238 -0.139912
    outer loop
      vertex -21.4094 9.44833 8.31732
      vertex -21.5989 9.76346 8.18031
      vertex -21.3045 9.36837 8.01888
    endloop
  endfacet
  facet normal -0.751878 -0.653232 -0.0892626
    outer loop
      vertex -21.1787 9.16362 8.45762
      vertex -21.4094 9.44833 8.31732
      vertex -21.3045 9.36837 8.01888
    endloop
  endfacet
  facet normal -0.523539 -0.741694 -0.419282
    outer loop
      vertex -20.3731 8.85157 7.29305
      vertex -20.7638 9.15892 7.23721
      vertex -20.5185 9.10324 7.02941
    endloop
  endfacet
  facet normal -0.820504 -0.554297 -0.139745
    outer loop
      vertex -21.3045 9.36837 8.01888
      vertex -21.5989 9.76346 8.18031
      vertex -21.4858 9.6772 7.8584
    endloop
  endfacet
  facet normal -0.634868 -0.763306 -0.119612
    outer loop
      vertex -20.713 8.7907 8.138
      vertex -21.0838 9.09131 8.18776
      vertex -20.9533 9.02282 7.93217
    endloop
  endfacet
  facet normal -0.712086 -0.67813 -0.181862
    outer loop
      vertex -21.0838 9.09131 8.18776
      vertex -21.1602 9.29263 7.73622
      vertex -20.9533 9.02282 7.93217
    endloop
  endfacet
  facet normal -0.513467 -0.567868 -0.643333
    outer loop
      vertex -20.3453 9.34061 6.60222
      vertex -20.6379 9.39121 6.79109
      vertex -20.4204 9.65714 6.38276
    endloop
  endfacet
  facet normal -0.408804 -0.58351 -0.701709
    outer loop
      vertex -20.3453 9.34061 6.60222
      vertex -20.4204 9.65714 6.38276
      vertex -20.0297 9.30032 6.45186
    endloop
  endfacet
  facet normal -0.26966 -0.907217 -0.322863
    outer loop
      vertex -19.6378 8.41739 7.66778
      vertex -19.989 8.60332 7.43866
      vertex -19.757 8.5737 7.32812
    endloop
  endfacet
  facet normal -0.278492 -0.69456 -0.663346
    outer loop
      vertex -19.9546 9.01897 6.71492
      vertex -20.0297 9.30032 6.45186
      vertex -19.6456 8.99183 6.61361
    endloop
  endfacet
  facet normal -0.393145 -0.834667 -0.385705
    outer loop
      vertex -19.989 8.60332 7.43866
      vertex -20.2042 8.64052 7.57751
      vertex -20.1278 8.80915 7.13472
    endloop
  endfacet
  facet normal -0.221595 -0.952298 -0.209819
    outer loop
      vertex -19.5078 8.30913 8.02184
      vertex -19.6634 8.329 8.09599
      vertex -19.6378 8.41739 7.66778
    endloop
  endfacet
  facet normal -0.660166 -0.701377 -0.268794
    outer loop
      vertex -20.7894 8.95933 7.69522
      vertex -21.1602 9.29263 7.73622
      vertex -20.9789 9.22241 7.47417
    endloop
  endfacet
  facet normal -0.694923 -0.526596 -0.489673
    outer loop
      vertex -21.1346 9.51976 7.27083
      vertex -21.2537 9.84629 7.0887
      vertex -20.9026 9.45127 7.01524
    endloop
  endfacet
  facet normal -0.117213 -0.972642 0.200572
    outer loop
      vertex -19.1813 8.31434 9.21182
      vertex -19.5069 8.30751 8.98842
      vertex -19.1699 8.30838 9.18958
    endloop
  endfacet
  facet normal -0.232654 -0.962528 0.139331
    outer loop
      vertex -19.5407 8.32528 9.05474
      vertex -19.8909 8.38584 8.88834
      vertex -19.5069 8.30751 8.98842
    endloop
  endfacet
  facet normal -0.170912 -0.983364 0.0615191
    outer loop
      vertex -19.3563 8.26307 8.82258
      vertex -19.6819 8.30487 8.58616
      vertex -19.587 8.28335 8.50582
    endloop
  endfacet
  facet normal -0.215608 -0.970183 0.110716
    outer loop
      vertex -19.4643 8.29103 8.92694
      vertex -19.8351 8.35656 8.77907
      vertex -19.765 8.32942 8.67776
    endloop
  endfacet
  facet normal -0.751827 -0.170656 -0.636893
    outer loop
      vertex -21.1168 12.4125 6
      vertex -21.375 10.5642 6.80005
      vertex -21.375 13.55 6
    endloop
  endfacet
  facet normal -0.751819 -0.170661 -0.636901
    outer loop
      vertex -21.375 10.5642 6.80005
      vertex -21.1168 12.4125 6
      vertex -21.1168 10.488 6.51568
    endloop
  endfacet
  facet normal -0.83153 -0.143766 -0.536553
    outer loop
      vertex -21.375 13.55 6
      vertex -21.5925 10.6484 7.11454
      vertex -21.5925 14.808 6
    endloop
  endfacet
  facet normal -0.831513 -0.143777 -0.536577
    outer loop
      vertex -21.5925 10.6484 7.11454
      vertex -21.375 13.55 6
      vertex -21.375 10.5642 6.80005
    endloop
  endfacet
  facet normal -0.658972 -0.194679 -0.726536
    outer loop
      vertex -21.0651 12.2375 6
      vertex -21.1168 10.488 6.51568
      vertex -21.1168 12.4125 6
    endloop
  endfacet
  facet normal -0.906347 0.415773 0.075292
    outer loop
      vertex -21.5989 37.8756 64.2061
      vertex -21.8165 37.4412 63.9855
      vertex -21.744 37.5355 64.3375
    endloop
  endfacet
  facet normal -0.906362 0.415717 0.0754153
    outer loop
      vertex -21.6676 37.7863 63.8727
      vertex -21.8165 37.4412 63.9855
      vertex -21.5989 37.8756 64.2061
    endloop
  endfacet
  facet normal 0.000221319 -0.966005 0.258522
    outer loop
      vertex 19.1387 8.29786 9.15033
      vertex 19.0981 8.28979 9.12021
      vertex 19.1194 8.29348 9.13398
    endloop
  endfacet
  facet normal 0.0726599 -0.985778 0.151533
    outer loop
      vertex 19.3563 8.26307 8.82258
      vertex 19.0981 8.28979 9.12021
      vertex 19.2926 8.25206 8.7815
    endloop
  endfacet
  facet normal 0.0833711 -0.996437 0.0127429
    outer loop
      vertex 19.224 8.2433 8.74879
      vertex 19.1515 8.23693 8.72502
      vertex 19.369 8.25077 8.38424
    endloop
  endfacet
  facet normal 0.114752 -0.993072 0.0252935
    outer loop
      vertex 19.2926 8.25206 8.7815
      vertex 19.224 8.2433 8.74879
      vertex 19.369 8.25077 8.38424
    endloop
  endfacet
  facet normal 0.0420488 -0.989683 0.136968
    outer loop
      vertex 19.224 8.2433 8.74879
      vertex 19.0751 8.28686 9.10925
      vertex 19.1515 8.23693 8.72502
    endloop
  endfacet
  facet normal 0.0578406 -0.98799 0.143287
    outer loop
      vertex 19.2926 8.25206 8.7815
      vertex 19.0751 8.28686 9.10925
      vertex 19.224 8.2433 8.74879
    endloop
  endfacet
  facet normal 0.11736 -0.97258 0.200784
    outer loop
      vertex 19.5407 8.32528 9.05474
      vertex 19.1813 8.31434 9.21182
      vertex 19.5069 8.30751 8.98842
    endloop
  endfacet
  facet normal 0.117213 -0.972642 0.200572
    outer loop
      vertex 19.1813 8.31434 9.21182
      vertex 19.1699 8.30838 9.18958
      vertex 19.5069 8.30751 8.98842
    endloop
  endfacet
  facet normal 0.597933 -0.796452 0.0902224
    outer loop
      vertex 20.9611 8.97986 8.84393
      vertex 20.6525 8.75963 8.94501
      vertex 20.9106 8.91418 8.59881
    endloop
  endfacet
  facet normal 0.597863 -0.796514 0.0901426
    outer loop
      vertex 20.6525 8.75963 8.94501
      vertex 20.6099 8.70428 8.73847
      vertex 20.9106 8.91418 8.59881
    endloop
  endfacet
  facet normal 0.922174 -0.384645 0.0405323
    outer loop
      vertex 21.8408 10.2939 8.75913
      vertex 21.6676 9.8528 8.51374
      vertex 21.8165 10.1979 8.40097
    endloop
  endfacet
  facet normal 0.820515 -0.554238 -0.139912
    outer loop
      vertex 21.4094 9.44833 8.31732
      vertex 21.3045 9.36837 8.01888
      vertex 21.5989 9.76346 8.18031
    endloop
  endfacet
  facet normal 0.914757 -0.329906 -0.233197
    outer loop
      vertex 21.744 10.1036 8.04893
      vertex 21.6245 10.0125 7.70905
      vertex 21.8421 10.4629 7.92544
    endloop
  endfacet
  facet normal 0.441131 -0.758063 -0.480357
    outer loop
      vertex 20.3731 8.85157 7.29305
      vertex 20.2472 9.05632 6.85431
      vertex 20.5185 9.10324 7.02941
    endloop
  endfacet
  facet normal 0.48141 -0.668625 -0.566732
    outer loop
      vertex 20.5185 9.10324 7.02941
      vertex 20.2472 9.05632 6.85431
      vertex 20.6379 9.39121 6.79109
    endloop
  endfacet
  facet normal 0.720514 -0.60674 -0.335748
    outer loop
      vertex 21.1602 9.29263 7.73622
      vertex 21.1346 9.51976 7.27083
      vertex 21.3301 9.5955 7.5535
    endloop
  endfacet
  facet normal 0.768433 -0.501917 -0.396977
    outer loop
      vertex 21.3301 9.5955 7.5535
      vertex 21.1346 9.51976 7.27083
      vertex 21.4602 9.92626 7.38714
    endloop
  endfacet
  facet normal 0.597009 -0.722684 -0.348294
    outer loop
      vertex 20.7894 8.95933 7.69522
      vertex 20.5949 8.90192 7.48095
      vertex 20.9789 9.22241 7.47417
    endloop
  endfacet
  facet normal 0.597007 -0.722682 -0.3483
    outer loop
      vertex 20.9789 9.22241 7.47417
      vertex 20.5949 8.90192 7.48095
      vertex 20.7638 9.15892 7.23721
    endloop
  endfacet
  facet normal 0.571176 -0.650888 -0.500103
    outer loop
      vertex 20.7638 9.15892 7.23721
      vertex 20.6379 9.39121 6.79109
      vertex 20.9026 9.45127 7.01524
    endloop
  endfacet
  facet normal 0.609266 -0.548711 -0.572461
    outer loop
      vertex 20.9026 9.45127 7.01524
      vertex 20.6379 9.39121 6.79109
      vertex 21.0087 9.77398 6.81884
    endloop
  endfacet
  facet normal 0.866448 -0.36019 -0.345732
    outer loop
      vertex 21.6245 10.0125 7.70905
      vertex 21.4602 9.92626 7.38714
      vertex 21.5482 10.2792 7.23998
    endloop
  endfacet
  facet normal 0.889281 -0.239268 -0.389782
    outer loop
      vertex 21.7184 10.3686 7.57341
      vertex 21.5482 10.2792 7.23998
      vertex 21.7657 10.7393 7.45377
    endloop
  endfacet
  facet normal -0.0596406 -0.927431 0.369208
    outer loop
      vertex -19.0751 23.9098 67.415
      vertex -19.224 24.0523 67.7489
      vertex -19.0981 23.9069 67.404
    endloop
  endfacet
  facet normal -0.0403182 -0.92536 0.37694
    outer loop
      vertex -19.0508 23.912 67.423
      vertex -19.224 24.0523 67.7489
      vertex -19.0751 23.9098 67.415
    endloop
  endfacet
  facet normal -0.0585568 -0.927355 0.369571
    outer loop
      vertex -19.224 24.0523 67.7489
      vertex -19.2926 24.0436 67.7162
      vertex -19.0981 23.9069 67.404
    endloop
  endfacet
  facet normal -0.0715998 -0.929307 0.3623
    outer loop
      vertex -19.0981 23.9069 67.404
      vertex -19.2926 24.0436 67.7162
      vertex -19.1194 23.9032 67.3903
    endloop
  endfacet
  facet normal 0.124714 -0.947768 0.293567
    outer loop
      vertex 19.5653 23.9516 67.373
      vertex 19.1813 23.8823 67.3124
      vertex 19.1895 23.8761 67.2889
    endloop
  endfacet
  facet normal 0.12729 -0.950252 0.284285
    outer loop
      vertex 19.5653 23.9516 67.373
      vertex 19.1895 23.8761 67.2889
      vertex 19.1945 23.8695 67.2646
    endloop
  endfacet
  facet normal 0.221792 -0.719809 0.657787
    outer loop
      vertex 19.6378 24.7436 68.5981
      vertex 19.5078 24.4728 68.3456
      vertex 19.8334 24.7187 68.5049
    endloop
  endfacet
  facet normal 0.213471 -0.809533 0.546888
    outer loop
      vertex 19.6634 24.453 68.2714
      vertex 19.4822 24.2266 68.007
      vertex 19.587 24.2085 67.9393
    endloop
  endfacet
  facet normal 0.170001 -0.803264 0.570847
    outer loop
      vertex 19.5078 24.4728 68.3456
      vertex 19.369 24.2411 68.0609
      vertex 19.6634 24.453 68.2714
    endloop
  endfacet
  facet normal 0.144316 -0.877198 0.457926
    outer loop
      vertex 19.4822 24.2266 68.007
      vertex 19.2926 24.0436 67.7162
      vertex 19.587 24.2085 67.9393
    endloop
  endfacet
  facet normal 0.00186572 -0.96271 0.270529
    outer loop
      vertex 19.0256 23.9133 67.4278
      vertex 19 23.9137 67.4294
      vertex 19.0508 23.912 67.423
    endloop
  endfacet
  facet normal 0.0418055 -0.925577 0.376244
    outer loop
      vertex 19.1515 24.0587 67.7727
      vertex 19.0508 23.912 67.423
      vertex 19.224 24.0523 67.7489
    endloop
  endfacet
  facet normal 0.170462 -0.882361 0.438614
    outer loop
      vertex 19.587 24.2085 67.9393
      vertex 19.3563 24.0326 67.6751
      vertex 19.4138 24.0195 67.6264
    endloop
  endfacet
  facet normal 0.144123 -0.877125 0.458127
    outer loop
      vertex 19.587 24.2085 67.9393
      vertex 19.2926 24.0436 67.7162
      vertex 19.3563 24.0326 67.6751
    endloop
  endfacet
  facet normal -0.00439534 -0.966899 0.255123
    outer loop
      vertex 19.1557 23.8938 67.3553
      vertex 19.1194 23.9032 67.3903
      vertex 19.1699 23.8883 67.3347
    endloop
  endfacet
  facet normal 0.194896 -0.888628 0.415158
    outer loop
      vertex 19.765 24.1624 67.7674
      vertex 19.4138 24.0195 67.6264
      vertex 19.4643 24.0046 67.5708
    endloop
  endfacet
  facet normal -0.00606921 -0.968749 0.247971
    outer loop
      vertex 19.0751 23.9098 67.415
      vertex 19.0508 23.912 67.423
      vertex 19.1194 23.9032 67.3903
    endloop
  endfacet
  facet normal 0.0585568 -0.927355 0.369571
    outer loop
      vertex 19.224 24.0523 67.7489
      vertex 19.0981 23.9069 67.404
      vertex 19.2926 24.0436 67.7162
    endloop
  endfacet
  facet normal 0.499749 -0.827614 0.25555
    outer loop
      vertex 20.6525 24.4014 67.3208
      vertex 20.3269 24.1556 67.1615
      vertex 20.6667 24.3451 67.1107
    endloop
  endfacet
  facet normal 0.608224 -0.755477 0.243551
    outer loop
      vertex 20.978 24.5758 67.0489
      vertex 20.6525 24.4014 67.3208
      vertex 20.6667 24.3451 67.1107
    endloop
  endfacet
  facet normal 0.49969 -0.827613 0.25567
    outer loop
      vertex 20.6525 24.4014 67.3208
      vertex 20.3155 24.2004 67.3288
      vertex 20.3269 24.1556 67.1615
    endloop
  endfacet
  facet normal 0.491164 -0.810826 0.318307
    outer loop
      vertex 20.6099 24.4567 67.5274
      vertex 20.3155 24.2004 67.3288
      vertex 20.6525 24.4014 67.3208
    endloop
  endfacet
  facet normal -0.778772 -0.546949 0.307182
    outer loop
      vertex -21.4094 25.3117 67.5201
      vertex -21.4731 25.2288 67.211
      vertex -21.1787 24.9949 67.5409
    endloop
  endfacet
  facet normal -0.694328 -0.646524 0.316095
    outer loop
      vertex -21.1787 24.9949 67.5409
      vertex -21.2362 24.92 67.2614
      vertex -20.9611 24.6426 67.2983
    endloop
  endfacet
  facet normal -0.474174 -0.794241 0.379922
    outer loop
      vertex -20.2259 24.287 67.6519
      vertex -20.6099 24.4567 67.5274
      vertex -20.2817 24.2444 67.4932
    endloop
  endfacet
  facet normal -0.474164 -0.7943 0.379809
    outer loop
      vertex -20.5398 24.5102 67.7268
      vertex -20.6099 24.4567 67.5274
      vertex -20.2259 24.287 67.6519
    endloop
  endfacet
  facet normal -0.252958 -0.817577 0.517281
    outer loop
      vertex -19.8077 24.428 68.1783
      vertex -19.9382 24.3984 68.0677
      vertex -19.587 24.2085 67.9393
    endloop
  endfacet
  facet normal -0.330443 -0.738622 0.587576
    outer loop
      vertex -19.8077 24.428 68.1783
      vertex -20.0146 24.6873 68.3879
      vertex -19.9382 24.3984 68.0677
    endloop
  endfacet
  facet normal -0.213471 -0.809533 0.546888
    outer loop
      vertex -19.4822 24.2266 68.007
      vertex -19.6634 24.453 68.2714
      vertex -19.587 24.2085 67.9393
    endloop
  endfacet
  facet normal -0.144316 -0.877198 0.457926
    outer loop
      vertex -19.4822 24.2266 68.007
      vertex -19.587 24.2085 67.9393
      vertex -19.2926 24.0436 67.7162
    endloop
  endfacet
  facet normal -0.441096 -0.416355 0.795036
    outer loop
      vertex -20.2472 25.7037 68.9831
      vertex -20.3731 25.307 68.7055
      vertex -20.1278 25.3494 68.8638
    endloop
  endfacet
  facet normal -0.351247 -0.403018 0.845104
    outer loop
      vertex -19.9546 25.741 69.1225
      vertex -20.2472 25.7037 68.9831
      vertex -19.8631 25.3832 68.9899
    endloop
  endfacet
  facet normal -0.227675 -0.508729 0.830277
    outer loop
      vertex -19.5838 25.4077 69.0815
      vertex -19.8631 25.3832 68.9899
      vertex -19.757 25.0488 68.8141
    endloop
  endfacet
  facet normal -0.25531 -0.392717 0.88351
    outer loop
      vertex -19.5838 25.4077 69.0815
      vertex -19.9546 25.741 69.1225
      vertex -19.8631 25.3832 68.9899
    endloop
  endfacet
  facet normal -0.252769 -0.817438 0.517593
    outer loop
      vertex -19.587 24.2085 67.9393
      vertex -19.9382 24.3984 68.0677
      vertex -19.6819 24.187 67.859
    endloop
  endfacet
  facet normal -0.288161 -0.826604 0.483413
    outer loop
      vertex -19.6819 24.187 67.859
      vertex -19.9382 24.3984 68.0677
      vertex -19.765 24.1624 67.7674
    endloop
  endfacet
  facet normal -0.466753 -0.544488 0.696904
    outer loop
      vertex -20.3731 25.307 68.7055
      vertex -20.3987 24.9378 68.3999
      vertex -20.2042 24.982 68.5647
    endloop
  endfacet
  facet normal -0.506941 -0.678053 0.532217
    outer loop
      vertex -20.3223 24.6077 68.0908
      vertex -20.5693 24.8875 68.212
      vertex -20.4434 24.5608 67.9157
    endloop
  endfacet
  facet normal -0.19583 -0.616352 0.762732
    outer loop
      vertex -19.512 25.0703 68.8944
      vertex -19.6378 24.7436 68.5981
      vertex -19.4314 24.7618 68.6658
    endloop
  endfacet
  facet normal -0.160843 -0.713319 0.682133
    outer loop
      vertex -19.4314 24.7618 68.6658
      vertex -19.6378 24.7436 68.5981
      vertex -19.3434 24.4873 68.3995
    endloop
  endfacet
  facet normal -0.170001 -0.803264 0.570847
    outer loop
      vertex -19.5078 24.4728 68.3456
      vertex -19.6634 24.453 68.2714
      vertex -19.369 24.2411 68.0609
    endloop
  endfacet
  facet normal -0.122932 -0.79822 0.589689
    outer loop
      vertex -19.3434 24.4873 68.3995
      vertex -19.5078 24.4728 68.3456
      vertex -19.369 24.2411 68.0609
    endloop
  endfacet
  facet normal 0.297163 0.595347 0.746496
    outer loop
      vertex 20.0871 38.0245 66.1624
      vertex 19.6964 38.3681 66.0439
      vertex 19.7353 38.0554 66.2778
    endloop
  endfacet
  facet normal 0.0631256 0.498924 0.864344
    outer loop
      vertex 19 38.0805 66.3713
      vertex 19 37.7406 66.5675
      vertex 19.3841 37.7341 66.5432
    endloop
  endfacet
  facet normal 0.321495 0.245074 0.914647
    outer loop
      vertex 20.1456 37.3191 66.4976
      vertex 19.7748 27.3134 69.3089
      vertex 20.1456 27.2808 69.1873
    endloop
  endfacet
  facet normal 0.193675 0.126054 0.972934
    outer loop
      vertex 19.3907 27.3331 69.3827
      vertex 19.3841 26.9442 69.4344
      vertex 19.7615 26.9247 69.3618
    endloop
  endfacet
  facet normal 0.188684 -0.00439541 0.982028
    outer loop
      vertex 19.3841 26.9442 69.4344
      vertex 19.3708 26.552 69.4352
      vertex 19.7615 26.9247 69.3618
    endloop
  endfacet
  facet normal 0.193406 0.125805 0.97302
    outer loop
      vertex 19.7748 27.3134 69.3089
      vertex 19.3907 27.3331 69.3827
      vertex 19.7615 26.9247 69.3618
    endloop
  endfacet
  facet normal 0.438521 0.355888 0.825253
    outer loop
      vertex 20.4712 37.6386 66.1868
      vertex 20.1456 37.3191 66.4976
      vertex 20.4968 37.2743 66.3303
    endloop
  endfacet
  facet normal 0.551 0.339078 0.762512
    outer loop
      vertex 20.7912 37.5832 65.9802
      vertex 20.4712 37.6386 66.1868
      vertex 20.4968 37.2743 66.3303
    endloop
  endfacet
  facet normal 0.427107 0.473809 0.77012
    outer loop
      vertex 20.4204 37.982 66.0037
      vertex 20.0871 38.0245 66.1624
      vertex 20.4712 37.6386 66.1868
    endloop
  endfacet
  facet normal 0.408559 0.583627 0.701755
    outer loop
      vertex 20.3453 38.2985 65.7842
      vertex 20.0871 38.0245 66.1624
      vertex 20.4204 37.982 66.0037
    endloop
  endfacet
  facet normal -0.408559 0.583627 0.701755
    outer loop
      vertex -20.3453 38.2985 65.7842
      vertex -20.4204 37.982 66.0037
      vertex -20.0871 38.0245 66.1624
    endloop
  endfacet
  facet normal -0.427107 0.473809 0.77012
    outer loop
      vertex -20.4204 37.982 66.0037
      vertex -20.4712 37.6386 66.1868
      vertex -20.0871 38.0245 66.1624
    endloop
  endfacet
  facet normal -0.180295 0.603443 0.776756
    outer loop
      vertex -19.6964 38.3681 66.0439
      vertex -19.7353 38.0554 66.2778
      vertex -19.3708 38.0742 66.3478
    endloop
  endfacet
  facet normal -0.180122 0.603573 0.776696
    outer loop
      vertex -19.3512 38.3858 66.1102
      vertex -19.6964 38.3681 66.0439
      vertex -19.3708 38.0742 66.3478
    endloop
  endfacet
  facet normal 0.922175 0.384643 -0.0405274
    outer loop
      vertex 21.8408 37.3452 63.6273
      vertex 21.6676 37.7863 63.8727
      vertex 21.8165 37.4412 63.9855
    endloop
  endfacet
  facet normal 0.922169 0.384655 -0.0405519
    outer loop
      vertex 21.6906 37.6954 63.5335
      vertex 21.6676 37.7863 63.8727
      vertex 21.8408 37.3452 63.6273
    endloop
  endfacet
  facet normal 0.778778 0.627252 -0.00773559
    outer loop
      vertex 21.4731 38.1079 63.76
      vertex 21.1787 38.4755 63.9288
      vertex 21.4094 38.1908 64.0691
    endloop
  endfacet
  facet normal 0.751837 0.653266 0.0893525
    outer loop
      vertex 21.4094 38.1908 64.0691
      vertex 21.1787 38.4755 63.9288
      vertex 21.3045 38.2707 64.3676
    endloop
  endfacet
  facet normal 0.245619 0.954351 -0.169954
    outer loop
      vertex 19.9315 39.2223 63.3827
      vertex 19.5653 39.295 63.2617
      vertex 19.8909 39.2533 63.4981
    endloop
  endfacet
  facet normal 0.25881 0.93716 -0.233985
    outer loop
      vertex 19.9643 39.1577 63.1417
      vertex 19.5853 39.2558 63.1154
      vertex 19.9561 39.1903 63.2632
    endloop
  endfacet
  facet normal 0.278088 0.943887 0.178171
    outer loop
      vertex 20.0146 39.1654 64.5085
      vertex 19.8077 39.2851 64.1973
      vertex 19.8334 39.1967 64.6255
    endloop
  endfacet
  facet normal 0.343669 0.93612 -0.0746382
    outer loop
      vertex 19.8909 39.2533 63.4981
      vertex 19.8351 39.2825 63.6074
      vertex 20.2259 39.1441 63.671
    endloop
  endfacet
  facet normal 0.546644 0.835544 0.0551944
    outer loop
      vertex 20.8275 38.7883 64.0243
      vertex 20.4434 39.0388 64.0363
      vertex 20.713 38.8484 64.2485
    endloop
  endfacet
  facet normal 0.546645 0.835547 0.0551503
    outer loop
      vertex 20.5398 38.9882 63.8474
      vertex 20.4434 39.0388 64.0363
      vertex 20.8275 38.7883 64.0243
    endloop
  endfacet
  facet normal 0.0508667 0.998697 -0.00419594
    outer loop
      vertex 19.1515 39.4022 63.6614
      vertex 19.1259 39.4052 64.0651
      vertex 19.2496 39.3988 64.0414
    endloop
  endfacet
  facet normal 0.0979131 0.963172 0.250425
    outer loop
      vertex 19.3434 39.3444 64.4185
      vertex 19.1732 39.3532 64.4512
      vertex 19.4314 39.2398 64.7864
    endloop
  endfacet
  facet normal 0.319067 0.947139 -0.0335205
    outer loop
      vertex 19.8351 39.2825 63.6074
      vertex 19.765 39.3097 63.7087
      vertex 20.0527 39.2217 63.9607
    endloop
  endfacet
  facet normal 0.213207 0.97459 0.0686808
    outer loop
      vertex 19.8077 39.2851 64.1973
      vertex 19.587 39.3557 63.8806
      vertex 19.6634 39.3101 64.2905
    endloop
  endfacet
  facet normal 0.0327266 0.965364 0.258845
    outer loop
      vertex 19.1732 39.3532 64.4512
      vertex 19 39.2545 64.8412
      vertex 19.2175 39.2508 64.8275
    endloop
  endfacet
  facet normal 0.227579 0.855746 0.464657
    outer loop
      vertex 19.757 39.0654 65.0583
      vertex 19.512 39.0869 65.1387
      vertex 19.8631 38.8637 65.3778
    endloop
  endfacet
  facet normal 0.401881 0.884345 0.237541
    outer loop
      vertex 20.1785 39.1282 64.3697
      vertex 20.0146 39.1654 64.5085
      vertex 20.3987 38.9544 64.6442
    endloop
  endfacet
  facet normal 0.532154 0.803049 0.268186
    outer loop
      vertex 20.5693 38.9041 64.4563
      vertex 20.3987 38.9544 64.6442
      vertex 20.7894 38.6798 64.6912
    endloop
  endfacet
  facet normal 0.313047 0.846573 0.430483
    outer loop
      vertex 19.989 39.0358 64.9478
      vertex 19.757 39.0654 65.0583
      vertex 19.8631 38.8637 65.3778
    endloop
  endfacet
  facet normal 0.195949 0.915107 0.352397
    outer loop
      vertex 19.6378 39.2217 64.7187
      vertex 19.512 39.0869 65.1387
      vertex 19.757 39.0654 65.0583
    endloop
  endfacet
  facet normal -0.550957 0.0876269 0.829921
    outer loop
      vertex -20.4968 27.236 69.0201
      vertex -20.8224 27.1796 68.8099
      vertex -20.7912 26.7933 68.8714
    endloop
  endfacet
  facet normal -0.555488 0.215218 0.80319
    outer loop
      vertex -20.8224 37.218 66.1202
      vertex -20.4968 27.236 69.0201
      vertex -20.4968 37.2743 66.3303
    endloop
  endfacet
  facet normal -0.555704 0.215171 0.803053
    outer loop
      vertex -20.4968 27.236 69.0201
      vertex -20.8224 37.218 66.1202
      vertex -20.8224 27.1796 68.8099
    endloop
  endfacet
  facet normal -0.438438 0.104365 0.892681
    outer loop
      vertex -20.1456 27.2808 69.1873
      vertex -20.4712 26.8487 69.0779
      vertex -20.126 26.8927 69.2423
    endloop
  endfacet
  facet normal -0.31866 0.117204 0.940595
    outer loop
      vertex -19.7615 26.9247 69.3618
      vertex -20.1456 27.2808 69.1873
      vertex -20.126 26.8927 69.2423
    endloop
  endfacet
  facet normal -0.922193 -0.353332 0.157218
    outer loop
      vertex -21.6676 25.5637 67.1477
      vertex -21.8165 25.919 67.0728
      vertex -21.6906 25.4728 66.8085
    endloop
  endfacet
  facet normal -0.906393 -0.32228 0.273107
    outer loop
      vertex -21.5989 25.6531 67.4812
      vertex -21.8165 25.919 67.0728
      vertex -21.6676 25.5637 67.1477
    endloop
  endfacet
  facet normal -0.0385632 0.966299 -0.254517
    outer loop
      vertex -19.1895 39.3185 63.1512
      vertex -19.1962 39.3053 63.1021
      vertex -19.1945 39.3119 63.1269
    endloop
  endfacet
  facet normal -0.130186 0.960322 -0.246645
    outer loop
      vertex -19.1962 39.3053 63.1021
      vertex -19.5803 39.2756 63.1892
      vertex -19.1945 39.3119 63.1269
    endloop
  endfacet
  facet normal 0.660145 -0.472964 0.583536
    outer loop
      vertex 20.9789 25.5376 68.3632
      vertex 20.7894 25.1992 68.3033
      vertex 21.1602 25.4674 68.1012
    endloop
  endfacet
  facet normal 0.694905 -0.211277 0.687364
    outer loop
      vertex 21.0087 26.3429 68.655
      vertex 20.9026 25.9653 68.6462
      vertex 21.1346 25.8968 68.3906
    endloop
  endfacet
  facet normal 0.792219 -0.573911 0.207402
    outer loop
      vertex 21.4731 25.2288 67.211
      vertex 21.2362 24.92 67.2614
      vertex 21.2555 24.8439 66.9771
    endloop
  endfacet
  facet normal 0.694328 -0.646524 0.316095
    outer loop
      vertex 21.1787 24.9949 67.5409
      vertex 20.9611 24.6426 67.2983
      vertex 21.2362 24.92 67.2614
    endloop
  endfacet
  facet normal 0.820517 -0.410065 0.398245
    outer loop
      vertex 21.5989 25.6531 67.4812
      vertex 21.3045 25.3916 67.8185
      vertex 21.4094 25.3117 67.5201
    endloop
  endfacet
  facet normal 0.820505 -0.410199 0.398131
    outer loop
      vertex 21.4858 25.7393 67.8031
      vertex 21.3045 25.3916 67.8185
      vertex 21.5989 25.6531 67.4812
    endloop
  endfacet
  facet normal 0.670329 -0.623185 0.402863
    outer loop
      vertex 21.0838 25.0673 67.8108
      vertex 20.8275 24.7717 67.78
      vertex 21.1787 24.9949 67.5409
    endloop
  endfacet
  facet normal 0.7064 -0.670297 0.227377
    outer loop
      vertex 21.2362 24.92 67.2614
      vertex 20.9611 24.6426 67.2983
      vertex 21.2555 24.8439 66.9771
    endloop
  endfacet
  facet normal 0.634762 -0.601258 0.485352
    outer loop
      vertex 20.9533 25.1357 68.0664
      vertex 20.713 24.8318 68.0042
      vertex 20.8275 24.7717 67.78
    endloop
  endfacet
  facet normal 0.588548 -0.580431 0.562771
    outer loop
      vertex 20.7894 25.1992 68.3033
      vertex 20.5693 24.8875 68.212
      vertex 20.9533 25.1357 68.0664
    endloop
  endfacet
  facet normal -0.168957 -0.262225 0.950101
    outer loop
      vertex -19.3512 26.1633 69.3852
      vertex -19.6964 26.1455 69.3189
      vertex -19.6456 25.7682 69.2238
    endloop
  endfacet
  facet normal -0.278435 -0.269826 0.921774
    outer loop
      vertex -19.6964 26.1455 69.3189
      vertex -19.9546 25.741 69.1225
      vertex -19.6456 25.7682 69.2238
    endloop
  endfacet
  facet normal 0.0396676 -0.608451 0.792599
    outer loop
      vertex 19.2582 25.0834 68.9432
      vertex 19 25.0878 68.9595
      vertex 19.2175 24.7728 68.7068
    endloop
  endfacet
  facet normal 0.221974 -0.719926 0.657597
    outer loop
      vertex 19.8334 24.7187 68.5049
      vertex 19.5078 24.4728 68.3456
      vertex 19.6634 24.453 68.2714
    endloop
  endfacet
  facet normal 0.523519 -0.432681 0.733972
    outer loop
      vertex 20.5185 25.6568 68.808
      vertex 20.3731 25.307 68.7055
      vertex 20.7638 25.6011 68.6002
    endloop
  endfacet
  facet normal 0.393283 -0.529897 0.751357
    outer loop
      vertex 20.3731 25.307 68.7055
      vertex 20.1278 25.3494 68.8638
      vertex 20.2042 24.982 68.5647
    endloop
  endfacet
  facet normal 0.481413 -0.295705 0.825106
    outer loop
      vertex 20.6379 26.0253 68.8704
      vertex 20.2472 25.7037 68.9831
      vertex 20.5185 25.6568 68.808
    endloop
  endfacet
  facet normal 0.481478 -0.29581 0.825031
    outer loop
      vertex 20.3453 26.0759 69.0593
      vertex 20.2472 25.7037 68.9831
      vertex 20.6379 26.0253 68.8704
    endloop
  endfacet
  facet normal 0.768357 -0.236117 0.594875
    outer loop
      vertex 21.4602 26.1907 68.0867
      vertex 21.1346 25.8968 68.3906
      vertex 21.3301 25.821 68.108
    endloop
  endfacet
  facet normal 0.768343 -0.236055 0.594918
    outer loop
      vertex 21.2537 26.2706 68.3851
      vertex 21.1346 25.8968 68.3906
      vertex 21.4602 26.1907 68.0867
    endloop
  endfacet
  facet normal 0.194793 -0.888561 0.415348
    outer loop
      vertex 19.6819 24.187 67.859
      vertex 19.4138 24.0195 67.6264
      vertex 19.765 24.1624 67.7674
    endloop
  endfacet
  facet normal 0.0983778 -0.935268 0.339992
    outer loop
      vertex 19.4138 24.0195 67.6264
      vertex 19.1557 23.8938 67.3553
      vertex 19.4643 24.0046 67.5708
    endloop
  endfacet
  facet normal 0.297096 -0.142472 0.944159
    outer loop
      vertex 20.0871 26.5023 69.2498
      vertex 19.6964 26.1455 69.3189
      vertex 20.0297 26.1162 69.2096
    endloop
  endfacet
  facet normal 0.408669 -0.154412 0.899526
    outer loop
      vertex 20.0871 26.5023 69.2498
      vertex 20.0297 26.1162 69.2096
      vertex 20.3453 26.0759 69.0593
    endloop
  endfacet
  facet normal 0.914768 0.329967 0.233071
    outer loop
      vertex 21.8421 37.1762 64.461
      vertex 21.6245 37.6266 64.6774
      vertex 21.7184 37.2705 64.813
    endloop
  endfacet
  facet normal 0.938861 0.208312 0.274129
    outer loop
      vertex 21.8421 37.1762 64.461
      vertex 21.7184 37.2705 64.813
      vertex 21.7657 36.8998 64.9327
    endloop
  endfacet
  facet normal 0.906393 -0.32228 0.273107
    outer loop
      vertex 21.8165 25.919 67.0728
      vertex 21.5989 25.6531 67.4812
      vertex 21.6676 25.5637 67.1477
    endloop
  endfacet
  facet normal 0.922193 -0.353332 0.157218
    outer loop
      vertex 21.8165 25.919 67.0728
      vertex 21.6676 25.5637 67.1477
      vertex 21.6906 25.4728 66.8085
    endloop
  endfacet
  facet normal 0.658972 -0.194679 -0.726536
    outer loop
      vertex 21.1168 10.488 6.51568
      vertex 21.0651 12.2375 6
      vertex 21.1168 12.4125 6
    endloop
  endfacet
  facet normal 0.653696 -0.318776 -0.686341
    outer loop
      vertex 21.0806 10.1215 6.65136
      vertex 20.7912 10.0558 6.40624
      vertex 20.8224 10.4211 6.26629
    endloop
  endfacet
  facet normal 0.513393 -0.567932 -0.643336
    outer loop
      vertex 20.6379 9.39121 6.79109
      vertex 20.4204 9.65714 6.38276
      vertex 20.7294 9.71057 6.58218
    endloop
  endfacet
  facet normal 0.154923 -0.788782 -0.59483
    outer loop
      vertex 19.6456 8.99183 6.61361
      vertex 19.2944 8.73593 6.86148
      vertex 19.3256 8.97535 6.55212
    endloop
  endfacet
  facet normal 0.0519132 -0.792289 -0.607933
    outer loop
      vertex 19.2944 8.73593 6.86148
      vertex 19 8.96983 6.53151
      vertex 19.3256 8.97535 6.55212
    endloop
  endfacet
  facet normal -0.180306 -0.603549 -0.776671
    outer loop
      vertex -19.3512 9.25327 6.27626
      vertex -19.6964 9.27104 6.34259
      vertex -19.3708 9.56493 6.03862
    endloop
  endfacet
  facet normal -0.0604378 -0.607634 -0.791914
    outer loop
      vertex -19.3512 9.25327 6.27626
      vertex -19.3708 9.56493 6.03862
      vertex -19 9.24731 6.25403
    endloop
  endfacet
  facet normal -0.310689 -0.486253 -0.816719
    outer loop
      vertex -19.7353 9.58369 6.10864
      vertex -19.8505 9.83977 6
      vertex -19.7501 9.77562 6
    endloop
  endfacet
  facet normal -0.310577 -0.486227 -0.816777
    outer loop
      vertex -19.8505 9.83977 6
      vertex -19.7353 9.58369 6.10864
      vertex -20.0871 9.6146 6.22401
    endloop
  endfacet
  facet normal -0.297035 -0.595437 -0.746475
    outer loop
      vertex -20.0297 9.30032 6.45186
      vertex -20.0871 9.6146 6.22401
      vertex -19.6964 9.27104 6.34259
    endloop
  endfacet
  facet normal -0.363 -0.924028 0.12001
    outer loop
      vertex -19.8909 8.38584 8.88834
      vertex -20.2817 8.53753 8.87422
      vertex -20.2259 8.49499 8.71546
    endloop
  endfacet
  facet normal -0.382603 -0.89857 0.214913
    outer loop
      vertex -19.9643 8.48135 9.2448
      vertex -20.3155 8.58158 9.03864
      vertex -19.9561 8.44878 9.12322
    endloop
  endfacet
  facet normal -0.0726599 -0.985778 0.151533
    outer loop
      vertex -19.0981 8.28979 9.12021
      vertex -19.3563 8.26307 8.82258
      vertex -19.2926 8.25206 8.7815
    endloop
  endfacet
  facet normal -0.0505078 -0.998714 0.00429295
    outer loop
      vertex -19.0764 8.23307 8.7106
      vertex -19.1515 8.23693 8.72502
      vertex -19.1259 8.2339 8.32131
    endloop
  endfacet
  facet normal -0.195984 -0.915116 -0.352354
    outer loop
      vertex -19.6378 8.41739 7.66778
      vertex -19.757 8.5737 7.32812
      vertex -19.4314 8.39925 7.60009
    endloop
  endfacet
  facet normal -0.0398698 -0.923148 -0.382372
    outer loop
      vertex -19 8.38456 7.54523
      vertex -19.2175 8.38825 7.559
      vertex -19 8.53473 7.18268
    endloop
  endfacet
  facet normal -0.866032 -0.482953 0.129407
    outer loop
      vertex -21.6906 25.4728 66.8085
      vertex -21.6906 9.94369 8.85297
      vertex -21.4944 9.61543 8.94092
    endloop
  endfacet
  facet normal -0.923861 -0.369688 0.0990574
    outer loop
      vertex -21.6906 25.4728 66.8085
      vertex -21.8408 10.2939 8.75913
      vertex -21.6906 9.94369 8.85297
    endloop
  endfacet
  facet normal -0.947493 -0.298296 -0.115225
    outer loop
      vertex -21.8165 10.1979 8.40097
      vertex -21.9172 10.5606 8.29006
      vertex -21.8421 10.4629 7.92544
    endloop
  endfacet
  facet normal -0.866464 -0.360164 -0.34572
    outer loop
      vertex -21.6245 10.0125 7.70905
      vertex -21.7184 10.3686 7.57341
      vertex -21.5482 10.2792 7.23998
    endloop
  endfacet
  facet normal -0.745408 -0.29509 -0.597737
    outer loop
      vertex -21.3343 10.1964 6.93087
      vertex -21.375 10.5642 6.80005
      vertex -21.1168 10.488 6.51568
    endloop
  endfacet
  facet normal -0.745537 -0.294899 -0.59767
    outer loop
      vertex -21.0806 10.1215 6.65136
      vertex -21.3343 10.1964 6.93087
      vertex -21.1168 10.488 6.51568
    endloop
  endfacet
  facet normal -0.947493 -0.298297 -0.115225
    outer loop
      vertex -21.8165 10.1979 8.40097
      vertex -21.8421 10.4629 7.92544
      vertex -21.744 10.1036 8.04893
    endloop
  endfacet
  facet normal -0.938873 -0.208267 -0.274122
    outer loop
      vertex -21.7184 10.3686 7.57341
      vertex -21.8421 10.4629 7.92544
      vertex -21.7657 10.7393 7.45377
    endloop
  endfacet
  facet normal -0.63704 -0.437615 -0.634565
    outer loop
      vertex -21.0087 9.77398 6.81884
      vertex -21.0806 10.1215 6.65136
      vertex -20.7294 9.71057 6.58218
    endloop
  endfacet
  facet normal -0.636943 -0.437503 -0.63474
    outer loop
      vertex -20.7294 9.71057 6.58218
      vertex -21.0806 10.1215 6.65136
      vertex -20.7912 10.0558 6.40624
    endloop
  endfacet
  facet normal -0.768384 -0.501813 -0.397203
    outer loop
      vertex -21.1346 9.51976 7.27083
      vertex -21.4602 9.92626 7.38714
      vertex -21.2537 9.84629 7.0887
    endloop
  endfacet
  facet normal -0.609266 -0.548711 -0.572461
    outer loop
      vertex -20.9026 9.45127 7.01524
      vertex -21.0087 9.77398 6.81884
      vertex -20.6379 9.39121 6.79109
    endloop
  endfacet
  facet normal -0.914768 -0.329983 -0.233046
    outer loop
      vertex -21.6245 10.0125 7.70905
      vertex -21.8421 10.4629 7.92544
      vertex -21.7184 10.3686 7.57341
    endloop
  endfacet
  facet normal -0.866448 -0.36019 -0.345732
    outer loop
      vertex -21.4602 9.92626 7.38714
      vertex -21.6245 10.0125 7.70905
      vertex -21.5482 10.2792 7.23998
    endloop
  endfacet
  facet normal -0.77716 -0.581339 -0.240973
    outer loop
      vertex -21.3045 9.36837 8.01888
      vertex -21.3301 9.5955 7.5535
      vertex -21.1602 9.29263 7.73622
    endloop
  endfacet
  facet normal -0.720399 -0.60685 -0.335796
    outer loop
      vertex -20.9789 9.22241 7.47417
      vertex -21.1602 9.29263 7.73622
      vertex -21.1346 9.51976 7.27083
    endloop
  endfacet
  facet normal -0.634869 -0.763283 -0.11975
    outer loop
      vertex -20.8275 8.85077 8.36215
      vertex -21.0838 9.09131 8.18776
      vertex -20.713 8.7907 8.138
    endloop
  endfacet
  facet normal -0.597863 -0.796514 0.0901426
    outer loop
      vertex -20.6525 8.75963 8.94501
      vertex -20.9106 8.91418 8.59881
      vertex -20.6099 8.70428 8.73847
    endloop
  endfacet
  facet normal -0.169069 -0.702144 -0.691672
    outer loop
      vertex -19.6456 8.99183 6.61361
      vertex -19.6964 9.27104 6.34259
      vertex -19.3256 8.97535 6.55212
    endloop
  endfacet
  facet normal -0.138078 -0.86197 -0.487793
    outer loop
      vertex -19.2582 8.53911 7.19903
      vertex -19.5838 8.75083 6.91707
      vertex -19.2944 8.73593 6.86148
    endloop
  endfacet
  facet normal -0.161013 -0.958808 -0.234012
    outer loop
      vertex -19.3434 8.29469 7.96795
      vertex -19.6378 8.41739 7.66778
      vertex -19.4314 8.39925 7.60009
    endloop
  endfacet
  facet normal -0.441131 -0.758063 -0.480357
    outer loop
      vertex -20.3731 8.85157 7.29305
      vertex -20.5185 9.10324 7.02941
      vertex -20.2472 9.05632 6.85431
    endloop
  endfacet
  facet normal -0.571345 -0.650756 -0.500082
    outer loop
      vertex -20.5185 9.10324 7.02941
      vertex -20.7638 9.15892 7.23721
      vertex -20.6379 9.39121 6.79109
    endloop
  endfacet
  facet normal -0.588619 -0.784021 -0.197076
    outer loop
      vertex -20.5693 8.73502 7.9302
      vertex -20.9533 9.02282 7.93217
      vertex -20.7894 8.95933 7.69522
    endloop
  endfacet
  facet normal -0.466749 -0.820022 -0.331224
    outer loop
      vertex -20.3987 8.68468 7.7423
      vertex -20.5949 8.90192 7.48095
      vertex -20.3731 8.85157 7.29305
    endloop
  endfacet
  facet normal -0.441141 -0.758058 -0.480357
    outer loop
      vertex -20.1278 8.80915 7.13472
      vertex -20.3731 8.85157 7.29305
      vertex -20.2472 9.05632 6.85431
    endloop
  endfacet
  facet normal -0.0254568 -0.990836 0.13265
    outer loop
      vertex -19.0256 8.28342 9.09644
      vertex -19.1515 8.23693 8.72502
      vertex -19.0764 8.23307 8.7106
    endloop
  endfacet
  facet normal -0.114648 -0.993085 0.0252736
    outer loop
      vertex -19.2926 8.25206 8.7815
      vertex -19.4822 8.26521 8.43813
      vertex -19.369 8.25077 8.38424
    endloop
  endfacet
  facet normal -0.11736 -0.97258 0.200784
    outer loop
      vertex -19.1813 8.31434 9.21182
      vertex -19.5407 8.32528 9.05474
      vertex -19.5069 8.30751 8.98842
    endloop
  endfacet
  facet normal -0.123983 -0.968439 0.216226
    outer loop
      vertex -19.1895 8.32063 9.23529
      vertex -19.5407 8.32528 9.05474
      vertex -19.1813 8.31434 9.21182
    endloop
  endfacet
  facet normal -0.50685 -0.853369 -0.121919
    outer loop
      vertex -20.4434 8.60024 8.35019
      vertex -20.5693 8.73502 7.9302
      vertex -20.3223 8.55333 8.17509
    endloop
  endfacet
  facet normal -0.343795 -0.936027 0.0752186
    outer loop
      vertex -19.8909 8.38584 8.88834
      vertex -20.2259 8.49499 8.71546
      vertex -20.1491 8.4547 8.56511
    endloop
  endfacet
  facet normal -0.896932 -0.11444 -0.427102
    outer loop
      vertex -21.6826 15.5136 6
      vertex -21.7657 10.7393 7.45377
      vertex -21.7657 16.1649 6
    endloop
  endfacet
  facet normal -0.989349 0.142651 0.0289814
    outer loop
      vertex -21.9424 36.9791 63.7254
      vertex -21.968 36.7044 64.2036
      vertex -21.9172 37.0785 64.0964
    endloop
  endfacet
  facet normal -0.972415 0.175934 0.153153
    outer loop
      vertex -21.9172 37.0785 64.0964
      vertex -21.968 36.7044 64.2036
      vertex -21.8421 37.1762 64.461
    endloop
  endfacet
  facet normal 0.0727564 -0.985758 0.151615
    outer loop
      vertex 19.1194 8.29348 9.13398
      vertex 19.0981 8.28979 9.12021
      vertex 19.3563 8.26307 8.82258
    endloop
  endfacet
  facet normal 0.0862126 -0.983085 0.161591
    outer loop
      vertex 19.1387 8.29786 9.15033
      vertex 19.1194 8.29348 9.13398
      vertex 19.3563 8.26307 8.82258
    endloop
  endfacet
  facet normal 0.577215 -0.816434 0.0160717
    outer loop
      vertex 20.9106 8.91418 8.59881
      vertex 20.5398 8.65085 8.53906
      vertex 20.8275 8.85077 8.36215
    endloop
  endfacet
  facet normal 0.546686 -0.83552 -0.0551433
    outer loop
      vertex 20.5398 8.65085 8.53906
      vertex 20.4434 8.60024 8.35019
      vertex 20.8275 8.85077 8.36215
    endloop
  endfacet
  facet normal 0.634868 -0.763306 -0.119612
    outer loop
      vertex 21.0838 9.09131 8.18776
      vertex 20.713 8.7907 8.138
      vertex 20.9533 9.02282 7.93217
    endloop
  endfacet
  facet normal 0.588631 -0.784038 -0.196973
    outer loop
      vertex 20.713 8.7907 8.138
      vertex 20.5693 8.73502 7.9302
      vertex 20.9533 9.02282 7.93217
    endloop
  endfacet
  facet normal 0.777076 -0.58143 -0.241023
    outer loop
      vertex 21.4858 9.6772 7.8584
      vertex 21.3045 9.36837 8.01888
      vertex 21.3301 9.5955 7.5535
    endloop
  endfacet
  facet normal 0.906366 -0.41573 -0.0752987
    outer loop
      vertex 21.8165 10.1979 8.40097
      vertex 21.5989 9.76346 8.18031
      vertex 21.744 10.1036 8.04893
    endloop
  endfacet
  facet normal 0.778689 -0.62736 0.00790079
    outer loop
      vertex 21.2362 9.23851 8.73713
      vertex 21.1787 9.16362 8.45762
      vertex 21.4731 9.53116 8.62643
    endloop
  endfacet
  facet normal 0.69429 -0.717988 0.0495455
    outer loop
      vertex 21.2362 9.23851 8.73713
      vertex 20.9611 8.97986 8.84393
      vertex 21.1787 9.16362 8.45762
    endloop
  endfacet
  facet normal 0.991452 -0.126029 0.0337695
    outer loop
      vertex 21.9424 26.1892 66.6166
      vertex 21.9424 10.66 8.66103
      vertex 21.9936 11.0358 8.56033
    endloop
  endfacet
  facet normal 0.965898 -0.250099 0.067014
    outer loop
      vertex 21.9424 26.1892 66.6166
      vertex 21.8408 10.2939 8.75913
      vertex 21.9424 10.66 8.66103
    endloop
  endfacet
  facet normal 0.972421 -0.175926 -0.153128
    outer loop
      vertex 21.968 10.9347 8.18291
      vertex 21.8421 10.4629 7.92544
      vertex 21.8916 10.8353 7.81194
    endloop
  endfacet
  facet normal 0.972419 -0.175913 -0.153151
    outer loop
      vertex 21.9172 10.5606 8.29006
      vertex 21.8421 10.4629 7.92544
      vertex 21.968 10.9347 8.18291
    endloop
  endfacet
  facet normal 0.906374 -0.4157 -0.0753659
    outer loop
      vertex 21.6676 9.8528 8.51374
      vertex 21.5989 9.76346 8.18031
      vertex 21.8165 10.1979 8.40097
    endloop
  endfacet
  facet normal 0.849851 -0.525913 -0.0341891
    outer loop
      vertex 21.6676 9.8528 8.51374
      vertex 21.4094 9.44833 8.31732
      vertex 21.5989 9.76346 8.18031
    endloop
  endfacet
  facet normal 0.383263 -0.683331 -0.621425
    outer loop
      vertex 20.2472 9.05632 6.85431
      vertex 19.9546 9.01897 6.71492
      vertex 20.0297 9.30032 6.45186
    endloop
  endfacet
  facet normal 0.383297 -0.683308 -0.621429
    outer loop
      vertex 20.2472 9.05632 6.85431
      vertex 20.0297 9.30032 6.45186
      vertex 20.3453 9.34061 6.60222
    endloop
  endfacet
  facet normal 0.947493 -0.298296 -0.115225
    outer loop
      vertex 21.9172 10.5606 8.29006
      vertex 21.8165 10.1979 8.40097
      vertex 21.8421 10.4629 7.92544
    endloop
  endfacet
  facet normal 0.866464 -0.360164 -0.34572
    outer loop
      vertex 21.6245 10.0125 7.70905
      vertex 21.5482 10.2792 7.23998
      vertex 21.7184 10.3686 7.57341
    endloop
  endfacet
  facet normal 0.122932 -0.79822 0.589689
    outer loop
      vertex 19.5078 24.4728 68.3456
      vertex 19.3434 24.4873 68.3995
      vertex 19.369 24.2411 68.0609
    endloop
  endfacet
  facet normal 0.160756 -0.713273 0.682202
    outer loop
      vertex 19.6378 24.7436 68.5981
      vertex 19.3434 24.4873 68.3995
      vertex 19.5078 24.4728 68.3456
    endloop
  endfacet
  facet normal 0.252958 -0.817577 0.517281
    outer loop
      vertex 19.8077 24.428 68.1783
      vertex 19.587 24.2085 67.9393
      vertex 19.9382 24.3984 68.0677
    endloop
  endfacet
  facet normal 0.506941 -0.678053 0.532217
    outer loop
      vertex 20.5693 24.8875 68.212
      vertex 20.3223 24.6077 68.0908
      vertex 20.4434 24.5608 67.9157
    endloop
  endfacet
  facet normal 0.0403182 -0.92536 0.37694
    outer loop
      vertex 19.224 24.0523 67.7489
      vertex 19.0508 23.912 67.423
      vertex 19.0751 23.9098 67.415
    endloop
  endfacet
  facet normal 0.0596406 -0.927431 0.369208
    outer loop
      vertex 19.224 24.0523 67.7489
      vertex 19.0751 23.9098 67.415
      vertex 19.0981 23.9069 67.404
    endloop
  endfacet
  facet normal 0.0248085 -0.793138 0.608537
    outer loop
      vertex 19.1732 24.496 68.4322
      vertex 19 24.2601 68.1318
      vertex 19.1259 24.2579 68.1238
    endloop
  endfacet
  facet normal 0.0166382 -0.865887 0.499962
    outer loop
      vertex 19 24.2601 68.1318
      vertex 19 24.0639 67.792
      vertex 19.1259 24.2579 68.1238
    endloop
  endfacet
  facet normal 0.0249726 -0.924403 0.380598
    outer loop
      vertex 19.0764 24.0626 67.7871
      vertex 19.0508 23.912 67.423
      vertex 19.1515 24.0587 67.7727
    endloop
  endfacet
  facet normal 0.00947442 -0.923882 0.382561
    outer loop
      vertex 19.0764 24.0626 67.7871
      vertex 19 23.9137 67.4294
      vertex 19.0256 23.9133 67.4278
    endloop
  endfacet
  facet normal 0.109403 -0.938979 0.326112
    outer loop
      vertex 19.4643 24.0046 67.5708
      vertex 19.1557 23.8938 67.3553
      vertex 19.1699 23.8883 67.3347
    endloop
  endfacet
  facet normal 0.108556 -0.93875 0.327055
    outer loop
      vertex 19.4643 24.0046 67.5708
      vertex 19.1699 23.8883 67.3347
      vertex 19.5069 23.9881 67.5093
    endloop
  endfacet
  facet normal 0.0976444 -0.935117 0.34062
    outer loop
      vertex 19.4138 24.0195 67.6264
      vertex 19.1387 23.8988 67.3739
      vertex 19.1557 23.8938 67.3553
    endloop
  endfacet
  facet normal 0.0862627 -0.932164 0.351609
    outer loop
      vertex 19.4138 24.0195 67.6264
      vertex 19.1194 23.9032 67.3903
      vertex 19.1387 23.8988 67.3739
    endloop
  endfacet
  facet normal 0.011533 -0.960689 0.277387
    outer loop
      vertex 19.0981 23.9069 67.404
      vertex 19.0751 23.9098 67.415
      vertex 19.1194 23.9032 67.3903
    endloop
  endfacet
  facet normal 0.0715998 -0.929307 0.3623
    outer loop
      vertex 19.2926 24.0436 67.7162
      vertex 19.0981 23.9069 67.404
      vertex 19.1194 23.9032 67.3903
    endloop
  endfacet
  facet normal 0.376001 -0.872897 0.310926
    outer loop
      vertex 20.2817 24.2444 67.4932
      vertex 19.9315 24.0751 67.4414
      vertex 20.3155 24.2004 67.3288
    endloop
  endfacet
  facet normal 0.49135 -0.810823 0.318028
    outer loop
      vertex 20.6099 24.4567 67.5274
      vertex 20.2817 24.2444 67.4932
      vertex 20.3155 24.2004 67.3288
    endloop
  endfacet
  facet normal -0.849886 -0.438291 0.292565
    outer loop
      vertex -21.5989 25.6531 67.4812
      vertex -21.6676 25.5637 67.1477
      vertex -21.4731 25.2288 67.211
    endloop
  endfacet
  facet normal -0.864692 -0.467429 0.183895
    outer loop
      vertex -21.6676 25.5637 67.1477
      vertex -21.6906 25.4728 66.8085
      vertex -21.4731 25.2288 67.211
    endloop
  endfacet
  facet normal -0.751715 -0.521169 0.404114
    outer loop
      vertex -21.0838 25.0673 67.8108
      vertex -21.3045 25.3916 67.8185
      vertex -21.1787 24.9949 67.5409
    endloop
  endfacet
  facet normal -0.670329 -0.623185 0.402863
    outer loop
      vertex -21.0838 25.0673 67.8108
      vertex -21.1787 24.9949 67.5409
      vertex -20.8275 24.7717 67.78
    endloop
  endfacet
  facet normal -0.751932 -0.521056 0.403854
    outer loop
      vertex -21.3045 25.3916 67.8185
      vertex -21.4094 25.3117 67.5201
      vertex -21.1787 24.9949 67.5409
    endloop
  endfacet
  facet normal -0.820517 -0.410065 0.398245
    outer loop
      vertex -21.3045 25.3916 67.8185
      vertex -21.5989 25.6531 67.4812
      vertex -21.4094 25.3117 67.5201
    endloop
  endfacet
  facet normal -0.458407 -0.661681 0.593331
    outer loop
      vertex -20.3987 24.9378 68.3999
      vertex -20.5693 24.8875 68.212
      vertex -20.3223 24.6077 68.0908
    endloop
  endfacet
  facet normal -0.523504 -0.432651 0.734001
    outer loop
      vertex -20.3731 25.307 68.7055
      vertex -20.7638 25.6011 68.6002
      vertex -20.5949 25.2566 68.5176
    endloop
  endfacet
  facet normal -0.481478 -0.29581 0.825031
    outer loop
      vertex -20.3453 26.0759 69.0593
      vertex -20.6379 26.0253 68.8704
      vertex -20.2472 25.7037 68.9831
    endloop
  endfacet
  facet normal -0.441145 -0.41633 0.795022
    outer loop
      vertex -20.2472 25.7037 68.9831
      vertex -20.5185 25.6568 68.808
      vertex -20.3731 25.307 68.7055
    endloop
  endfacet
  facet normal -0.588548 -0.580431 0.562771
    outer loop
      vertex -20.7894 25.1992 68.3033
      vertex -20.9533 25.1357 68.0664
      vertex -20.5693 24.8875 68.212
    endloop
  endfacet
  facet normal -0.506866 -0.678069 0.532267
    outer loop
      vertex -20.5693 24.8875 68.212
      vertex -20.713 24.8318 68.0042
      vertex -20.4434 24.5608 67.9157
    endloop
  endfacet
  facet normal 0.310585 0.486332 0.816712
    outer loop
      vertex 20.0871 38.0245 66.1624
      vertex 19.7615 37.7147 66.4707
      vertex 20.126 37.6826 66.3512
    endloop
  endfacet
  facet normal 0.0632533 0.49903 0.864273
    outer loop
      vertex 19.3708 38.0742 66.3478
      vertex 19 38.0805 66.3713
      vertex 19.3841 37.7341 66.5432
    endloop
  endfacet
  facet normal 0.438405 0.356014 0.825261
    outer loop
      vertex 20.4712 37.6386 66.1868
      vertex 20.126 37.6826 66.3512
      vertex 20.1456 37.3191 66.4976
    endloop
  endfacet
  facet normal 0.31876 0.36884 0.873126
    outer loop
      vertex 20.126 37.6826 66.3512
      vertex 19.7748 37.3517 66.6192
      vertex 20.1456 37.3191 66.4976
    endloop
  endfacet
  facet normal 0.310668 -0.0125364 0.950436
    outer loop
      vertex 19.7615 26.9247 69.3618
      vertex 19.7353 26.5332 69.3652
      vertex 20.0871 26.5023 69.2498
    endloop
  endfacet
  facet normal 0.310501 -0.0126789 0.950488
    outer loop
      vertex 20.126 26.8927 69.2423
      vertex 19.7615 26.9247 69.3618
      vertex 20.0871 26.5023 69.2498
    endloop
  endfacet
  facet normal 0.0650326 0.130185 0.989355
    outer loop
      vertex 19 27.3398 69.4075
      vertex 19 26.9507 69.4587
      vertex 19.3907 27.3331 69.3827
    endloop
  endfacet
  facet normal 0.297142 0.595331 0.746517
    outer loop
      vertex 20.0297 38.3388 65.9346
      vertex 19.6964 38.3681 66.0439
      vertex 20.0871 38.0245 66.1624
    endloop
  endfacet
  facet normal 0.408926 0.583328 0.701789
    outer loop
      vertex 20.3453 38.2985 65.7842
      vertex 20.0297 38.3388 65.9346
      vertex 20.0871 38.0245 66.1624
    endloop
  endfacet
  facet normal 0.458181 0.869784 0.183159
    outer loop
      vertex 20.5693 38.9041 64.4563
      vertex 20.1785 39.1282 64.3697
      vertex 20.3987 38.9544 64.6442
    endloop
  endfacet
  facet normal 0.318581 0.947314 -0.0331916
    outer loop
      vertex 20.1491 39.1844 63.8214
      vertex 19.8351 39.2825 63.6074
      vertex 20.0527 39.2217 63.9607
    endloop
  endfacet
  facet normal 0.258784 0.937186 -0.233907
    outer loop
      vertex 19.5853 39.2558 63.1154
      vertex 19.5803 39.2756 63.1892
      vertex 19.9561 39.1903 63.2632
    endloop
  endfacet
  facet normal 0.47431 0.877709 -0.0682377
    outer loop
      vertex 20.2817 39.1016 63.5122
      vertex 20.2259 39.1441 63.671
      vertex 20.6099 38.9348 63.648
    endloop
  endfacet
  facet normal 0.0170065 0.999855 -0.00010775
    outer loop
      vertex 19.0764 39.406 63.6759
      vertex 19 39.4073 63.6807
      vertex 19.1259 39.4052 64.0651
    endloop
  endfacet
  facet normal 0.0166776 0.999861 0
    outer loop
      vertex 19.1259 39.4052 64.0651
      vertex 19 39.4073 63.6807
      vertex 19 39.4073 64.0731
    endloop
  endfacet
  facet normal 0.278549 0.943761 0.178117
    outer loop
      vertex 19.8077 39.2851 64.1973
      vertex 19.6634 39.3101 64.2905
      vertex 19.8334 39.1967 64.6255
    endloop
  endfacet
  facet normal 0.252559 0.96677 0.0396299
    outer loop
      vertex 19.6819 39.3342 63.8003
      vertex 19.587 39.3557 63.8806
      vertex 19.9382 39.2555 64.0868
    endloop
  endfacet
  facet normal 0.376276 0.921629 0.0949554
    outer loop
      vertex 20.3223 39.0858 64.2114
      vertex 20.0527 39.2217 63.9607
      vertex 20.1785 39.1282 64.3697
    endloop
  endfacet
  facet normal 0.458162 0.869779 0.183229
    outer loop
      vertex 20.3223 39.0858 64.2114
      vertex 20.1785 39.1282 64.3697
      vertex 20.5693 38.9041 64.4563
    endloop
  endfacet
  facet normal 0.269559 0.907223 0.322931
    outer loop
      vertex 19.989 39.0358 64.9478
      vertex 19.6378 39.2217 64.7187
      vertex 19.757 39.0654 65.0583
    endloop
  endfacet
  facet normal 0.269722 0.907254 0.322707
    outer loop
      vertex 19.8334 39.1967 64.6255
      vertex 19.6378 39.2217 64.7187
      vertex 19.989 39.0358 64.9478
    endloop
  endfacet
  facet normal 0.160875 0.958804 0.234123
    outer loop
      vertex 19.6378 39.2217 64.7187
      vertex 19.3434 39.3444 64.4185
      vertex 19.4314 39.2398 64.7864
    endloop
  endfacet
  facet normal 0.160773 0.958798 0.23422
    outer loop
      vertex 19.5078 39.33 64.3646
      vertex 19.3434 39.3444 64.4185
      vertex 19.6378 39.2217 64.7187
    endloop
  endfacet
  facet normal 0.0400137 0.923175 0.38229
    outer loop
      vertex 19.2175 39.2508 64.8275
      vertex 19 39.1044 65.2038
      vertex 19.2582 39.1 65.1874
    endloop
  endfacet
  facet normal 0.118938 0.920485 0.372238
    outer loop
      vertex 19.512 39.0869 65.1387
      vertex 19.2175 39.2508 64.8275
      vertex 19.2582 39.1 65.1874
    endloop
  endfacet
  facet normal -0.947519 -0.200697 0.248852
    outer loop
      vertex -21.744 26.0133 67.4249
      vertex -21.8421 26.3863 67.3522
      vertex -21.8165 25.919 67.0728
    endloop
  endfacet
  facet normal -0.90637 -0.322446 0.272986
    outer loop
      vertex -21.744 26.0133 67.4249
      vertex -21.8165 25.919 67.0728
      vertex -21.5989 25.6531 67.4812
    endloop
  endfacet
  facet normal 0.441096 -0.416355 0.795036
    outer loop
      vertex 20.2472 25.7037 68.9831
      vertex 20.1278 25.3494 68.8638
      vertex 20.3731 25.307 68.7055
    endloop
  endfacet
  facet normal 0.441145 -0.41633 0.795022
    outer loop
      vertex 20.5185 25.6568 68.808
      vertex 20.2472 25.7037 68.9831
      vertex 20.3731 25.307 68.7055
    endloop
  endfacet
  facet normal 0.712125 -0.496289 0.496563
    outer loop
      vertex 21.1602 25.4674 68.1012
      vertex 20.9533 25.1357 68.0664
      vertex 21.3045 25.3916 67.8185
    endloop
  endfacet
  facet normal 0.777095 -0.38308 0.499372
    outer loop
      vertex 21.4858 25.7393 67.8031
      vertex 21.1602 25.4674 68.1012
      vertex 21.3045 25.3916 67.8185
    endloop
  endfacet
  facet normal 0.597777 -0.734951 0.320171
    outer loop
      vertex 20.9106 24.7083 67.5434
      vertex 20.6525 24.4014 67.3208
      vertex 20.9611 24.6426 67.2983
    endloop
  endfacet
  facet normal 0.608229 -0.75547 0.243562
    outer loop
      vertex 20.9611 24.6426 67.2983
      vertex 20.6525 24.4014 67.3208
      vertex 20.978 24.5758 67.0489
    endloop
  endfacet
  facet normal 0.588569 -0.580548 0.562627
    outer loop
      vertex 20.9533 25.1357 68.0664
      vertex 20.5693 24.8875 68.212
      vertex 20.713 24.8318 68.0042
    endloop
  endfacet
  facet normal 0.506866 -0.678069 0.532267
    outer loop
      vertex 20.5693 24.8875 68.212
      vertex 20.4434 24.5608 67.9157
      vertex 20.713 24.8318 68.0042
    endloop
  endfacet
  facet normal 0.0461743 -0.499457 0.865107
    outer loop
      vertex 19.2944 25.4226 69.1371
      vertex 19 25.4276 69.1557
      vertex 19.2582 25.0834 68.9432
    endloop
  endfacet
  facet normal 0.138086 -0.502589 0.853427
    outer loop
      vertex 19.2944 25.4226 69.1371
      vertex 19.2582 25.0834 68.9432
      vertex 19.5838 25.4077 69.0815
    endloop
  endfacet
  facet normal 0.0979949 -0.708751 0.69862
    outer loop
      vertex 19.2175 24.7728 68.7068
      vertex 19.1732 24.496 68.4322
      vertex 19.3434 24.4873 68.3995
    endloop
  endfacet
  facet normal 0.118945 -0.611012 0.782634
    outer loop
      vertex 19.512 25.0703 68.8944
      vertex 19.2582 25.0834 68.9432
      vertex 19.4314 24.7618 68.6658
    endloop
  endfacet
  facet normal 0.227675 -0.508729 0.830277
    outer loop
      vertex 19.8631 25.3832 68.9899
      vertex 19.5838 25.4077 69.0815
      vertex 19.757 25.0488 68.8141
    endloop
  endfacet
  facet normal 0.313385 -0.517891 0.795976
    outer loop
      vertex 19.8631 25.3832 68.9899
      vertex 19.757 25.0488 68.8141
      vertex 19.989 25.0192 68.7035
    endloop
  endfacet
  facet normal 0.523504 -0.432651 0.734001
    outer loop
      vertex 20.7638 25.6011 68.6002
      vertex 20.3731 25.307 68.7055
      vertex 20.5949 25.2566 68.5176
    endloop
  endfacet
  facet normal 0.278205 -0.728247 0.626306
    outer loop
      vertex 19.8334 24.7187 68.5049
      vertex 19.8077 24.428 68.1783
      vertex 20.0146 24.6873 68.3879
    endloop
  endfacet
  facet normal 0.33849 -0.634503 0.69486
    outer loop
      vertex 19.989 25.0192 68.7035
      vertex 19.8334 24.7187 68.5049
      vertex 20.2042 24.982 68.5647
    endloop
  endfacet
  facet normal 0.338595 -0.634617 0.694705
    outer loop
      vertex 20.2042 24.982 68.5647
      vertex 19.8334 24.7187 68.5049
      vertex 20.0146 24.6873 68.3879
    endloop
  endfacet
  facet normal 0.636943 -0.437503 -0.63474
    outer loop
      vertex 21.0806 10.1215 6.65136
      vertex 20.7294 9.71057 6.58218
      vertex 20.7912 10.0558 6.40624
    endloop
  endfacet
  facet normal 0.63704 -0.437615 -0.634565
    outer loop
      vertex 21.0087 9.77398 6.81884
      vertex 20.7294 9.71057 6.58218
      vertex 21.0806 10.1215 6.65136
    endloop
  endfacet
  facet normal -0.169051 -0.702132 -0.691688
    outer loop
      vertex -19.3256 8.97535 6.55212
      vertex -19.6964 9.27104 6.34259
      vertex -19.3512 9.25327 6.27626
    endloop
  endfacet
  facet normal -0.0566669 -0.705964 -0.705977
    outer loop
      vertex -19.3256 8.97535 6.55212
      vertex -19.3512 9.25327 6.27626
      vertex -19 9.24731 6.25403
    endloop
  endfacet
  facet normal -0.438505 -0.355985 -0.82522
    outer loop
      vertex -20.4712 10.0005 6.1997
      vertex -20.1307 10.044 6
      vertex -20.126 9.95645 6.03527
    endloop
  endfacet
  facet normal -0.438538 -0.355872 -0.825251
    outer loop
      vertex -20.1307 10.044 6
      vertex -20.4712 10.0005 6.1997
      vertex -20.262 10.2058 6
    endloop
  endfacet
  facet normal -0.0631557 -0.499062 -0.864262
    outer loop
      vertex -19.3708 9.56493 6.03862
      vertex -19.3734 9.63214 6
      vertex -19.3056 9.62356 6
    endloop
  endfacet
  facet normal -0.670422 -0.741064 -0.0368511
    outer loop
      vertex -20.9106 8.91418 8.59881
      vertex -21.0838 9.09131 8.18776
      vertex -20.8275 8.85077 8.36215
    endloop
  endfacet
  facet normal -0.376056 -0.911445 0.16688
    outer loop
      vertex -19.9561 8.44878 9.12322
      vertex -20.3155 8.58158 9.03864
      vertex -20.2817 8.53753 8.87422
    endloop
  endfacet
  facet normal -0.670174 -0.741278 -0.0370477
    outer loop
      vertex -20.9106 8.91418 8.59881
      vertex -21.1787 9.16362 8.45762
      vertex -21.0838 9.09131 8.18776
    endloop
  endfacet
  facet normal -0.546686 -0.83552 -0.0551433
    outer loop
      vertex -20.5398 8.65085 8.53906
      vertex -20.8275 8.85077 8.36215
      vertex -20.4434 8.60024 8.35019
    endloop
  endfacet
  facet normal -0.318713 -0.947268 0.0332353
    outer loop
      vertex -19.8351 8.35656 8.77907
      vertex -20.1491 8.4547 8.56511
      vertex -19.765 8.32942 8.67776
    endloop
  endfacet
  facet normal -0.338605 -0.896885 -0.284506
    outer loop
      vertex -19.8334 8.44235 7.76092
      vertex -20.2042 8.64052 7.57751
      vertex -19.989 8.60332 7.43866
    endloop
  endfacet
  facet normal -0.245531 -0.954475 0.169386
    outer loop
      vertex -19.5653 8.34404 9.12477
      vertex -19.9315 8.41676 9.00372
      vertex -19.8909 8.38584 8.88834
    endloop
  endfacet
  facet normal -0.123842 -0.968519 0.215949
    outer loop
      vertex -19.1895 8.32063 9.23529
      vertex -19.5653 8.34404 9.12477
      vertex -19.5407 8.32528 9.05474
    endloop
  endfacet
  facet normal 0 -0.991445 -0.130524
    outer loop
      vertex -19 8.28299 7.92428
      vertex 19 8.23177 8.31334
      vertex -19 8.23177 8.31334
    endloop
  endfacet
  facet normal 0 -0.991445 -0.130524
    outer loop
      vertex 19 8.23177 8.31334
      vertex -19 8.28299 7.92428
      vertex 19 8.28299 7.92428
    endloop
  endfacet
  facet normal 0 -1 0
    outer loop
      vertex -19 8.23177 8.31334
      vertex 19 8.23177 8.70576
      vertex -19 8.23177 8.70576
    endloop
  endfacet
  facet normal 0 -1 -0
    outer loop
      vertex 19 8.23177 8.70576
      vertex -19 8.23177 8.31334
      vertex 19 8.23177 8.31334
    endloop
  endfacet
  facet normal -0.278298 -0.943834 -0.178121
    outer loop
      vertex -19.8077 8.35396 8.18913
      vertex -20.0146 8.4737 7.87791
      vertex -19.8334 8.44235 7.76092
    endloop
  endfacet
  facet normal -0.330191 -0.933525 -0.139656
    outer loop
      vertex -19.8077 8.35396 8.18913
      vertex -20.1785 8.5109 8.01676
      vertex -20.0146 8.4737 7.87791
    endloop
  endfacet
  facet normal -0.0327563 -0.965405 -0.258689
    outer loop
      vertex -19 8.28299 7.92428
      vertex -19.2175 8.38825 7.559
      vertex -19 8.38456 7.54523
    endloop
  endfacet
  facet normal -0.039873 -0.923147 -0.382374
    outer loop
      vertex -19.2175 8.38825 7.559
      vertex -19.2582 8.53911 7.19903
      vertex -19 8.53473 7.18268
    endloop
  endfacet
  facet normal -0.963964 -0.265969 0.00578339
    outer loop
      vertex -21.8408 10.2939 8.75913
      vertex -21.9424 10.66 8.66103
      vertex -21.9172 10.5606 8.29006
    endloop
  endfacet
  facet normal -0.989349 -0.142648 -0.0289845
    outer loop
      vertex -21.9424 10.66 8.66103
      vertex -21.968 10.9347 8.18291
      vertex -21.9172 10.5606 8.29006
    endloop
  endfacet
  facet normal -0.803175 -0.388501 -0.451639
    outer loop
      vertex -21.2537 9.84629 7.0887
      vertex -21.4602 9.92626 7.38714
      vertex -21.3343 10.1964 6.93087
    endloop
  endfacet
  facet normal -0.726404 -0.414395 -0.548283
    outer loop
      vertex -21.2537 9.84629 7.0887
      vertex -21.3343 10.1964 6.93087
      vertex -21.0806 10.1215 6.65136
    endloop
  endfacet
  facet normal -0.82892 -0.474692 -0.295903
    outer loop
      vertex -21.4858 9.6772 7.8584
      vertex -21.6245 10.0125 7.70905
      vertex -21.4602 9.92626 7.38714
    endloop
  endfacet
  facet normal -0.875173 -0.445777 -0.188032
    outer loop
      vertex -21.5989 9.76346 8.18031
      vertex -21.6245 10.0125 7.70905
      vertex -21.4858 9.6772 7.8584
    endloop
  endfacet
  facet normal -0.0519207 -0.792286 -0.607937
    outer loop
      vertex -19 8.73094 6.84284
      vertex -19.2944 8.73593 6.86148
      vertex -19 8.96983 6.53151
    endloop
  endfacet
  facet normal 0 -0.793356 -0.608758
    outer loop
      vertex -19 8.96983 6.53151
      vertex 19 8.73094 6.84284
      vertex -19 8.73094 6.84284
    endloop
  endfacet
  facet normal 0 -0.793356 -0.608758
    outer loop
      vertex 19 8.73094 6.84284
      vertex -19 8.96983 6.53151
      vertex 19 8.96983 6.53151
    endloop
  endfacet
  facet normal -0.481428 -0.668639 -0.5667
    outer loop
      vertex -20.2472 9.05632 6.85431
      vertex -20.6379 9.39121 6.79109
      vertex -20.3453 9.34061 6.60222
    endloop
  endfacet
  facet normal -0.383297 -0.683308 -0.621429
    outer loop
      vertex -20.2472 9.05632 6.85431
      vertex -20.3453 9.34061 6.60222
      vertex -20.0297 9.30032 6.45186
    endloop
  endfacet
  facet normal -0.532179 -0.803086 -0.268027
    outer loop
      vertex -20.5693 8.73502 7.9302
      vertex -20.5949 8.90192 7.48095
      vertex -20.3987 8.68468 7.7423
    endloop
  endfacet
  facet normal -0.597009 -0.722684 -0.348294
    outer loop
      vertex -20.7894 8.95933 7.69522
      vertex -20.9789 9.22241 7.47417
      vertex -20.5949 8.90192 7.48095
    endloop
  endfacet
  facet normal -0.0862126 -0.983085 0.161591
    outer loop
      vertex -19.1387 8.29786 9.15033
      vertex -19.3563 8.26307 8.82258
      vertex -19.1194 8.29348 9.13398
    endloop
  endfacet
  facet normal -0.0727564 -0.985758 0.151615
    outer loop
      vertex -19.1194 8.29348 9.13398
      vertex -19.3563 8.26307 8.82258
      vertex -19.0981 8.28979 9.12021
    endloop
  endfacet
  facet normal -0.195048 -0.97711 0.0849292
    outer loop
      vertex -19.4138 8.27614 8.87134
      vertex -19.765 8.32942 8.67776
      vertex -19.6819 8.30487 8.58616
    endloop
  endfacet
  facet normal -0.171107 -0.983312 0.0617971
    outer loop
      vertex -19.4138 8.27614 8.87134
      vertex -19.6819 8.30487 8.58616
      vertex -19.3563 8.26307 8.82258
    endloop
  endfacet
  facet normal -0.1695 -0.981118 -0.0931549
    outer loop
      vertex -19.4822 8.26521 8.43813
      vertex -19.6634 8.329 8.09599
      vertex -19.369 8.25077 8.38424
    endloop
  endfacet
  facet normal -0.0578406 -0.98799 0.143287
    outer loop
      vertex -19.0751 8.28686 9.10925
      vertex -19.2926 8.25206 8.7815
      vertex -19.224 8.2433 8.74879
    endloop
  endfacet
  facet normal -0.258788 -0.937267 0.233579
    outer loop
      vertex -19.5853 8.38325 9.27109
      vertex -19.9561 8.44878 9.12322
      vertex -19.5803 8.36348 9.1973
    endloop
  endfacet
  facet normal -0.254332 -0.945974 0.201117
    outer loop
      vertex -19.5653 8.34404 9.12477
      vertex -19.9561 8.44878 9.12322
      vertex -19.9315 8.41676 9.00372
    endloop
  endfacet
  facet normal -0.318749 -0.947251 0.033375
    outer loop
      vertex -19.765 8.32942 8.67776
      vertex -20.1491 8.4547 8.56511
      vertex -20.0527 8.41735 8.42571
    endloop
  endfacet
  facet normal -0.213119 -0.974602 -0.068778
    outer loop
      vertex -19.587 8.28335 8.50582
      vertex -19.8077 8.35396 8.18913
      vertex -19.4822 8.26521 8.43813
    endloop
  endfacet
  facet normal -0.215594 -0.970191 0.110677
    outer loop
      vertex -19.5069 8.30751 8.98842
      vertex -19.8351 8.35656 8.77907
      vertex -19.4643 8.29103 8.92694
    endloop
  endfacet
  facet normal -0.232612 -0.962565 0.139143
    outer loop
      vertex -19.5069 8.30751 8.98842
      vertex -19.8909 8.38584 8.88834
      vertex -19.8351 8.35656 8.77907
    endloop
  endfacet
  facet normal 0.634869 -0.763283 -0.11975
    outer loop
      vertex 20.8275 8.85077 8.36215
      vertex 20.713 8.7907 8.138
      vertex 21.0838 9.09131 8.18776
    endloop
  endfacet
  facet normal 0.546685 -0.835507 -0.055349
    outer loop
      vertex 20.8275 8.85077 8.36215
      vertex 20.4434 8.60024 8.35019
      vertex 20.713 8.7907 8.138
    endloop
  endfacet
  facet normal 0.670174 -0.741278 -0.0370477
    outer loop
      vertex 21.1787 9.16362 8.45762
      vertex 20.9106 8.91418 8.59881
      vertex 21.0838 9.09131 8.18776
    endloop
  endfacet
  facet normal 0.694161 -0.718122 0.0494091
    outer loop
      vertex 20.9611 8.97986 8.84393
      vertex 20.9106 8.91418 8.59881
      vertex 21.1787 9.16362 8.45762
    endloop
  endfacet
  facet normal 0.989349 -0.142648 -0.0289845
    outer loop
      vertex 21.9424 10.66 8.66103
      vertex 21.9172 10.5606 8.29006
      vertex 21.968 10.9347 8.18291
    endloop
  endfacet
  facet normal 0.963964 -0.265969 0.00578339
    outer loop
      vertex 21.9424 10.66 8.66103
      vertex 21.8408 10.2939 8.75913
      vertex 21.9172 10.5606 8.29006
    endloop
  endfacet
  facet normal 0.875173 -0.445777 -0.188032
    outer loop
      vertex 21.5989 9.76346 8.18031
      vertex 21.4858 9.6772 7.8584
      vertex 21.6245 10.0125 7.70905
    endloop
  endfacet
  facet normal 0.82892 -0.474692 -0.295903
    outer loop
      vertex 21.4858 9.6772 7.8584
      vertex 21.4602 9.92626 7.38714
      vertex 21.6245 10.0125 7.70905
    endloop
  endfacet
  facet normal 0.914768 -0.329983 -0.233046
    outer loop
      vertex 21.8421 10.4629 7.92544
      vertex 21.6245 10.0125 7.70905
      vertex 21.7184 10.3686 7.57341
    endloop
  endfacet
  facet normal 0.938873 -0.208267 -0.274122
    outer loop
      vertex 21.8421 10.4629 7.92544
      vertex 21.7184 10.3686 7.57341
      vertex 21.7657 10.7393 7.45377
    endloop
  endfacet
  facet normal 0.269855 -0.624257 0.733131
    outer loop
      vertex 19.989 25.0192 68.7035
      vertex 19.757 25.0488 68.8141
      vertex 19.8334 24.7187 68.5049
    endloop
  endfacet
  facet normal 0.269856 -0.624257 0.733131
    outer loop
      vertex 19.757 25.0488 68.8141
      vertex 19.6378 24.7436 68.5981
      vertex 19.8334 24.7187 68.5049
    endloop
  endfacet
  facet normal 0.114345 -0.872587 0.474886
    outer loop
      vertex 19.369 24.2411 68.0609
      vertex 19.224 24.0523 67.7489
      vertex 19.4822 24.2266 68.007
    endloop
  endfacet
  facet normal 0.115303 -0.872876 0.474123
    outer loop
      vertex 19.4822 24.2266 68.007
      vertex 19.224 24.0523 67.7489
      vertex 19.2926 24.0436 67.7162
    endloop
  endfacet
  facet normal 0.277945 -0.728293 0.626367
    outer loop
      vertex 19.8334 24.7187 68.5049
      vertex 19.6634 24.453 68.2714
      vertex 19.8077 24.428 68.1783
    endloop
  endfacet
  facet normal 0.21272 -0.809587 0.547101
    outer loop
      vertex 19.6634 24.453 68.2714
      vertex 19.587 24.2085 67.9393
      vertex 19.8077 24.428 68.1783
    endloop
  endfacet
  facet normal 0.0500003 -0.867106 0.495607
    outer loop
      vertex 19.1259 24.2579 68.1238
      vertex 19.0764 24.0626 67.7871
      vertex 19.1515 24.0587 67.7727
    endloop
  endfacet
  facet normal 0.0173175 -0.865989 0.499764
    outer loop
      vertex 19.1259 24.2579 68.1238
      vertex 19 24.0639 67.792
      vertex 19.0764 24.0626 67.7871
    endloop
  endfacet
  facet normal 0.0508009 -0.867046 0.495631
    outer loop
      vertex 19.2496 24.2516 68.1001
      vertex 19.1259 24.2579 68.1238
      vertex 19.1515 24.0587 67.7727
    endloop
  endfacet
  facet normal 0.0834945 -0.869308 0.487168
    outer loop
      vertex 19.2496 24.2516 68.1001
      vertex 19.1515 24.0587 67.7727
      vertex 19.369 24.2411 68.0609
    endloop
  endfacet
  facet normal -0.864625 -0.46761 0.18375
    outer loop
      vertex -21.4731 25.2288 67.211
      vertex -21.6906 25.4728 66.8085
      vertex -21.4944 25.1446 66.8965
    endloop
  endfacet
  facet normal -0.79227 -0.573877 0.2073
    outer loop
      vertex -21.4731 25.2288 67.211
      vertex -21.4944 25.1446 66.8965
      vertex -21.2555 24.8439 66.9771
    endloop
  endfacet
  facet normal -0.481413 -0.295705 0.825106
    outer loop
      vertex -20.2472 25.7037 68.9831
      vertex -20.6379 26.0253 68.8704
      vertex -20.5185 25.6568 68.808
    endloop
  endfacet
  facet normal -0.571321 -0.313553 0.75847
    outer loop
      vertex -20.6379 26.0253 68.8704
      vertex -20.7638 25.6011 68.6002
      vertex -20.5185 25.6568 68.808
    endloop
  endfacet
  facet normal -0.588569 -0.580548 0.562627
    outer loop
      vertex -20.5693 24.8875 68.212
      vertex -20.9533 25.1357 68.0664
      vertex -20.713 24.8318 68.0042
    endloop
  endfacet
  facet normal -0.634762 -0.601258 0.485352
    outer loop
      vertex -20.713 24.8318 68.0042
      vertex -20.9533 25.1357 68.0664
      vertex -20.8275 24.7717 67.78
    endloop
  endfacet
  facet normal -0.458173 -0.661737 0.593449
    outer loop
      vertex -20.1785 24.6501 68.2491
      vertex -20.3987 24.9378 68.3999
      vertex -20.3223 24.6077 68.0908
    endloop
  endfacet
  facet normal -0.401858 -0.647149 0.647849
    outer loop
      vertex -20.2042 24.982 68.5647
      vertex -20.3987 24.9378 68.3999
      vertex -20.1785 24.6501 68.2491
    endloop
  endfacet
  facet normal 0.310619 0.486301 0.816717
    outer loop
      vertex 20.0871 38.0245 66.1624
      vertex 19.7353 38.0554 66.2778
      vertex 19.7615 37.7147 66.4707
    endloop
  endfacet
  facet normal 0.27857 0.694657 0.663212
    outer loop
      vertex 19.9546 38.6201 65.6715
      vertex 19.6456 38.6473 65.7728
      vertex 19.6964 38.3681 66.0439
    endloop
  endfacet
  facet normal 0.168906 0.702261 0.691593
    outer loop
      vertex 19.6456 38.6473 65.7728
      vertex 19.3256 38.6637 65.8343
      vertex 19.6964 38.3681 66.0439
    endloop
  endfacet
  facet normal 0.168846 0.702223 0.691646
    outer loop
      vertex 19.6964 38.3681 66.0439
      vertex 19.3256 38.6637 65.8343
      vertex 19.3512 38.3858 66.1102
    endloop
  endfacet
  facet normal 0.215918 0.970075 -0.111058
    outer loop
      vertex 19.8351 39.2825 63.6074
      vertex 19.4643 39.3481 63.4595
      vertex 19.765 39.3097 63.7087
    endloop
  endfacet
  facet normal 0.195007 0.977134 -0.0847381
    outer loop
      vertex 19.4643 39.3481 63.4595
      vertex 19.4138 39.363 63.5151
      vertex 19.765 39.3097 63.7087
    endloop
  endfacet
  facet normal 0.375959 0.911428 -0.167193
    outer loop
      vertex 20.3155 39.0575 63.3478
      vertex 19.9315 39.2223 63.3827
      vertex 20.2817 39.1016 63.5122
    endloop
  endfacet
  facet normal 0.254245 0.946115 -0.200565
    outer loop
      vertex 19.5803 39.2756 63.1892
      vertex 19.5653 39.295 63.2617
      vertex 19.9561 39.1903 63.2632
    endloop
  endfacet
  facet normal 0.22172 0.952263 0.209846
    outer loop
      vertex 19.6634 39.3101 64.2905
      vertex 19.5078 39.33 64.3646
      vertex 19.6378 39.2217 64.7187
    endloop
  endfacet
  facet normal 0.221699 0.952268 0.209846
    outer loop
      vertex 19.6634 39.3101 64.2905
      vertex 19.6378 39.2217 64.7187
      vertex 19.8334 39.1967 64.6255
    endloop
  endfacet
  facet normal 0.330062 0.933561 0.139726
    outer loop
      vertex 19.9382 39.2555 64.0868
      vertex 19.8077 39.2851 64.1973
      vertex 20.1785 39.1282 64.3697
    endloop
  endfacet
  facet normal 0.37651 0.921543 0.0948636
    outer loop
      vertex 20.0527 39.2217 63.9607
      vertex 19.9382 39.2555 64.0868
      vertex 20.1785 39.1282 64.3697
    endloop
  endfacet
  facet normal 0.50707 0.853276 0.121657
    outer loop
      vertex 20.4434 39.0388 64.0363
      vertex 20.3223 39.0858 64.2114
      vertex 20.5693 38.9041 64.4563
    endloop
  endfacet
  facet normal 0.416512 0.908049 0.0443249
    outer loop
      vertex 20.4434 39.0388 64.0363
      vertex 20.0527 39.2217 63.9607
      vertex 20.3223 39.0858 64.2114
    endloop
  endfacet
  facet normal 0.0749658 0.989435 0.124088
    outer loop
      vertex 19.2496 39.3988 64.0414
      vertex 19.1259 39.4052 64.0651
      vertex 19.3434 39.3444 64.4185
    endloop
  endfacet
  facet normal 0.122984 0.986107 0.111663
    outer loop
      vertex 19.5078 39.33 64.3646
      vertex 19.2496 39.3988 64.0414
      vertex 19.3434 39.3444 64.4185
    endloop
  endfacet
  facet normal 0.670269 -0.623492 0.402488
    outer loop
      vertex 21.1787 24.9949 67.5409
      vertex 20.8275 24.7717 67.78
      vertex 20.9106 24.7083 67.5434
    endloop
  endfacet
  facet normal 0.57711 -0.715155 0.394331
    outer loop
      vertex 20.8275 24.7717 67.78
      vertex 20.5398 24.5102 67.7268
      vertex 20.9106 24.7083 67.5434
    endloop
  endfacet
  facet normal 0.0974384 -0.708908 0.698538
    outer loop
      vertex 19.4314 24.7618 68.6658
      vertex 19.2175 24.7728 68.7068
      vertex 19.3434 24.4873 68.3995
    endloop
  endfacet
  facet normal 0.160843 -0.713319 0.682133
    outer loop
      vertex 19.4314 24.7618 68.6658
      vertex 19.3434 24.4873 68.3995
      vertex 19.6378 24.7436 68.5981
    endloop
  endfacet
  facet normal 0.195905 -0.616325 0.762735
    outer loop
      vertex 19.757 25.0488 68.8141
      vertex 19.512 25.0703 68.8944
      vertex 19.6378 24.7436 68.5981
    endloop
  endfacet
  facet normal 0.227475 -0.508823 0.830274
    outer loop
      vertex 19.5838 25.4077 69.0815
      vertex 19.512 25.0703 68.8944
      vertex 19.757 25.0488 68.8141
    endloop
  endfacet
  facet normal 0.351247 -0.403018 0.845104
    outer loop
      vertex 19.9546 25.741 69.1225
      vertex 19.8631 25.3832 68.9899
      vertex 20.2472 25.7037 68.9831
    endloop
  endfacet
  facet normal 0.25531 -0.392717 0.88351
    outer loop
      vertex 19.9546 25.741 69.1225
      vertex 19.5838 25.4077 69.0815
      vertex 19.8631 25.3832 68.9899
    endloop
  endfacet
  facet normal 0.376288 -0.750509 0.543271
    outer loop
      vertex 20.3223 24.6077 68.0908
      vertex 19.9382 24.3984 68.0677
      vertex 20.0527 24.3646 67.9417
    endloop
  endfacet
  facet normal 0.416482 -0.764065 0.492694
    outer loop
      vertex 20.3223 24.6077 68.0908
      vertex 20.0527 24.3646 67.9417
      vertex 20.4434 24.5608 67.9157
    endloop
  endfacet
  facet normal 0.401774 -0.647171 0.647879
    outer loop
      vertex 20.2042 24.982 68.5647
      vertex 20.0146 24.6873 68.3879
      vertex 20.1785 24.6501 68.2491
    endloop
  endfacet
  facet normal 0.532314 -0.561501 0.633529
    outer loop
      vertex 20.5949 25.2566 68.5176
      vertex 20.3987 24.9378 68.3999
      vertex 20.7894 25.1992 68.3033
    endloop
  endfacet
  facet normal 0.46668 -0.544515 0.696931
    outer loop
      vertex 20.5949 25.2566 68.5176
      vertex 20.3731 25.307 68.7055
      vertex 20.3987 24.9378 68.3999
    endloop
  endfacet
  facet normal 0.466753 -0.544488 0.696904
    outer loop
      vertex 20.3731 25.307 68.7055
      vertex 20.2042 24.982 68.5647
      vertex 20.3987 24.9378 68.3999
    endloop
  endfacet
  facet normal -0.31861 -0.368865 -0.87317
    outer loop
      vertex -20.126 9.95645 6.03527
      vertex -20.1307 10.044 6
      vertex -20.0184 9.947 6
    endloop
  endfacet
  facet normal -0.499775 -0.844497 0.192483
    outer loop
      vertex -20.3269 8.62641 9.20593
      vertex -20.6667 8.81593 9.15515
      vertex -20.6525 8.75963 8.94501
    endloop
  endfacet
  facet normal -0.608315 -0.775973 0.16679
    outer loop
      vertex -20.6667 8.81593 9.15515
      vertex -20.978 9.04668 9.09332
      vertex -20.6525 8.75963 8.94501
    endloop
  endfacet
  facet normal -0.597933 -0.796452 0.0902224
    outer loop
      vertex -20.6525 8.75963 8.94501
      vertex -20.9611 8.97986 8.84393
      vertex -20.9106 8.91418 8.59881
    endloop
  endfacet
  facet normal -0.694161 -0.718122 0.0494091
    outer loop
      vertex -20.9611 8.97986 8.84393
      vertex -21.1787 9.16362 8.45762
      vertex -20.9106 8.91418 8.59881
    endloop
  endfacet
  facet normal -0.474288 -0.877702 0.068482
    outer loop
      vertex -20.2817 8.53753 8.87422
      vertex -20.5398 8.65085 8.53906
      vertex -20.2259 8.49499 8.71546
    endloop
  endfacet
  facet normal -0.376406 -0.921569 -0.0950261
    outer loop
      vertex -20.0527 8.41735 8.42571
      vertex -20.1785 8.5109 8.01676
      vertex -19.9382 8.38358 8.29967
    endloop
  endfacet
  facet normal -0.458258 -0.869766 -0.183049
    outer loop
      vertex -20.1785 8.5109 8.01676
      vertex -20.5693 8.73502 7.9302
      vertex -20.3987 8.68468 7.7423
    endloop
  endfacet
  facet normal -0.343819 -0.936017 0.0752401
    outer loop
      vertex -19.8909 8.38584 8.88834
      vertex -20.1491 8.4547 8.56511
      vertex -19.8351 8.35656 8.77907
    endloop
  endfacet
  facet normal -0.130515 -0.959845 0.24832
    outer loop
      vertex -19.1962 8.33377 9.28434
      vertex -19.5853 8.38325 9.27109
      vertex -19.5803 8.36348 9.1973
    endloop
  endfacet
  facet normal -0.258803 -0.937252 0.233625
    outer loop
      vertex -19.5853 8.38325 9.27109
      vertex -19.9643 8.48135 9.2448
      vertex -19.9561 8.44878 9.12322
    endloop
  endfacet
  facet normal 0 -0.991445 0.130524
    outer loop
      vertex -19 8.23177 8.70576
      vertex 19 8.28299 9.09482
      vertex -19 8.28299 9.09482
    endloop
  endfacet
  facet normal 0 -0.991445 0.130524
    outer loop
      vertex 19 8.28299 9.09482
      vertex -19 8.23177 8.70576
      vertex 19 8.23177 8.70576
    endloop
  endfacet
  facet normal -0.00839314 -0.99141 0.13052
    outer loop
      vertex -19 8.28299 9.09482
      vertex -19.0256 8.28342 9.09644
      vertex -19 8.23177 8.70576
    endloop
  endfacet
  facet normal -0.255285 -0.78179 -0.568888
    outer loop
      vertex -19.5838 8.75083 6.91707
      vertex -19.8631 8.77537 7.00868
      vertex -19.6456 8.99183 6.61361
    endloop
  endfacet
  facet normal -0.312989 -0.846631 -0.430411
    outer loop
      vertex -19.989 8.60332 7.43866
      vertex -20.1278 8.80915 7.13472
      vertex -19.8631 8.77537 7.00868
    endloop
  endfacet
  facet normal -0.269566 -0.907199 -0.322992
    outer loop
      vertex -19.8334 8.44235 7.76092
      vertex -19.989 8.60332 7.43866
      vertex -19.6378 8.41739 7.66778
    endloop
  endfacet
  facet normal -0.221435 -0.952336 -0.209817
    outer loop
      vertex -19.6634 8.329 8.09599
      vertex -19.8334 8.44235 7.76092
      vertex -19.6378 8.41739 7.66778
    endloop
  endfacet
  facet normal -0.0834334 -0.996431 0.0127829
    outer loop
      vertex -19.1515 8.23693 8.72502
      vertex -19.369 8.25077 8.38424
      vertex -19.2496 8.24027 8.34508
    endloop
  endfacet
  facet normal -0.160946 -0.958804 -0.234076
    outer loop
      vertex -19.5078 8.30913 8.02184
      vertex -19.6378 8.41739 7.66778
      vertex -19.3434 8.29469 7.96795
    endloop
  endfacet
  facet normal -0.768433 -0.501917 -0.396977
    outer loop
      vertex -21.3301 9.5955 7.5535
      vertex -21.4602 9.92626 7.38714
      vertex -21.1346 9.51976 7.27083
    endloop
  endfacet
  facet normal -0.720514 -0.60674 -0.335748
    outer loop
      vertex -21.1602 9.29263 7.73622
      vertex -21.3301 9.5955 7.5535
      vertex -21.1346 9.51976 7.27083
    endloop
  endfacet
  facet normal -0.651493 -0.63011 -0.422514
    outer loop
      vertex -20.7638 9.15892 7.23721
      vertex -21.1346 9.51976 7.27083
      vertex -20.9026 9.45127 7.01524
    endloop
  endfacet
  facet normal -0.571176 -0.650888 -0.500103
    outer loop
      vertex -20.7638 9.15892 7.23721
      vertex -20.9026 9.45127 7.01524
      vertex -20.6379 9.39121 6.79109
    endloop
  endfacet
  facet normal -0.144187 -0.988671 0.0417151
    outer loop
      vertex -19.3563 8.26307 8.82258
      vertex -19.587 8.28335 8.50582
      vertex -19.4822 8.26521 8.43813
    endloop
  endfacet
  facet normal -0.252648 -0.966752 -0.0394799
    outer loop
      vertex -19.6819 8.30487 8.58616
      vertex -19.8077 8.35396 8.18913
      vertex -19.587 8.28335 8.50582
    endloop
  endfacet
  facet normal -0.338725 -0.896909 -0.284288
    outer loop
      vertex -20.0146 8.4737 7.87791
      vertex -20.2042 8.64052 7.57751
      vertex -19.8334 8.44235 7.76092
    endloop
  endfacet
  facet normal -0.278236 -0.943851 -0.178128
    outer loop
      vertex -19.8077 8.35396 8.18913
      vertex -19.8334 8.44235 7.76092
      vertex -19.6634 8.329 8.09599
    endloop
  endfacet
  facet normal -0.0863497 -0.983058 0.161679
    outer loop
      vertex -19.1387 8.29786 9.15033
      vertex -19.4138 8.27614 8.87134
      vertex -19.3563 8.26307 8.82258
    endloop
  endfacet
  facet normal -0.0982964 -0.979966 0.173218
    outer loop
      vertex -19.1557 8.30286 9.16897
      vertex -19.4138 8.27614 8.87134
      vertex -19.1387 8.29786 9.15033
    endloop
  endfacet
  facet normal 0.180295 0.603443 0.776756
    outer loop
      vertex 19.6964 38.3681 66.0439
      vertex 19.3708 38.0742 66.3478
      vertex 19.7353 38.0554 66.2778
    endloop
  endfacet
  facet normal 0.188439 0.494775 0.848345
    outer loop
      vertex 19.7353 38.0554 66.2778
      vertex 19.3708 38.0742 66.3478
      vertex 19.3841 37.7341 66.5432
    endloop
  endfacet
  facet normal 0.170463 0.983466 -0.0611353
    outer loop
      vertex 19.4138 39.363 63.5151
      vertex 19.3563 39.376 63.5639
      vertex 19.587 39.3557 63.8806
    endloop
  endfacet
  facet normal 0.143963 0.988713 -0.0414945
    outer loop
      vertex 19.3563 39.376 63.5639
      vertex 19.2926 39.387 63.605
      vertex 19.587 39.3557 63.8806
    endloop
  endfacet
  facet normal 0.376034 0.911493 -0.166672
    outer loop
      vertex 19.9561 39.1903 63.2632
      vertex 19.9315 39.2223 63.3827
      vertex 20.3155 39.0575 63.3478
    endloop
  endfacet
  facet normal 0.382655 0.898468 -0.215245
    outer loop
      vertex 19.9643 39.1577 63.1417
      vertex 19.9561 39.1903 63.2632
      vertex 20.3155 39.0575 63.3478
    endloop
  endfacet
  facet normal 0.376392 -0.750669 0.542979
    outer loop
      vertex 20.1785 24.6501 68.2491
      vertex 19.9382 24.3984 68.0677
      vertex 20.3223 24.6077 68.0908
    endloop
  endfacet
  facet normal 0.458173 -0.661737 0.593449
    outer loop
      vertex 20.3987 24.9378 68.3999
      vertex 20.1785 24.6501 68.2491
      vertex 20.3223 24.6077 68.0908
    endloop
  endfacet
  facet normal 0.458407 -0.661681 0.593331
    outer loop
      vertex 20.3987 24.9378 68.3999
      vertex 20.3223 24.6077 68.0908
      vertex 20.5693 24.8875 68.212
    endloop
  endfacet
  facet normal 0.532296 -0.561453 0.633586
    outer loop
      vertex 20.7894 25.1992 68.3033
      vertex 20.3987 24.9378 68.3999
      vertex 20.5693 24.8875 68.212
    endloop
  endfacet
  facet normal -0.188479 -0.494763 -0.848342
    outer loop
      vertex -19.3708 9.56493 6.03862
      vertex -19.4936 9.67793 6
      vertex -19.3734 9.63214 6
    endloop
  endfacet
  facet normal -0.188434 -0.494725 -0.848375
    outer loop
      vertex -19.7353 9.58369 6.10864
      vertex -19.4936 9.67793 6
      vertex -19.3708 9.56493 6.03862
    endloop
  endfacet
  facet normal -0.188425 -0.49474 -0.848368
    outer loop
      vertex -19.4936 9.67793 6
      vertex -19.7353 9.58369 6.10864
      vertex -19.7501 9.77562 6
    endloop
  endfacet
  facet normal -0.18026 -0.603584 -0.776655
    outer loop
      vertex -19.6964 9.27104 6.34259
      vertex -19.7353 9.58369 6.10864
      vertex -19.3708 9.56493 6.03862
    endloop
  endfacet
  facet normal -0.449185 -0.893383 0.00995689
    outer loop
      vertex -20.2259 8.49499 8.71546
      vertex -20.5398 8.65085 8.53906
      vertex -20.1491 8.4547 8.56511
    endloop
  endfacet
  facet normal -0.546685 -0.835507 -0.055349
    outer loop
      vertex -20.4434 8.60024 8.35019
      vertex -20.8275 8.85077 8.36215
      vertex -20.713 8.7907 8.138
    endloop
  endfacet
  facet normal -0.128259 -0.964283 0.231751
    outer loop
      vertex -19.1945 8.32714 9.25961
      vertex -19.5803 8.36348 9.1973
      vertex -19.1895 8.32063 9.23529
    endloop
  endfacet
  facet normal -0.130522 -0.959835 0.248355
    outer loop
      vertex -19.1962 8.33377 9.28434
      vertex -19.5803 8.36348 9.1973
      vertex -19.1945 8.32714 9.25961
    endloop
  endfacet
  facet normal -0.0256259 -0.990824 0.132706
    outer loop
      vertex -19.0508 8.28472 9.10128
      vertex -19.1515 8.23693 8.72502
      vertex -19.0256 8.28342 9.09644
    endloop
  endfacet
  facet normal -0.042222 -0.989671 0.137001
    outer loop
      vertex -19.0751 8.28686 9.10925
      vertex -19.1515 8.23693 8.72502
      vertex -19.0508 8.28472 9.10128
    endloop
  endfacet
  facet normal -0.154877 -0.788759 -0.594871
    outer loop
      vertex -19.5838 8.75083 6.91707
      vertex -19.6456 8.99183 6.61361
      vertex -19.2944 8.73593 6.86148
    endloop
  endfacet
  facet normal -0.118897 -0.920452 -0.372332
    outer loop
      vertex -19.4314 8.39925 7.60009
      vertex -19.512 8.55217 7.24779
      vertex -19.2582 8.53911 7.19903
    endloop
  endfacet
  facet normal -0.466799 -0.819997 -0.331217
    outer loop
      vertex -20.2042 8.64052 7.57751
      vertex -20.3987 8.68468 7.7423
      vertex -20.3731 8.85157 7.29305
    endloop
  endfacet
  facet normal -0.393283 -0.834602 -0.385704
    outer loop
      vertex -20.2042 8.64052 7.57751
      vertex -20.3731 8.85157 7.29305
      vertex -20.1278 8.80915 7.13472
    endloop
  endfacet
  facet normal -0.123198 -0.986086 -0.111612
    outer loop
      vertex -19.369 8.25077 8.38424
      vertex -19.5078 8.30913 8.02184
      vertex -19.3434 8.29469 7.96795
    endloop
  endfacet
  facet normal -0.16962 -0.981109 -0.0930306
    outer loop
      vertex -19.369 8.25077 8.38424
      vertex -19.6634 8.329 8.09599
      vertex -19.5078 8.30913 8.02184
    endloop
  endfacet
  facet normal -0.138071 -0.861968 -0.487799
    outer loop
      vertex -19.512 8.55217 7.24779
      vertex -19.5838 8.75083 6.91707
      vertex -19.2582 8.53911 7.19903
    endloop
  endfacet
  facet normal -0.118858 -0.920463 -0.372319
    outer loop
      vertex -19.2175 8.38825 7.559
      vertex -19.4314 8.39925 7.60009
      vertex -19.2582 8.53911 7.19903
    endloop
  endfacet
  facet normal -0.0327571 -0.965405 -0.258689
    outer loop
      vertex -19.1732 8.28593 7.93524
      vertex -19.2175 8.38825 7.559
      vertex -19 8.28299 7.92428
    endloop
  endfacet
  facet normal -0.025082 -0.991131 -0.1305
    outer loop
      vertex -19.1259 8.2339 8.32131
      vertex -19.1732 8.28593 7.93524
      vertex -19 8.28299 7.92428
    endloop
  endfacet
  facet normal -0.0748135 -0.989435 -0.124179
    outer loop
      vertex -19.1259 8.2339 8.32131
      vertex -19.2496 8.24027 8.34508
      vertex -19.1732 8.28593 7.93524
    endloop
  endfacet
  facet normal -0.0506054 -0.99871 0.00428672
    outer loop
      vertex -19.1515 8.23693 8.72502
      vertex -19.2496 8.24027 8.34508
      vertex -19.1259 8.2339 8.32131
    endloop
  endfacet
  facet normal -0.777076 -0.58143 -0.241023
    outer loop
      vertex -21.3045 9.36837 8.01888
      vertex -21.4858 9.6772 7.8584
      vertex -21.3301 9.5955 7.5535
    endloop
  endfacet
  facet normal -0.828792 -0.474864 -0.295987
    outer loop
      vertex -21.3301 9.5955 7.5535
      vertex -21.4858 9.6772 7.8584
      vertex -21.4602 9.92626 7.38714
    endloop
  endfacet
  facet normal -0.330188 -0.933526 -0.139664
    outer loop
      vertex -19.9382 8.38358 8.29967
      vertex -20.1785 8.5109 8.01676
      vertex -19.8077 8.35396 8.18913
    endloop
  endfacet
  facet normal -0.288321 -0.957521 -0.00493852
    outer loop
      vertex -19.765 8.32942 8.67776
      vertex -20.0527 8.41735 8.42571
      vertex -19.6819 8.30487 8.58616
    endloop
  endfacet
  facet normal -0.40191 -0.884346 -0.237489
    outer loop
      vertex -20.1785 8.5109 8.01676
      vertex -20.3987 8.68468 7.7423
      vertex -20.0146 8.4737 7.87791
    endloop
  endfacet
  facet normal -0.401938 -0.884352 -0.237417
    outer loop
      vertex -20.0146 8.4737 7.87791
      vertex -20.3987 8.68468 7.7423
      vertex -20.2042 8.64052 7.57751
    endloop
  endfacet
  facet normal 0.213559 0.974518 0.0686073
    outer loop
      vertex 19.587 39.3557 63.8806
      vertex 19.4822 39.3739 63.9483
      vertex 19.6634 39.3101 64.2905
    endloop
  endfacet
  facet normal 0.144501 0.988609 -0.0420818
    outer loop
      vertex 19.587 39.3557 63.8806
      vertex 19.2926 39.387 63.605
      vertex 19.4822 39.3739 63.9483
    endloop
  endfacet
  facet normal 0.288206 0.957553 0.00534814
    outer loop
      vertex 19.765 39.3097 63.7087
      vertex 19.6819 39.3342 63.8003
      vertex 20.0527 39.2217 63.9607
    endloop
  endfacet
  facet normal 0.194905 0.977172 -0.0845425
    outer loop
      vertex 19.765 39.3097 63.7087
      vertex 19.4138 39.363 63.5151
      vertex 19.6819 39.3342 63.8003
    endloop
  endfacet
  facet normal -0.458243 -0.869762 -0.183107
    outer loop
      vertex -20.3223 8.55333 8.17509
      vertex -20.5693 8.73502 7.9302
      vertex -20.1785 8.5109 8.01676
    endloop
  endfacet
  facet normal -0.376498 -0.921535 -0.0949898
    outer loop
      vertex -20.0527 8.41735 8.42571
      vertex -20.3223 8.55333 8.17509
      vertex -20.1785 8.5109 8.01676
    endloop
  endfacet
  facet normal -0.577243 -0.816419 0.0158293
    outer loop
      vertex -20.6099 8.70428 8.73847
      vertex -20.9106 8.91418 8.59881
      vertex -20.5398 8.65085 8.53906
    endloop
  endfacet
  facet normal -0.577215 -0.816434 0.0160717
    outer loop
      vertex -20.5398 8.65085 8.53906
      vertex -20.9106 8.91418 8.59881
      vertex -20.8275 8.85077 8.36215
    endloop
  endfacet
  facet normal -0.114752 -0.993072 0.0252935
    outer loop
      vertex -19.2926 8.25206 8.7815
      vertex -19.369 8.25077 8.38424
      vertex -19.224 8.2433 8.74879
    endloop
  endfacet
  facet normal -0.0576457 -0.988019 0.143161
    outer loop
      vertex -19.0981 8.28979 9.12021
      vertex -19.2926 8.25206 8.7815
      vertex -19.0751 8.28686 9.10925
    endloop
  endfacet
  facet normal -0.0170113 -0.999855 3.12816e-05
    outer loop
      vertex -19.0764 8.23307 8.7106
      vertex -19.1259 8.2339 8.32131
      vertex -19 8.23177 8.70576
    endloop
  endfacet
  facet normal -0.00860188 -0.99141 0.130506
    outer loop
      vertex -19.0256 8.28342 9.09644
      vertex -19.0764 8.23307 8.7106
      vertex -19 8.23177 8.70576
    endloop
  endfacet
  facet normal -0.0462867 -0.865099 -0.499461
    outer loop
      vertex -19.2582 8.53911 7.19903
      vertex -19.2944 8.73593 6.86148
      vertex -19 8.73094 6.84284
    endloop
  endfacet
  facet normal -0.046303 -0.865093 -0.49947
    outer loop
      vertex -19 8.53473 7.18268
      vertex -19.2582 8.53911 7.19903
      vertex -19 8.73094 6.84284
    endloop
  endfacet
  facet normal -0.449193 -0.893377 0.0101215
    outer loop
      vertex -20.1491 8.4547 8.56511
      vertex -20.5398 8.65085 8.53906
      vertex -20.4434 8.60024 8.35019
    endloop
  endfacet
  facet normal -0.416437 -0.908066 -0.0446792
    outer loop
      vertex -20.1491 8.4547 8.56511
      vertex -20.4434 8.60024 8.35019
      vertex -20.0527 8.41735 8.42571
    endloop
  endfacet
  facet normal -0.252811 -0.966712 -0.0394233
    outer loop
      vertex -19.6819 8.30487 8.58616
      vertex -19.9382 8.38358 8.29967
      vertex -19.8077 8.35396 8.18913
    endloop
  endfacet
  facet normal -0.288197 -0.957557 -0.00525119
    outer loop
      vertex -19.6819 8.30487 8.58616
      vertex -20.0527 8.41735 8.42571
      vertex -19.9382 8.38358 8.29967
    endloop
  endfacet
  facet normal -0.0833711 -0.996437 0.0127429
    outer loop
      vertex -19.224 8.2433 8.74879
      vertex -19.369 8.25077 8.38424
      vertex -19.1515 8.23693 8.72502
    endloop
  endfacet
  facet normal -0.0420488 -0.989683 0.136968
    outer loop
      vertex -19.0751 8.28686 9.10925
      vertex -19.224 8.2433 8.74879
      vertex -19.1515 8.23693 8.72502
    endloop
  endfacet
  facet normal -0.313168 -0.846554 -0.430433
    outer loop
      vertex -19.757 8.5737 7.32812
      vertex -19.989 8.60332 7.43866
      vertex -19.8631 8.77537 7.00868
    endloop
  endfacet
  facet normal -0.227594 -0.855743 -0.464656
    outer loop
      vertex -19.757 8.5737 7.32812
      vertex -19.8631 8.77537 7.00868
      vertex -19.5838 8.75083 6.91707
    endloop
  endfacet
  facet normal -0.195956 -0.91511 -0.352383
    outer loop
      vertex -19.4314 8.39925 7.60009
      vertex -19.757 8.5737 7.32812
      vertex -19.512 8.55217 7.24779
    endloop
  endfacet
  facet normal -0.227549 -0.855761 -0.464645
    outer loop
      vertex -19.512 8.55217 7.24779
      vertex -19.757 8.5737 7.32812
      vertex -19.5838 8.75083 6.91707
    endloop
  endfacet
  facet normal 0 0.258819 0.965926
    outer loop
      vertex 12.35 20.5638 29.8187
      vertex -8.85 15.7293 31.1141
      vertex 8.85 15.7293 31.1141
    endloop
  endfacet
  facet normal 0 0.258819 0.965926
    outer loop
      vertex -8.85 15.7293 31.1141
      vertex 12.35 20.5638 29.8187
      vertex -12.35 20.5638 29.8187
    endloop
  endfacet
  facet normal 0 -0.965926 0.258819
    outer loop
      vertex -12.35 20.5638 29.8187
      vertex 12.35 30.9149 68.4495
      vertex -12.35 30.9149 68.4495
    endloop
  endfacet
  facet normal 0 -0.965926 0.258819
    outer loop
      vertex 12.35 30.9149 68.4495
      vertex -12.35 20.5638 29.8187
      vertex 12.35 20.5638 29.8187
    endloop
  endfacet
  facet normal 0.818988 0.554293 -0.148383
    outer loop
      vertex -8.85 25.9761 69.3557
      vertex -9.76357 27.3398 69.4075
      vertex -9.49095 26.9507 69.4587
    endloop
  endfacet
  facet normal 0.818912 0.554289 -0.14882
    outer loop
      vertex -8.85 25.9761 69.3557
      vertex -9.49095 26.9507 69.4587
      vertex -9.22535 26.5583 69.4587
    endloop
  endfacet
  facet normal 0.81921 0.554229 -0.147396
    outer loop
      vertex -8.85 25.9761 69.3557
      vertex -9.22535 26.5583 69.4587
      vertex -8.97132 26.1692 69.4075
    endloop
  endfacet
  facet normal 0.818961 0.554282 -0.148575
    outer loop
      vertex -9.76357 27.3398 69.4075
      vertex -8.85 25.9761 69.3557
      vertex -12.35 30.9052 68.4521
    endloop
  endfacet
  facet normal 0.818963 0.554293 -0.148522
    outer loop
      vertex -8.85 25.9761 69.3557
      vertex -12.35 20.5541 29.8213
      vertex -12.35 30.9052 68.4521
    endloop
  endfacet
  facet normal 0.818962 0.554294 -0.148523
    outer loop
      vertex -12.35 20.5541 29.8213
      vertex -8.85 25.9761 69.3557
      vertex -8.85 15.7293 31.1141
    endloop
  endfacet
  facet normal 0 0.965926 -0.258819
    outer loop
      vertex 8.85 15.7293 31.1141
      vertex -8.85 25.9761 69.3557
      vertex 8.85 25.9761 69.3557
    endloop
  endfacet
  facet normal 0 0.965926 -0.258819
    outer loop
      vertex -8.85 25.9761 69.3557
      vertex 8.85 15.7293 31.1141
      vertex -8.85 15.7293 31.1141
    endloop
  endfacet
  facet normal 1 0 0
    outer loop
      vertex -12.35 30.9052 68.4521
      vertex -12.35 20.5638 29.8187
      vertex -12.35 30.9149 68.4495
    endloop
  endfacet
  facet normal 1 0 -0
    outer loop
      vertex -12.35 20.5638 29.8187
      vertex -12.35 30.9052 68.4521
      vertex -12.35 20.5541 29.8213
    endloop
  endfacet
  facet normal 0.000122907 0.258902 0.965904
    outer loop
      vertex -8.85 15.7293 31.1141
      vertex -12.35 20.5638 29.8187
      vertex -12.35 20.5541 29.8213
    endloop
  endfacet
  facet normal -0.000122907 0.258902 0.965904
    outer loop
      vertex 12.35 20.5541 29.8213
      vertex 12.35 20.5638 29.8187
      vertex 8.85 15.7293 31.1141
    endloop
  endfacet
  facet normal -1 0 0
    outer loop
      vertex 12.35 20.5638 29.8187
      vertex 12.35 30.9052 68.4521
      vertex 12.35 30.9149 68.4495
    endloop
  endfacet
  facet normal -1 0 0
    outer loop
      vertex 12.35 30.9052 68.4521
      vertex 12.35 20.5638 29.8187
      vertex 12.35 20.5541 29.8213
    endloop
  endfacet
  facet normal -0.818961 0.554282 -0.148575
    outer loop
      vertex 8.85 25.9761 69.3557
      vertex 9.76357 27.3398 69.4075
      vertex 12.35 30.9052 68.4521
    endloop
  endfacet
  facet normal -0.818988 0.554293 -0.148383
    outer loop
      vertex 9.76357 27.3398 69.4075
      vertex 8.85 25.9761 69.3557
      vertex 9.49095 26.9507 69.4587
    endloop
  endfacet
  facet normal -0.818912 0.554289 -0.14882
    outer loop
      vertex 9.49095 26.9507 69.4587
      vertex 8.85 25.9761 69.3557
      vertex 9.22535 26.5583 69.4587
    endloop
  endfacet
  facet normal -0.81921 0.554229 -0.147396
    outer loop
      vertex 9.22535 26.5583 69.4587
      vertex 8.85 25.9761 69.3557
      vertex 8.97132 26.1692 69.4075
    endloop
  endfacet
  facet normal -0.818963 0.554293 -0.148522
    outer loop
      vertex 12.35 20.5541 29.8213
      vertex 8.85 25.9761 69.3557
      vertex 12.35 30.9052 68.4521
    endloop
  endfacet
  facet normal -0.818962 0.554294 -0.148523
    outer loop
      vertex 8.85 25.9761 69.3557
      vertex 12.35 20.5541 29.8213
      vertex 8.85 15.7293 31.1141
    endloop
  endfacet
  facet normal 0 1 -0
    outer loop
      vertex 28 -29 0
      vertex -28 -29 2.5
      vertex 28 -29 2.5
    endloop
  endfacet
  facet normal 0 1 0
    outer loop
      vertex -28 -29 2.5
      vertex 28 -29 0
      vertex -28 -29 0
    endloop
  endfacet
  facet normal -0.0653646 0.997861 0
    outer loop
      vertex 29.0442 -28.9316 0
      vertex 28 -29 2.5
      vertex 29.0442 -28.9316 2.5
    endloop
  endfacet
  facet normal -0.0653646 0.997861 0
    outer loop
      vertex 28 -29 2.5
      vertex 29.0442 -28.9316 0
      vertex 28 -29 0
    endloop
  endfacet
  facet normal -0.195124 0.980779 0
    outer loop
      vertex 30.0706 -28.7274 0
      vertex 29.0442 -28.9316 2.5
      vertex 30.0706 -28.7274 2.5
    endloop
  endfacet
  facet normal -0.195124 0.980779 0
    outer loop
      vertex 29.0442 -28.9316 2.5
      vertex 30.0706 -28.7274 0
      vertex 29.0442 -28.9316 0
    endloop
  endfacet
  facet normal 0.0653646 -0.997861 0
    outer loop
      vertex -29.0442 28.9316 0
      vertex -28 29 2.5
      vertex -29.0442 28.9316 2.5
    endloop
  endfacet
  facet normal 0.0653646 -0.997861 0
    outer loop
      vertex -28 29 2.5
      vertex -29.0442 28.9316 0
      vertex -28 29 0
    endloop
  endfacet
  facet normal -1 0 0
    outer loop
      vertex 36 -21 0
      vertex 36 21 2.5
      vertex 36 21 0
    endloop
  endfacet
  facet normal -1 -0 0
    outer loop
      vertex 36 21 2.5
      vertex 36 -21 0
      vertex 36 -21 2.5
    endloop
  endfacet
  facet normal 0 -1 0
    outer loop
      vertex -28 29 0
      vertex 28 29 2.5
      vertex -28 29 2.5
    endloop
  endfacet
  facet normal 0 -1 -0
    outer loop
      vertex 28 29 2.5
      vertex -28 29 0
      vertex 28 29 0
    endloop
  endfacet
  facet normal 0.195124 -0.980779 0
    outer loop
      vertex -30.0706 28.7274 0
      vertex -29.0442 28.9316 2.5
      vertex -30.0706 28.7274 2.5
    endloop
  endfacet
  facet normal 0.195124 -0.980779 0
    outer loop
      vertex -29.0442 28.9316 2.5
      vertex -30.0706 28.7274 0
      vertex -29.0442 28.9316 0
    endloop
  endfacet
  facet normal 0.555582 0.831462 -0
    outer loop
      vertex -32 -27.9282 0
      vertex -32.8701 -27.3468 2.5
      vertex -32 -27.9282 2.5
    endloop
  endfacet
  facet normal 0.555582 0.831462 0
    outer loop
      vertex -32.8701 -27.3468 2.5
      vertex -32 -27.9282 0
      vertex -32.8701 -27.3468 0
    endloop
  endfacet
  facet normal -0.659289 -0.75189 0
    outer loop
      vertex 32.8701 27.3468 0
      vertex 33.6569 26.6569 2.5
      vertex 32.8701 27.3468 2.5
    endloop
  endfacet
  facet normal -0.659289 -0.75189 -0
    outer loop
      vertex 33.6569 26.6569 2.5
      vertex 32.8701 27.3468 0
      vertex 33.6569 26.6569 0
    endloop
  endfacet
  facet normal 0.555582 -0.831462 0
    outer loop
      vertex -32.8701 27.3468 0
      vertex -32 27.9282 2.5
      vertex -32.8701 27.3468 2.5
    endloop
  endfacet
  facet normal 0.555582 -0.831462 0
    outer loop
      vertex -32 27.9282 2.5
      vertex -32.8701 27.3468 0
      vertex -32 27.9282 0
    endloop
  endfacet
  facet normal 0.831462 0.555582 0
    outer loop
      vertex -34.3468 -25.8701 2.5
      vertex -34.9282 -25 0
      vertex -34.9282 -25 2.5
    endloop
  endfacet
  facet normal 0.831462 0.555582 0
    outer loop
      vertex -34.9282 -25 0
      vertex -34.3468 -25.8701 2.5
      vertex -34.3468 -25.8701 0
    endloop
  endfacet
  facet normal 1 -0 0
    outer loop
      vertex -36 -21 2.5
      vertex -36 21 0
      vertex -36 21 2.5
    endloop
  endfacet
  facet normal 1 0 0
    outer loop
      vertex -36 21 0
      vertex -36 -21 2.5
      vertex -36 -21 0
    endloop
  endfacet
  facet normal 0.997861 0.0653646 0
    outer loop
      vertex -35.9316 -22.0442 2.5
      vertex -36 -21 0
      vertex -36 -21 2.5
    endloop
  endfacet
  facet normal 0.997861 0.0653646 0
    outer loop
      vertex -36 -21 0
      vertex -35.9316 -22.0442 2.5
      vertex -35.9316 -22.0442 0
    endloop
  endfacet
  facet normal 0 0 -1
    outer loop
      vertex 28 -29 2.5
      vertex 36 -21 2.5
      vertex 35.9316 -22.0442 2.5
    endloop
  endfacet
  facet normal -0 0 -1
    outer loop
      vertex 36 -21 2.5
      vertex 28 -29 2.5
      vertex 36 21 2.5
    endloop
  endfacet
  facet normal 0 0 -1
    outer loop
      vertex 28 -29 2.5
      vertex 35.9316 -22.0442 2.5
      vertex 35.7274 -23.0706 2.5
    endloop
  endfacet
  facet normal 0 0 -1
    outer loop
      vertex 28 29 2.5
      vertex 36 21 2.5
      vertex 28 -29 2.5
    endloop
  endfacet
  facet normal 0 0 -1
    outer loop
      vertex 28 -29 2.5
      vertex 35.7274 -23.0706 2.5
      vertex 35.391 -24.0615 2.5
    endloop
  endfacet
  facet normal 0 0 -1
    outer loop
      vertex 36 21 2.5
      vertex 28 29 2.5
      vertex 35.9316 22.0442 2.5
    endloop
  endfacet
  facet normal 0 0 -1
    outer loop
      vertex 28 -29 2.5
      vertex 35.391 -24.0615 2.5
      vertex 34.9282 -25 2.5
    endloop
  endfacet
  facet normal 0 0 -1
    outer loop
      vertex 35.9316 22.0442 2.5
      vertex 28 29 2.5
      vertex 35.7274 23.0706 2.5
    endloop
  endfacet
  facet normal 0 0 -1
    outer loop
      vertex 28 -29 2.5
      vertex 34.9282 -25 2.5
      vertex 34.3468 -25.8701 2.5
    endloop
  endfacet
  facet normal 0 0 -1
    outer loop
      vertex 35.7274 23.0706 2.5
      vertex 28 29 2.5
      vertex 35.391 24.0615 2.5
    endloop
  endfacet
  facet normal 0 0 -1
    outer loop
      vertex 28 -29 2.5
      vertex 34.3468 -25.8701 2.5
      vertex 33.6569 -26.6569 2.5
    endloop
  endfacet
  facet normal 0 0 -1
    outer loop
      vertex 35.391 24.0615 2.5
      vertex 28 29 2.5
      vertex 34.9282 25 2.5
    endloop
  endfacet
  facet normal 0 0 -1
    outer loop
      vertex 28 -29 2.5
      vertex 33.6569 -26.6569 2.5
      vertex 32.8701 -27.3468 2.5
    endloop
  endfacet
  facet normal 0 0 -1
    outer loop
      vertex 34.9282 25 2.5
      vertex 28 29 2.5
      vertex 34.3468 25.8701 2.5
    endloop
  endfacet
  facet normal 0 0 -1
    outer loop
      vertex 28 -29 2.5
      vertex 32.8701 -27.3468 2.5
      vertex 32 -27.9282 2.5
    endloop
  endfacet
  facet normal 0 0 -1
    outer loop
      vertex 34.3468 25.8701 2.5
      vertex 28 29 2.5
      vertex 33.6569 26.6569 2.5
    endloop
  endfacet
  facet normal 0 0 -1
    outer loop
      vertex 28 -29 2.5
      vertex 32 -27.9282 2.5
      vertex 31.0615 -28.391 2.5
    endloop
  endfacet
  facet normal 0 0 -1
    outer loop
      vertex 33.6569 26.6569 2.5
      vertex 28 29 2.5
      vertex 32.8701 27.3468 2.5
    endloop
  endfacet
  facet normal 0 0 -1
    outer loop
      vertex 28 -29 2.5
      vertex 31.0615 -28.391 2.5
      vertex 30.0706 -28.7274 2.5
    endloop
  endfacet
  facet normal 0 0 -1
    outer loop
      vertex 32.8701 27.3468 2.5
      vertex 28 29 2.5
      vertex 32 27.9282 2.5
    endloop
  endfacet
  facet normal 0 0 -1
    outer loop
      vertex 28 -29 2.5
      vertex 30.0706 -28.7274 2.5
      vertex 29.0442 -28.9316 2.5
    endloop
  endfacet
  facet normal 0 0 -1
    outer loop
      vertex 32 27.9282 2.5
      vertex 28 29 2.5
      vertex 31.0615 28.391 2.5
    endloop
  endfacet
  facet normal 0 0 -1
    outer loop
      vertex 31.0615 28.391 2.5
      vertex 28 29 2.5
      vertex 30.0706 28.7274 2.5
    endloop
  endfacet
  facet normal 0 0 -1
    outer loop
      vertex 30.0706 28.7274 2.5
      vertex 28 29 2.5
      vertex 29.0442 28.9316 2.5
    endloop
  endfacet
  facet normal 0 0 -1
    outer loop
      vertex -28 -29 2.5
      vertex 28 29 2.5
      vertex 28 -29 2.5
    endloop
  endfacet
  facet normal 0 0 -1
    outer loop
      vertex -28 -29 2.5
      vertex -28 29 2.5
      vertex 28 29 2.5
    endloop
  endfacet
  facet normal 0 0 -1
    outer loop
      vertex -36 -21 2.5
      vertex -28 -29 2.5
      vertex -29.0442 -28.9316 2.5
    endloop
  endfacet
  facet normal 0 0 -1
    outer loop
      vertex -28 -29 2.5
      vertex -36 -21 2.5
      vertex -28 29 2.5
    endloop
  endfacet
  facet normal 0 0 -1
    outer loop
      vertex -36 -21 2.5
      vertex -29.0442 -28.9316 2.5
      vertex -30.0706 -28.7274 2.5
    endloop
  endfacet
  facet normal 0 0 -1
    outer loop
      vertex -36 21 2.5
      vertex -28 29 2.5
      vertex -36 -21 2.5
    endloop
  endfacet
  facet normal 0 0 -1
    outer loop
      vertex -36 -21 2.5
      vertex -30.0706 -28.7274 2.5
      vertex -31.0615 -28.391 2.5
    endloop
  endfacet
  facet normal 0 0 -1
    outer loop
      vertex -28 29 2.5
      vertex -36 21 2.5
      vertex -29.0442 28.9316 2.5
    endloop
  endfacet
  facet normal 0 0 -1
    outer loop
      vertex -36 -21 2.5
      vertex -31.0615 -28.391 2.5
      vertex -32 -27.9282 2.5
    endloop
  endfacet
  facet normal 0 0 -1
    outer loop
      vertex -29.0442 28.9316 2.5
      vertex -36 21 2.5
      vertex -30.0706 28.7274 2.5
    endloop
  endfacet
  facet normal 0 0 -1
    outer loop
      vertex -36 -21 2.5
      vertex -32 -27.9282 2.5
      vertex -32.8701 -27.3468 2.5
    endloop
  endfacet
  facet normal 0 0 -1
    outer loop
      vertex -30.0706 28.7274 2.5
      vertex -36 21 2.5
      vertex -31.0615 28.391 2.5
    endloop
  endfacet
  facet normal 0 0 -1
    outer loop
      vertex -36 -21 2.5
      vertex -32.8701 -27.3468 2.5
      vertex -33.6569 -26.6569 2.5
    endloop
  endfacet
  facet normal 0 0 -1
    outer loop
      vertex -31.0615 28.391 2.5
      vertex -36 21 2.5
      vertex -32 27.9282 2.5
    endloop
  endfacet
  facet normal 0 0 -1
    outer loop
      vertex -36 -21 2.5
      vertex -33.6569 -26.6569 2.5
      vertex -34.3468 -25.8701 2.5
    endloop
  endfacet
  facet normal 0 0 -1
    outer loop
      vertex -32 27.9282 2.5
      vertex -36 21 2.5
      vertex -32.8701 27.3468 2.5
    endloop
  endfacet
  facet normal 0 0 -1
    outer loop
      vertex -36 -21 2.5
      vertex -34.3468 -25.8701 2.5
      vertex -34.9282 -25 2.5
    endloop
  endfacet
  facet normal 0 0 -1
    outer loop
      vertex -32.8701 27.3468 2.5
      vertex -36 21 2.5
      vertex -33.6569 26.6569 2.5
    endloop
  endfacet
  facet normal 0 0 -1
    outer loop
      vertex -36 -21 2.5
      vertex -34.9282 -25 2.5
      vertex -35.391 -24.0615 2.5
    endloop
  endfacet
  facet normal 0 0 -1
    outer loop
      vertex -33.6569 26.6569 2.5
      vertex -36 21 2.5
      vertex -34.3468 25.8701 2.5
    endloop
  endfacet
  facet normal 0 0 -1
    outer loop
      vertex -36 -21 2.5
      vertex -35.391 -24.0615 2.5
      vertex -35.7274 -23.0706 2.5
    endloop
  endfacet
  facet normal 0 0 -1
    outer loop
      vertex -34.3468 25.8701 2.5
      vertex -36 21 2.5
      vertex -34.9282 25 2.5
    endloop
  endfacet
  facet normal 0 0 -1
    outer loop
      vertex -36 -21 2.5
      vertex -35.7274 -23.0706 2.5
      vertex -35.9316 -22.0442 2.5
    endloop
  endfacet
  facet normal 0 0 -1
    outer loop
      vertex -34.9282 25 2.5
      vertex -36 21 2.5
      vertex -35.391 24.0615 2.5
    endloop
  endfacet
  facet normal 0 0 -1
    outer loop
      vertex -35.391 24.0615 2.5
      vertex -36 21 2.5
      vertex -35.7274 23.0706 2.5
    endloop
  endfacet
  facet normal 0 0 -1
    outer loop
      vertex -35.7274 23.0706 2.5
      vertex -36 21 2.5
      vertex -35.9316 22.0442 2.5
    endloop
  endfacet
  facet normal 0.997861 -0.0653646 0
    outer loop
      vertex -36 21 2.5
      vertex -35.9316 22.0442 0
      vertex -35.9316 22.0442 2.5
    endloop
  endfacet
  facet normal 0.997861 -0.0653646 0
    outer loop
      vertex -35.9316 22.0442 0
      vertex -36 21 2.5
      vertex -36 21 0
    endloop
  endfacet
  facet normal 0.442276 0.896879 -0
    outer loop
      vertex -31.0615 -28.391 0
      vertex -32 -27.9282 2.5
      vertex -31.0615 -28.391 2.5
    endloop
  endfacet
  facet normal 0.442276 0.896879 0
    outer loop
      vertex -32 -27.9282 2.5
      vertex -31.0615 -28.391 0
      vertex -32 -27.9282 0
    endloop
  endfacet
  facet normal 0.321469 0.94692 -0
    outer loop
      vertex -30.0706 -28.7274 0
      vertex -31.0615 -28.391 2.5
      vertex -30.0706 -28.7274 2.5
    endloop
  endfacet
  facet normal 0.321469 0.94692 0
    outer loop
      vertex -31.0615 -28.391 2.5
      vertex -30.0706 -28.7274 0
      vertex -31.0615 -28.391 0
    endloop
  endfacet
  facet normal 0.0653646 0.997861 -0
    outer loop
      vertex -28 -29 0
      vertex -29.0442 -28.9316 2.5
      vertex -28 -29 2.5
    endloop
  endfacet
  facet normal 0.0653646 0.997861 0
    outer loop
      vertex -29.0442 -28.9316 2.5
      vertex -28 -29 0
      vertex -29.0442 -28.9316 0
    endloop
  endfacet
  facet normal -0.442276 -0.896879 0
    outer loop
      vertex 31.0615 28.391 0
      vertex 32 27.9282 2.5
      vertex 31.0615 28.391 2.5
    endloop
  endfacet
  facet normal -0.442276 -0.896879 -0
    outer loop
      vertex 32 27.9282 2.5
      vertex 31.0615 28.391 0
      vertex 32 27.9282 0
    endloop
  endfacet
  facet normal -0.0653646 -0.997861 0
    outer loop
      vertex 28 29 0
      vertex 29.0442 28.9316 2.5
      vertex 28 29 2.5
    endloop
  endfacet
  facet normal -0.0653646 -0.997861 -0
    outer loop
      vertex 29.0442 28.9316 2.5
      vertex 28 29 0
      vertex 29.0442 28.9316 0
    endloop
  endfacet
  facet normal 0.442276 -0.896879 0
    outer loop
      vertex -32 27.9282 0
      vertex -31.0615 28.391 2.5
      vertex -32 27.9282 2.5
    endloop
  endfacet
  facet normal 0.442276 -0.896879 0
    outer loop
      vertex -31.0615 28.391 2.5
      vertex -32 27.9282 0
      vertex -31.0615 28.391 0
    endloop
  endfacet
  facet normal 0.659289 -0.75189 0
    outer loop
      vertex -33.6569 26.6569 0
      vertex -32.8701 27.3468 2.5
      vertex -33.6569 26.6569 2.5
    endloop
  endfacet
  facet normal 0.659289 -0.75189 0
    outer loop
      vertex -32.8701 27.3468 2.5
      vertex -33.6569 26.6569 0
      vertex -32.8701 27.3468 0
    endloop
  endfacet
  facet normal 0.831462 -0.555582 0
    outer loop
      vertex -34.9282 25 2.5
      vertex -34.3468 25.8701 0
      vertex -34.3468 25.8701 2.5
    endloop
  endfacet
  facet normal 0.831462 -0.555582 0
    outer loop
      vertex -34.3468 25.8701 0
      vertex -34.9282 25 2.5
      vertex -34.9282 25 0
    endloop
  endfacet
  facet normal 0.75189 -0.659289 0
    outer loop
      vertex -34.3468 25.8701 2.5
      vertex -33.6569 26.6569 0
      vertex -33.6569 26.6569 2.5
    endloop
  endfacet
  facet normal 0.75189 -0.659289 0
    outer loop
      vertex -33.6569 26.6569 0
      vertex -34.3468 25.8701 2.5
      vertex -34.3468 25.8701 0
    endloop
  endfacet
  facet normal 0.896879 -0.442276 0
    outer loop
      vertex -35.391 24.0615 2.5
      vertex -34.9282 25 0
      vertex -34.9282 25 2.5
    endloop
  endfacet
  facet normal 0.896879 -0.442276 0
    outer loop
      vertex -34.9282 25 0
      vertex -35.391 24.0615 2.5
      vertex -35.391 24.0615 0
    endloop
  endfacet
  facet normal 0.94692 -0.321469 0
    outer loop
      vertex -35.7274 23.0706 2.5
      vertex -35.391 24.0615 0
      vertex -35.391 24.0615 2.5
    endloop
  endfacet
  facet normal 0.94692 -0.321469 0
    outer loop
      vertex -35.391 24.0615 0
      vertex -35.7274 23.0706 2.5
      vertex -35.7274 23.0706 0
    endloop
  endfacet
  facet normal 0.896879 0.442276 0
    outer loop
      vertex -34.9282 -25 2.5
      vertex -35.391 -24.0615 0
      vertex -35.391 -24.0615 2.5
    endloop
  endfacet
  facet normal 0.896879 0.442276 0
    outer loop
      vertex -35.391 -24.0615 0
      vertex -34.9282 -25 2.5
      vertex -34.9282 -25 0
    endloop
  endfacet
  facet normal 0.659289 0.75189 -0
    outer loop
      vertex -32.8701 -27.3468 0
      vertex -33.6569 -26.6569 2.5
      vertex -32.8701 -27.3468 2.5
    endloop
  endfacet
  facet normal 0.659289 0.75189 0
    outer loop
      vertex -33.6569 -26.6569 2.5
      vertex -32.8701 -27.3468 0
      vertex -33.6569 -26.6569 0
    endloop
  endfacet
  facet normal 0.195124 0.980779 -0
    outer loop
      vertex -29.0442 -28.9316 0
      vertex -30.0706 -28.7274 2.5
      vertex -29.0442 -28.9316 2.5
    endloop
  endfacet
  facet normal 0.195124 0.980779 0
    outer loop
      vertex -30.0706 -28.7274 2.5
      vertex -29.0442 -28.9316 0
      vertex -30.0706 -28.7274 0
    endloop
  endfacet
  facet normal -0.75189 0.659289 0
    outer loop
      vertex 33.6569 -26.6569 0
      vertex 34.3468 -25.8701 2.5
      vertex 34.3468 -25.8701 0
    endloop
  endfacet
  facet normal -0.75189 0.659289 0
    outer loop
      vertex 34.3468 -25.8701 2.5
      vertex 33.6569 -26.6569 0
      vertex 33.6569 -26.6569 2.5
    endloop
  endfacet
  facet normal -0.555582 0.831462 0
    outer loop
      vertex 32.8701 -27.3468 0
      vertex 32 -27.9282 2.5
      vertex 32.8701 -27.3468 2.5
    endloop
  endfacet
  facet normal -0.555582 0.831462 0
    outer loop
      vertex 32 -27.9282 2.5
      vertex 32.8701 -27.3468 0
      vertex 32 -27.9282 0
    endloop
  endfacet
  facet normal -0.997861 0.0653646 0
    outer loop
      vertex 35.9316 -22.0442 0
      vertex 36 -21 2.5
      vertex 36 -21 0
    endloop
  endfacet
  facet normal -0.997861 0.0653646 0
    outer loop
      vertex 36 -21 2.5
      vertex 35.9316 -22.0442 0
      vertex 35.9316 -22.0442 2.5
    endloop
  endfacet
  facet normal -0.555582 -0.831462 0
    outer loop
      vertex 32 27.9282 0
      vertex 32.8701 27.3468 2.5
      vertex 32 27.9282 2.5
    endloop
  endfacet
  facet normal -0.555582 -0.831462 -0
    outer loop
      vertex 32.8701 27.3468 2.5
      vertex 32 27.9282 0
      vertex 32.8701 27.3468 0
    endloop
  endfacet
  facet normal -0.321469 -0.94692 0
    outer loop
      vertex 30.0706 28.7274 0
      vertex 31.0615 28.391 2.5
      vertex 30.0706 28.7274 2.5
    endloop
  endfacet
  facet normal -0.321469 -0.94692 -0
    outer loop
      vertex 31.0615 28.391 2.5
      vertex 30.0706 28.7274 0
      vertex 31.0615 28.391 0
    endloop
  endfacet
  facet normal -0.195124 -0.980779 0
    outer loop
      vertex 29.0442 28.9316 0
      vertex 30.0706 28.7274 2.5
      vertex 29.0442 28.9316 2.5
    endloop
  endfacet
  facet normal -0.195124 -0.980779 -0
    outer loop
      vertex 30.0706 28.7274 2.5
      vertex 29.0442 28.9316 0
      vertex 30.0706 28.7274 0
    endloop
  endfacet
  facet normal 0.321469 -0.94692 0
    outer loop
      vertex -31.0615 28.391 0
      vertex -30.0706 28.7274 2.5
      vertex -31.0615 28.391 2.5
    endloop
  endfacet
  facet normal 0.321469 -0.94692 0
    outer loop
      vertex -30.0706 28.7274 2.5
      vertex -31.0615 28.391 0
      vertex -30.0706 28.7274 0
    endloop
  endfacet
  facet normal 0.980779 -0.195124 0
    outer loop
      vertex -35.9316 22.0442 2.5
      vertex -35.7274 23.0706 0
      vertex -35.7274 23.0706 2.5
    endloop
  endfacet
  facet normal 0.980779 -0.195124 0
    outer loop
      vertex -35.7274 23.0706 0
      vertex -35.9316 22.0442 2.5
      vertex -35.9316 22.0442 0
    endloop
  endfacet
  facet normal 0.980779 0.195124 0
    outer loop
      vertex -35.7274 -23.0706 2.5
      vertex -35.9316 -22.0442 0
      vertex -35.9316 -22.0442 2.5
    endloop
  endfacet
  facet normal 0.980779 0.195124 0
    outer loop
      vertex -35.9316 -22.0442 0
      vertex -35.7274 -23.0706 2.5
      vertex -35.7274 -23.0706 0
    endloop
  endfacet
  facet normal 0.75189 0.659289 0
    outer loop
      vertex -33.6569 -26.6569 2.5
      vertex -34.3468 -25.8701 0
      vertex -34.3468 -25.8701 2.5
    endloop
  endfacet
  facet normal 0.75189 0.659289 0
    outer loop
      vertex -34.3468 -25.8701 0
      vertex -33.6569 -26.6569 2.5
      vertex -33.6569 -26.6569 0
    endloop
  endfacet
  facet normal -0.896879 -0.442276 0
    outer loop
      vertex 35.391 24.0615 0
      vertex 34.9282 25 2.5
      vertex 34.9282 25 0
    endloop
  endfacet
  facet normal -0.896879 -0.442276 0
    outer loop
      vertex 34.9282 25 2.5
      vertex 35.391 24.0615 0
      vertex 35.391 24.0615 2.5
    endloop
  endfacet
  facet normal -0.997861 -0.0653646 0
    outer loop
      vertex 36 21 0
      vertex 35.9316 22.0442 2.5
      vertex 35.9316 22.0442 0
    endloop
  endfacet
  facet normal -0.997861 -0.0653646 0
    outer loop
      vertex 35.9316 22.0442 2.5
      vertex 36 21 0
      vertex 36 21 2.5
    endloop
  endfacet
  facet normal -0.94692 -0.321469 0
    outer loop
      vertex 35.7274 23.0706 0
      vertex 35.391 24.0615 2.5
      vertex 35.391 24.0615 0
    endloop
  endfacet
  facet normal -0.94692 -0.321469 0
    outer loop
      vertex 35.391 24.0615 2.5
      vertex 35.7274 23.0706 0
      vertex 35.7274 23.0706 2.5
    endloop
  endfacet
  facet normal -0.321469 0.94692 0
    outer loop
      vertex 31.0615 -28.391 0
      vertex 30.0706 -28.7274 2.5
      vertex 31.0615 -28.391 2.5
    endloop
  endfacet
  facet normal -0.321469 0.94692 0
    outer loop
      vertex 30.0706 -28.7274 2.5
      vertex 31.0615 -28.391 0
      vertex 30.0706 -28.7274 0
    endloop
  endfacet
  facet normal -0.442276 0.896879 0
    outer loop
      vertex 32 -27.9282 0
      vertex 31.0615 -28.391 2.5
      vertex 32 -27.9282 2.5
    endloop
  endfacet
  facet normal -0.442276 0.896879 0
    outer loop
      vertex 31.0615 -28.391 2.5
      vertex 32 -27.9282 0
      vertex 31.0615 -28.391 0
    endloop
  endfacet
  facet normal 0.94692 0.321469 0
    outer loop
      vertex -35.391 -24.0615 2.5
      vertex -35.7274 -23.0706 0
      vertex -35.7274 -23.0706 2.5
    endloop
  endfacet
  facet normal 0.94692 0.321469 0
    outer loop
      vertex -35.7274 -23.0706 0
      vertex -35.391 -24.0615 2.5
      vertex -35.391 -24.0615 0
    endloop
  endfacet
  facet normal -0.75189 -0.659289 0
    outer loop
      vertex 34.3468 25.8701 0
      vertex 33.6569 26.6569 2.5
      vertex 33.6569 26.6569 0
    endloop
  endfacet
  facet normal -0.75189 -0.659289 0
    outer loop
      vertex 33.6569 26.6569 2.5
      vertex 34.3468 25.8701 0
      vertex 34.3468 25.8701 2.5
    endloop
  endfacet
  facet normal -0.831462 -0.555582 0
    outer loop
      vertex 34.9282 25 0
      vertex 34.3468 25.8701 2.5
      vertex 34.3468 25.8701 0
    endloop
  endfacet
  facet normal -0.831462 -0.555582 0
    outer loop
      vertex 34.3468 25.8701 2.5
      vertex 34.9282 25 0
      vertex 34.9282 25 2.5
    endloop
  endfacet
  facet normal -0.980779 -0.195124 0
    outer loop
      vertex 35.9316 22.0442 0
      vertex 35.7274 23.0706 2.5
      vertex 35.7274 23.0706 0
    endloop
  endfacet
  facet normal -0.980779 -0.195124 0
    outer loop
      vertex 35.7274 23.0706 2.5
      vertex 35.9316 22.0442 0
      vertex 35.9316 22.0442 2.5
    endloop
  endfacet
  facet normal -0.659289 0.75189 0
    outer loop
      vertex 33.6569 -26.6569 0
      vertex 32.8701 -27.3468 2.5
      vertex 33.6569 -26.6569 2.5
    endloop
  endfacet
  facet normal -0.659289 0.75189 0
    outer loop
      vertex 32.8701 -27.3468 2.5
      vertex 33.6569 -26.6569 0
      vertex 32.8701 -27.3468 0
    endloop
  endfacet
  facet normal -0.94692 0.321469 0
    outer loop
      vertex 35.391 -24.0615 0
      vertex 35.7274 -23.0706 2.5
      vertex 35.7274 -23.0706 0
    endloop
  endfacet
  facet normal -0.94692 0.321469 0
    outer loop
      vertex 35.7274 -23.0706 2.5
      vertex 35.391 -24.0615 0
      vertex 35.391 -24.0615 2.5
    endloop
  endfacet
  facet normal -0.831462 0.555582 0
    outer loop
      vertex 34.3468 -25.8701 0
      vertex 34.9282 -25 2.5
      vertex 34.9282 -25 0
    endloop
  endfacet
  facet normal -0.831462 0.555582 0
    outer loop
      vertex 34.9282 -25 2.5
      vertex 34.3468 -25.8701 0
      vertex 34.3468 -25.8701 2.5
    endloop
  endfacet
  facet normal -0.896879 0.442276 0
    outer loop
      vertex 34.9282 -25 0
      vertex 35.391 -24.0615 2.5
      vertex 35.391 -24.0615 0
    endloop
  endfacet
  facet normal -0.896879 0.442276 0
    outer loop
      vertex 35.391 -24.0615 2.5
      vertex 34.9282 -25 0
      vertex 34.9282 -25 2.5
    endloop
  endfacet
  facet normal -0.980779 0.195124 0
    outer loop
      vertex 35.7274 -23.0706 0
      vertex 35.9316 -22.0442 2.5
      vertex 35.9316 -22.0442 0
    endloop
  endfacet
  facet normal -0.980779 0.195124 0
    outer loop
      vertex 35.9316 -22.0442 2.5
      vertex 35.7274 -23.0706 0
      vertex 35.7274 -23.0706 2.5
    endloop
  endfacet
endsolid OpenSCAD_Model
